timestamp_ms,qw,qx,qy,qz,gx,gy,gz,ax,ay,az,baro_temp_c,baro_pressure_pa,baro_alt_raw_m,baro_alt_bias_m,baro_rel_alt_m,baro_rel_alt_lpf_m,baro_age_ms,baro_updated,baro_bias_calibrated,baro_ready,gnss_fix_type,numSV,gnss_valid,gnss_num_sats,lat,lon,hmsl,gnss_hacc_m,gnss_vacc_m,gnss_vel_n_mps,gnss_vel_e_mps,gnss_vel_d_mps,gnss_sacc_mps,M1,M2,M3,M4,front_motor_mean,rear_motor_mean,left_motor_mean,right_motor_mean,motor_front_minus_rear,motor_left_minus_right,ekf_pwm_mean,ekf_is_armed,ekf_ground_motor_mode,motor_output_allowed,motor_on_detected,flight_mode,att_roll_des_deg,att_pitch_des_deg,alignment_active,alignment_done,ekf_ready,gnss_ref_set,gnss_ref_ready,gnss_ref_age_ms,ekf_dt,ekf_dt_clamped,ekf_pos_n,ekf_pos_e,ekf_pos_d,ekf_vel_n,ekf_vel_e,ekf_vel_d,ekf_prop_only_valid,ekf_prop_pos_d,ekf_prop_height_m,ekf_prop_vel_d,ekf_p_cov_d,ekf_v_cov_d,acc_ned_d,ekf_roll_deg,ekf_pitch_deg,ekf_yaw_deg,roll_deg,pitch_deg,yaw_deg,baro_innov_m,baro_R_base,baro_R_applied,baro_R_scale_pwm,baro_R_scale_height,baro_R_scale_innov,baro_test_ratio,baro_update_used,baro_rejected,baro_height_pred_m,baro_meas_m,baro_K_h,baro_K_v,baro_S,gnss_correction_accepted,gnss_update_executed,gnss_new_measurement,gnss_velocity_used,gnss_position_gate_passed,gnss_update_dt,gnss_last_update_age_ms,gnss_innov_gate_reject_count,zupt_active,stationary_detected,vel_ctrl_enabled,vel_ctrl_allowed,vel_ctrl_active,vel_ctrl_valid,vel_ctrl_accel_saturated,vel_ctrl_tilt_saturated,vel_ctrl_reset_event,vel_ctrl_block_reason,vel_ctrl_dt_s,vel_sp_n_mps,vel_sp_e_mps,vel_meas_n_mps,vel_meas_e_mps,vel_filt_n_mps,vel_filt_e_mps,v_body_forward,v_body_right,vel_err_n_mps,vel_err_e_mps,vel_acc_cmd_n_mps2,vel_acc_cmd_e_mps2,acc_cmd_body_forward,acc_cmd_body_right,roll_des_deg,pitch_des_deg,roll_des_raw_deg,pitch_des_raw_deg,roll_des_slew_deg,pitch_des_slew_deg
8546,0.811974,-0.060405,-0.002900,-0.580553,0.000000,0.000000,0.000000,-0.075000,0.093000,-0.984000,23.085854,100294.398438,86.159996,86.180000,-0.020000,-0.010000,19,1,1,1,3,21,1,21,37.5417622,127.0795393,31.282,0.880000,1.982000,0.013000,-0.011000,0.009000,0.103000,1000,1000,1000,1000,1000.000000,1000.000000,1000.000000,1000.000000,0.000000,0.000000,1000.000000,0,0,0,0,0,0.000000,0.000000,1,0,0,0,0,70,0.000000,0,0.000000,0.000000,0.000000,0.000000,0.000000,0.000000,0,0.000000,0.000000,0.000000,0.000000,0.000000,0.000000,0.000000,0.000000,0.000000,0.000000,0.000000,0.000000,0.000000,0.250000,0.250000,1.000000,1.000000,1.000000,0.000000,0,0,0.000000,0.000000,0.000000,0.000000,0.000000,0,0,0,0,0,0.000000,0,0,0,0,0,0,0,0,0,0,0,0,0.000000,0.000000,0.000000,0.000000,0.000000,0.000000,0.000000,0.000000,0.000000,0.000000,0.000000,0.000000,0.000000,0.000000,0.000000,0.000000,0.000000,0.000000,0.000000,0.000000,0.000000
8653,0.811974,-0.060405,-0.002900,-0.580553,0.000000,0.000000,0.000000,-0.074000,0.094000,-0.985000,23.081610,100293.703125,86.209999,86.180000,0.030000,-0.020000,0,1,1,1,3,21,1,21,37.5417625,127.0795392,31.230,0.868000,1.957000,-0.006000,-0.003000,0.010000,0.096000,1000,1000,1000,1000,1000.000000,1000.000000,1000.000000,1000.000000,0.000000,0.000000,1000.000000,0,0,0,0,0,0.000000,0.000000,1,0,0,0,0,177,0.000000,0,0.000000,0.000000,0.000000,0.000000,0.000000,0.000000,0,0.000000,0.000000,0.000000,0.000000,0.000000,0.000000,0.000000,0.000000,0.000000,0.000000,0.000000,0.000000,0.000000,0.250000,0.250000,1.000000,1.000000,1.000000,0.000000,0,0,0.000000,0.000000,0.000000,0.000000,0.000000,0,0,0,0,0,0.000000,0,0,0,0,0,0,0,0,0,0,0,0,0.000000,0.000000,0.000000,0.000000,0.000000,0.000000,0.000000,0.000000,0.000000,0.000000,0.000000,0.000000,0.000000,0.000000,0.000000,0.000000,0.000000,0.000000,0.000000,0.000000,0.000000
8758,0.811974,-0.060405,-0.002900,-0.580553,0.000000,0.000000,0.000000,-0.075000,0.092000,-0.983000,23.085381,100294.101563,86.180000,86.180000,0.000000,-0.020000,20,1,1,1,3,22,1,22,37.5417627,127.0795391,31.173,0.857000,1.933000,0.011000,0.000000,0.023000,0.123000,1000,1000,1000,1000,1000.000000,1000.000000,1000.000000,1000.000000,0.000000,0.000000,1000.000000,0,0,0,0,0,0.000000,0.000000,1,0,0,0,0,282,0.000000,0,0.000000,0.000000,0.000000,0.000000,0.000000,0.000000,0,0.000000,0.000000,0.000000,0.000000,0.000000,0.000000,0.000000,0.000000,0.000000,0.000000,0.000000,0.000000,0.000000,0.250000,0.250000,1.000000,1.000000,1.000000,0.000000,0,0,0.000000,0.000000,0.000000,0.000000,0.000000,0,0,0,0,0,0.000000,0,0,0,0,0,0,0,0,0,0,0,0,0.000000,0.000000,0.000000,0.000000,0.000000,0.000000,0.000000,0.000000,0.000000,0.000000,0.000000,0.000000,0.000000,0.000000,0.000000,0.000000,0.000000,0.000000,0.000000,0.000000,0.000000
8843,0.811974,-0.060405,-0.002900,-0.580553,0.000000,0.000000,0.000000,-0.076000,0.094000,-0.985000,23.085047,100293.601563,86.229996,86.180000,0.050000,0.000000,20,1,1,1,3,22,1,22,37.5417627,127.0795391,31.173,0.857000,1.933000,0.011000,0.000000,0.023000,0.123000,1000,1000,1000,1000,1000.000000,1000.000000,1000.000000,1000.000000,0.000000,0.000000,1000.000000,0,0,0,0,0,0.000000,0.000000,1,0,0,0,0,366,0.000000,0,0.000000,0.000000,0.000000,0.000000,0.000000,0.000000,0,0.000000,0.000000,0.000000,0.000000,0.000000,0.000000,0.000000,0.000000,0.000000,0.000000,0.000000,0.000000,0.000000,0.250000,0.250000,1.000000,1.000000,1.000000,0.000000,0,0,0.000000,0.000000,0.000000,0.000000,0.000000,0,0,0,0,0,0.000000,0,0,0,0,0,0,0,0,0,0,0,0,0.000000,0.000000,0.000000,0.000000,0.000000,0.000000,0.000000,0.000000,0.000000,0.000000,0.000000,0.000000,0.000000,0.000000,0.000000,0.000000,0.000000,0.000000,0.000000,0.000000,0.000000
8952,0.811974,-0.060405,-0.002900,-0.580553,0.000000,0.000000,0.000000,-0.073000,0.093000,-0.984000,23.085644,100294.500000,86.150002,86.180000,-0.030000,-0.010000,2,1,1,1,3,22,1,22,37.5417630,127.0795391,31.126,0.847000,1.911000,0.030000,0.040000,0.012000,0.120000,1000,1000,1000,1000,1000.000000,1000.000000,1000.000000,1000.000000,0.000000,0.000000,1000.000000,0,0,0,0,0,0.000000,0.000000,1,0,0,0,0,476,0.000000,0,0.000000,0.000000,0.000000,0.000000,0.000000,0.000000,0,0.000000,0.000000,0.000000,0.000000,0.000000,0.000000,0.000000,0.000000,0.000000,0.000000,0.000000,0.000000,0.000000,0.250000,0.250000,1.000000,1.000000,1.000000,0.000000,0,0,0.000000,0.000000,0.000000,0.000000,0.000000,0,0,0,0,0,0.000000,0,0,0,0,0,0,0,0,0,0,0,0,0.000000,0.000000,0.000000,0.000000,0.000000,0.000000,0.000000,0.000000,0.000000,0.000000,0.000000,0.000000,0.000000,0.000000,0.000000,0.000000,0.000000,0.000000,0.000000,0.000000,0.000000
9058,0.811974,-0.060405,-0.002900,-0.580553,0.000000,0.000000,0.000000,-0.075000,0.092000,-0.985000,23.085344,100293.101563,86.269997,86.180000,0.090000,0.000000,20,1,1,1,3,22,1,22,37.5417632,127.0795390,31.074,0.837000,1.889000,0.004000,0.026000,0.012000,0.123000,1000,1000,1000,1000,1000.000000,1000.000000,1000.000000,1000.000000,0.000000,0.000000,1000.000000,0,0,0,0,0,0.000000,0.000000,1,0,0,0,0,582,0.000000,0,0.000000,0.000000,0.000000,0.000000,0.000000,0.000000,0,0.000000,0.000000,0.000000,0.000000,0.000000,0.000000,0.000000,0.000000,0.000000,0.000000,0.000000,0.000000,0.000000,0.250000,0.250000,1.000000,1.000000,1.000000,0.000000,0,0,0.000000,0.000000,0.000000,0.000000,0.000000,0,0,0,0,0,0.000000,0,0,0,0,0,0,0,0,0,0,0,0,0.000000,0.000000,0.000000,0.000000,0.000000,0.000000,0.000000,0.000000,0.000000,0.000000,0.000000,0.000000,0.000000,0.000000,0.000000,0.000000,0.000000,0.000000,0.000000,0.000000,0.000000
9143,0.811974,-0.060405,-0.003000,-0.580553,0.000000,0.000000,0.000000,-0.075000,0.092000,-0.982000,23.088413,100293.101563,86.269997,86.180000,0.090000,0.000000,20,1,1,1,3,22,1,22,37.5417635,127.0795388,31.002,0.827000,1.868000,0.018000,-0.010000,0.027000,0.119000,1000,1000,1000,1000,1000.000000,1000.000000,1000.000000,1000.000000,0.000000,0.000000,1000.000000,0,0,0,0,0,0.000000,0.000000,1,0,0,0,0,666,0.000000,0,0.000000,0.000000,0.000000,0.000000,0.000000,0.000000,0,0.000000,0.000000,0.000000,0.000000,0.000000,0.000000,0.000000,0.000000,0.000000,0.000000,0.000000,0.000000,0.000000,0.250000,0.250000,1.000000,1.000000,1.000000,0.000000,0,0,0.000000,0.000000,0.000000,0.000000,0.000000,0,0,0,0,0,0.000000,0,0,0,0,0,0,0,0,0,0,0,0,0.000000,0.000000,0.000000,0.000000,0.000000,0.000000,0.000000,0.000000,0.000000,0.000000,0.000000,0.000000,0.000000,0.000000,0.000000,0.000000,0.000000,0.000000,0.000000,0.000000,0.000000
9251,0.811974,-0.060405,-0.003000,-0.580553,0.000000,0.000000,0.000000,-0.074000,0.093000,-0.986000,23.087730,100294.500000,86.150002,86.180000,-0.030000,0.010000,1,1,1,1,3,22,1,22,37.5417636,127.0795389,30.952,0.818000,1.848000,0.001000,0.017000,0.024000,0.121000,1000,1000,1000,1000,1000.000000,1000.000000,1000.000000,1000.000000,0.000000,0.000000,1000.000000,0,0,0,0,0,0.000000,0.000000,1,0,0,0,0,774,0.000000,0,0.000000,0.000000,0.000000,0.000000,0.000000,0.000000,0,0.000000,0.000000,0.000000,0.000000,0.000000,0.000000,0.000000,0.000000,0.000000,0.000000,0.000000,0.000000,0.000000,0.250000,0.250000,1.000000,1.000000,1.000000,0.000000,0,0,0.000000,0.000000,0.000000,0.000000,0.000000,0,0,0,0,0,0.000000,0,0,0,0,0,0,0,0,0,0,0,0,0.000000,0.000000,0.000000,0.000000,0.000000,0.000000,0.000000,0.000000,0.000000,0.000000,0.000000,0.000000,0.000000,0.000000,0.000000,0.000000,0.000000,0.000000,0.000000,0.000000,0.000000
9358,0.811974,-0.060405,-0.002900,-0.580553,0.000000,0.000000,0.000000,-0.074000,0.094000,-0.981000,23.086046,100293.000000,86.279999,86.180000,0.100000,0.020000,20,1,1,1,3,22,1,22,37.5417638,127.0795391,30.871,0.809000,1.828000,0.014000,0.002000,0.031000,0.124000,1000,1000,1000,1000,1000.000000,1000.000000,1000.000000,1000.000000,0.000000,0.000000,1000.000000,0,0,0,0,0,0.000000,0.000000,1,0,0,0,0,882,0.000000,0,0.000000,0.000000,0.000000,0.000000,0.000000,0.000000,0,0.000000,0.000000,0.000000,0.000000,0.000000,0.000000,0.000000,0.000000,0.000000,0.000000,0.000000,0.000000,0.000000,0.250000,0.250000,1.000000,1.000000,1.000000,0.000000,0,0,0.000000,0.000000,0.000000,0.000000,0.000000,0,0,0,0,0,0.000000,0,0,0,0,0,0,0,0,0,0,0,0,0.000000,0.000000,0.000000,0.000000,0.000000,0.000000,0.000000,0.000000,0.000000,0.000000,0.000000,0.000000,0.000000,0.000000,0.000000,0.000000,0.000000,0.000000,0.000000,0.000000,0.000000
9443,0.811974,-0.060405,-0.002900,-0.580553,0.000000,0.000000,0.000000,-0.074000,0.092000,-0.985000,23.092674,100294.804688,86.119995,86.180000,-0.060000,0.020000,20,1,1,1,3,22,1,22,37.5417638,127.0795391,30.871,0.809000,1.828000,0.014000,0.002000,0.031000,0.124000,1000,1000,1000,1000,1000.000000,1000.000000,1000.000000,1000.000000,0.000000,0.000000,1000.000000,0,0,0,0,0,0.000000,0.000000,1,0,0,0,0,966,0.000000,0,0.000000,0.000000,0.000000,0.000000,0.000000,0.000000,0,0.000000,0.000000,0.000000,0.000000,0.000000,0.000000,0.000000,0.000000,0.000000,0.000000,0.000000,0.000000,0.000000,0.250000,0.250000,1.000000,1.000000,1.000000,0.000000,0,0,0.000000,0.000000,0.000000,0.000000,0.000000,0,0,0,0,0,0.000000,0,0,0,0,0,0,0,0,0,0,0,0,0.000000,0.000000,0.000000,0.000000,0.000000,0.000000,0.000000,0.000000,0.000000,0.000000,0.000000,0.000000,0.000000,0.000000,0.000000,0.000000,0.000000,0.000000,0.000000,0.000000,0.000000
9552,0.811974,-0.060405,-0.002900,-0.580553,0.000000,0.000000,0.000000,-0.073000,0.095000,-0.984000,23.086994,100293.398438,86.239998,86.180000,0.060000,0.030000,3,1,1,1,3,22,1,22,37.5417640,127.0795393,30.804,0.800000,1.809000,-0.003000,0.003000,0.023000,0.105000,1000,1000,1000,1000,1000.000000,1000.000000,1000.000000,1000.000000,0.000000,0.000000,1000.000000,0,0,0,0,0,0.000000,0.000000,1,0,0,0,0,1076,0.000000,0,0.000000,0.000000,0.000000,0.000000,0.000000,0.000000,0,0.000000,0.000000,0.000000,0.000000,0.000000,0.000000,0.000000,0.000000,0.000000,0.000000,0.000000,0.000000,0.000000,0.250000,0.250000,1.000000,1.000000,1.000000,0.000000,0,0,0.000000,0.000000,0.000000,0.000000,0.000000,0,0,0,0,0,0.000000,0,0,0,0,0,0,0,0,0,0,0,0,0.000000,0.000000,0.000000,0.000000,0.000000,0.000000,0.000000,0.000000,0.000000,0.000000,0.000000,0.000000,0.000000,0.000000,0.000000,0.000000,0.000000,0.000000,0.000000,0.000000,0.000000
9656,0.811974,-0.060405,-0.002900,-0.580553,0.000000,0.000000,0.000000,-0.073000,0.094000,-0.983000,23.092165,100294.203125,86.180000,86.180000,0.000000,0.030000,19,1,1,1,3,22,1,22,37.5417642,127.0795393,30.751,0.791000,1.791000,0.011000,0.011000,0.020000,0.126000,1000,1000,1000,1000,1000.000000,1000.000000,1000.000000,1000.000000,0.000000,0.000000,1000.000000,0,0,0,0,0,0.000000,0.000000,1,0,0,0,0,1180,0.000000,0,0.000000,0.000000,0.000000,0.000000,0.000000,0.000000,0,0.000000,0.000000,0.000000,0.000000,0.000000,0.000000,0.000000,0.000000,0.000000,0.000000,0.000000,0.000000,0.000000,0.250000,0.250000,1.000000,1.000000,1.000000,0.000000,0,0,0.000000,0.000000,0.000000,0.000000,0.000000,0,0,0,0,0,0.000000,0,0,0,0,0,0,0,0,0,0,0,0,0.000000,0.000000,0.000000,0.000000,0.000000,0.000000,0.000000,0.000000,0.000000,0.000000,0.000000,0.000000,0.000000,0.000000,0.000000,0.000000,0.000000,0.000000,0.000000,0.000000,0.000000
9743,0.811974,-0.060405,-0.002900,-0.580553,0.000000,0.000000,0.000000,-0.074000,0.093000,-0.983000,23.089413,100293.398438,86.239998,86.180000,0.060000,0.050000,22,1,1,1,3,22,1,22,37.5417644,127.0795395,30.682,0.783000,1.773000,0.012000,-0.008000,0.027000,0.123000,1000,1000,1000,1000,1000.000000,1000.000000,1000.000000,1000.000000,0.000000,0.000000,1000.000000,0,0,0,0,0,0.000000,0.000000,1,0,0,0,0,1266,0.000000,0,0.000000,0.000000,0.000000,0.000000,0.000000,0.000000,0,0.000000,0.000000,0.000000,0.000000,0.000000,0.000000,0.000000,0.000000,0.000000,0.000000,0.000000,0.000000,0.000000,0.250000,0.250000,1.000000,1.000000,1.000000,0.000000,0,0,0.000000,0.000000,0.000000,0.000000,0.000000,0,0,0,0,0,0.000000,0,0,0,0,0,0,0,0,0,0,0,0,0.000000,0.000000,0.000000,0.000000,0.000000,0.000000,0.000000,0.000000,0.000000,0.000000,0.000000,0.000000,0.000000,0.000000,0.000000,0.000000,0.000000,0.000000,0.000000,0.000000,0.000000
9851,0.811974,-0.060405,-0.002900,-0.580553,0.000000,0.000000,0.000000,-0.074000,0.094000,-0.983000,23.094305,100295.601563,86.059998,86.180000,-0.120000,0.030000,1,1,1,1,3,22,1,22,37.5417644,127.0795395,30.682,0.783000,1.773000,0.012000,-0.008000,0.027000,0.123000,1000,1000,1000,1000,1000.000000,1000.000000,1000.000000,1000.000000,0.000000,0.000000,1000.000000,0,0,0,0,0,0.000000,0.000000,1,0,0,0,0,1374,0.000000,0,0.000000,0.000000,0.000000,0.000000,0.000000,0.000000,0,0.000000,0.000000,0.000000,0.000000,0.000000,0.000000,0.000000,0.000000,0.000000,0.000000,0.000000,0.000000,0.000000,0.250000,0.250000,1.000000,1.000000,1.000000,0.000000,0,0,0.000000,0.000000,0.000000,0.000000,0.000000,0,0,0,0,0,0.000000,0,0,0,0,0,0,0,0,0,0,0,0,0.000000,0.000000,0.000000,0.000000,0.000000,0.000000,0.000000,0.000000,0.000000,0.000000,0.000000,0.000000,0.000000,0.000000,0.000000,0.000000,0.000000,0.000000,0.000000,0.000000,0.000000
9958,0.811974,-0.060405,-0.002900,-0.580553,0.000000,0.000000,0.000000,-0.075000,0.093000,-0.983000,23.088413,100292.203125,86.339996,86.180000,0.160000,0.050000,20,1,1,1,3,22,1,22,37.5417645,127.0795395,30.643,0.774000,1.756000,0.003000,0.019000,0.014000,0.124000,1000,1000,1000,1000,1000.000000,1000.000000,1000.000000,1000.000000,0.000000,0.000000,1000.000000,0,0,0,0,0,0.000000,0.000000,1,0,0,0,0,1482,0.000000,0,0.000000,0.000000,0.000000,0.000000,0.000000,0.000000,0,0.000000,0.000000,0.000000,0.000000,0.000000,0.000000,0.000000,0.000000,0.000000,0.000000,0.000000,0.000000,0.000000,0.250000,0.250000,1.000000,1.000000,1.000000,0.000000,0,0,0.000000,0.000000,0.000000,0.000000,0.000000,0,0,0,0,0,0.000000,0,0,0,0,0,0,0,0,0,0,0,0,0.000000,0.000000,0.000000,0.000000,0.000000,0.000000,0.000000,0.000000,0.000000,0.000000,0.000000,0.000000,0.000000,0.000000,0.000000,0.000000,0.000000,0.000000,0.000000,0.000000,0.000000
10043,0.811974,-0.060405,-0.002900,-0.580553,0.000000,0.000000,0.000000,-0.074000,0.094000,-0.983000,23.093462,100294.898438,86.119995,86.180000,-0.060000,0.040000,20,1,1,1,3,22,1,22,37.5417646,127.0795394,30.592,0.767000,1.740000,0.003000,-0.021000,0.024000,0.124000,1000,1000,1000,1000,1000.000000,1000.000000,1000.000000,1000.000000,0.000000,0.000000,1000.000000,0,0,0,0,0,0.000000,0.000000,1,0,0,0,0,1566,0.000000,0,0.000000,0.000000,0.000000,0.000000,0.000000,0.000000,0,0.000000,0.000000,0.000000,0.000000,0.000000,0.000000,0.000000,0.000000,0.000000,0.000000,0.000000,0.000000,0.000000,0.250000,0.250000,1.000000,1.000000,1.000000,0.000000,0,0,0.000000,0.000000,0.000000,0.000000,0.000000,0,0,0,0,0,0.000000,0,0,0,0,0,0,0,0,0,0,0,0,0.000000,0.000000,0.000000,0.000000,0.000000,0.000000,0.000000,0.000000,0.000000,0.000000,0.000000,0.000000,0.000000,0.000000,0.000000,0.000000,0.000000,0.000000,0.000000,0.000000,0.000000
10152,0.811974,-0.060405,-0.002900,-0.580553,0.000000,0.000000,0.000000,-0.074000,0.093000,-0.983000,23.095760,100293.203125,86.259995,86.180000,0.080000,0.040000,2,1,1,1,3,22,1,22,37.5417648,127.0795394,30.538,0.759000,1.725000,0.011000,0.014000,0.030000,0.127000,1000,1000,1000,1000,1000.000000,1000.000000,1000.000000,1000.000000,0.000000,0.000000,1000.000000,0,0,0,0,0,0.000000,0.000000,1,0,0,0,0,1676,0.000000,0,0.000000,0.000000,0.000000,0.000000,0.000000,0.000000,0,0.000000,0.000000,0.000000,0.000000,0.000000,0.000000,0.000000,0.000000,0.000000,0.000000,0.000000,0.000000,0.000000,0.250000,0.250000,1.000000,1.000000,1.000000,0.000000,0,0,0.000000,0.000000,0.000000,0.000000,0.000000,0,0,0,0,0,0.000000,0,0,0,0,0,0,0,0,0,0,0,0,0.000000,0.000000,0.000000,0.000000,0.000000,0.000000,0.000000,0.000000,0.000000,0.000000,0.000000,0.000000,0.000000,0.000000,0.000000,0.000000,0.000000,0.000000,0.000000,0.000000,0.000000
10258,0.811974,-0.060405,-0.002900,-0.580553,0.000000,0.000000,0.000000,-0.075000,0.092000,-0.984000,23.093550,100293.304688,86.250000,86.180000,0.070000,0.040000,20,1,1,1,3,22,1,22,37.5417650,127.0795394,30.491,0.752000,1.709000,0.010000,-0.005000,0.022000,0.124000,1000,1000,1000,1000,1000.000000,1000.000000,1000.000000,1000.000000,0.000000,0.000000,1000.000000,0,0,0,0,0,0.000000,0.000000,1,0,0,0,0,1782,0.000000,0,0.000000,0.000000,0.000000,0.000000,0.000000,0.000000,0,0.000000,0.000000,0.000000,0.000000,0.000000,0.000000,0.000000,0.000000,0.000000,0.000000,0.000000,0.000000,0.000000,0.250000,0.250000,1.000000,1.000000,1.000000,0.000000,0,0,0.000000,0.000000,0.000000,0.000000,0.000000,0,0,0,0,0,0.000000,0,0,0,0,0,0,0,0,0,0,0,0,0.000000,0.000000,0.000000,0.000000,0.000000,0.000000,0.000000,0.000000,0.000000,0.000000,0.000000,0.000000,0.000000,0.000000,0.000000,0.000000,0.000000,0.000000,0.000000,0.000000,0.000000
10344,0.811979,-0.060306,-0.002900,-0.580556,0.000000,0.000000,0.000000,-0.075000,0.092000,-0.984000,23.095304,100294.500000,86.150002,86.180000,-0.030000,0.020000,20,1,1,1,3,22,1,22,37.5417650,127.0795394,30.491,0.752000,1.709000,0.010000,-0.005000,0.022000,0.124000,1000,1000,1000,1000,1000.000000,1000.000000,1000.000000,1000.000000,0.000000,0.000000,1000.000000,0,0,0,0,0,0.000000,0.000000,1,0,0,0,0,1868,0.000000,0,0.000000,0.000000,0.000000,0.000000,0.000000,0.000000,0,0.000000,0.000000,0.000000,0.000000,0.000000,0.000000,0.000000,0.000000,0.000000,0.000000,0.000000,0.000000,0.000000,0.250000,0.250000,1.000000,1.000000,1.000000,0.000000,0,0,0.000000,0.000000,0.000000,0.000000,0.000000,0,0,0,0,0,0.000000,0,0,0,0,0,0,0,0,0,0,0,0,0.000000,0.000000,0.000000,0.000000,0.000000,0.000000,0.000000,0.000000,0.000000,0.000000,0.000000,0.000000,0.000000,0.000000,0.000000,0.000000,0.000000,0.000000,0.000000,0.000000,0.000000
10447,0.811979,-0.060306,-0.002900,-0.580556,0.000000,0.000000,0.000000,-0.074000,0.094000,-0.984000,23.092691,100293.101563,86.269997,86.180000,0.090000,0.030000,37,1,1,1,3,22,1,22,37.5417653,127.0795393,30.434,0.744000,1.693000,-0.001000,-0.007000,0.030000,0.113000,1000,1000,1000,1000,1000.000000,1000.000000,1000.000000,1000.000000,0.000000,0.000000,1000.000000,0,0,0,0,0,0.000000,0.000000,1,0,0,0,0,1970,0.000000,0,0.000000,0.000000,0.000000,0.000000,0.000000,0.000000,0,0.000000,0.000000,0.000000,0.000000,0.000000,0.000000,0.000000,0.000000,0.000000,0.000000,0.000000,0.000000,0.000000,0.250000,0.250000,1.000000,1.000000,1.000000,0.000000,0,0,0.000000,0.000000,0.000000,0.000000,0.000000,0,0,0,0,0,0.000000,0,0,0,0,0,0,0,0,0,0,0,0,0.000000,0.000000,0.000000,0.000000,0.000000,0.000000,0.000000,0.000000,0.000000,0.000000,0.000000,0.000000,0.000000,0.000000,0.000000,0.000000,0.000000,0.000000,0.000000,0.000000,0.000000
10544,0.811979,-0.060306,-0.002900,-0.580556,0.000000,0.000000,0.000000,-0.075000,0.094000,-0.982000,23.092813,100291.804688,86.379997,86.180000,0.200000,0.050000,0,1,1,1,3,22,1,22,37.5417655,127.0795391,30.360,0.736000,1.676000,0.011000,0.008000,0.022000,0.128000,1000,1000,1000,1000,1000.000000,1000.000000,1000.000000,1000.000000,0.000000,0.000000,1000.000000,0,0,0,0,0,0.000000,0.000000,1,0,0,0,0,2068,0.000000,0,0.000000,0.000000,0.000000,0.000000,0.000000,0.000000,0,0.000000,0.000000,0.000000,0.000000,0.000000,0.000000,0.000000,0.000000,0.000000,0.000000,0.000000,0.000000,0.000000,0.250000,0.250000,1.000000,1.000000,1.000000,0.000000,0,0,0.000000,0.000000,0.000000,0.000000,0.000000,0,0,0,0,0,0.000000,0,0,0,0,0,0,0,0,0,0,0,0,0.000000,0.000000,0.000000,0.000000,0.000000,0.000000,0.000000,0.000000,0.000000,0.000000,0.000000,0.000000,0.000000,0.000000,0.000000,0.000000,0.000000,0.000000,0.000000,0.000000,0.000000
10650,0.811979,-0.060306,-0.002900,-0.580556,0.000000,0.000000,0.000000,-0.074000,0.093000,-0.983000,23.095619,100294.203125,86.180000,86.180000,0.000000,0.050000,20,1,1,1,3,22,1,22,37.5417658,127.0795390,30.301,0.729000,1.660000,0.005000,0.005000,0.021000,0.127000,1000,1000,1000,1000,1000.000000,1000.000000,1000.000000,1000.000000,0.000000,0.000000,1000.000000,0,0,0,0,0,0.000000,0.000000,1,0,0,0,0,2174,0.000000,0,0.000000,0.000000,0.000000,0.000000,0.000000,0.000000,0,0.000000,0.000000,0.000000,0.000000,0.000000,0.000000,0.000000,0.000000,0.000000,0.000000,0.000000,0.000000,0.000000,0.250000,0.250000,1.000000,1.000000,1.000000,0.000000,0,0,0.000000,0.000000,0.000000,0.000000,0.000000,0,0,0,0,0,0.000000,0,0,0,0,0,0,0,0,0,0,0,0,0.000000,0.000000,0.000000,0.000000,0.000000,0.000000,0.000000,0.000000,0.000000,0.000000,0.000000,0.000000,0.000000,0.000000,0.000000,0.000000,0.000000,0.000000,0.000000,0.000000,0.000000
10759,0.811974,-0.060405,-0.002900,-0.580553,0.000000,0.000000,0.000000,-0.073000,0.092000,-0.984000,23.096601,100294.804688,86.119995,86.180000,-0.060000,0.010000,0,1,1,1,3,22,1,22,37.5417661,127.0795389,30.227,0.722000,1.645000,0.009000,-0.012000,0.028000,0.124000,1000,1000,1000,1000,1000.000000,1000.000000,1000.000000,1000.000000,0.000000,0.000000,1000.000000,0,0,0,0,0,0.000000,0.000000,1,0,0,0,0,2283,0.000000,0,0.000000,0.000000,0.000000,0.000000,0.000000,0.000000,0,0.000000,0.000000,0.000000,0.000000,0.000000,0.000000,0.000000,0.000000,0.000000,0.000000,0.000000,0.000000,0.000000,0.250000,0.250000,1.000000,1.000000,1.000000,0.000000,0,0,0.000000,0.000000,0.000000,0.000000,0.000000,0,0,0,0,0,0.000000,0,0,0,0,0,0,0,0,0,0,0,63,0.001000,0.000000,0.000000,0.000000,0.000000,0.000000,0.000000,0.000000,0.000000,0.000000,0.000000,0.000000,0.000000,0.000000,0.000000,0.000000,0.000000,0.000000,0.000000,0.000000,0.000000
10849,0.811974,-0.060405,-0.002900,-0.580553,0.000000,0.000000,0.000000,-0.076000,0.093000,-0.982000,23.099215,100294.000000,86.189995,86.180000,0.010000,-0.010000,0,1,1,1,3,22,1,22,37.5417661,127.0795389,30.227,0.722000,1.645000,0.009000,-0.012000,0.028000,0.124000,1000,1000,1000,1000,1000.000000,1000.000000,1000.000000,1000.000000,0.000000,0.000000,1000.000000,0,0,0,0,0,0.000000,0.000000,1,0,0,0,0,2373,0.000000,0,0.000000,0.000000,0.000000,0.000000,0.000000,0.000000,0,0.000000,0.000000,0.000000,0.000000,0.000000,0.000000,0.000000,0.000000,0.000000,0.000000,0.000000,0.000000,0.000000,0.250000,0.250000,1.000000,1.000000,1.000000,0.000000,0,0,0.000000,0.000000,0.000000,0.000000,0.000000,0,0,0,0,0,0.000000,0,0,0,0,0,0,0,0,0,0,0,0,0.000000,0.000000,0.000000,0.000000,0.000000,0.000000,0.000000,0.000000,0.000000,0.000000,0.000000,0.000000,0.000000,0.000000,0.000000,0.000000,0.000000,0.000000,0.000000,0.000000,0.000000
10958,0.811974,-0.060405,-0.003000,-0.580553,0.000000,0.000000,0.000000,-0.075000,0.093000,-0.985000,23.098003,100293.703125,86.209999,86.180000,0.030000,-0.010000,20,1,1,1,3,22,1,22,37.5417663,127.0795388,30.155,0.715000,1.630000,0.009000,-0.003000,0.009000,0.114000,1000,1000,1000,1000,1000.000000,1000.000000,1000.000000,1000.000000,0.000000,0.000000,1000.000000,0,0,0,0,0,0.000000,0.000000,1,0,0,0,0,2482,0.000000,0,0.000000,0.000000,0.000000,0.000000,0.000000,0.000000,0,0.000000,0.000000,0.000000,0.000000,0.000000,0.000000,0.000000,0.000000,0.000000,0.000000,0.000000,0.000000,0.000000,0.250000,0.250000,1.000000,1.000000,1.000000,0.000000,0,0,0.000000,0.000000,0.000000,0.000000,0.000000,0,0,0,0,0,0.000000,0,0,0,0,0,0,0,0,0,0,0,0,0.000000,0.000000,0.000000,0.000000,0.000000,0.000000,0.000000,0.000000,0.000000,0.000000,0.000000,0.000000,0.000000,0.000000,0.000000,0.000000,0.000000,0.000000,0.000000,0.000000,0.000000
11048,0.811974,-0.060405,-0.003000,-0.580553,0.000000,0.000000,0.000000,-0.073000,0.093000,-0.984000,23.098740,100294.398438,86.159996,86.180000,-0.020000,-0.020000,24,1,1,1,3,22,1,22,37.5417666,127.0795387,30.089,0.708000,1.614000,0.006000,0.022000,0.021000,0.127000,1000,1000,1000,1000,1000.000000,1000.000000,1000.000000,1000.000000,0.000000,0.000000,1000.000000,0,0,0,0,0,0.000000,0.000000,1,0,0,0,0,2571,0.000000,0,0.000000,0.000000,0.000000,0.000000,0.000000,0.000000,0,0.000000,0.000000,0.000000,0.000000,0.000000,0.000000,0.000000,0.000000,0.000000,0.000000,0.000000,0.000000,0.000000,0.250000,0.250000,1.000000,1.000000,1.000000,0.000000,0,0,0.000000,0.000000,0.000000,0.000000,0.000000,0,0,0,0,0,0.000000,0,0,0,0,0,0,0,0,0,0,0,0,0.000000,0.000000,0.000000,0.000000,0.000000,0.000000,0.000000,0.000000,0.000000,0.000000,0.000000,0.000000,0.000000,0.000000,0.000000,0.000000,0.000000,0.000000,0.000000,0.000000,0.000000
11152,0.811974,-0.060405,-0.003000,-0.580553,0.000000,0.000000,0.000000,-0.073000,0.094000,-0.984000,23.101072,100295.898438,86.029999,86.180000,-0.150000,-0.010000,0,1,1,1,3,22,1,22,37.5417669,127.0795386,30.029,0.701000,1.598000,0.006000,-0.004000,0.017000,0.123000,1000,1000,1000,1000,1000.000000,1000.000000,1000.000000,1000.000000,0.000000,0.000000,1000.000000,0,0,0,0,0,0.000000,0.000000,1,0,0,0,0,2676,0.000000,0,0.000000,0.000000,0.000000,0.000000,0.000000,0.000000,0,0.000000,0.000000,0.000000,0.000000,0.000000,0.000000,0.000000,0.000000,0.000000,0.000000,0.000000,0.000000,0.000000,0.250000,0.250000,1.000000,1.000000,1.000000,0.000000,0,0,0.000000,0.000000,0.000000,0.000000,0.000000,0,0,0,0,0,0.000000,0,0,0,0,0,0,0,0,0,0,0,0,0.000000,0.000000,0.000000,0.000000,0.000000,0.000000,0.000000,0.000000,0.000000,0.000000,0.000000,0.000000,0.000000,0.000000,0.000000,0.000000,0.000000,0.000000,0.000000,0.000000,0.000000
11258,0.811974,-0.060405,-0.002900,-0.580553,0.000000,0.000000,0.000000,-0.075000,0.093000,-0.983000,23.102861,100296.203125,86.009995,86.180000,-0.170000,-0.040000,20,1,1,1,3,22,1,22,37.5417670,127.0795385,30.006,0.695000,1.583000,0.011000,-0.011000,0.016000,0.128000,1000,1000,1000,1000,1000.000000,1000.000000,1000.000000,1000.000000,0.000000,0.000000,1000.000000,0,0,0,0,0,0.000000,0.000000,1,0,0,0,0,2782,0.000000,0,0.000000,0.000000,0.000000,0.000000,0.000000,0.000000,0,0.000000,0.000000,0.000000,0.000000,0.000000,0.000000,0.000000,0.000000,0.000000,0.000000,0.000000,0.000000,0.000000,0.250000,0.250000,1.000000,1.000000,1.000000,0.000000,0,0,0.000000,0.000000,0.000000,0.000000,0.000000,0,0,0,0,0,0.000000,0,0,0,0,0,0,0,0,0,0,0,0,0.000000,0.000000,0.000000,0.000000,0.000000,0.000000,0.000000,0.000000,0.000000,0.000000,0.000000,0.000000,0.000000,0.000000,0.000000,0.000000,0.000000,0.000000,0.000000,0.000000,0.000000
11344,0.811974,-0.060405,-0.003000,-0.580553,0.000000,0.000000,0.000000,-0.075000,0.093000,-0.982000,23.095970,100292.601563,86.309998,86.180000,0.130000,-0.020000,20,1,1,1,3,22,1,22,37.5417670,127.0795385,30.006,0.695000,1.583000,0.011000,-0.011000,0.016000,0.128000,1000,1000,1000,1000,1000.000000,1000.000000,1000.000000,1000.000000,0.000000,0.000000,1000.000000,0,0,0,0,0,0.000000,0.000000,1,0,0,0,0,2868,0.000000,0,0.000000,0.000000,0.000000,0.000000,0.000000,0.000000,0,0.000000,0.000000,0.000000,0.000000,0.000000,0.000000,0.000000,0.000000,0.000000,0.000000,0.000000,0.000000,0.000000,0.250000,0.250000,1.000000,1.000000,1.000000,0.000000,0,0,0.000000,0.000000,0.000000,0.000000,0.000000,0,0,0,0,0,0.000000,0,0,0,0,0,0,0,0,0,0,0,0,0.000000,0.000000,0.000000,0.000000,0.000000,0.000000,0.000000,0.000000,0.000000,0.000000,0.000000,0.000000,0.000000,0.000000,0.000000,0.000000,0.000000,0.000000,0.000000,0.000000,0.000000
11460,0.811974,-0.060405,-0.003000,-0.580553,0.000000,0.000000,0.000000,-0.076000,0.092000,-0.983000,23.101545,100293.703125,86.209999,86.180000,0.030000,0.000000,0,1,1,1,3,22,1,22,37.5417672,127.0795385,29.975,0.690000,1.567000,0.015000,0.017000,0.034000,0.136000,1000,1000,1000,1000,1000.000000,1000.000000,1000.000000,1000.000000,0.000000,0.000000,1000.000000,0,0,0,0,0,0.000000,0.000000,0,1,0,0,0,2983,0.000000,0,0.000000,0.000000,0.000000,0.000000,0.000000,0.000000,0,0.000000,0.000000,0.000000,0.000000,0.000000,0.000000,0.000000,0.000000,0.000000,0.000000,0.000000,0.000000,0.000000,0.250000,0.250000,1.000000,1.000000,1.000000,0.000000,0,0,0.000000,0.000000,0.000000,0.000000,0.000000,0,0,0,0,0,0.000000,0,0,0,0,0,0,0,0,0,0,0,63,0.001000,0.000000,0.000000,0.000000,0.000000,0.000000,0.000000,0.000000,0.000000,0.000000,0.000000,0.000000,0.000000,0.000000,0.000000,0.000000,0.000000,0.000000,0.000000,0.000000,0.000000
11545,0.811974,-0.060405,-0.003000,-0.580553,0.000000,0.000000,0.000000,-0.073000,0.095000,-0.983000,23.100370,100294.000000,86.189995,86.180000,0.010000,0.000000,0,1,1,1,3,22,1,22,37.5417674,127.0795383,29.945,0.684000,1.553000,0.008000,-0.005000,0.019000,0.129000,1000,1000,1000,1000,1000.000000,1000.000000,1000.000000,1000.000000,0.000000,0.000000,1000.000000,0,0,0,0,0,0.000000,0.000000,0,1,0,0,0,3069,0.000000,0,0.000000,0.000000,0.000000,0.000000,0.000000,0.000000,0,0.000000,0.000000,0.000000,0.000000,0.000000,0.000000,0.000000,0.000000,0.000000,0.000000,0.000000,0.000000,0.000000,0.250000,0.250000,1.000000,1.000000,1.000000,0.000000,0,0,0.000000,0.000000,0.000000,0.000000,0.000000,0,0,0,0,0,0.000000,0,0,0,0,0,0,0,0,0,0,0,0,0.000000,0.000000,0.000000,0.000000,0.000000,0.000000,0.000000,0.000000,0.000000,0.000000,0.000000,0.000000,0.000000,0.000000,0.000000,0.000000,0.000000,0.000000,0.000000,0.000000,0.000000
11652,0.811974,-0.060405,-0.003000,-0.580553,0.000000,0.000000,0.000000,-0.074000,0.094000,-0.984000,23.097197,100292.500000,86.320000,86.180000,0.140000,0.020000,21,1,1,1,3,22,1,22,37.5417676,127.0795382,29.894,0.678000,1.540000,-0.003000,0.003000,0.012000,0.095000,1000,1000,1000,1000,1000.000000,1000.000000,1000.000000,1000.000000,0.000000,0.000000,1000.000000,0,0,0,0,0,0.000000,0.000000,0,1,0,0,0,3176,0.000000,0,0.000000,0.000000,0.000000,0.000000,0.000000,0.000000,0,0.000000,0.000000,0.000000,0.000000,0.000000,0.000000,0.000000,0.000000,0.000000,0.000000,0.000000,0.000000,0.000000,0.250000,0.250000,1.000000,1.000000,1.000000,0.000000,0,0,0.000000,0.000000,0.000000,0.000000,0.000000,0,0,0,0,0,0.000000,0,0,0,0,0,0,0,0,0,0,0,0,0.000000,0.000000,0.000000,0.000000,0.000000,0.000000,0.000000,0.000000,0.000000,0.000000,0.000000,0.000000,0.000000,0.000000,0.000000,0.000000,0.000000,0.000000,0.000000,0.000000,0.000000
11760,0.811974,-0.060405,-0.003000,-0.580553,0.000000,0.000000,0.000000,-0.074000,0.094000,-0.984000,23.101143,100293.601563,86.229996,86.180000,0.050000,0.030000,0,1,1,1,3,22,1,22,37.5417677,127.0795381,29.861,0.672000,1.527000,0.006000,-0.003000,0.006000,0.111000,1000,1000,1000,1000,1000.000000,1000.000000,1000.000000,1000.000000,0.000000,0.000000,1000.000000,0,0,0,0,0,0.000000,0.000000,0,1,0,0,0,3284,0.000000,0,0.000000,0.000000,0.000000,0.000000,0.000000,0.000000,0,0.000000,0.000000,0.000000,0.000000,0.000000,0.000000,0.000000,0.000000,0.000000,0.000000,0.000000,0.000000,0.000000,0.250000,0.250000,1.000000,1.000000,1.000000,0.000000,0,0,0.000000,0.000000,0.000000,0.000000,0.000000,0,0,0,0,0,0.000000,0,0,0,0,0,0,0,0,0,0,0,0,0.000000,0.000000,0.000000,0.000000,0.000000,0.000000,0.000000,0.000000,0.000000,0.000000,0.000000,0.000000,0.000000,0.000000,0.000000,0.000000,0.000000,0.000000,0.000000,0.000000,0.000000
11849,0.811974,-0.060405,-0.003000,-0.580553,0.000000,0.000000,0.000000,-0.074000,0.092000,-0.983000,23.100039,100294.601563,86.139999,86.180000,-0.040000,0.020000,0,1,1,1,3,22,1,22,37.5417677,127.0795381,29.861,0.672000,1.527000,0.006000,-0.003000,0.006000,0.111000,1000,1000,1000,1000,1000.000000,1000.000000,1000.000000,1000.000000,0.000000,0.000000,1000.000000,0,0,0,0,0,0.000000,0.000000,0,1,0,0,0,3373,0.000000,0,0.000000,0.000000,0.000000,0.000000,0.000000,0.000000,0,0.000000,0.000000,0.000000,0.000000,0.000000,0.000000,0.000000,0.000000,0.000000,0.000000,0.000000,0.000000,0.000000,0.250000,0.250000,1.000000,1.000000,1.000000,0.000000,0,0,0.000000,0.000000,0.000000,0.000000,0.000000,0,0,0,0,0,0.000000,0,0,0,0,0,0,0,0,0,0,0,0,0.000000,0.000000,0.000000,0.000000,0.000000,0.000000,0.000000,0.000000,0.000000,0.000000,0.000000,0.000000,0.000000,0.000000,0.000000,0.000000,0.000000,0.000000,0.000000,0.000000,0.000000
11957,0.811974,-0.060405,-0.003000,-0.580553,0.000000,0.000000,0.000000,-0.074000,0.092000,-0.985000,23.094393,100291.898438,86.369995,86.180000,0.190000,0.050000,19,1,1,1,3,22,1,22,37.5417679,127.0795380,29.831,0.667000,1.515000,0.007000,-0.004000,0.015000,0.126000,1000,1000,1000,1000,1000.000000,1000.000000,1000.000000,1000.000000,0.000000,0.000000,1000.000000,0,0,0,0,0,0.000000,0.000000,0,1,0,0,0,3481,0.000000,0,0.000000,0.000000,0.000000,0.000000,0.000000,0.000000,0,0.000000,0.000000,0.000000,0.000000,0.000000,0.000000,0.000000,0.000000,0.000000,0.000000,0.000000,0.000000,0.000000,0.250000,0.250000,1.000000,1.000000,1.000000,0.000000,0,0,0.000000,0.000000,0.000000,0.000000,0.000000,0,0,0,0,0,0.000000,0,0,0,0,0,0,0,0,0,0,0,0,0.000000,0.000000,0.000000,0.000000,0.000000,0.000000,0.000000,0.000000,0.000000,0.000000,0.000000,0.000000,0.000000,0.000000,0.000000,0.000000,0.000000,0.000000,0.000000,0.000000,0.000000
12043,0.811978,-0.060306,-0.003000,-0.580556,0.000000,0.000000,0.000000,-0.075000,0.094000,-0.985000,23.105824,100295.601563,86.059998,86.180000,-0.120000,0.030000,20,1,1,1,3,22,1,22,37.5417681,127.0795380,29.784,0.661000,1.502000,-0.002000,0.011000,0.012000,0.118000,1000,1000,1000,1000,1000.000000,1000.000000,1000.000000,1000.000000,0.000000,0.000000,1000.000000,0,0,0,0,0,0.000000,0.000000,0,1,0,0,0,3567,0.000000,0,0.000000,0.000000,0.000000,0.000000,0.000000,0.000000,0,0.000000,0.000000,0.000000,0.000000,0.000000,0.000000,0.000000,0.000000,0.000000,0.000000,0.000000,0.000000,0.000000,0.250000,0.250000,1.000000,1.000000,1.000000,0.000000,0,0,0.000000,0.000000,0.000000,0.000000,0.000000,0,0,0,0,0,0.000000,0,0,0,0,0,0,0,0,0,0,0,0,0.000000,0.000000,0.000000,0.000000,0.000000,0.000000,0.000000,0.000000,0.000000,0.000000,0.000000,0.000000,0.000000,0.000000,0.000000,0.000000,0.000000,0.000000,0.000000,0.000000,0.000000
12152,0.811974,-0.060405,-0.003000,-0.580553,0.000000,0.000000,0.000000,-0.074000,0.092000,-0.985000,23.101299,100294.398438,86.159996,86.180000,-0.020000,0.030000,2,1,1,1,3,22,1,22,37.5417683,127.0795379,29.738,0.656000,1.489000,-0.001000,-0.002000,-0.003000,0.102000,1000,1000,1000,1000,1000.000000,1000.000000,1000.000000,1000.000000,0.000000,0.000000,1000.000000,0,0,0,0,0,0.000000,0.000000,0,1,0,0,0,3676,0.000000,0,0.000000,0.000000,0.000000,0.000000,0.000000,0.000000,0,0.000000,0.000000,0.000000,0.000000,0.000000,0.000000,0.000000,0.000000,0.000000,0.000000,0.000000,0.000000,0.000000,0.250000,0.250000,1.000000,1.000000,1.000000,0.000000,0,0,0.000000,0.000000,0.000000,0.000000,0.000000,0,0,0,0,0,0.000000,0,0,0,0,0,0,0,0,0,0,0,0,0.000000,0.000000,0.000000,0.000000,0.000000,0.000000,0.000000,0.000000,0.000000,0.000000,0.000000,0.000000,0.000000,0.000000,0.000000,0.000000,0.000000,0.000000,0.000000,0.000000,0.000000
12257,0.811974,-0.060405,-0.003000,-0.580553,0.000000,0.000000,0.000000,-0.074000,0.094000,-0.985000,23.104280,100294.203125,86.180000,86.180000,0.000000,0.020000,19,1,1,1,3,22,1,22,37.5417685,127.0795378,29.683,0.650000,1.477000,0.003000,-0.008000,0.014000,0.116000,1000,1000,1000,1000,1000.000000,1000.000000,1000.000000,1000.000000,0.000000,0.000000,1000.000000,0,0,0,0,0,0.000000,0.000000,0,1,0,0,0,3781,0.000000,0,0.000000,0.000000,0.000000,0.000000,0.000000,0.000000,0,0.000000,0.000000,0.000000,0.000000,0.000000,0.000000,0.000000,0.000000,0.000000,0.000000,0.000000,0.000000,0.000000,0.250000,0.250000,1.000000,1.000000,1.000000,0.000000,0,0,0.000000,0.000000,0.000000,0.000000,0.000000,0,0,0,0,0,0.000000,0,0,0,0,0,0,0,0,0,0,0,0,0.000000,0.000000,0.000000,0.000000,0.000000,0.000000,0.000000,0.000000,0.000000,0.000000,0.000000,0.000000,0.000000,0.000000,0.000000,0.000000,0.000000,0.000000,0.000000,0.000000,0.000000
12343,0.811978,-0.060306,-0.003000,-0.580556,0.000000,0.000000,0.000000,-0.075000,0.093000,-0.984000,23.106998,100294.703125,86.129997,86.180000,-0.050000,0.010000,21,1,1,1,3,22,1,22,37.5417685,127.0795378,29.683,0.650000,1.477000,0.003000,-0.008000,0.014000,0.116000,1000,1000,1000,1000,1000.000000,1000.000000,1000.000000,1000.000000,0.000000,0.000000,1000.000000,0,0,0,0,0,0.000000,0.000000,0,1,0,0,0,3866,0.000000,0,0.000000,0.000000,0.000000,0.000000,0.000000,0.000000,0,0.000000,0.000000,0.000000,0.000000,0.000000,0.000000,0.000000,0.000000,0.000000,0.000000,0.000000,0.000000,0.000000,0.250000,0.250000,1.000000,1.000000,1.000000,0.000000,0,0,0.000000,0.000000,0.000000,0.000000,0.000000,0,0,0,0,0,0.000000,0,0,0,0,0,0,0,0,0,0,0,0,0.000000,0.000000,0.000000,0.000000,0.000000,0.000000,0.000000,0.000000,0.000000,0.000000,0.000000,0.000000,0.000000,0.000000,0.000000,0.000000,0.000000,0.000000,0.000000,0.000000,0.000000
12453,0.811978,-0.060306,-0.003000,-0.580556,0.000000,0.000000,0.000000,-0.074000,0.093000,-0.985000,23.101931,100292.703125,86.299995,86.180000,0.120000,0.000000,0,1,1,1,3,22,1,22,37.5417687,127.0795377,29.633,0.645000,1.466000,0.013000,0.001000,0.023000,0.123000,1000,1000,1000,1000,1000.000000,1000.000000,1000.000000,1000.000000,0.000000,0.000000,1000.000000,0,0,0,0,0,0.000000,0.000000,0,1,0,0,0,3977,0.000000,0,0.000000,0.000000,0.000000,0.000000,0.000000,0.000000,0,0.000000,0.000000,0.000000,0.000000,0.000000,0.000000,0.000000,0.000000,0.000000,0.000000,0.000000,0.000000,0.000000,0.250000,0.250000,1.000000,1.000000,1.000000,0.000000,0,0,0.000000,0.000000,0.000000,0.000000,0.000000,0,0,0,0,0,0.000000,0,0,0,0,0,0,0,0,0,0,0,0,0.000000,0.000000,0.000000,0.000000,0.000000,0.000000,0.000000,0.000000,0.000000,0.000000,0.000000,0.000000,0.000000,0.000000,0.000000,0.000000,0.000000,0.000000,0.000000,0.000000,0.000000
12557,0.811978,-0.060306,-0.003000,-0.580556,0.000000,0.000000,0.000000,-0.074000,0.094000,-0.983000,23.105719,100294.601563,86.139999,86.180000,-0.040000,0.010000,19,1,1,1,3,22,1,22,37.5417688,127.0795376,29.601,0.640000,1.454000,0.021000,0.007000,0.017000,0.116000,1000,1000,1000,1000,1000.000000,1000.000000,1000.000000,1000.000000,0.000000,0.000000,1000.000000,0,0,0,0,0,0.000000,0.000000,0,1,0,0,0,4081,0.000000,0,0.000000,0.000000,0.000000,0.000000,0.000000,0.000000,0,0.000000,0.000000,0.000000,0.000000,0.000000,0.000000,0.000000,0.000000,0.000000,0.000000,0.000000,0.000000,0.000000,0.250000,0.250000,1.000000,1.000000,1.000000,0.000000,0,0,0.000000,0.000000,0.000000,0.000000,0.000000,0,0,0,0,0,0.000000,0,0,0,0,0,0,0,0,0,0,0,0,0.000000,0.000000,0.000000,0.000000,0.000000,0.000000,0.000000,0.000000,0.000000,0.000000,0.000000,0.000000,0.000000,0.000000,0.000000,0.000000,0.000000,0.000000,0.000000,0.000000,0.000000
12648,0.811978,-0.060306,-0.003000,-0.580556,0.000000,0.000000,0.000000,-0.073000,0.093000,-0.985000,23.104527,100294.703125,86.129997,86.180000,-0.050000,-0.010000,26,1,1,1,3,22,1,22,37.5417690,127.0795376,29.556,0.635000,1.444000,-0.010000,0.017000,0.019000,0.103000,1000,1000,1000,1000,1000.000000,1000.000000,1000.000000,1000.000000,0.000000,0.000000,1000.000000,0,0,0,0,0,0.000000,0.000000,0,1,0,0,0,4171,0.000000,0,0.000000,0.000000,0.000000,0.000000,0.000000,0.000000,0,0.000000,0.000000,0.000000,0.000000,0.000000,0.000000,0.000000,0.000000,0.000000,0.000000,0.000000,0.000000,0.000000,0.250000,0.250000,1.000000,1.000000,1.000000,0.000000,0,0,0.000000,0.000000,0.000000,0.000000,0.000000,0,0,0,0,0,0.000000,0,0,0,0,0,0,0,0,0,0,0,0,0.000000,0.000000,0.000000,0.000000,0.000000,0.000000,0.000000,0.000000,0.000000,0.000000,0.000000,0.000000,0.000000,0.000000,0.000000,0.000000,0.000000,0.000000,0.000000,0.000000,0.000000
12752,0.811978,-0.060306,-0.003000,-0.580556,0.000000,0.000000,0.000000,-0.074000,0.092000,-0.983000,23.107927,100294.398438,86.159996,86.180000,-0.020000,0.000000,2,1,1,1,3,22,1,22,37.5417691,127.0795376,29.532,0.631000,1.434000,0.004000,-0.012000,-0.006000,0.107000,1000,1000,1000,1000,1000.000000,1000.000000,1000.000000,1000.000000,0.000000,0.000000,1000.000000,0,0,0,0,0,0.000000,0.000000,0,1,0,0,0,4276,0.000000,0,0.000000,0.000000,0.000000,0.000000,0.000000,0.000000,0,0.000000,0.000000,0.000000,0.000000,0.000000,0.000000,0.000000,0.000000,0.000000,0.000000,0.000000,0.000000,0.000000,0.250000,0.250000,1.000000,1.000000,1.000000,0.000000,0,0,0.000000,0.000000,0.000000,0.000000,0.000000,0,0,0,0,0,0.000000,0,0,0,0,0,0,0,0,0,0,0,0,0.000000,0.000000,0.000000,0.000000,0.000000,0.000000,0.000000,0.000000,0.000000,0.000000,0.000000,0.000000,0.000000,0.000000,0.000000,0.000000,0.000000,0.000000,0.000000,0.000000,0.000000
12843,0.811978,-0.060306,-0.003000,-0.580556,0.000000,0.000000,0.000000,-0.073000,0.093000,-0.985000,23.106981,100294.898438,86.119995,86.180000,-0.060000,-0.020000,5,1,1,1,3,22,1,22,37.5417691,127.0795376,29.532,0.631000,1.434000,0.004000,-0.012000,-0.006000,0.107000,1000,1000,1000,1000,1000.000000,1000.000000,1000.000000,1000.000000,0.000000,0.000000,1000.000000,0,0,0,0,0,0.000000,0.000000,0,1,0,0,0,4366,0.000000,0,0.000000,0.000000,0.000000,0.000000,0.000000,0.000000,0,0.000000,0.000000,0.000000,0.000000,0.000000,0.000000,0.000000,0.000000,0.000000,0.000000,0.000000,0.000000,0.000000,0.250000,0.250000,1.000000,1.000000,1.000000,0.000000,0,0,0.000000,0.000000,0.000000,0.000000,0.000000,0,0,0,0,0,0.000000,0,0,0,0,0,0,0,0,0,0,0,0,0.000000,0.000000,0.000000,0.000000,0.000000,0.000000,0.000000,0.000000,0.000000,0.000000,0.000000,0.000000,0.000000,0.000000,0.000000,0.000000,0.000000,0.000000,0.000000,0.000000,0.000000
12952,0.811978,-0.060306,-0.003000,-0.580556,0.000000,0.000000,0.000000,-0.073000,0.092000,-0.983000,23.107718,100295.101563,86.099998,86.180000,-0.080000,-0.040000,30,1,1,1,3,22,1,22,37.5417692,127.0795375,29.507,0.626000,1.425000,-0.015000,-0.006000,-0.007000,0.109000,1000,1000,1000,1000,1000.000000,1000.000000,1000.000000,1000.000000,0.000000,0.000000,1000.000000,0,0,0,0,0,0.000000,0.000000,0,1,0,0,0,4476,0.000000,0,0.000000,0.000000,0.000000,0.000000,0.000000,0.000000,0,0.000000,0.000000,0.000000,0.000000,0.000000,0.000000,0.000000,0.000000,0.000000,0.000000,0.000000,0.000000,0.000000,0.250000,0.250000,1.000000,1.000000,1.000000,0.000000,0,0,0.000000,0.000000,0.000000,0.000000,0.000000,0,0,0,0,0,0.000000,0,0,0,0,0,0,0,0,0,0,0,0,0.000000,0.000000,0.000000,0.000000,0.000000,0.000000,0.000000,0.000000,0.000000,0.000000,0.000000,0.000000,0.000000,0.000000,0.000000,0.000000,0.000000,0.000000,0.000000,0.000000,0.000000
13056,0.811978,-0.060306,-0.003000,-0.580556,0.000000,0.000000,0.000000,-0.074000,0.093000,-0.983000,23.111540,100294.500000,86.150002,86.180000,-0.030000,-0.040000,6,1,1,1,3,22,1,22,37.5417694,127.0795376,29.486,0.622000,1.416000,0.012000,0.002000,0.002000,0.092000,1000,1000,1000,1000,1000.000000,1000.000000,1000.000000,1000.000000,0.000000,0.000000,1000.000000,0,0,0,0,0,0.000000,0.000000,0,1,0,0,0,4580,0.000000,0,0.000000,0.000000,0.000000,0.000000,0.000000,0.000000,0,0.000000,0.000000,0.000000,0.000000,0.000000,0.000000,0.000000,0.000000,0.000000,0.000000,0.000000,0.000000,0.000000,0.250000,0.250000,1.000000,1.000000,1.000000,0.000000,0,0,0.000000,0.000000,0.000000,0.000000,0.000000,0,0,0,0,0,0.000000,0,0,0,0,0,0,0,0,0,0,0,0,0.000000,0.000000,0.000000,0.000000,0.000000,0.000000,0.000000,0.000000,0.000000,0.000000,0.000000,0.000000,0.000000,0.000000,0.000000,0.000000,0.000000,0.000000,0.000000,0.000000,0.000000
13143,0.811978,-0.060306,-0.003000,-0.580556,0.000000,0.000000,0.000000,-0.074000,0.093000,-0.986000,23.103018,100293.203125,86.259995,86.180000,0.080000,-0.030000,5,1,1,1,3,22,1,22,37.5417695,127.0795376,29.460,0.618000,1.406000,0.004000,-0.001000,0.008000,0.109000,1000,1000,1000,1000,1000.000000,1000.000000,1000.000000,1000.000000,0.000000,0.000000,1000.000000,0,0,0,0,0,0.000000,0.000000,0,1,0,0,0,4666,0.000000,0,0.000000,0.000000,0.000000,0.000000,0.000000,0.000000,0,0.000000,0.000000,0.000000,0.000000,0.000000,0.000000,0.000000,0.000000,0.000000,0.000000,0.000000,0.000000,0.000000,0.250000,0.250000,1.000000,1.000000,1.000000,0.000000,0,0,0.000000,0.000000,0.000000,0.000000,0.000000,0,0,0,0,0,0.000000,0,0,0,0,0,0,0,0,0,0,0,0,0.000000,0.000000,0.000000,0.000000,0.000000,0.000000,0.000000,0.000000,0.000000,0.000000,0.000000,0.000000,0.000000,0.000000,0.000000,0.000000,0.000000,0.000000,0.000000,0.000000,0.000000
13248,0.811978,-0.060306,-0.003000,-0.580556,0.000000,0.000000,0.000000,-0.074000,0.094000,-0.985000,23.103825,100294.000000,86.189995,86.180000,0.010000,-0.020000,26,1,1,1,3,22,1,22,37.5417696,127.0795375,29.427,0.613000,1.397000,0.008000,-0.008000,0.010000,0.114000,1000,1000,1000,1000,1000.000000,1000.000000,1000.000000,1000.000000,0.000000,0.000000,1000.000000,0,0,0,0,0,0.000000,0.000000,0,1,0,0,0,4771,0.000000,0,0.000000,0.000000,0.000000,0.000000,0.000000,0.000000,0,0.000000,0.000000,0.000000,0.000000,0.000000,0.000000,0.000000,0.000000,0.000000,0.000000,0.000000,0.000000,0.000000,0.250000,0.250000,1.000000,1.000000,1.000000,0.000000,0,0,0.000000,0.000000,0.000000,0.000000,0.000000,0,0,0,0,0,0.000000,0,0,0,0,0,0,0,0,0,0,0,0,0.000000,0.000000,0.000000,0.000000,0.000000,0.000000,0.000000,0.000000,0.000000,0.000000,0.000000,0.000000,0.000000,0.000000,0.000000,0.000000,0.000000,0.000000,0.000000,0.000000,0.000000
13352,0.811978,-0.060306,-0.003000,-0.580556,0.000000,0.000000,0.000000,-0.073000,0.091000,-0.985000,23.107910,100294.500000,86.150002,86.180000,-0.030000,-0.010000,4,1,1,1,3,22,1,22,37.5417696,127.0795375,29.427,0.613000,1.397000,0.008000,-0.008000,0.010000,0.114000,1000,1000,1000,1000,1000.000000,1000.000000,1000.000000,1000.000000,0.000000,0.000000,1000.000000,0,0,0,0,0,0.000000,0.000000,0,1,0,0,0,4876,0.000000,0,0.000000,0.000000,0.000000,0.000000,0.000000,0.000000,0,0.000000,0.000000,0.000000,0.000000,0.000000,0.000000,0.000000,0.000000,0.000000,0.000000,0.000000,0.000000,0.000000,0.250000,0.250000,1.000000,1.000000,1.000000,0.000000,0,0,0.000000,0.000000,0.000000,0.000000,0.000000,0,0,0,0,0,0.000000,0,0,0,0,0,0,0,0,0,0,0,0,0.000000,0.000000,0.000000,0.000000,0.000000,0.000000,0.000000,0.000000,0.000000,0.000000,0.000000,0.000000,0.000000,0.000000,0.000000,0.000000,0.000000,0.000000,0.000000,0.000000,0.000000
13456,0.811978,-0.060306,-0.003000,-0.580556,0.000000,0.000000,0.000000,-0.075000,0.093000,-0.984000,23.107962,100294.898438,86.119995,86.180000,-0.060000,-0.010000,20,1,1,1,3,23,1,23,37.5417697,127.0795375,29.408,0.609000,1.387000,-0.001000,0.013000,-0.002000,0.120000,1000,1000,1000,1000,1000.000000,1000.000000,1000.000000,1000.000000,0.000000,0.000000,1000.000000,0,0,0,0,0,0.000000,0.000000,0,1,0,0,0,4980,0.000000,0,0.000000,0.000000,0.000000,0.000000,0.000000,0.000000,0,0.000000,0.000000,0.000000,0.000000,0.000000,0.000000,0.000000,0.000000,0.000000,0.000000,0.000000,0.000000,0.000000,0.250000,0.250000,1.000000,1.000000,1.000000,0.000000,0,0,0.000000,0.000000,0.000000,0.000000,0.000000,0,0,0,0,0,0.000000,0,0,0,0,0,0,0,0,0,0,0,0,0.000000,0.000000,0.000000,0.000000,0.000000,0.000000,0.000000,0.000000,0.000000,0.000000,0.000000,0.000000,0.000000,0.000000,0.000000,0.000000,0.000000,0.000000,0.000000,0.000000,0.000000
13543,0.811978,-0.060306,-0.003000,-0.580556,0.000000,0.000000,0.000000,-0.075000,0.094000,-0.983000,23.109751,100293.601563,86.229996,86.180000,0.050000,0.000000,22,1,1,1,3,23,1,23,37.5417698,127.0795374,29.393,0.605000,1.378000,0.001000,0.001000,0.005000,0.106000,1000,1000,1000,1000,1000.000000,1000.000000,1000.000000,1000.000000,0.000000,0.000000,1000.000000,0,0,0,0,0,0.000000,0.000000,0,1,0,0,0,5066,0.000000,0,0.000000,0.000000,0.000000,0.000000,0.000000,0.000000,0,0.000000,0.000000,0.000000,0.000000,0.000000,0.000000,0.000000,0.000000,0.000000,0.000000,0.000000,0.000000,0.000000,0.250000,0.250000,1.000000,1.000000,1.000000,0.000000,0,0,0.000000,0.000000,0.000000,0.000000,0.000000,0,0,0,0,0,0.000000,0,0,0,0,0,0,0,0,0,0,0,0,0.000000,0.000000,0.000000,0.000000,0.000000,0.000000,0.000000,0.000000,0.000000,0.000000,0.000000,0.000000,0.000000,0.000000,0.000000,0.000000,0.000000,0.000000,0.000000,0.000000,0.000000
13651,0.811978,-0.060306,-0.003000,-0.580556,0.000000,0.000000,0.000000,-0.074000,0.093000,-0.983000,23.110136,100294.804688,86.119995,86.180000,-0.060000,-0.020000,1,1,1,1,3,23,1,23,37.5417699,127.0795374,29.367,0.601000,1.369000,0.007000,-0.017000,0.010000,0.116000,1000,1000,1000,1000,1000.000000,1000.000000,1000.000000,1000.000000,0.000000,0.000000,1000.000000,0,0,0,0,0,0.000000,0.000000,0,1,0,0,0,5174,0.000000,0,0.000000,0.000000,0.000000,0.000000,0.000000,0.000000,0,0.000000,0.000000,0.000000,0.000000,0.000000,0.000000,0.000000,0.000000,0.000000,0.000000,0.000000,0.000000,0.000000,0.250000,0.250000,1.000000,1.000000,1.000000,0.000000,0,0,0.000000,0.000000,0.000000,0.000000,0.000000,0,0,0,0,0,0.000000,0,0,0,0,0,0,0,0,0,0,0,0,0.000000,0.000000,0.000000,0.000000,0.000000,0.000000,0.000000,0.000000,0.000000,0.000000,0.000000,0.000000,0.000000,0.000000,0.000000,0.000000,0.000000,0.000000,0.000000,0.000000,0.000000
13746,0.811978,-0.060306,-0.003000,-0.580556,0.000000,0.000000,0.000000,-0.075000,0.092000,-0.984000,23.108768,100294.203125,86.180000,86.180000,0.000000,-0.020000,8,1,1,1,3,23,1,23,37.5417700,127.0795374,29.346,0.597000,1.360000,0.002000,0.033000,-0.002000,0.120000,1000,1000,1000,1000,1000.000000,1000.000000,1000.000000,1000.000000,0.000000,0.000000,1000.000000,0,0,0,0,0,0.000000,0.000000,0,1,0,0,0,5270,0.000000,0,0.000000,0.000000,0.000000,0.000000,0.000000,0.000000,0,0.000000,0.000000,0.000000,0.000000,0.000000,0.000000,0.000000,0.000000,0.000000,0.000000,0.000000,0.000000,0.000000,0.250000,0.250000,1.000000,1.000000,1.000000,0.000000,0,0,0.000000,0.000000,0.000000,0.000000,0.000000,0,0,0,0,0,0.000000,0,0,0,0,0,0,0,0,0,0,0,0,0.000000,0.000000,0.000000,0.000000,0.000000,0.000000,0.000000,0.000000,0.000000,0.000000,0.000000,0.000000,0.000000,0.000000,0.000000,0.000000,0.000000,0.000000,0.000000,0.000000,0.000000
13852,0.811978,-0.060306,-0.003000,-0.580556,0.000000,0.000000,0.000000,-0.073000,0.092000,-0.983000,23.108961,100294.101563,86.180000,86.180000,0.000000,-0.020000,30,1,1,1,3,23,1,23,37.5417701,127.0795373,29.315,0.593000,1.352000,0.010000,-0.018000,0.013000,0.115000,1000,1000,1000,1000,1000.000000,1000.000000,1000.000000,1000.000000,0.000000,0.000000,1000.000000,0,0,0,0,0,0.000000,0.000000,0,1,0,0,0,5376,0.000000,0,0.000000,0.000000,0.000000,0.000000,0.000000,0.000000,0,0.000000,0.000000,0.000000,0.000000,0.000000,0.000000,0.000000,0.000000,0.000000,0.000000,0.000000,0.000000,0.000000,0.250000,0.250000,1.000000,1.000000,1.000000,0.000000,0,0,0.000000,0.000000,0.000000,0.000000,0.000000,0,0,0,0,0,0.000000,0,0,0,0,0,0,0,0,0,0,0,0,0.000000,0.000000,0.000000,0.000000,0.000000,0.000000,0.000000,0.000000,0.000000,0.000000,0.000000,0.000000,0.000000,0.000000,0.000000,0.000000,0.000000,0.000000,0.000000,0.000000,0.000000
13943,0.811978,-0.060306,-0.003000,-0.580556,0.000000,0.000000,0.000000,-0.073000,0.093000,-0.984000,23.106157,100293.203125,86.259995,86.180000,0.080000,-0.020000,37,1,1,1,3,23,1,23,37.5417701,127.0795373,29.315,0.593000,1.352000,0.010000,-0.018000,0.013000,0.115000,1000,1000,1000,1000,1000.000000,1000.000000,1000.000000,1000.000000,0.000000,0.000000,1000.000000,0,0,0,0,0,0.000000,0.000000,0,1,0,0,0,5466,0.000000,0,0.000000,0.000000,0.000000,0.000000,0.000000,0.000000,0,0.000000,0.000000,0.000000,0.000000,0.000000,0.000000,0.000000,0.000000,0.000000,0.000000,0.000000,0.000000,0.000000,0.250000,0.250000,1.000000,1.000000,1.000000,0.000000,0,0,0.000000,0.000000,0.000000,0.000000,0.000000,0,0,0,0,0,0.000000,0,0,0,0,0,0,0,0,0,0,0,0,0.000000,0.000000,0.000000,0.000000,0.000000,0.000000,0.000000,0.000000,0.000000,0.000000,0.000000,0.000000,0.000000,0.000000,0.000000,0.000000,0.000000,0.000000,0.000000,0.000000,0.000000
14057,0.811978,-0.060306,-0.003000,-0.580556,0.000000,0.000000,0.000000,-0.074000,0.091000,-0.983000,23.110733,100294.804688,86.119995,86.180000,-0.060000,-0.020000,19,1,1,1,3,23,1,23,37.5417703,127.0795373,29.283,0.589000,1.343000,0.002000,0.004000,0.014000,0.122000,1000,1000,1000,1000,1000.000000,1000.000000,1000.000000,1000.000000,0.000000,0.000000,1000.000000,0,0,0,0,0,0.000000,0.000000,0,1,0,0,0,5581,0.000000,0,0.000000,0.000000,0.000000,0.000000,0.000000,0.000000,0,0.000000,0.000000,0.000000,0.000000,0.000000,0.000000,0.000000,0.000000,0.000000,0.000000,0.000000,0.000000,0.000000,0.250000,0.250000,1.000000,1.000000,1.000000,0.000000,0,0,0.000000,0.000000,0.000000,0.000000,0.000000,0,0,0,0,0,0.000000,0,0,0,0,0,0,0,0,0,0,0,0,0.000000,0.000000,0.000000,0.000000,0.000000,0.000000,0.000000,0.000000,0.000000,0.000000,0.000000,0.000000,0.000000,0.000000,0.000000,0.000000,0.000000,0.000000,0.000000,0.000000,0.000000
14143,0.811978,-0.060306,-0.003000,-0.580556,0.000000,0.000000,0.000000,-0.074000,0.092000,-0.986000,23.112452,100294.703125,86.129997,86.180000,-0.050000,-0.020000,21,1,1,1,3,23,1,23,37.5417704,127.0795372,29.259,0.585000,1.334000,0.019000,-0.002000,0.021000,0.116000,1000,1000,1000,1000,1000.000000,1000.000000,1000.000000,1000.000000,0.000000,0.000000,1000.000000,0,0,0,0,0,0.000000,0.000000,0,1,0,0,0,5666,0.000000,0,0.000000,0.000000,0.000000,0.000000,0.000000,0.000000,0,0.000000,0.000000,0.000000,0.000000,0.000000,0.000000,0.000000,0.000000,0.000000,0.000000,0.000000,0.000000,0.000000,0.250000,0.250000,1.000000,1.000000,1.000000,0.000000,0,0,0.000000,0.000000,0.000000,0.000000,0.000000,0,0,0,0,0,0.000000,0,0,0,0,0,0,0,0,0,0,0,0,0.000000,0.000000,0.000000,0.000000,0.000000,0.000000,0.000000,0.000000,0.000000,0.000000,0.000000,0.000000,0.000000,0.000000,0.000000,0.000000,0.000000,0.000000,0.000000,0.000000,0.000000
14251,0.811978,-0.060306,-0.003000,-0.580556,0.000000,0.000000,0.000000,-0.074000,0.093000,-0.985000,23.109524,100294.703125,86.129997,86.180000,-0.050000,-0.030000,1,1,1,1,3,23,1,23,37.5417705,127.0795371,29.227,0.581000,1.326000,0.002000,0.008000,0.022000,0.124000,1000,1000,1000,1000,1000.000000,1000.000000,1000.000000,1000.000000,0.000000,0.000000,1000.000000,0,0,0,0,0,0.000000,0.000000,0,1,0,0,0,5774,0.000000,0,0.000000,0.000000,0.000000,0.000000,0.000000,0.000000,0,0.000000,0.000000,0.000000,0.000000,0.000000,0.000000,0.000000,0.000000,0.000000,0.000000,0.000000,0.000000,0.000000,0.250000,0.250000,1.000000,1.000000,1.000000,0.000000,0,0,0.000000,0.000000,0.000000,0.000000,0.000000,0,0,0,0,0,0.000000,0,0,0,0,0,0,0,0,0,0,0,0,0.000000,0.000000,0.000000,0.000000,0.000000,0.000000,0.000000,0.000000,0.000000,0.000000,0.000000,0.000000,0.000000,0.000000,0.000000,0.000000,0.000000,0.000000,0.000000,0.000000,0.000000
14357,0.811978,-0.060306,-0.003000,-0.580556,0.000000,0.000000,0.000000,-0.075000,0.093000,-0.984000,23.110119,100293.500000,86.229996,86.180000,0.050000,-0.030000,19,1,1,1,3,23,1,23,37.5417705,127.0795371,29.227,0.581000,1.326000,0.002000,0.008000,0.022000,0.124000,1000,1000,1000,1000,1000.000000,1000.000000,1000.000000,1000.000000,0.000000,0.000000,1000.000000,0,0,0,0,0,0.000000,0.000000,0,1,0,0,0,5881,0.000000,0,0.000000,0.000000,0.000000,0.000000,0.000000,0.000000,0,0.000000,0.000000,0.000000,0.000000,0.000000,0.000000,0.000000,0.000000,0.000000,0.000000,0.000000,0.000000,0.000000,0.250000,0.250000,1.000000,1.000000,1.000000,0.000000,0,0,0.000000,0.000000,0.000000,0.000000,0.000000,0,0,0,0,0,0.000000,0,0,0,0,0,0,0,0,0,0,0,0,0.000000,0.000000,0.000000,0.000000,0.000000,0.000000,0.000000,0.000000,0.000000,0.000000,0.000000,0.000000,0.000000,0.000000,0.000000,0.000000,0.000000,0.000000,0.000000,0.000000,0.000000
14443,0.811978,-0.060306,-0.003000,-0.580556,0.000000,0.000000,0.000000,-0.074000,0.094000,-0.984000,23.114100,100294.601563,86.139999,86.180000,-0.040000,-0.020000,21,1,1,1,3,23,1,23,37.5417706,127.0795370,29.224,0.577000,1.318000,0.009000,0.011000,0.005000,0.119000,1000,1000,1000,1000,1000.000000,1000.000000,1000.000000,1000.000000,0.000000,0.000000,1000.000000,0,0,0,0,0,0.000000,0.000000,0,1,0,0,0,5966,0.000000,0,0.000000,0.000000,0.000000,0.000000,0.000000,0.000000,0,0.000000,0.000000,0.000000,0.000000,0.000000,0.000000,0.000000,0.000000,0.000000,0.000000,0.000000,0.000000,0.000000,0.250000,0.250000,1.000000,1.000000,1.000000,0.000000,0,0,0.000000,0.000000,0.000000,0.000000,0.000000,0,0,0,0,0,0.000000,0,0,0,0,0,0,0,0,0,0,0,0,0.000000,0.000000,0.000000,0.000000,0.000000,0.000000,0.000000,0.000000,0.000000,0.000000,0.000000,0.000000,0.000000,0.000000,0.000000,0.000000,0.000000,0.000000,0.000000,0.000000,0.000000
14554,0.811978,-0.060306,-0.003000,-0.580556,0.000000,0.000000,0.000000,-0.074000,0.092000,-0.982000,23.110662,100294.101563,86.180000,86.180000,0.000000,-0.030000,6,1,1,1,3,23,1,23,37.5417707,127.0795370,29.192,0.574000,1.310000,0.011000,-0.014000,0.027000,0.121000,1000,1000,1000,1000,1000.000000,1000.000000,1000.000000,1000.000000,0.000000,0.000000,1000.000000,0,0,0,0,0,0.000000,0.000000,0,1,0,0,0,6078,0.000000,0,0.000000,0.000000,0.000000,0.000000,0.000000,0.000000,0,0.000000,0.000000,0.000000,0.000000,0.000000,0.000000,0.000000,0.000000,0.000000,0.000000,0.000000,0.000000,0.000000,0.250000,0.250000,1.000000,1.000000,1.000000,0.000000,0,0,0.000000,0.000000,0.000000,0.000000,0.000000,0,0,0,0,0,0.000000,0,0,0,0,0,0,0,0,0,0,0,0,0.000000,0.000000,0.000000,0.000000,0.000000,0.000000,0.000000,0.000000,0.000000,0.000000,0.000000,0.000000,0.000000,0.000000,0.000000,0.000000,0.000000,0.000000,0.000000,0.000000,0.000000
14658,0.811978,-0.060306,-0.003000,-0.580556,0.000000,0.000000,0.000000,-0.075000,0.095000,-0.984000,23.110767,100293.804688,86.209999,86.180000,0.030000,-0.030000,22,1,1,1,3,24,1,24,37.5417707,127.0795369,29.184,0.570000,1.303000,0.002000,0.005000,0.013000,0.122000,1000,1000,1000,1000,1000.000000,1000.000000,1000.000000,1000.000000,0.000000,0.000000,1000.000000,0,0,0,0,0,0.000000,0.000000,0,1,0,0,0,6182,0.000000,0,0.000000,0.000000,0.000000,0.000000,0.000000,0.000000,0,0.000000,0.000000,0.000000,0.000000,0.000000,0.000000,0.000000,0.000000,0.000000,0.000000,0.000000,0.000000,0.000000,0.250000,0.250000,1.000000,1.000000,1.000000,0.000000,0,0,0.000000,0.000000,0.000000,0.000000,0.000000,0,0,0,0,0,0.000000,0,0,0,0,0,0,0,0,0,0,0,0,0.000000,0.000000,0.000000,0.000000,0.000000,0.000000,0.000000,0.000000,0.000000,0.000000,0.000000,0.000000,0.000000,0.000000,0.000000,0.000000,0.000000,0.000000,0.000000,0.000000,0.000000
14743,0.811978,-0.060306,-0.003000,-0.580556,0.000000,0.000000,0.000000,-0.074000,0.093000,-0.985000,23.110487,100292.898438,86.279999,86.180000,0.100000,-0.020000,23,1,1,1,3,24,1,24,37.5417708,127.0795369,29.170,0.567000,1.295000,0.007000,0.009000,0.013000,0.124000,1000,1000,1000,1000,1000.000000,1000.000000,1000.000000,1000.000000,0.000000,0.000000,1000.000000,0,0,0,0,0,0.000000,0.000000,0,1,0,0,0,6266,0.000000,0,0.000000,0.000000,0.000000,0.000000,0.000000,0.000000,0,0.000000,0.000000,0.000000,0.000000,0.000000,0.000000,0.000000,0.000000,0.000000,0.000000,0.000000,0.000000,0.000000,0.250000,0.250000,1.000000,1.000000,1.000000,0.000000,0,0,0.000000,0.000000,0.000000,0.000000,0.000000,0,0,0,0,0,0.000000,0,0,0,0,0,0,0,0,0,0,0,0,0.000000,0.000000,0.000000,0.000000,0.000000,0.000000,0.000000,0.000000,0.000000,0.000000,0.000000,0.000000,0.000000,0.000000,0.000000,0.000000,0.000000,0.000000,0.000000,0.000000,0.000000
14843,0.811978,-0.060306,-0.003000,-0.580556,0.000000,0.000000,0.000000,-0.075000,0.093000,-0.984000,23.110979,100294.203125,86.180000,86.180000,0.000000,-0.030000,39,1,1,1,3,24,1,24,37.5417708,127.0795369,29.170,0.567000,1.295000,0.007000,0.009000,0.013000,0.124000,1000,1000,1000,1000,1000.000000,1000.000000,1000.000000,1000.000000,0.000000,0.000000,1000.000000,0,0,0,0,0,0.000000,0.000000,0,1,0,0,0,6366,0.000000,0,0.000000,0.000000,0.000000,0.000000,0.000000,0.000000,0,0.000000,0.000000,0.000000,0.000000,0.000000,0.000000,0.000000,0.000000,0.000000,0.000000,0.000000,0.000000,0.000000,0.250000,0.250000,1.000000,1.000000,1.000000,0.000000,0,0,0.000000,0.000000,0.000000,0.000000,0.000000,0,0,0,0,0,0.000000,0,0,0,0,0,0,0,0,0,0,0,0,0.000000,0.000000,0.000000,0.000000,0.000000,0.000000,0.000000,0.000000,0.000000,0.000000,0.000000,0.000000,0.000000,0.000000,0.000000,0.000000,0.000000,0.000000,0.000000,0.000000,0.000000
14957,0.811978,-0.060306,-0.003000,-0.580556,0.000000,0.000000,0.000000,-0.074000,0.092000,-0.985000,23.109348,100293.804688,86.209999,86.180000,0.030000,-0.020000,19,1,1,1,3,24,1,24,37.5417709,127.0795369,29.146,0.564000,1.288000,0.000000,-0.006000,0.019000,0.120000,1000,1000,1000,1000,1000.000000,1000.000000,1000.000000,1000.000000,0.000000,0.000000,1000.000000,0,0,0,0,0,0.000000,0.000000,0,1,0,0,0,6481,0.000000,0,0.000000,0.000000,0.000000,0.000000,0.000000,0.000000,0,0.000000,0.000000,0.000000,0.000000,0.000000,0.000000,0.000000,0.000000,0.000000,0.000000,0.000000,0.000000,0.000000,0.250000,0.250000,1.000000,1.000000,1.000000,0.000000,0,0,0.000000,0.000000,0.000000,0.000000,0.000000,0,0,0,0,0,0.000000,0,0,0,0,0,0,0,0,0,0,0,0,0.000000,0.000000,0.000000,0.000000,0.000000,0.000000,0.000000,0.000000,0.000000,0.000000,0.000000,0.000000,0.000000,0.000000,0.000000,0.000000,0.000000,0.000000,0.000000,0.000000,0.000000
15048,0.811978,-0.060306,-0.003000,-0.580556,0.000000,0.000000,0.000000,-0.075000,0.092000,-0.984000,23.112907,100294.203125,86.180000,86.180000,0.000000,-0.010000,25,1,1,1,3,24,1,24,37.5417710,127.0795369,29.138,0.560000,1.281000,0.005000,-0.011000,0.013000,0.119000,1000,1000,1000,1000,1000.000000,1000.000000,1000.000000,1000.000000,0.000000,0.000000,1000.000000,0,0,0,0,0,0.000000,0.000000,0,1,0,0,0,6571,0.000000,0,0.000000,0.000000,0.000000,0.000000,0.000000,0.000000,0,0.000000,0.000000,0.000000,0.000000,0.000000,0.000000,0.000000,0.000000,0.000000,0.000000,0.000000,0.000000,0.000000,0.250000,0.250000,1.000000,1.000000,1.000000,0.000000,0,0,0.000000,0.000000,0.000000,0.000000,0.000000,0,0,0,0,0,0.000000,0,0,0,0,0,0,0,0,0,0,0,0,0.000000,0.000000,0.000000,0.000000,0.000000,0.000000,0.000000,0.000000,0.000000,0.000000,0.000000,0.000000,0.000000,0.000000,0.000000,0.000000,0.000000,0.000000,0.000000,0.000000,0.000000
15152,0.811978,-0.060306,-0.003000,-0.580556,0.000000,0.000000,0.000000,-0.074000,0.093000,-0.981000,23.113239,100294.703125,86.129997,86.180000,-0.050000,-0.030000,2,1,1,1,3,24,1,24,37.5417710,127.0795369,29.124,0.557000,1.275000,0.007000,0.014000,0.017000,0.124000,1000,1000,1000,1000,1000.000000,1000.000000,1000.000000,1000.000000,0.000000,0.000000,1000.000000,0,0,0,0,0,0.000000,0.000000,0,1,0,0,0,6676,0.000000,0,0.000000,0.000000,0.000000,0.000000,0.000000,0.000000,0,0.000000,0.000000,0.000000,0.000000,0.000000,0.000000,0.000000,0.000000,0.000000,0.000000,0.000000,0.000000,0.000000,0.250000,0.250000,1.000000,1.000000,1.000000,0.000000,0,0,0.000000,0.000000,0.000000,0.000000,0.000000,0,0,0,0,0,0.000000,0,0,0,0,0,0,0,0,0,0,0,0,0.000000,0.000000,0.000000,0.000000,0.000000,0.000000,0.000000,0.000000,0.000000,0.000000,0.000000,0.000000,0.000000,0.000000,0.000000,0.000000,0.000000,0.000000,0.000000,0.000000,0.000000
15257,0.811978,-0.060306,-0.003000,-0.580556,0.000000,0.000000,0.000000,-0.074000,0.092000,-0.986000,23.116116,100294.703125,86.129997,86.180000,-0.050000,-0.030000,19,1,1,1,3,23,1,23,37.5417711,127.0795369,29.105,0.554000,1.268000,0.012000,0.007000,0.010000,0.117000,1000,1000,1000,1000,1000.000000,1000.000000,1000.000000,1000.000000,0.000000,0.000000,1000.000000,0,0,0,0,0,0.000000,0.000000,0,1,0,0,0,6781,0.000000,0,0.000000,0.000000,0.000000,0.000000,0.000000,0.000000,0,0.000000,0.000000,0.000000,0.000000,0.000000,0.000000,0.000000,0.000000,0.000000,0.000000,0.000000,0.000000,0.000000,0.250000,0.250000,1.000000,1.000000,1.000000,0.000000,0,0,0.000000,0.000000,0.000000,0.000000,0.000000,0,0,0,0,0,0.000000,0,0,0,0,0,0,0,0,0,0,0,0,0.000000,0.000000,0.000000,0.000000,0.000000,0.000000,0.000000,0.000000,0.000000,0.000000,0.000000,0.000000,0.000000,0.000000,0.000000,0.000000,0.000000,0.000000,0.000000,0.000000,0.000000
15343,0.811978,-0.060306,-0.003000,-0.580556,0.000000,0.000000,0.000000,-0.074000,0.094000,-0.982000,23.111101,100293.703125,86.209999,86.180000,0.030000,-0.020000,21,1,1,1,3,23,1,23,37.5417711,127.0795369,29.105,0.554000,1.268000,0.012000,0.007000,0.010000,0.117000,1000,1000,1000,1000,1000.000000,1000.000000,1000.000000,1000.000000,0.000000,0.000000,1000.000000,0,0,0,0,0,0.000000,0.000000,0,1,0,0,0,6866,0.000000,0,0.000000,0.000000,0.000000,0.000000,0.000000,0.000000,0,0.000000,0.000000,0.000000,0.000000,0.000000,0.000000,0.000000,0.000000,0.000000,0.000000,0.000000,0.000000,0.000000,0.250000,0.250000,1.000000,1.000000,1.000000,0.000000,0,0,0.000000,0.000000,0.000000,0.000000,0.000000,0,0,0,0,0,0.000000,0,0,0,0,0,0,0,0,0,0,0,0,0.000000,0.000000,0.000000,0.000000,0.000000,0.000000,0.000000,0.000000,0.000000,0.000000,0.000000,0.000000,0.000000,0.000000,0.000000,0.000000,0.000000,0.000000,0.000000,0.000000,0.000000
15453,0.811978,-0.060306,-0.003000,-0.580556,0.000000,0.000000,0.000000,-0.074000,0.092000,-0.984000,23.114326,100294.398438,86.159996,86.180000,-0.020000,-0.010000,0,1,1,1,3,23,1,23,37.5417712,127.0795368,29.087,0.551000,1.261000,0.004000,-0.020000,0.014000,0.119000,1000,1000,1000,1000,1000.000000,1000.000000,1000.000000,1000.000000,0.000000,0.000000,1000.000000,0,0,0,0,0,0.000000,0.000000,0,1,0,0,0,6977,0.000000,0,0.000000,0.000000,0.000000,0.000000,0.000000,0.000000,0,0.000000,0.000000,0.000000,0.000000,0.000000,0.000000,0.000000,0.000000,0.000000,0.000000,0.000000,0.000000,0.000000,0.250000,0.250000,1.000000,1.000000,1.000000,0.000000,0,0,0.000000,0.000000,0.000000,0.000000,0.000000,0,0,0,0,0,0.000000,0,0,0,0,0,0,0,0,0,0,0,0,0.000000,0.000000,0.000000,0.000000,0.000000,0.000000,0.000000,0.000000,0.000000,0.000000,0.000000,0.000000,0.000000,0.000000,0.000000,0.000000,0.000000,0.000000,0.000000,0.000000,0.000000
15557,0.811978,-0.060306,-0.003000,-0.580556,0.000000,0.000000,0.000000,-0.075000,0.093000,-0.985000,23.116711,100295.304688,86.080002,86.180000,-0.100000,-0.030000,19,1,1,1,3,23,1,23,37.5417712,127.0795369,29.073,0.548000,1.255000,0.001000,0.010000,0.015000,0.120000,1000,1000,1000,1000,1000.000000,1000.000000,1000.000000,1000.000000,0.000000,0.000000,1000.000000,0,0,0,0,0,0.000000,0.000000,0,1,0,0,0,7081,0.000000,0,0.000000,0.000000,0.000000,0.000000,0.000000,0.000000,0,0.000000,0.000000,0.000000,0.000000,0.000000,0.000000,0.000000,0.000000,0.000000,0.000000,0.000000,0.000000,0.000000,0.250000,0.250000,1.000000,1.000000,1.000000,0.000000,0,0,0.000000,0.000000,0.000000,0.000000,0.000000,0,0,0,0,0,0.000000,0,0,0,0,0,0,0,0,0,0,0,0,0.000000,0.000000,0.000000,0.000000,0.000000,0.000000,0.000000,0.000000,0.000000,0.000000,0.000000,0.000000,0.000000,0.000000,0.000000,0.000000,0.000000,0.000000,0.000000,0.000000,0.000000
15643,0.811978,-0.060306,-0.003000,-0.580556,0.000000,0.000000,0.000000,-0.073000,0.092000,-0.984000,23.118710,100295.000000,86.110001,86.180000,-0.070000,-0.030000,21,1,1,1,3,23,1,23,37.5417713,127.0795369,29.051,0.545000,1.248000,0.010000,-0.004000,0.018000,0.120000,1000,1000,1000,1000,1000.000000,1000.000000,1000.000000,1000.000000,0.000000,0.000000,1000.000000,0,0,0,0,0,0.000000,0.000000,0,1,0,0,0,7166,0.000000,0,0.000000,0.000000,0.000000,0.000000,0.000000,0.000000,0,0.000000,0.000000,0.000000,0.000000,0.000000,0.000000,0.000000,0.000000,0.000000,0.000000,0.000000,0.000000,0.000000,0.250000,0.250000,1.000000,1.000000,1.000000,0.000000,0,0,0.000000,0.000000,0.000000,0.000000,0.000000,0,0,0,0,0,0.000000,0,0,0,0,0,0,0,0,0,0,0,0,0.000000,0.000000,0.000000,0.000000,0.000000,0.000000,0.000000,0.000000,0.000000,0.000000,0.000000,0.000000,0.000000,0.000000,0.000000,0.000000,0.000000,0.000000,0.000000,0.000000,0.000000
15752,0.811978,-0.060306,-0.003000,-0.580556,0.000000,0.000000,0.000000,-0.073000,0.092000,-0.985000,23.113258,100293.601563,86.229996,86.180000,0.050000,-0.010000,4,1,1,1,3,23,1,23,37.5417713,127.0795368,29.032,0.543000,1.242000,-0.004000,0.002000,0.004000,0.072000,1000,1000,1000,1000,1000.000000,1000.000000,1000.000000,1000.000000,0.000000,0.000000,1000.000000,0,0,0,0,0,0.000000,0.000000,0,1,0,0,0,7276,0.000000,0,0.000000,0.000000,0.000000,0.000000,0.000000,0.000000,0,0.000000,0.000000,0.000000,0.000000,0.000000,0.000000,0.000000,0.000000,0.000000,0.000000,0.000000,0.000000,0.000000,0.250000,0.250000,1.000000,1.000000,1.000000,0.000000,0,0,0.000000,0.000000,0.000000,0.000000,0.000000,0,0,0,0,0,0.000000,0,0,0,0,0,0,0,0,0,0,0,0,0.000000,0.000000,0.000000,0.000000,0.000000,0.000000,0.000000,0.000000,0.000000,0.000000,0.000000,0.000000,0.000000,0.000000,0.000000,0.000000,0.000000,0.000000,0.000000,0.000000,0.000000
15856,0.811978,-0.060306,-0.003000,-0.580556,0.000000,0.000000,0.000000,-0.075000,0.093000,-0.983000,23.114012,100294.101563,86.180000,86.180000,0.000000,-0.010000,20,1,1,1,3,23,1,23,37.5417714,127.0795368,29.007,0.540000,1.236000,0.005000,-0.010000,0.008000,0.116000,1000,1000,1000,1000,1000.000000,1000.000000,1000.000000,1000.000000,0.000000,0.000000,1000.000000,0,0,0,0,0,0.000000,0.000000,0,1,0,0,0,7380,0.000000,0,0.000000,0.000000,0.000000,0.000000,0.000000,0.000000,0,0.000000,0.000000,0.000000,0.000000,0.000000,0.000000,0.000000,0.000000,0.000000,0.000000,0.000000,0.000000,0.000000,0.250000,0.250000,1.000000,1.000000,1.000000,0.000000,0,0,0.000000,0.000000,0.000000,0.000000,0.000000,0,0,0,0,0,0.000000,0,0,0,0,0,0,0,0,0,0,0,0,0.000000,0.000000,0.000000,0.000000,0.000000,0.000000,0.000000,0.000000,0.000000,0.000000,0.000000,0.000000,0.000000,0.000000,0.000000,0.000000,0.000000,0.000000,0.000000,0.000000,0.000000
15943,0.811978,-0.060306,-0.003000,-0.580556,0.000000,0.000000,0.000000,-0.073000,0.093000,-0.984000,23.108437,100292.804688,86.290001,86.180000,0.110000,0.000000,23,1,1,1,3,23,1,23,37.5417714,127.0795368,29.007,0.540000,1.236000,0.005000,-0.010000,0.008000,0.116000,1000,1000,1000,1000,1000.000000,1000.000000,1000.000000,1000.000000,0.000000,0.000000,1000.000000,0,0,0,0,0,0.000000,0.000000,0,1,0,0,0,7466,0.000000,0,0.000000,0.000000,0.000000,0.000000,0.000000,0.000000,0,0.000000,0.000000,0.000000,0.000000,0.000000,0.000000,0.000000,0.000000,0.000000,0.000000,0.000000,0.000000,0.000000,0.250000,0.250000,1.000000,1.000000,1.000000,0.000000,0,0,0.000000,0.000000,0.000000,0.000000,0.000000,0,0,0,0,0,0.000000,0,0,0,0,0,0,0,0,0,0,0,0,0.000000,0.000000,0.000000,0.000000,0.000000,0.000000,0.000000,0.000000,0.000000,0.000000,0.000000,0.000000,0.000000,0.000000,0.000000,0.000000,0.000000,0.000000,0.000000,0.000000,0.000000
16052,0.811978,-0.060306,-0.003000,-0.580556,0.000000,0.000000,0.000000,-0.075000,0.094000,-0.985000,23.111416,100293.304688,86.250000,86.180000,0.070000,0.000000,3,1,1,1,3,23,1,23,37.5417714,127.0795368,28.976,0.537000,1.229000,0.003000,0.009000,0.015000,0.123000,1000,1000,1000,1000,1000.000000,1000.000000,1000.000000,1000.000000,0.000000,0.000000,1000.000000,0,0,0,0,0,0.000000,0.000000,0,1,0,0,0,7576,0.000000,0,0.000000,0.000000,0.000000,0.000000,0.000000,0.000000,0,0.000000,0.000000,0.000000,0.000000,0.000000,0.000000,0.000000,0.000000,0.000000,0.000000,0.000000,0.000000,0.000000,0.250000,0.250000,1.000000,1.000000,1.000000,0.000000,0,0,0.000000,0.000000,0.000000,0.000000,0.000000,0,0,0,0,0,0.000000,0,0,0,0,0,0,0,0,0,0,0,0,0.000000,0.000000,0.000000,0.000000,0.000000,0.000000,0.000000,0.000000,0.000000,0.000000,0.000000,0.000000,0.000000,0.000000,0.000000,0.000000,0.000000,0.000000,0.000000,0.000000,0.000000
16144,0.811978,-0.060306,-0.003000,-0.580556,0.000000,0.000000,0.000000,-0.074000,0.093000,-0.984000,23.113678,100293.500000,86.229996,86.180000,0.050000,0.010000,6,1,1,1,3,23,1,23,37.5417715,127.0795367,28.963,0.534000,1.223000,0.007000,0.005000,0.003000,0.105000,1000,1000,1000,1000,1000.000000,1000.000000,1000.000000,1000.000000,0.000000,0.000000,1000.000000,0,0,0,0,0,0.000000,0.000000,0,1,0,0,0,7668,0.000000,0,0.000000,0.000000,0.000000,0.000000,0.000000,0.000000,0,0.000000,0.000000,0.000000,0.000000,0.000000,0.000000,0.000000,0.000000,0.000000,0.000000,0.000000,0.000000,0.000000,0.250000,0.250000,1.000000,1.000000,1.000000,0.000000,0,0,0.000000,0.000000,0.000000,0.000000,0.000000,0,0,0,0,0,0.000000,0,0,0,0,0,0,0,0,0,0,0,0,0.000000,0.000000,0.000000,0.000000,0.000000,0.000000,0.000000,0.000000,0.000000,0.000000,0.000000,0.000000,0.000000,0.000000,0.000000,0.000000,0.000000,0.000000,0.000000,0.000000,0.000000
16248,0.811978,-0.060306,-0.003000,-0.580556,0.000000,0.000000,0.000000,-0.075000,0.093000,-0.982000,23.113468,100293.703125,86.209999,86.180000,0.030000,0.010000,26,1,1,1,3,23,1,23,37.5417715,127.0795367,28.929,0.532000,1.217000,0.009000,0.004000,0.021000,0.123000,1000,1000,1000,1000,1000.000000,1000.000000,1000.000000,1000.000000,0.000000,0.000000,1000.000000,0,0,0,0,0,0.000000,0.000000,0,1,0,0,0,7772,0.000000,0,0.000000,0.000000,0.000000,0.000000,0.000000,0.000000,0,0.000000,0.000000,0.000000,0.000000,0.000000,0.000000,0.000000,0.000000,0.000000,0.000000,0.000000,0.000000,0.000000,0.250000,0.250000,1.000000,1.000000,1.000000,0.000000,0,0,0.000000,0.000000,0.000000,0.000000,0.000000,0,0,0,0,0,0.000000,0,0,0,0,0,0,0,0,0,0,0,0,0.000000,0.000000,0.000000,0.000000,0.000000,0.000000,0.000000,0.000000,0.000000,0.000000,0.000000,0.000000,0.000000,0.000000,0.000000,0.000000,0.000000,0.000000,0.000000,0.000000,0.000000
16352,0.811978,-0.060306,-0.003000,-0.580556,0.000000,0.000000,0.000000,-0.074000,0.093000,-0.985000,23.115082,100294.500000,86.150002,86.180000,-0.030000,0.000000,4,1,1,1,3,23,1,23,37.5417715,127.0795367,28.929,0.532000,1.217000,0.009000,0.004000,0.021000,0.123000,1000,1000,1000,1000,1000.000000,1000.000000,1000.000000,1000.000000,0.000000,0.000000,1000.000000,0,0,0,0,0,0.000000,0.000000,0,1,0,0,0,7876,0.000000,0,0.000000,0.000000,0.000000,0.000000,0.000000,0.000000,0,0.000000,0.000000,0.000000,0.000000,0.000000,0.000000,0.000000,0.000000,0.000000,0.000000,0.000000,0.000000,0.000000,0.250000,0.250000,1.000000,1.000000,1.000000,0.000000,0,0,0.000000,0.000000,0.000000,0.000000,0.000000,0,0,0,0,0,0.000000,0,0,0,0,0,0,0,0,0,0,0,0,0.000000,0.000000,0.000000,0.000000,0.000000,0.000000,0.000000,0.000000,0.000000,0.000000,0.000000,0.000000,0.000000,0.000000,0.000000,0.000000,0.000000,0.000000,0.000000,0.000000,0.000000
16456,0.811978,-0.060306,-0.003000,-0.580556,0.000000,0.000000,0.000000,-0.073000,0.093000,-0.982000,23.116642,100295.000000,86.110001,86.180000,-0.070000,0.000000,20,1,1,1,3,23,1,23,37.5417716,127.0795367,28.905,0.529000,1.211000,0.015000,0.000000,0.024000,0.120000,1000,1000,1000,1000,1000.000000,1000.000000,1000.000000,1000.000000,0.000000,0.000000,1000.000000,0,0,0,0,0,0.000000,0.000000,0,1,0,0,0,7980,0.000000,0,0.000000,0.000000,0.000000,0.000000,0.000000,0.000000,0,0.000000,0.000000,0.000000,0.000000,0.000000,0.000000,0.000000,0.000000,0.000000,0.000000,0.000000,0.000000,0.000000,0.250000,0.250000,1.000000,1.000000,1.000000,0.000000,0,0,0.000000,0.000000,0.000000,0.000000,0.000000,0,0,0,0,0,0.000000,0,0,0,0,0,0,0,0,0,0,0,0,0.000000,0.000000,0.000000,0.000000,0.000000,0.000000,0.000000,0.000000,0.000000,0.000000,0.000000,0.000000,0.000000,0.000000,0.000000,0.000000,0.000000,0.000000,0.000000,0.000000,0.000000
16543,0.811978,-0.060306,-0.003000,-0.580556,0.000000,0.000000,0.000000,-0.073000,0.094000,-0.983000,23.123480,100296.000000,86.019997,86.180000,-0.160000,-0.020000,22,1,1,1,3,23,1,23,37.5417716,127.0795367,28.890,0.526000,1.205000,0.009000,0.007000,0.015000,0.123000,1000,1000,1000,1000,1000.000000,1000.000000,1000.000000,1000.000000,0.000000,0.000000,1000.000000,0,0,0,0,0,0.000000,0.000000,0,1,0,0,0,8066,0.000000,0,0.000000,0.000000,0.000000,0.000000,0.000000,0.000000,0,0.000000,0.000000,0.000000,0.000000,0.000000,0.000000,0.000000,0.000000,0.000000,0.000000,0.000000,0.000000,0.000000,0.250000,0.250000,1.000000,1.000000,1.000000,0.000000,0,0,0.000000,0.000000,0.000000,0.000000,0.000000,0,0,0,0,0,0.000000,0,0,0,0,0,0,0,0,0,0,0,0,0.000000,0.000000,0.000000,0.000000,0.000000,0.000000,0.000000,0.000000,0.000000,0.000000,0.000000,0.000000,0.000000,0.000000,0.000000,0.000000,0.000000,0.000000,0.000000,0.000000,0.000000
16651,0.811978,-0.060306,-0.003000,-0.580556,0.000000,0.000000,0.000000,-0.073000,0.093000,-0.984000,23.118378,100293.000000,86.279999,86.180000,0.100000,-0.010000,1,1,1,1,3,23,1,23,37.5417717,127.0795367,28.852,0.524000,1.200000,0.007000,-0.008000,0.030000,0.121000,1000,1000,1000,1000,1000.000000,1000.000000,1000.000000,1000.000000,0.000000,0.000000,1000.000000,0,0,0,0,0,0.000000,0.000000,0,1,0,0,0,8174,0.000000,0,0.000000,0.000000,0.000000,0.000000,0.000000,0.000000,0,0.000000,0.000000,0.000000,0.000000,0.000000,0.000000,0.000000,0.000000,0.000000,0.000000,0.000000,0.000000,0.000000,0.250000,0.250000,1.000000,1.000000,1.000000,0.000000,0,0,0.000000,0.000000,0.000000,0.000000,0.000000,0,0,0,0,0,0.000000,0,0,0,0,0,0,0,0,0,0,0,0,0.000000,0.000000,0.000000,0.000000,0.000000,0.000000,0.000000,0.000000,0.000000,0.000000,0.000000,0.000000,0.000000,0.000000,0.000000,0.000000,0.000000,0.000000,0.000000,0.000000,0.000000
16757,0.811978,-0.060306,-0.003000,-0.580556,0.000000,0.000000,0.000000,-0.073000,0.094000,-0.983000,23.117693,100294.203125,86.180000,86.180000,0.000000,0.010000,19,1,1,1,3,23,1,23,37.5417717,127.0795367,28.830,0.521000,1.194000,-0.008000,0.012000,0.010000,0.096000,1000,1000,1000,1000,1000.000000,1000.000000,1000.000000,1000.000000,0.000000,0.000000,1000.000000,0,0,0,0,0,0.000000,0.000000,0,1,0,0,0,8281,0.000000,0,0.000000,0.000000,0.000000,0.000000,0.000000,0.000000,0,0.000000,0.000000,0.000000,0.000000,0.000000,0.000000,0.000000,0.000000,0.000000,0.000000,0.000000,0.000000,0.000000,0.250000,0.250000,1.000000,1.000000,1.000000,0.000000,0,0,0.000000,0.000000,0.000000,0.000000,0.000000,0,0,0,0,0,0.000000,0,0,0,0,0,0,0,0,0,0,0,0,0.000000,0.000000,0.000000,0.000000,0.000000,0.000000,0.000000,0.000000,0.000000,0.000000,0.000000,0.000000,0.000000,0.000000,0.000000,0.000000,0.000000,0.000000,0.000000,0.000000,0.000000
16843,0.811978,-0.060306,-0.003000,-0.580556,0.000000,0.000000,0.000000,-0.073000,0.093000,-0.981000,23.121025,100295.203125,86.089996,86.180000,-0.090000,0.000000,21,1,1,1,3,23,1,23,37.5417717,127.0795367,28.830,0.521000,1.194000,-0.008000,0.012000,0.010000,0.096000,1000,1000,1000,1000,1000.000000,1000.000000,1000.000000,1000.000000,0.000000,0.000000,1000.000000,0,0,0,0,0,0.000000,0.000000,0,1,0,0,0,8366,0.000000,0,0.000000,0.000000,0.000000,0.000000,0.000000,0.000000,0,0.000000,0.000000,0.000000,0.000000,0.000000,0.000000,0.000000,0.000000,0.000000,0.000000,0.000000,0.000000,0.000000,0.250000,0.250000,1.000000,1.000000,1.000000,0.000000,0,0,0.000000,0.000000,0.000000,0.000000,0.000000,0,0,0,0,0,0.000000,0,0,0,0,0,0,0,0,0,0,0,0,0.000000,0.000000,0.000000,0.000000,0.000000,0.000000,0.000000,0.000000,0.000000,0.000000,0.000000,0.000000,0.000000,0.000000,0.000000,0.000000,0.000000,0.000000,0.000000,0.000000,0.000000
16952,0.811978,-0.060306,-0.003000,-0.580556,0.000000,0.000000,0.000000,-0.075000,0.093000,-0.985000,23.117483,100294.203125,86.180000,86.180000,0.000000,0.010000,2,1,1,1,3,23,1,23,37.5417718,127.0795366,28.814,0.519000,1.188000,0.001000,-0.019000,0.003000,0.118000,1000,1000,1000,1000,1000.000000,1000.000000,1000.000000,1000.000000,0.000000,0.000000,1000.000000,0,0,0,0,0,0.000000,0.000000,0,1,0,0,0,8476,0.000000,0,0.000000,0.000000,0.000000,0.000000,0.000000,0.000000,0,0.000000,0.000000,0.000000,0.000000,0.000000,0.000000,0.000000,0.000000,0.000000,0.000000,0.000000,0.000000,0.000000,0.250000,0.250000,1.000000,1.000000,1.000000,0.000000,0,0,0.000000,0.000000,0.000000,0.000000,0.000000,0,0,0,0,0,0.000000,0,0,0,0,0,0,0,0,0,0,0,0,0.000000,0.000000,0.000000,0.000000,0.000000,0.000000,0.000000,0.000000,0.000000,0.000000,0.000000,0.000000,0.000000,0.000000,0.000000,0.000000,0.000000,0.000000,0.000000,0.000000,0.000000
17048,0.811978,-0.060306,-0.003000,-0.580556,0.000000,0.000000,0.000000,-0.075000,0.094000,-0.984000,23.115396,100294.304688,86.159996,86.180000,-0.020000,0.010000,10,1,1,1,3,23,1,23,37.5417718,127.0795366,28.783,0.516000,1.183000,-0.005000,-0.007000,0.007000,0.100000,1000,1000,1000,1000,1000.000000,1000.000000,1000.000000,1000.000000,0.000000,0.000000,1000.000000,0,0,0,0,0,0.000000,0.000000,0,1,0,0,0,8572,0.000000,0,0.000000,0.000000,0.000000,0.000000,0.000000,0.000000,0,0.000000,0.000000,0.000000,0.000000,0.000000,0.000000,0.000000,0.000000,0.000000,0.000000,0.000000,0.000000,0.000000,0.250000,0.250000,1.000000,1.000000,1.000000,0.000000,0,0,0.000000,0.000000,0.000000,0.000000,0.000000,0,0,0,0,0,0.000000,0,0,0,0,0,0,0,0,0,0,0,0,0.000000,0.000000,0.000000,0.000000,0.000000,0.000000,0.000000,0.000000,0.000000,0.000000,0.000000,0.000000,0.000000,0.000000,0.000000,0.000000,0.000000,0.000000,0.000000,0.000000,0.000000
17152,0.811978,-0.060306,-0.003000,-0.580556,0.000000,0.000000,0.000000,-0.074000,0.093000,-0.983000,23.118710,100294.101563,86.180000,86.180000,0.000000,0.010000,30,1,1,1,3,23,1,23,37.5417719,127.0795367,28.764,0.514000,1.177000,0.002000,0.011000,0.001000,0.121000,1000,1000,1000,1000,1000.000000,1000.000000,1000.000000,1000.000000,0.000000,0.000000,1000.000000,0,0,0,0,0,0.000000,0.000000,0,1,0,0,0,8676,0.000000,0,0.000000,0.000000,0.000000,0.000000,0.000000,0.000000,0,0.000000,0.000000,0.000000,0.000000,0.000000,0.000000,0.000000,0.000000,0.000000,0.000000,0.000000,0.000000,0.000000,0.250000,0.250000,1.000000,1.000000,1.000000,0.000000,0,0,0.000000,0.000000,0.000000,0.000000,0.000000,0,0,0,0,0,0.000000,0,0,0,0,0,0,0,0,0,0,0,0,0.000000,0.000000,0.000000,0.000000,0.000000,0.000000,0.000000,0.000000,0.000000,0.000000,0.000000,0.000000,0.000000,0.000000,0.000000,0.000000,0.000000,0.000000,0.000000,0.000000,0.000000
17243,0.811978,-0.060306,-0.003000,-0.580556,0.000000,0.000000,0.000000,-0.074000,0.094000,-0.983000,23.121357,100294.898438,86.119995,86.180000,-0.060000,0.000000,37,1,1,1,3,23,1,23,37.5417719,127.0795367,28.737,0.511000,1.172000,0.005000,-0.016000,0.004000,0.113000,1000,1000,1000,1000,1000.000000,1000.000000,1000.000000,1000.000000,0.000000,0.000000,1000.000000,0,0,0,0,0,0.000000,0.000000,0,1,0,0,0,8766,0.000000,0,0.000000,0.000000,0.000000,0.000000,0.000000,0.000000,0,0.000000,0.000000,0.000000,0.000000,0.000000,0.000000,0.000000,0.000000,0.000000,0.000000,0.000000,0.000000,0.000000,0.250000,0.250000,1.000000,1.000000,1.000000,0.000000,0,0,0.000000,0.000000,0.000000,0.000000,0.000000,0,0,0,0,0,0.000000,0,0,0,0,0,0,0,0,0,0,0,0,0.000000,0.000000,0.000000,0.000000,0.000000,0.000000,0.000000,0.000000,0.000000,0.000000,0.000000,0.000000,0.000000,0.000000,0.000000,0.000000,0.000000,0.000000,0.000000,0.000000,0.000000
17357,0.811978,-0.060306,-0.003000,-0.580556,0.000000,0.000000,0.000000,-0.074000,0.094000,-0.985000,23.117378,100293.101563,86.269997,86.180000,0.090000,0.010000,19,1,1,1,3,23,1,23,37.5417719,127.0795367,28.737,0.511000,1.172000,0.005000,-0.016000,0.004000,0.113000,1000,1000,1000,1000,1000.000000,1000.000000,1000.000000,1000.000000,0.000000,0.000000,1000.000000,0,0,0,0,0,0.000000,0.000000,0,1,0,0,0,8881,0.000000,0,0.000000,0.000000,0.000000,0.000000,0.000000,0.000000,0,0.000000,0.000000,0.000000,0.000000,0.000000,0.000000,0.000000,0.000000,0.000000,0.000000,0.000000,0.000000,0.000000,0.250000,0.250000,1.000000,1.000000,1.000000,0.000000,0,0,0.000000,0.000000,0.000000,0.000000,0.000000,0,0,0,0,0,0.000000,0,0,0,0,0,0,0,0,0,0,0,0,0.000000,0.000000,0.000000,0.000000,0.000000,0.000000,0.000000,0.000000,0.000000,0.000000,0.000000,0.000000,0.000000,0.000000,0.000000,0.000000,0.000000,0.000000,0.000000,0.000000,0.000000
17443,0.811978,-0.060306,-0.003000,-0.580556,0.000000,0.000000,0.000000,-0.075000,0.093000,-0.986000,23.121288,100294.304688,86.159996,86.180000,-0.020000,0.020000,21,1,1,1,3,23,1,23,37.5417719,127.0795367,28.719,0.509000,1.167000,-0.012000,0.003000,0.004000,0.072000,1000,1000,1000,1000,1000.000000,1000.000000,1000.000000,1000.000000,0.000000,0.000000,1000.000000,0,0,0,0,0,0.000000,0.000000,0,1,0,0,0,8966,0.000000,0,0.000000,0.000000,0.000000,0.000000,0.000000,0.000000,0,0.000000,0.000000,0.000000,0.000000,0.000000,0.000000,0.000000,0.000000,0.000000,0.000000,0.000000,0.000000,0.000000,0.250000,0.250000,1.000000,1.000000,1.000000,0.000000,0,0,0.000000,0.000000,0.000000,0.000000,0.000000,0,0,0,0,0,0.000000,0,0,0,0,0,0,0,0,0,0,0,0,0.000000,0.000000,0.000000,0.000000,0.000000,0.000000,0.000000,0.000000,0.000000,0.000000,0.000000,0.000000,0.000000,0.000000,0.000000,0.000000,0.000000,0.000000,0.000000,0.000000,0.000000
17554,0.811978,-0.060306,-0.003000,-0.580556,0.000000,0.000000,0.000000,-0.075000,0.094000,-0.984000,23.118341,100294.203125,86.180000,86.180000,0.000000,0.010000,6,1,1,1,3,23,1,23,37.5417720,127.0795367,28.699,0.507000,1.162000,-0.005000,-0.003000,-0.006000,0.109000,1000,1000,1000,1000,1000.000000,1000.000000,1000.000000,1000.000000,0.000000,0.000000,1000.000000,0,0,0,0,0,0.000000,0.000000,0,1,0,0,0,9078,0.000000,0,0.000000,0.000000,0.000000,0.000000,0.000000,0.000000,0,0.000000,0.000000,0.000000,0.000000,0.000000,0.000000,0.000000,0.000000,0.000000,0.000000,0.000000,0.000000,0.000000,0.250000,0.250000,1.000000,1.000000,1.000000,0.000000,0,0,0.000000,0.000000,0.000000,0.000000,0.000000,0,0,0,0,0,0.000000,0,0,0,0,0,0,0,0,0,0,0,0,0.000000,0.000000,0.000000,0.000000,0.000000,0.000000,0.000000,0.000000,0.000000,0.000000,0.000000,0.000000,0.000000,0.000000,0.000000,0.000000,0.000000,0.000000,0.000000,0.000000,0.000000
17658,0.811978,-0.060306,-0.003000,-0.580556,0.000000,0.000000,0.000000,-0.074000,0.094000,-0.982000,23.121901,100296.203125,86.009995,86.180000,-0.170000,-0.030000,22,1,1,1,3,23,1,23,37.5417720,127.0795368,28.680,0.505000,1.157000,-0.007000,-0.002000,-0.005000,0.107000,1000,1000,1000,1000,1000.000000,1000.000000,1000.000000,1000.000000,0.000000,0.000000,1000.000000,0,0,0,0,0,0.000000,0.000000,0,1,0,0,0,9182,0.000000,0,0.000000,0.000000,0.000000,0.000000,0.000000,0.000000,0,0.000000,0.000000,0.000000,0.000000,0.000000,0.000000,0.000000,0.000000,0.000000,0.000000,0.000000,0.000000,0.000000,0.250000,0.250000,1.000000,1.000000,1.000000,0.000000,0,0,0.000000,0.000000,0.000000,0.000000,0.000000,0,0,0,0,0,0.000000,0,0,0,0,0,0,0,0,0,0,0,0,0.000000,0.000000,0.000000,0.000000,0.000000,0.000000,0.000000,0.000000,0.000000,0.000000,0.000000,0.000000,0.000000,0.000000,0.000000,0.000000,0.000000,0.000000,0.000000,0.000000,0.000000
17743,0.811978,-0.060306,-0.003000,-0.580556,0.000000,0.000000,0.000000,-0.074000,0.094000,-0.984000,23.118219,100293.101563,86.269997,86.180000,0.090000,-0.010000,23,1,1,1,3,23,1,23,37.5417720,127.0795368,28.673,0.502000,1.152000,0.007000,0.013000,-0.004000,0.116000,1000,1000,1000,1000,1000.000000,1000.000000,1000.000000,1000.000000,0.000000,0.000000,1000.000000,0,0,0,0,0,0.000000,0.000000,0,1,0,0,0,9266,0.000000,0,0.000000,0.000000,0.000000,0.000000,0.000000,0.000000,0,0.000000,0.000000,0.000000,0.000000,0.000000,0.000000,0.000000,0.000000,0.000000,0.000000,0.000000,0.000000,0.000000,0.250000,0.250000,1.000000,1.000000,1.000000,0.000000,0,0,0.000000,0.000000,0.000000,0.000000,0.000000,0,0,0,0,0,0.000000,0,0,0,0,0,0,0,0,0,0,0,0,0.000000,0.000000,0.000000,0.000000,0.000000,0.000000,0.000000,0.000000,0.000000,0.000000,0.000000,0.000000,0.000000,0.000000,0.000000,0.000000,0.000000,0.000000,0.000000,0.000000,0.000000
17849,0.811978,-0.060306,-0.003000,-0.580556,0.000000,0.000000,0.000000,-0.073000,0.093000,-0.982000,23.125250,100295.000000,86.110001,86.180000,-0.070000,-0.020000,0,1,1,1,3,23,1,23,37.5417720,127.0795368,28.673,0.502000,1.152000,0.007000,0.013000,-0.004000,0.116000,1000,1000,1000,1000,1000.000000,1000.000000,1000.000000,1000.000000,0.000000,0.000000,1000.000000,0,0,0,0,0,0.000000,0.000000,0,1,0,0,0,9373,0.000000,0,0.000000,0.000000,0.000000,0.000000,0.000000,0.000000,0,0.000000,0.000000,0.000000,0.000000,0.000000,0.000000,0.000000,0.000000,0.000000,0.000000,0.000000,0.000000,0.000000,0.250000,0.250000,1.000000,1.000000,1.000000,0.000000,0,0,0.000000,0.000000,0.000000,0.000000,0.000000,0,0,0,0,0,0.000000,0,0,0,0,0,0,0,0,0,0,0,0,0.000000,0.000000,0.000000,0.000000,0.000000,0.000000,0.000000,0.000000,0.000000,0.000000,0.000000,0.000000,0.000000,0.000000,0.000000,0.000000,0.000000,0.000000,0.000000,0.000000,0.000000
17957,0.811978,-0.060306,-0.003000,-0.580556,0.000000,0.000000,0.000000,-0.074000,0.093000,-0.982000,23.128704,100295.898438,86.029999,86.180000,-0.150000,-0.040000,19,1,1,1,3,23,1,23,37.5417720,127.0795368,28.641,0.500000,1.147000,-0.001000,-0.013000,0.005000,0.119000,1000,1000,1000,1000,1000.000000,1000.000000,1000.000000,1000.000000,0.000000,0.000000,1000.000000,0,0,0,0,0,0.000000,0.000000,0,1,0,0,0,9481,0.000000,0,0.000000,0.000000,0.000000,0.000000,0.000000,0.000000,0,0.000000,0.000000,0.000000,0.000000,0.000000,0.000000,0.000000,0.000000,0.000000,0.000000,0.000000,0.000000,0.000000,0.250000,0.250000,1.000000,1.000000,1.000000,0.000000,0,0,0.000000,0.000000,0.000000,0.000000,0.000000,0,0,0,0,0,0.000000,0,0,0,0,0,0,0,0,0,0,0,0,0.000000,0.000000,0.000000,0.000000,0.000000,0.000000,0.000000,0.000000,0.000000,0.000000,0.000000,0.000000,0.000000,0.000000,0.000000,0.000000,0.000000,0.000000,0.000000,0.000000,0.000000
18043,0.811978,-0.060306,-0.003000,-0.580556,0.000000,0.000000,0.000000,-0.074000,0.093000,-0.987000,23.122549,100293.101563,86.269997,86.180000,0.090000,-0.020000,21,1,1,1,3,23,1,23,37.5417721,127.0795369,28.624,0.498000,1.143000,0.000000,0.010000,-0.002000,0.118000,1000,1000,1000,1000,1000.000000,1000.000000,1000.000000,1000.000000,0.000000,0.000000,1000.000000,0,0,0,0,0,0.000000,0.000000,0,1,0,0,0,9566,0.000000,0,0.000000,0.000000,0.000000,0.000000,0.000000,0.000000,0,0.000000,0.000000,0.000000,0.000000,0.000000,0.000000,0.000000,0.000000,0.000000,0.000000,0.000000,0.000000,0.000000,0.250000,0.250000,1.000000,1.000000,1.000000,0.000000,0,0,0.000000,0.000000,0.000000,0.000000,0.000000,0,0,0,0,0,0.000000,0,0,0,0,0,0,0,0,0,0,0,0,0.000000,0.000000,0.000000,0.000000,0.000000,0.000000,0.000000,0.000000,0.000000,0.000000,0.000000,0.000000,0.000000,0.000000,0.000000,0.000000,0.000000,0.000000,0.000000,0.000000,0.000000
18148,0.811978,-0.060306,-0.003000,-0.580556,0.000000,0.000000,0.000000,-0.074000,0.092000,-0.985000,23.118166,100294.304688,86.159996,86.180000,-0.020000,-0.020000,0,1,1,1,3,23,1,23,37.5417721,127.0795370,28.617,0.496000,1.138000,-0.002000,-0.004000,-0.002000,0.101000,1000,1000,1000,1000,1000.000000,1000.000000,1000.000000,1000.000000,0.000000,0.000000,1000.000000,0,0,0,0,0,0.000000,0.000000,0,1,0,0,0,9672,0.000000,0,0.000000,0.000000,0.000000,0.000000,0.000000,0.000000,0,0.000000,0.000000,0.000000,0.000000,0.000000,0.000000,0.000000,0.000000,0.000000,0.000000,0.000000,0.000000,0.000000,0.250000,0.250000,1.000000,1.000000,1.000000,0.000000,0,0,0.000000,0.000000,0.000000,0.000000,0.000000,0,0,0,0,0,0.000000,0,0,0,0,0,0,0,0,0,0,0,0,0.000000,0.000000,0.000000,0.000000,0.000000,0.000000,0.000000,0.000000,0.000000,0.000000,0.000000,0.000000,0.000000,0.000000,0.000000,0.000000,0.000000,0.000000,0.000000,0.000000,0.000000
18255,0.811978,-0.060306,-0.003000,-0.580556,0.000000,0.000000,0.000000,-0.075000,0.093000,-0.983000,23.120481,100294.203125,86.180000,86.180000,0.000000,-0.010000,19,1,1,1,3,23,1,23,37.5417721,127.0795370,28.605,0.495000,1.134000,0.009000,0.004000,-0.005000,0.090000,1000,1000,1000,1000,1000.000000,1000.000000,1000.000000,1000.000000,0.000000,0.000000,1000.000000,0,0,0,0,0,0.000000,0.000000,0,1,0,0,0,9779,0.000000,0,0.000000,0.000000,0.000000,0.000000,0.000000,0.000000,0,0.000000,0.000000,0.000000,0.000000,0.000000,0.000000,0.000000,0.000000,0.000000,0.000000,0.000000,0.000000,0.000000,0.250000,0.250000,1.000000,1.000000,1.000000,0.000000,0,0,0.000000,0.000000,0.000000,0.000000,0.000000,0,0,0,0,0,0.000000,0,0,0,0,0,0,0,0,0,0,0,0,0.000000,0.000000,0.000000,0.000000,0.000000,0.000000,0.000000,0.000000,0.000000,0.000000,0.000000,0.000000,0.000000,0.000000,0.000000,0.000000,0.000000,0.000000,0.000000,0.000000,0.000000
18343,0.811978,-0.060306,-0.003000,-0.580556,0.000000,0.000000,0.000000,-0.076000,0.093000,-0.984000,23.123163,100293.601563,86.229996,86.180000,0.050000,-0.010000,23,1,1,1,3,23,1,23,37.5417721,127.0795370,28.605,0.495000,1.134000,0.009000,0.004000,-0.005000,0.090000,1000,1000,1000,1000,1000.000000,1000.000000,1000.000000,1000.000000,0.000000,0.000000,1000.000000,0,0,0,0,0,0.000000,0.000000,0,1,0,0,0,9866,0.000000,0,0.000000,0.000000,0.000000,0.000000,0.000000,0.000000,0,0.000000,0.000000,0.000000,0.000000,0.000000,0.000000,0.000000,0.000000,0.000000,0.000000,0.000000,0.000000,0.000000,0.250000,0.250000,1.000000,1.000000,1.000000,0.000000,0,0,0.000000,0.000000,0.000000,0.000000,0.000000,0,0,0,0,0,0.000000,0,0,0,0,0,0,0,0,0,0,0,0,0.000000,0.000000,0.000000,0.000000,0.000000,0.000000,0.000000,0.000000,0.000000,0.000000,0.000000,0.000000,0.000000,0.000000,0.000000,0.000000,0.000000,0.000000,0.000000,0.000000,0.000000
18453,0.811978,-0.060306,-0.003000,-0.580556,0.000000,0.000000,0.000000,-0.074000,0.092000,-0.982000,23.123917,100293.601563,86.229996,86.180000,0.050000,0.000000,0,1,1,1,3,23,1,23,37.5417721,127.0795370,28.596,0.493000,1.130000,-0.011000,-0.018000,-0.005000,0.121000,1000,1000,1000,1000,1000.000000,1000.000000,1000.000000,1000.000000,0.000000,0.000000,1000.000000,0,0,0,0,0,0.000000,0.000000,0,1,0,0,0,9977,0.000000,0,0.000000,0.000000,0.000000,0.000000,0.000000,0.000000,0,0.000000,0.000000,0.000000,0.000000,0.000000,0.000000,0.000000,0.000000,0.000000,0.000000,0.000000,0.000000,0.000000,0.250000,0.250000,1.000000,1.000000,1.000000,0.000000,0,0,0.000000,0.000000,0.000000,0.000000,0.000000,0,0,0,0,0,0.000000,0,0,0,0,0,0,0,0,0,0,0,0,0.000000,0.000000,0.000000,0.000000,0.000000,0.000000,0.000000,0.000000,0.000000,0.000000,0.000000,0.000000,0.000000,0.000000,0.000000,0.000000,0.000000,0.000000,0.000000,0.000000,0.000000
18557,0.811978,-0.060306,-0.003000,-0.580556,0.000000,0.000000,0.000000,-0.073000,0.093000,-0.985000,23.125425,100295.898438,86.029999,86.180000,-0.150000,-0.030000,19,1,1,1,3,23,1,23,37.5417721,127.0795370,28.579,0.491000,1.126000,-0.001000,0.003000,-0.014000,0.118000,1000,1000,1000,1000,1000.000000,1000.000000,1000.000000,1000.000000,0.000000,0.000000,1000.000000,0,0,0,0,0,0.000000,0.000000,0,1,0,0,0,81,0.000000,0,0.000000,0.000000,0.000000,0.000000,0.000000,0.000000,0,0.000000,0.000000,0.000000,0.000000,0.000000,0.000000,0.000000,0.000000,0.000000,0.000000,0.000000,0.000000,0.000000,0.250000,0.250000,1.000000,1.000000,1.000000,0.000000,0,0,0.000000,0.000000,0.000000,0.000000,0.000000,0,0,0,0,0,0.000000,0,0,0,0,0,0,0,0,0,0,0,0,0.000000,0.000000,0.000000,0.000000,0.000000,0.000000,0.000000,0.000000,0.000000,0.000000,0.000000,0.000000,0.000000,0.000000,0.000000,0.000000,0.000000,0.000000,0.000000,0.000000,0.000000
18643,0.811978,-0.060306,-0.003000,-0.580556,0.000000,0.000000,0.000000,-0.073000,0.094000,-0.982000,23.125425,100294.000000,86.189995,86.180000,0.010000,-0.020000,21,1,1,1,3,23,1,23,37.5417721,127.0795370,28.571,0.489000,1.121000,-0.007000,0.006000,-0.006000,0.102000,1000,1000,1000,1000,1000.000000,1000.000000,1000.000000,1000.000000,0.000000,0.000000,1000.000000,0,0,0,0,0,0.000000,0.000000,0,1,0,0,0,166,0.000000,0,0.000000,0.000000,0.000000,0.000000,0.000000,0.000000,0,0.000000,0.000000,0.000000,0.000000,0.000000,0.000000,0.000000,0.000000,0.000000,0.000000,0.000000,0.000000,0.000000,0.250000,0.250000,1.000000,1.000000,1.000000,0.000000,0,0,0.000000,0.000000,0.000000,0.000000,0.000000,0,0,0,0,0,0.000000,0,0,0,0,0,0,0,0,0,0,0,0,0.000000,0.000000,0.000000,0.000000,0.000000,0.000000,0.000000,0.000000,0.000000,0.000000,0.000000,0.000000,0.000000,0.000000,0.000000,0.000000,0.000000,0.000000,0.000000,0.000000,0.000000
18752,0.811978,-0.060306,-0.003000,-0.580556,0.000000,0.000000,0.000000,-0.075000,0.093000,-0.984000,23.125723,100295.500000,86.070000,86.180000,-0.110000,-0.040000,4,1,1,1,3,23,1,23,37.5417721,127.0795370,28.553,0.487000,1.117000,0.019000,0.011000,0.003000,0.105000,1000,1000,1000,1000,1000.000000,1000.000000,1000.000000,1000.000000,0.000000,0.000000,1000.000000,0,0,0,0,0,0.000000,0.000000,0,1,0,0,0,276,0.000000,0,0.000000,0.000000,0.000000,0.000000,0.000000,0.000000,0,0.000000,0.000000,0.000000,0.000000,0.000000,0.000000,0.000000,0.000000,0.000000,0.000000,0.000000,0.000000,0.000000,0.250000,0.250000,1.000000,1.000000,1.000000,0.000000,0,0,0.000000,0.000000,0.000000,0.000000,0.000000,0,0,0,0,0,0.000000,0,0,0,0,0,0,0,0,0,0,0,0,0.000000,0.000000,0.000000,0.000000,0.000000,0.000000,0.000000,0.000000,0.000000,0.000000,0.000000,0.000000,0.000000,0.000000,0.000000,0.000000,0.000000,0.000000,0.000000,0.000000,0.000000
18856,0.811978,-0.060306,-0.003000,-0.580556,0.000000,0.000000,0.000000,-0.074000,0.094000,-0.984000,23.123199,100293.500000,86.229996,86.180000,0.050000,-0.020000,20,1,1,1,3,23,1,23,37.5417721,127.0795371,28.545,0.485000,1.113000,-0.013000,-0.011000,-0.006000,0.115000,1000,1000,1000,1000,1000.000000,1000.000000,1000.000000,1000.000000,0.000000,0.000000,1000.000000,0,0,0,0,0,0.000000,0.000000,0,1,0,0,0,380,0.000000,0,0.000000,0.000000,0.000000,0.000000,0.000000,0.000000,0,0.000000,0.000000,0.000000,0.000000,0.000000,0.000000,0.000000,0.000000,0.000000,0.000000,0.000000,0.000000,0.000000,0.250000,0.250000,1.000000,1.000000,1.000000,0.000000,0,0,0.000000,0.000000,0.000000,0.000000,0.000000,0,0,0,0,0,0.000000,0,0,0,0,0,0,0,0,0,0,0,0,0.000000,0.000000,0.000000,0.000000,0.000000,0.000000,0.000000,0.000000,0.000000,0.000000,0.000000,0.000000,0.000000,0.000000,0.000000,0.000000,0.000000,0.000000,0.000000,0.000000,0.000000
18943,0.811978,-0.060306,-0.003000,-0.580556,0.000000,0.000000,0.000000,-0.075000,0.092000,-0.983000,23.123041,100293.304688,86.250000,86.180000,0.070000,-0.010000,23,1,1,1,3,23,1,23,37.5417721,127.0795371,28.545,0.485000,1.113000,-0.013000,-0.011000,-0.006000,0.115000,1000,1000,1000,1000,1000.000000,1000.000000,1000.000000,1000.000000,0.000000,0.000000,1000.000000,0,0,0,0,0,0.000000,0.000000,0,1,0,0,0,466,0.000000,0,0.000000,0.000000,0.000000,0.000000,0.000000,0.000000,0,0.000000,0.000000,0.000000,0.000000,0.000000,0.000000,0.000000,0.000000,0.000000,0.000000,0.000000,0.000000,0.000000,0.250000,0.250000,1.000000,1.000000,1.000000,0.000000,0,0,0.000000,0.000000,0.000000,0.000000,0.000000,0,0,0,0,0,0.000000,0,0,0,0,0,0,0,0,0,0,0,0,0.000000,0.000000,0.000000,0.000000,0.000000,0.000000,0.000000,0.000000,0.000000,0.000000,0.000000,0.000000,0.000000,0.000000,0.000000,0.000000,0.000000,0.000000,0.000000,0.000000,0.000000
19052,0.811978,-0.060306,-0.003000,-0.580556,0.000000,0.000000,0.000000,-0.073000,0.094000,-0.985000,23.121357,100292.398438,86.330002,86.180000,0.150000,0.000000,3,1,1,1,3,23,1,23,37.5417721,127.0795371,28.526,0.484000,1.109000,0.006000,0.003000,0.007000,0.111000,1000,1000,1000,1000,1000.000000,1000.000000,1000.000000,1000.000000,0.000000,0.000000,1000.000000,0,0,0,0,0,0.000000,0.000000,0,1,0,0,0,576,0.000000,0,0.000000,0.000000,0.000000,0.000000,0.000000,0.000000,0,0.000000,0.000000,0.000000,0.000000,0.000000,0.000000,0.000000,0.000000,0.000000,0.000000,0.000000,0.000000,0.000000,0.250000,0.250000,1.000000,1.000000,1.000000,0.000000,0,0,0.000000,0.000000,0.000000,0.000000,0.000000,0,0,0,0,0,0.000000,0,0,0,0,0,0,0,0,0,0,0,0,0.000000,0.000000,0.000000,0.000000,0.000000,0.000000,0.000000,0.000000,0.000000,0.000000,0.000000,0.000000,0.000000,0.000000,0.000000,0.000000,0.000000,0.000000,0.000000,0.000000,0.000000
19157,0.811978,-0.060306,-0.003000,-0.580556,0.000000,0.000000,0.000000,-0.075000,0.091000,-0.985000,23.123497,100293.304688,86.250000,86.180000,0.070000,0.030000,19,1,1,1,3,23,1,23,37.5417721,127.0795371,28.515,0.482000,1.106000,0.006000,-0.011000,0.008000,0.115000,1000,1000,1000,1000,1000.000000,1000.000000,1000.000000,1000.000000,0.000000,0.000000,1000.000000,0,0,0,0,0,0.000000,0.000000,0,1,0,0,0,681,0.000000,0,0.000000,0.000000,0.000000,0.000000,0.000000,0.000000,0,0.000000,0.000000,0.000000,0.000000,0.000000,0.000000,0.000000,0.000000,0.000000,0.000000,0.000000,0.000000,0.000000,0.250000,0.250000,1.000000,1.000000,1.000000,0.000000,0,0,0.000000,0.000000,0.000000,0.000000,0.000000,0,0,0,0,0,0.000000,0,0,0,0,0,0,0,0,0,0,0,0,0.000000,0.000000,0.000000,0.000000,0.000000,0.000000,0.000000,0.000000,0.000000,0.000000,0.000000,0.000000,0.000000,0.000000,0.000000,0.000000,0.000000,0.000000,0.000000,0.000000,0.000000
19243,0.811978,-0.060306,-0.003000,-0.580556,0.000000,0.000000,0.000000,-0.075000,0.093000,-0.984000,23.123339,100294.203125,86.180000,86.180000,0.000000,0.020000,21,1,1,1,3,23,1,23,37.5417721,127.0795371,28.500,0.480000,1.102000,-0.004000,0.008000,0.014000,0.094000,1000,1000,1000,1000,1000.000000,1000.000000,1000.000000,1000.000000,0.000000,0.000000,1000.000000,0,0,0,0,0,0.000000,0.000000,0,1,0,0,0,766,0.000000,0,0.000000,0.000000,0.000000,0.000000,0.000000,0.000000,0,0.000000,0.000000,0.000000,0.000000,0.000000,0.000000,0.000000,0.000000,0.000000,0.000000,0.000000,0.000000,0.000000,0.250000,0.250000,1.000000,1.000000,1.000000,0.000000,0,0,0.000000,0.000000,0.000000,0.000000,0.000000,0,0,0,0,0,0.000000,0,0,0,0,0,0,0,0,0,0,0,0,0.000000,0.000000,0.000000,0.000000,0.000000,0.000000,0.000000,0.000000,0.000000,0.000000,0.000000,0.000000,0.000000,0.000000,0.000000,0.000000,0.000000,0.000000,0.000000,0.000000,0.000000
19352,0.811978,-0.060306,-0.003000,-0.580556,0.000000,0.000000,0.000000,-0.075000,0.092000,-0.985000,23.125179,100293.703125,86.209999,86.180000,0.030000,0.020000,4,1,1,1,3,23,1,23,37.5417721,127.0795371,28.500,0.480000,1.102000,-0.004000,0.008000,0.014000,0.094000,1000,1000,1000,1000,1000.000000,1000.000000,1000.000000,1000.000000,0.000000,0.000000,1000.000000,0,0,0,0,0,0.000000,0.000000,0,1,0,0,0,876,0.000000,0,0.000000,0.000000,0.000000,0.000000,0.000000,0.000000,0,0.000000,0.000000,0.000000,0.000000,0.000000,0.000000,0.000000,0.000000,0.000000,0.000000,0.000000,0.000000,0.000000,0.250000,0.250000,1.000000,1.000000,1.000000,0.000000,0,0,0.000000,0.000000,0.000000,0.000000,0.000000,0,0,0,0,0,0.000000,0,0,0,0,0,0,0,0,0,0,0,0,0.000000,0.000000,0.000000,0.000000,0.000000,0.000000,0.000000,0.000000,0.000000,0.000000,0.000000,0.000000,0.000000,0.000000,0.000000,0.000000,0.000000,0.000000,0.000000,0.000000,0.000000
19447,0.811978,-0.060306,-0.003000,-0.580556,0.000000,0.000000,0.000000,-0.073000,0.093000,-0.983000,23.125689,100294.203125,86.180000,86.180000,0.000000,0.020000,11,1,1,1,3,23,1,23,37.5417721,127.0795372,28.487,0.479000,1.098000,0.009000,-0.001000,0.012000,0.118000,1000,1000,1000,1000,1000.000000,1000.000000,1000.000000,1000.000000,0.000000,0.000000,1000.000000,0,0,0,0,0,0.000000,0.000000,0,1,0,0,0,970,0.000000,0,0.000000,0.000000,0.000000,0.000000,0.000000,0.000000,0,0.000000,0.000000,0.000000,0.000000,0.000000,0.000000,0.000000,0.000000,0.000000,0.000000,0.000000,0.000000,0.000000,0.250000,0.250000,1.000000,1.000000,1.000000,0.000000,0,0,0.000000,0.000000,0.000000,0.000000,0.000000,0,0,0,0,0,0.000000,0,0,0,0,0,0,0,0,0,0,0,0,0.000000,0.000000,0.000000,0.000000,0.000000,0.000000,0.000000,0.000000,0.000000,0.000000,0.000000,0.000000,0.000000,0.000000,0.000000,0.000000,0.000000,0.000000,0.000000,0.000000,0.000000
19554,0.811978,-0.060306,-0.003000,-0.580556,0.000000,0.000000,0.000000,-0.075000,0.093000,-0.983000,23.120955,100291.304688,86.419998,86.180000,0.240000,0.050000,33,1,1,1,3,23,1,23,37.5417721,127.0795372,28.470,0.477000,1.094000,0.000000,0.003000,0.016000,0.122000,1000,1000,1000,1000,1000.000000,1000.000000,1000.000000,1000.000000,0.000000,0.000000,1000.000000,0,0,0,0,0,0.000000,0.000000,0,1,0,0,0,1078,0.000000,0,0.000000,0.000000,0.000000,0.000000,0.000000,0.000000,0,0.000000,0.000000,0.000000,0.000000,0.000000,0.000000,0.000000,0.000000,0.000000,0.000000,0.000000,0.000000,0.000000,0.250000,0.250000,1.000000,1.000000,1.000000,0.000000,0,0,0.000000,0.000000,0.000000,0.000000,0.000000,0,0,0,0,0,0.000000,0,0,0,0,0,0,0,0,0,0,0,0,0.000000,0.000000,0.000000,0.000000,0.000000,0.000000,0.000000,0.000000,0.000000,0.000000,0.000000,0.000000,0.000000,0.000000,0.000000,0.000000,0.000000,0.000000,0.000000,0.000000,0.000000
19658,0.811978,-0.060306,-0.003000,-0.580556,0.000000,0.000000,0.000000,-0.074000,0.092000,-0.983000,23.127583,100294.703125,86.129997,86.180000,-0.050000,0.060000,8,1,1,1,3,23,1,23,37.5417721,127.0795372,28.454,0.475000,1.090000,0.004000,-0.008000,0.006000,0.104000,1000,1000,1000,1000,1000.000000,1000.000000,1000.000000,1000.000000,0.000000,0.000000,1000.000000,0,0,0,0,0,0.000000,0.000000,0,1,0,0,0,1182,0.000000,0,0.000000,0.000000,0.000000,0.000000,0.000000,0.000000,0,0.000000,0.000000,0.000000,0.000000,0.000000,0.000000,0.000000,0.000000,0.000000,0.000000,0.000000,0.000000,0.000000,0.250000,0.250000,1.000000,1.000000,1.000000,0.000000,0,0,0.000000,0.000000,0.000000,0.000000,0.000000,0,0,0,0,0,0.000000,0,0,0,0,0,0,0,0,0,0,0,0,0.000000,0.000000,0.000000,0.000000,0.000000,0.000000,0.000000,0.000000,0.000000,0.000000,0.000000,0.000000,0.000000,0.000000,0.000000,0.000000,0.000000,0.000000,0.000000,0.000000,0.000000
19743,0.811978,-0.060306,-0.003000,-0.580556,0.000000,0.000000,0.000000,-0.074000,0.093000,-0.984000,23.126968,100294.304688,86.159996,86.180000,-0.020000,0.040000,5,1,1,1,3,23,1,23,37.5417720,127.0795372,28.444,0.473000,1.087000,-0.007000,0.005000,-0.005000,0.100000,1000,1000,1000,1000,1000.000000,1000.000000,1000.000000,1000.000000,0.000000,0.000000,1000.000000,0,0,0,0,0,0.000000,0.000000,0,1,0,0,0,1266,0.000000,0,0.000000,0.000000,0.000000,0.000000,0.000000,0.000000,0,0.000000,0.000000,0.000000,0.000000,0.000000,0.000000,0.000000,0.000000,0.000000,0.000000,0.000000,0.000000,0.000000,0.250000,0.250000,1.000000,1.000000,1.000000,0.000000,0,0,0.000000,0.000000,0.000000,0.000000,0.000000,0,0,0,0,0,0.000000,0,0,0,0,0,0,0,0,0,0,0,0,0.000000,0.000000,0.000000,0.000000,0.000000,0.000000,0.000000,0.000000,0.000000,0.000000,0.000000,0.000000,0.000000,0.000000,0.000000,0.000000,0.000000,0.000000,0.000000,0.000000,0.000000
19848,0.811978,-0.060306,-0.003000,-0.580556,0.000000,0.000000,0.000000,-0.075000,0.093000,-0.983000,23.131281,100294.601563,86.139999,86.180000,-0.040000,0.020000,26,1,1,1,3,23,1,23,37.5417720,127.0795372,28.444,0.473000,1.087000,-0.007000,0.005000,-0.005000,0.100000,1000,1000,1000,1000,1000.000000,1000.000000,1000.000000,1000.000000,0.000000,0.000000,1000.000000,0,0,0,0,0,0.000000,0.000000,0,1,0,0,0,1371,0.000000,0,0.000000,0.000000,0.000000,0.000000,0.000000,0.000000,0,0.000000,0.000000,0.000000,0.000000,0.000000,0.000000,0.000000,0.000000,0.000000,0.000000,0.000000,0.000000,0.000000,0.250000,0.250000,1.000000,1.000000,1.000000,0.000000,0,0,0.000000,0.000000,0.000000,0.000000,0.000000,0,0,0,0,0,0.000000,0,0,0,0,0,0,0,0,0,0,0,0,0.000000,0.000000,0.000000,0.000000,0.000000,0.000000,0.000000,0.000000,0.000000,0.000000,0.000000,0.000000,0.000000,0.000000,0.000000,0.000000,0.000000,0.000000,0.000000,0.000000,0.000000
19952,0.811978,-0.060306,-0.003000,-0.580556,0.000000,0.000000,0.000000,-0.074000,0.094000,-0.984000,23.129791,100295.101563,86.099998,86.180000,-0.080000,0.000000,2,1,1,1,3,23,1,23,37.5417720,127.0795372,28.427,0.472000,1.083000,-0.002000,-0.004000,0.009000,0.092000,1000,1000,1000,1000,1000.000000,1000.000000,1000.000000,1000.000000,0.000000,0.000000,1000.000000,0,0,0,0,0,0.000000,0.000000,0,1,0,0,0,1476,0.000000,0,0.000000,0.000000,0.000000,0.000000,0.000000,0.000000,0,0.000000,0.000000,0.000000,0.000000,0.000000,0.000000,0.000000,0.000000,0.000000,0.000000,0.000000,0.000000,0.000000,0.250000,0.250000,1.000000,1.000000,1.000000,0.000000,0,0,0.000000,0.000000,0.000000,0.000000,0.000000,0,0,0,0,0,0.000000,0,0,0,0,0,0,0,0,0,0,0,0,0.000000,0.000000,0.000000,0.000000,0.000000,0.000000,0.000000,0.000000,0.000000,0.000000,0.000000,0.000000,0.000000,0.000000,0.000000,0.000000,0.000000,0.000000,0.000000,0.000000,0.000000
20057,0.811978,-0.060306,-0.003000,-0.580556,0.000000,0.000000,0.000000,-0.074000,0.094000,-0.982000,23.132772,100295.703125,86.049995,86.180000,-0.130000,-0.010000,19,1,1,1,3,23,1,23,37.5417721,127.0795373,28.405,0.470000,1.079000,0.016000,0.003000,0.013000,0.114000,1000,1000,1000,1000,1000.000000,1000.000000,1000.000000,1000.000000,0.000000,0.000000,1000.000000,0,0,0,0,0,0.000000,0.000000,0,1,0,0,0,1581,0.000000,0,0.000000,0.000000,0.000000,0.000000,0.000000,0.000000,0,0.000000,0.000000,0.000000,0.000000,0.000000,0.000000,0.000000,0.000000,0.000000,0.000000,0.000000,0.000000,0.000000,0.250000,0.250000,1.000000,1.000000,1.000000,0.000000,0,0,0.000000,0.000000,0.000000,0.000000,0.000000,0,0,0,0,0,0.000000,0,0,0,0,0,0,0,0,0,0,0,0,0.000000,0.000000,0.000000,0.000000,0.000000,0.000000,0.000000,0.000000,0.000000,0.000000,0.000000,0.000000,0.000000,0.000000,0.000000,0.000000,0.000000,0.000000,0.000000,0.000000,0.000000
20143,0.811978,-0.060306,-0.003000,-0.580556,0.000000,0.000000,0.000000,-0.076000,0.092000,-0.981000,23.132053,100296.304688,86.000000,86.180000,-0.180000,-0.040000,21,1,1,1,3,23,1,23,37.5417720,127.0795373,28.399,0.469000,1.075000,-0.002000,0.006000,0.004000,0.077000,1000,1000,1000,1000,1000.000000,1000.000000,1000.000000,1000.000000,0.000000,0.000000,1000.000000,0,0,0,0,0,0.000000,0.000000,0,1,0,0,0,1666,0.000000,0,0.000000,0.000000,0.000000,0.000000,0.000000,0.000000,0,0.000000,0.000000,0.000000,0.000000,0.000000,0.000000,0.000000,0.000000,0.000000,0.000000,0.000000,0.000000,0.000000,0.250000,0.250000,1.000000,1.000000,1.000000,0.000000,0,0,0.000000,0.000000,0.000000,0.000000,0.000000,0,0,0,0,0,0.000000,0,0,0,0,0,0,0,0,0,0,0,0,0.000000,0.000000,0.000000,0.000000,0.000000,0.000000,0.000000,0.000000,0.000000,0.000000,0.000000,0.000000,0.000000,0.000000,0.000000,0.000000,0.000000,0.000000,0.000000,0.000000,0.000000
20251,0.811978,-0.060306,-0.003000,-0.580556,0.000000,0.000000,0.000000,-0.073000,0.093000,-0.984000,23.128407,100293.804688,86.209999,86.180000,0.030000,-0.040000,1,1,1,1,3,23,1,23,37.5417721,127.0795373,28.377,0.467000,1.071000,0.009000,0.000000,0.011000,0.117000,1000,1000,1000,1000,1000.000000,1000.000000,1000.000000,1000.000000,0.000000,0.000000,1000.000000,0,0,0,0,0,0.000000,0.000000,0,1,0,0,0,1774,0.000000,0,0.000000,0.000000,0.000000,0.000000,0.000000,0.000000,0,0.000000,0.000000,0.000000,0.000000,0.000000,0.000000,0.000000,0.000000,0.000000,0.000000,0.000000,0.000000,0.000000,0.250000,0.250000,1.000000,1.000000,1.000000,0.000000,0,0,0.000000,0.000000,0.000000,0.000000,0.000000,0,0,0,0,0,0.000000,0,0,0,0,0,0,0,0,0,0,0,0,0.000000,0.000000,0.000000,0.000000,0.000000,0.000000,0.000000,0.000000,0.000000,0.000000,0.000000,0.000000,0.000000,0.000000,0.000000,0.000000,0.000000,0.000000,0.000000,0.000000,0.000000
20346,0.811978,-0.060306,-0.003000,-0.580556,0.000000,0.000000,0.000000,-0.075000,0.092000,-0.982000,23.131176,100293.398438,86.239998,86.180000,0.060000,-0.010000,8,1,1,1,3,23,1,23,37.5417721,127.0795373,28.377,0.467000,1.071000,0.009000,0.000000,0.011000,0.117000,1000,1000,1000,1000,1000.000000,1000.000000,1000.000000,1000.000000,0.000000,0.000000,1000.000000,0,0,0,0,0,0.000000,0.000000,0,1,0,0,0,1870,0.000000,0,0.000000,0.000000,0.000000,0.000000,0.000000,0.000000,0,0.000000,0.000000,0.000000,0.000000,0.000000,0.000000,0.000000,0.000000,0.000000,0.000000,0.000000,0.000000,0.000000,0.250000,0.250000,1.000000,1.000000,1.000000,0.000000,0,0,0.000000,0.000000,0.000000,0.000000,0.000000,0,0,0,0,0,0.000000,0,0,0,0,0,0,0,0,0,0,0,0,0.000000,0.000000,0.000000,0.000000,0.000000,0.000000,0.000000,0.000000,0.000000,0.000000,0.000000,0.000000,0.000000,0.000000,0.000000,0.000000,0.000000,0.000000,0.000000,0.000000,0.000000
20453,0.811978,-0.060306,-0.003000,-0.580556,0.000000,0.000000,0.000000,-0.073000,0.094000,-0.982000,23.131405,100294.398438,86.159996,86.180000,-0.020000,-0.020000,31,1,1,1,3,23,1,23,37.5417721,127.0795374,28.363,0.465000,1.068000,-0.003000,0.016000,-0.002000,0.116000,1000,1000,1000,1000,1000.000000,1000.000000,1000.000000,1000.000000,0.000000,0.000000,1000.000000,0,0,0,0,0,0.000000,0.000000,0,1,0,0,0,1976,0.000000,0,0.000000,0.000000,0.000000,0.000000,0.000000,0.000000,0,0.000000,0.000000,0.000000,0.000000,0.000000,0.000000,0.000000,0.000000,0.000000,0.000000,0.000000,0.000000,0.000000,0.250000,0.250000,1.000000,1.000000,1.000000,0.000000,0,0,0.000000,0.000000,0.000000,0.000000,0.000000,0,0,0,0,0,0.000000,0,0,0,0,0,0,0,0,0,0,0,0,0.000000,0.000000,0.000000,0.000000,0.000000,0.000000,0.000000,0.000000,0.000000,0.000000,0.000000,0.000000,0.000000,0.000000,0.000000,0.000000,0.000000,0.000000,0.000000,0.000000,0.000000
20543,0.811978,-0.060306,-0.003000,-0.580556,0.000000,0.000000,0.000000,-0.073000,0.093000,-0.984000,23.131685,100294.804688,86.119995,86.180000,-0.060000,-0.020000,37,1,1,1,3,23,1,23,37.5417721,127.0795374,28.345,0.464000,1.064000,-0.004000,-0.010000,0.000000,0.119000,1000,1000,1000,1000,1000.000000,1000.000000,1000.000000,1000.000000,0.000000,0.000000,1000.000000,0,0,0,0,0,0.000000,0.000000,0,1,0,0,0,2066,0.000000,0,0.000000,0.000000,0.000000,0.000000,0.000000,0.000000,0,0.000000,0.000000,0.000000,0.000000,0.000000,0.000000,0.000000,0.000000,0.000000,0.000000,0.000000,0.000000,0.000000,0.250000,0.250000,1.000000,1.000000,1.000000,0.000000,0,0,0.000000,0.000000,0.000000,0.000000,0.000000,0,0,0,0,0,0.000000,0,0,0,0,0,0,0,0,0,0,0,0,0.000000,0.000000,0.000000,0.000000,0.000000,0.000000,0.000000,0.000000,0.000000,0.000000,0.000000,0.000000,0.000000,0.000000,0.000000,0.000000,0.000000,0.000000,0.000000,0.000000,0.000000
20655,0.811978,-0.060306,-0.003000,-0.580556,0.000000,0.000000,0.000000,-0.075000,0.093000,-0.984000,23.130579,100294.601563,86.139999,86.180000,-0.040000,-0.030000,19,1,1,1,3,23,1,23,37.5417721,127.0795374,28.332,0.462000,1.061000,0.008000,-0.013000,0.006000,0.110000,1000,1000,1000,1000,1000.000000,1000.000000,1000.000000,1000.000000,0.000000,0.000000,1000.000000,0,0,0,0,0,0.000000,0.000000,0,1,0,0,0,2179,0.000000,0,0.000000,0.000000,0.000000,0.000000,0.000000,0.000000,0,0.000000,0.000000,0.000000,0.000000,0.000000,0.000000,0.000000,0.000000,0.000000,0.000000,0.000000,0.000000,0.000000,0.250000,0.250000,1.000000,1.000000,1.000000,0.000000,0,0,0.000000,0.000000,0.000000,0.000000,0.000000,0,0,0,0,0,0.000000,0,0,0,0,0,0,0,0,0,0,0,0,0.000000,0.000000,0.000000,0.000000,0.000000,0.000000,0.000000,0.000000,0.000000,0.000000,0.000000,0.000000,0.000000,0.000000,0.000000,0.000000,0.000000,0.000000,0.000000,0.000000,0.000000
20743,0.811978,-0.060306,-0.003000,-0.580556,0.000000,0.000000,0.000000,-0.075000,0.092000,-0.984000,23.131088,100295.304688,86.080002,86.180000,-0.100000,-0.050000,23,1,1,1,3,23,1,23,37.5417721,127.0795375,28.313,0.461000,1.058000,-0.004000,0.017000,0.016000,0.111000,1000,1000,1000,1000,1000.000000,1000.000000,1000.000000,1000.000000,0.000000,0.000000,1000.000000,0,0,0,0,0,0.000000,0.000000,0,1,0,0,0,2266,0.000000,0,0.000000,0.000000,0.000000,0.000000,0.000000,0.000000,0,0.000000,0.000000,0.000000,0.000000,0.000000,0.000000,0.000000,0.000000,0.000000,0.000000,0.000000,0.000000,0.000000,0.250000,0.250000,1.000000,1.000000,1.000000,0.000000,0,0,0.000000,0.000000,0.000000,0.000000,0.000000,0,0,0,0,0,0.000000,0,0,0,0,0,0,0,0,0,0,0,0,0.000000,0.000000,0.000000,0.000000,0.000000,0.000000,0.000000,0.000000,0.000000,0.000000,0.000000,0.000000,0.000000,0.000000,0.000000,0.000000,0.000000,0.000000,0.000000,0.000000,0.000000
20849,0.811978,-0.060306,-0.003000,-0.580556,0.000000,0.000000,0.000000,-0.074000,0.092000,-0.985000,23.132597,100294.703125,86.129997,86.180000,-0.050000,-0.050000,0,1,1,1,3,23,1,23,37.5417721,127.0795375,28.313,0.461000,1.058000,-0.004000,0.017000,0.016000,0.111000,1000,1000,1000,1000,1000.000000,1000.000000,1000.000000,1000.000000,0.000000,0.000000,1000.000000,0,0,0,0,0,0.000000,0.000000,0,1,0,0,0,2373,0.000000,0,0.000000,0.000000,0.000000,0.000000,0.000000,0.000000,0,0.000000,0.000000,0.000000,0.000000,0.000000,0.000000,0.000000,0.000000,0.000000,0.000000,0.000000,0.000000,0.000000,0.250000,0.250000,1.000000,1.000000,1.000000,0.000000,0,0,0.000000,0.000000,0.000000,0.000000,0.000000,0,0,0,0,0,0.000000,0,0,0,0,0,0,0,0,0,0,0,0,0.000000,0.000000,0.000000,0.000000,0.000000,0.000000,0.000000,0.000000,0.000000,0.000000,0.000000,0.000000,0.000000,0.000000,0.000000,0.000000,0.000000,0.000000,0.000000,0.000000,0.000000
20957,0.811978,-0.060306,-0.003000,-0.580556,0.000000,0.000000,0.000000,-0.074000,0.093000,-0.983000,23.133280,100294.203125,86.180000,86.180000,0.000000,-0.050000,19,1,1,1,3,23,1,23,37.5417721,127.0795375,28.307,0.460000,1.054000,0.009000,-0.004000,0.000000,0.080000,1000,1000,1000,1000,1000.000000,1000.000000,1000.000000,1000.000000,0.000000,0.000000,1000.000000,0,0,0,0,0,0.000000,0.000000,0,1,0,0,0,2481,0.000000,0,0.000000,0.000000,0.000000,0.000000,0.000000,0.000000,0,0.000000,0.000000,0.000000,0.000000,0.000000,0.000000,0.000000,0.000000,0.000000,0.000000,0.000000,0.000000,0.000000,0.250000,0.250000,1.000000,1.000000,1.000000,0.000000,0,0,0.000000,0.000000,0.000000,0.000000,0.000000,0,0,0,0,0,0.000000,0,0,0,0,0,0,0,0,0,0,0,0,0.000000,0.000000,0.000000,0.000000,0.000000,0.000000,0.000000,0.000000,0.000000,0.000000,0.000000,0.000000,0.000000,0.000000,0.000000,0.000000,0.000000,0.000000,0.000000,0.000000,0.000000
21043,0.811978,-0.060306,-0.003000,-0.580556,0.000000,0.000000,0.000000,-0.075000,0.092000,-0.984000,23.134052,100295.703125,86.049995,86.180000,-0.130000,-0.060000,21,1,1,1,3,23,1,23,37.5417720,127.0795375,28.296,0.458000,1.051000,-0.008000,0.016000,-0.008000,0.115000,1000,1000,1000,1000,1000.000000,1000.000000,1000.000000,1000.000000,0.000000,0.000000,1000.000000,0,0,0,0,0,0.000000,0.000000,0,1,0,0,0,2566,0.000000,0,0.000000,0.000000,0.000000,0.000000,0.000000,0.000000,0,0.000000,0.000000,0.000000,0.000000,0.000000,0.000000,0.000000,0.000000,0.000000,0.000000,0.000000,0.000000,0.000000,0.250000,0.250000,1.000000,1.000000,1.000000,0.000000,0,0,0.000000,0.000000,0.000000,0.000000,0.000000,0,0,0,0,0,0.000000,0,0,0,0,0,0,0,0,0,0,0,0,0.000000,0.000000,0.000000,0.000000,0.000000,0.000000,0.000000,0.000000,0.000000,0.000000,0.000000,0.000000,0.000000,0.000000,0.000000,0.000000,0.000000,0.000000,0.000000,0.000000,0.000000
21152,0.811978,-0.060306,-0.003100,-0.580556,0.000000,0.000000,0.000000,-0.075000,0.092000,-0.985000,23.137068,100295.203125,86.089996,86.180000,-0.090000,-0.050000,4,1,1,1,3,23,1,23,37.5417720,127.0795375,28.283,0.457000,1.048000,-0.009000,-0.003000,-0.009000,0.116000,1000,1000,1000,1000,1000.000000,1000.000000,1000.000000,1000.000000,0.000000,0.000000,1000.000000,0,0,0,0,0,0.000000,0.000000,0,1,0,0,0,2676,0.000000,0,0.000000,0.000000,0.000000,0.000000,0.000000,0.000000,0,0.000000,0.000000,0.000000,0.000000,0.000000,0.000000,0.000000,0.000000,0.000000,0.000000,0.000000,0.000000,0.000000,0.250000,0.250000,1.000000,1.000000,1.000000,0.000000,0,0,0.000000,0.000000,0.000000,0.000000,0.000000,0,0,0,0,0,0.000000,0,0,0,0,0,0,0,0,0,0,0,0,0.000000,0.000000,0.000000,0.000000,0.000000,0.000000,0.000000,0.000000,0.000000,0.000000,0.000000,0.000000,0.000000,0.000000,0.000000,0.000000,0.000000,0.000000,0.000000,0.000000,0.000000
21256,0.811978,-0.060306,-0.003100,-0.580556,0.000000,0.000000,0.000000,-0.074000,0.093000,-0.985000,23.131317,100293.398438,86.239998,86.180000,0.060000,-0.030000,20,1,1,1,3,22,1,22,37.5417720,127.0795376,28.271,0.455000,1.045000,0.002000,0.000000,-0.013000,0.094000,1000,1000,1000,1000,1000.000000,1000.000000,1000.000000,1000.000000,0.000000,0.000000,1000.000000,0,0,0,0,0,0.000000,0.000000,0,1,0,0,0,2780,0.000000,0,0.000000,0.000000,0.000000,0.000000,0.000000,0.000000,0,0.000000,0.000000,0.000000,0.000000,0.000000,0.000000,0.000000,0.000000,0.000000,0.000000,0.000000,0.000000,0.000000,0.250000,0.250000,1.000000,1.000000,1.000000,0.000000,0,0,0.000000,0.000000,0.000000,0.000000,0.000000,0,0,0,0,0,0.000000,0,0,0,0,0,0,0,0,0,0,0,0,0.000000,0.000000,0.000000,0.000000,0.000000,0.000000,0.000000,0.000000,0.000000,0.000000,0.000000,0.000000,0.000000,0.000000,0.000000,0.000000,0.000000,0.000000,0.000000,0.000000,0.000000
21343,0.811978,-0.060306,-0.003100,-0.580556,0.000000,0.000000,0.000000,-0.072000,0.093000,-0.984000,23.131685,100293.101563,86.269997,86.180000,0.090000,0.000000,23,1,1,1,3,22,1,22,37.5417720,127.0795376,28.271,0.455000,1.045000,0.002000,0.000000,-0.013000,0.094000,1000,1000,1000,1000,1000.000000,1000.000000,1000.000000,1000.000000,0.000000,0.000000,1000.000000,0,0,0,0,0,0.000000,0.000000,0,1,0,0,0,2866,0.000000,0,0.000000,0.000000,0.000000,0.000000,0.000000,0.000000,0,0.000000,0.000000,0.000000,0.000000,0.000000,0.000000,0.000000,0.000000,0.000000,0.000000,0.000000,0.000000,0.000000,0.250000,0.250000,1.000000,1.000000,1.000000,0.000000,0,0,0.000000,0.000000,0.000000,0.000000,0.000000,0,0,0,0,0,0.000000,0,0,0,0,0,0,0,0,0,0,0,0,0.000000,0.000000,0.000000,0.000000,0.000000,0.000000,0.000000,0.000000,0.000000,0.000000,0.000000,0.000000,0.000000,0.000000,0.000000,0.000000,0.000000,0.000000,0.000000,0.000000,0.000000
21443,0.811978,-0.060306,-0.003100,-0.580556,0.000000,0.000000,0.000000,-0.074000,0.094000,-0.983000,23.134508,100293.601563,86.229996,86.180000,0.050000,0.010000,39,1,1,1,3,22,1,22,37.5417720,127.0795376,28.260,0.454000,1.042000,-0.001000,0.011000,-0.002000,0.121000,1000,1000,1000,1000,1000.000000,1000.000000,1000.000000,1000.000000,0.000000,0.000000,1000.000000,0,0,0,0,0,0.000000,0.000000,0,1,0,0,0,2966,0.000000,0,0.000000,0.000000,0.000000,0.000000,0.000000,0.000000,0,0.000000,0.000000,0.000000,0.000000,0.000000,0.000000,0.000000,0.000000,0.000000,0.000000,0.000000,0.000000,0.000000,0.250000,0.250000,1.000000,1.000000,1.000000,0.000000,0,0,0.000000,0.000000,0.000000,0.000000,0.000000,0,0,0,0,0,0.000000,0,0,0,0,0,0,0,0,0,0,0,0,0.000000,0.000000,0.000000,0.000000,0.000000,0.000000,0.000000,0.000000,0.000000,0.000000,0.000000,0.000000,0.000000,0.000000,0.000000,0.000000,0.000000,0.000000,0.000000,0.000000,0.000000
21557,0.811978,-0.060306,-0.003000,-0.580556,0.000000,0.000000,0.000000,-0.075000,0.093000,-0.985000,23.130423,100293.304688,86.250000,86.180000,0.070000,0.010000,19,1,1,1,3,22,1,22,37.5417720,127.0795376,28.252,0.453000,1.038000,-0.009000,-0.023000,-0.010000,0.124000,1000,1000,1000,1000,1000.000000,1000.000000,1000.000000,1000.000000,0.000000,0.000000,1000.000000,0,0,0,0,0,0.000000,0.000000,0,1,0,0,0,3081,0.000000,0,0.000000,0.000000,0.000000,0.000000,0.000000,0.000000,0,0.000000,0.000000,0.000000,0.000000,0.000000,0.000000,0.000000,0.000000,0.000000,0.000000,0.000000,0.000000,0.000000,0.250000,0.250000,1.000000,1.000000,1.000000,0.000000,0,0,0.000000,0.000000,0.000000,0.000000,0.000000,0,0,0,0,0,0.000000,0,0,0,0,0,0,0,0,0,0,0,0,0.000000,0.000000,0.000000,0.000000,0.000000,0.000000,0.000000,0.000000,0.000000,0.000000,0.000000,0.000000,0.000000,0.000000,0.000000,0.000000,0.000000,0.000000,0.000000,0.000000,0.000000
21643,0.811978,-0.060306,-0.003000,-0.580556,0.000000,0.000000,0.000000,-0.074000,0.094000,-0.984000,23.137524,100294.304688,86.159996,86.180000,-0.020000,0.020000,21,1,1,1,3,22,1,22,37.5417720,127.0795376,28.247,0.452000,1.036000,0.006000,0.008000,-0.015000,0.109000,1000,1000,1000,1000,1000.000000,1000.000000,1000.000000,1000.000000,0.000000,0.000000,1000.000000,0,0,0,0,0,0.000000,0.000000,0,1,0,0,0,3167,0.000000,0,0.000000,0.000000,0.000000,0.000000,0.000000,0.000000,0,0.000000,0.000000,0.000000,0.000000,0.000000,0.000000,0.000000,0.000000,0.000000,0.000000,0.000000,0.000000,0.000000,0.250000,0.250000,1.000000,1.000000,1.000000,0.000000,0,0,0.000000,0.000000,0.000000,0.000000,0.000000,0,0,0,0,0,0.000000,0,0,0,0,0,0,0,0,0,0,0,0,0.000000,0.000000,0.000000,0.000000,0.000000,0.000000,0.000000,0.000000,0.000000,0.000000,0.000000,0.000000,0.000000,0.000000,0.000000,0.000000,0.000000,0.000000,0.000000,0.000000,0.000000
21752,0.811978,-0.060306,-0.003000,-0.580556,0.000000,0.000000,0.000000,-0.076000,0.094000,-0.984000,23.136505,100294.601563,86.139999,86.180000,-0.040000,0.010000,4,1,1,1,3,22,1,22,37.5417720,127.0795376,28.240,0.450000,1.033000,-0.011000,-0.009000,-0.005000,0.116000,1000,1000,1000,1000,1000.000000,1000.000000,1000.000000,1000.000000,0.000000,0.000000,1000.000000,0,0,0,0,0,0.000000,0.000000,0,1,0,0,0,3276,0.000000,0,0.000000,0.000000,0.000000,0.000000,0.000000,0.000000,0,0.000000,0.000000,0.000000,0.000000,0.000000,0.000000,0.000000,0.000000,0.000000,0.000000,0.000000,0.000000,0.000000,0.250000,0.250000,1.000000,1.000000,1.000000,0.000000,0,0,0.000000,0.000000,0.000000,0.000000,0.000000,0,0,0,0,0,0.000000,0,0,0,0,0,0,0,0,0,0,0,0,0.000000,0.000000,0.000000,0.000000,0.000000,0.000000,0.000000,0.000000,0.000000,0.000000,0.000000,0.000000,0.000000,0.000000,0.000000,0.000000,0.000000,0.000000,0.000000,0.000000,0.000000
21856,0.811978,-0.060306,-0.003000,-0.580556,0.000000,0.000000,0.000000,-0.075000,0.092000,-0.984000,23.133982,100292.304688,86.330002,86.180000,0.150000,0.030000,20,1,1,1,3,22,1,22,37.5417720,127.0795376,28.231,0.449000,1.030000,-0.002000,0.007000,-0.014000,0.121000,1000,1000,1000,1000,1000.000000,1000.000000,1000.000000,1000.000000,0.000000,0.000000,1000.000000,0,0,0,0,0,0.000000,0.000000,0,1,0,0,0,3380,0.000000,0,0.000000,0.000000,0.000000,0.000000,0.000000,0.000000,0,0.000000,0.000000,0.000000,0.000000,0.000000,0.000000,0.000000,0.000000,0.000000,0.000000,0.000000,0.000000,0.000000,0.250000,0.250000,1.000000,1.000000,1.000000,0.000000,0,0,0.000000,0.000000,0.000000,0.000000,0.000000,0,0,0,0,0,0.000000,0,0,0,0,0,0,0,0,0,0,0,0,0.000000,0.000000,0.000000,0.000000,0.000000,0.000000,0.000000,0.000000,0.000000,0.000000,0.000000,0.000000,0.000000,0.000000,0.000000,0.000000,0.000000,0.000000,0.000000,0.000000,0.000000
21943,0.811978,-0.060306,-0.003000,-0.580556,0.000000,0.000000,0.000000,-0.075000,0.092000,-0.984000,23.139435,100293.804688,86.209999,86.180000,0.030000,0.020000,23,1,1,1,3,22,1,22,37.5417720,127.0795376,28.231,0.449000,1.030000,-0.002000,0.007000,-0.014000,0.121000,1000,1000,1000,1000,1000.000000,1000.000000,1000.000000,1000.000000,0.000000,0.000000,1000.000000,0,0,0,0,0,0.000000,0.000000,0,1,0,0,0,3466,0.000000,0,0.000000,0.000000,0.000000,0.000000,0.000000,0.000000,0,0.000000,0.000000,0.000000,0.000000,0.000000,0.000000,0.000000,0.000000,0.000000,0.000000,0.000000,0.000000,0.000000,0.250000,0.250000,1.000000,1.000000,1.000000,0.000000,0,0,0.000000,0.000000,0.000000,0.000000,0.000000,0,0,0,0,0,0.000000,0,0,0,0,0,0,0,0,0,0,0,0,0.000000,0.000000,0.000000,0.000000,0.000000,0.000000,0.000000,0.000000,0.000000,0.000000,0.000000,0.000000,0.000000,0.000000,0.000000,0.000000,0.000000,0.000000,0.000000,0.000000,0.000000
22052,0.811978,-0.060306,-0.003100,-0.580556,0.000000,0.000000,0.000000,-0.073000,0.092000,-0.985000,23.135788,100294.203125,86.180000,86.180000,0.000000,0.000000,3,1,1,1,3,22,1,22,37.5417720,127.0795377,28.230,0.448000,1.027000,-0.002000,0.016000,-0.017000,0.126000,1000,1000,1000,1000,1000.000000,1000.000000,1000.000000,1000.000000,0.000000,0.000000,1000.000000,0,0,0,0,0,0.000000,0.000000,0,1,0,0,0,3576,0.000000,0,0.000000,0.000000,0.000000,0.000000,0.000000,0.000000,0,0.000000,0.000000,0.000000,0.000000,0.000000,0.000000,0.000000,0.000000,0.000000,0.000000,0.000000,0.000000,0.000000,0.250000,0.250000,1.000000,1.000000,1.000000,0.000000,0,0,0.000000,0.000000,0.000000,0.000000,0.000000,0,0,0,0,0,0.000000,0,0,0,0,0,0,0,0,0,0,0,0,0.000000,0.000000,0.000000,0.000000,0.000000,0.000000,0.000000,0.000000,0.000000,0.000000,0.000000,0.000000,0.000000,0.000000,0.000000,0.000000,0.000000,0.000000,0.000000,0.000000,0.000000
22157,0.811978,-0.060306,-0.003100,-0.580556,0.000000,0.000000,0.000000,-0.075000,0.092000,-0.985000,23.137014,100294.398438,86.159996,86.180000,-0.020000,0.000000,19,1,1,1,3,22,1,22,37.5417720,127.0795377,28.208,0.447000,1.024000,0.013000,-0.001000,0.006000,0.100000,1000,1000,1000,1000,1000.000000,1000.000000,1000.000000,1000.000000,0.000000,0.000000,1000.000000,0,0,0,0,0,0.000000,0.000000,0,1,0,0,0,3681,0.000000,0,0.000000,0.000000,0.000000,0.000000,0.000000,0.000000,0,0.000000,0.000000,0.000000,0.000000,0.000000,0.000000,0.000000,0.000000,0.000000,0.000000,0.000000,0.000000,0.000000,0.250000,0.250000,1.000000,1.000000,1.000000,0.000000,0,0,0.000000,0.000000,0.000000,0.000000,0.000000,0,0,0,0,0,0.000000,0,0,0,0,0,0,0,0,0,0,0,0,0.000000,0.000000,0.000000,0.000000,0.000000,0.000000,0.000000,0.000000,0.000000,0.000000,0.000000,0.000000,0.000000,0.000000,0.000000,0.000000,0.000000,0.000000,0.000000,0.000000,0.000000
22243,0.811978,-0.060306,-0.003100,-0.580556,0.000000,0.000000,0.000000,-0.075000,0.094000,-0.984000,23.141397,100294.500000,86.150002,86.180000,-0.030000,-0.010000,21,1,1,1,3,22,1,22,37.5417720,127.0795377,28.202,0.445000,1.021000,-0.012000,-0.005000,-0.015000,0.122000,1000,1000,1000,1000,1000.000000,1000.000000,1000.000000,1000.000000,0.000000,0.000000,1000.000000,0,0,0,0,0,0.000000,0.000000,0,1,0,0,0,3766,0.000000,0,0.000000,0.000000,0.000000,0.000000,0.000000,0.000000,0,0.000000,0.000000,0.000000,0.000000,0.000000,0.000000,0.000000,0.000000,0.000000,0.000000,0.000000,0.000000,0.000000,0.250000,0.250000,1.000000,1.000000,1.000000,0.000000,0,0,0.000000,0.000000,0.000000,0.000000,0.000000,0,0,0,0,0,0.000000,0,0,0,0,0,0,0,0,0,0,0,0,0.000000,0.000000,0.000000,0.000000,0.000000,0.000000,0.000000,0.000000,0.000000,0.000000,0.000000,0.000000,0.000000,0.000000,0.000000,0.000000,0.000000,0.000000,0.000000,0.000000,0.000000
22352,0.811978,-0.060306,-0.003100,-0.580556,0.000000,0.000000,0.000000,-0.074000,0.094000,-0.985000,23.141171,100294.304688,86.159996,86.180000,-0.020000,-0.010000,4,1,1,1,3,22,1,22,37.5417720,127.0795377,28.202,0.445000,1.021000,-0.012000,-0.005000,-0.015000,0.122000,1000,1000,1000,1000,1000.000000,1000.000000,1000.000000,1000.000000,0.000000,0.000000,1000.000000,0,0,0,0,0,0.000000,0.000000,0,1,0,0,0,3876,0.000000,0,0.000000,0.000000,0.000000,0.000000,0.000000,0.000000,0,0.000000,0.000000,0.000000,0.000000,0.000000,0.000000,0.000000,0.000000,0.000000,0.000000,0.000000,0.000000,0.000000,0.250000,0.250000,1.000000,1.000000,1.000000,0.000000,0,0,0.000000,0.000000,0.000000,0.000000,0.000000,0,0,0,0,0,0.000000,0,0,0,0,0,0,0,0,0,0,0,0,0.000000,0.000000,0.000000,0.000000,0.000000,0.000000,0.000000,0.000000,0.000000,0.000000,0.000000,0.000000,0.000000,0.000000,0.000000,0.000000,0.000000,0.000000,0.000000,0.000000,0.000000
22456,0.811978,-0.060306,-0.003100,-0.580556,0.000000,0.000000,0.000000,-0.074000,0.093000,-0.984000,23.140432,100294.304688,86.159996,86.180000,-0.020000,0.000000,20,1,1,1,3,22,1,22,37.5417720,127.0795377,28.185,0.444000,1.018000,0.002000,0.006000,-0.006000,0.100000,1000,1000,1000,1000,1000.000000,1000.000000,1000.000000,1000.000000,0.000000,0.000000,1000.000000,0,0,0,0,0,0.000000,0.000000,0,1,0,0,0,3980,0.000000,0,0.000000,0.000000,0.000000,0.000000,0.000000,0.000000,0,0.000000,0.000000,0.000000,0.000000,0.000000,0.000000,0.000000,0.000000,0.000000,0.000000,0.000000,0.000000,0.000000,0.250000,0.250000,1.000000,1.000000,1.000000,0.000000,0,0,0.000000,0.000000,0.000000,0.000000,0.000000,0,0,0,0,0,0.000000,0,0,0,0,0,0,0,0,0,0,0,0,0.000000,0.000000,0.000000,0.000000,0.000000,0.000000,0.000000,0.000000,0.000000,0.000000,0.000000,0.000000,0.000000,0.000000,0.000000,0.000000,0.000000,0.000000,0.000000,0.000000,0.000000
22543,0.811978,-0.060306,-0.003100,-0.580556,0.000000,0.000000,0.000000,-0.075000,0.094000,-0.985000,23.136751,100294.000000,86.189995,86.180000,0.010000,-0.010000,22,1,1,1,3,22,1,22,37.5417720,127.0795377,28.171,0.443000,1.015000,0.000000,-0.007000,0.001000,0.091000,1000,1000,1000,1000,1000.000000,1000.000000,1000.000000,1000.000000,0.000000,0.000000,1000.000000,0,0,0,0,0,0.000000,0.000000,0,1,0,0,0,4066,0.000000,0,0.000000,0.000000,0.000000,0.000000,0.000000,0.000000,0,0.000000,0.000000,0.000000,0.000000,0.000000,0.000000,0.000000,0.000000,0.000000,0.000000,0.000000,0.000000,0.000000,0.250000,0.250000,1.000000,1.000000,1.000000,0.000000,0,0,0.000000,0.000000,0.000000,0.000000,0.000000,0,0,0,0,0,0.000000,0,0,0,0,0,0,0,0,0,0,0,0,0.000000,0.000000,0.000000,0.000000,0.000000,0.000000,0.000000,0.000000,0.000000,0.000000,0.000000,0.000000,0.000000,0.000000,0.000000,0.000000,0.000000,0.000000,0.000000,0.000000,0.000000
22650,0.811978,-0.060306,-0.003100,-0.580556,0.000000,0.000000,0.000000,-0.074000,0.093000,-0.987000,23.140888,100294.703125,86.129997,86.180000,-0.050000,-0.010000,0,1,1,1,3,22,1,22,37.5417721,127.0795377,28.150,0.442000,1.013000,0.005000,0.019000,0.006000,0.124000,1000,1000,1000,1000,1000.000000,1000.000000,1000.000000,1000.000000,0.000000,0.000000,1000.000000,0,0,0,0,0,0.000000,0.000000,0,1,0,0,0,4174,0.000000,0,0.000000,0.000000,0.000000,0.000000,0.000000,0.000000,0,0.000000,0.000000,0.000000,0.000000,0.000000,0.000000,0.000000,0.000000,0.000000,0.000000,0.000000,0.000000,0.000000,0.250000,0.250000,1.000000,1.000000,1.000000,0.000000,0,0,0.000000,0.000000,0.000000,0.000000,0.000000,0,0,0,0,0,0.000000,0,0,0,0,0,0,0,0,0,0,0,0,0.000000,0.000000,0.000000,0.000000,0.000000,0.000000,0.000000,0.000000,0.000000,0.000000,0.000000,0.000000,0.000000,0.000000,0.000000,0.000000,0.000000,0.000000,0.000000,0.000000,0.000000
22745,0.811978,-0.060306,-0.003100,-0.580556,0.000000,0.000000,0.000000,-0.075000,0.094000,-0.983000,23.139696,100294.703125,86.129997,86.180000,-0.050000,-0.020000,7,1,1,1,3,22,1,22,37.5417720,127.0795377,28.141,0.441000,1.010000,-0.005000,-0.014000,-0.006000,0.124000,1000,1000,1000,1000,1000.000000,1000.000000,1000.000000,1000.000000,0.000000,0.000000,1000.000000,0,0,0,0,0,0.000000,0.000000,0,1,0,0,0,4269,0.000000,0,0.000000,0.000000,0.000000,0.000000,0.000000,0.000000,0,0.000000,0.000000,0.000000,0.000000,0.000000,0.000000,0.000000,0.000000,0.000000,0.000000,0.000000,0.000000,0.000000,0.250000,0.250000,1.000000,1.000000,1.000000,0.000000,0,0,0.000000,0.000000,0.000000,0.000000,0.000000,0,0,0,0,0,0.000000,0,0,0,0,0,0,0,0,0,0,0,0,0.000000,0.000000,0.000000,0.000000,0.000000,0.000000,0.000000,0.000000,0.000000,0.000000,0.000000,0.000000,0.000000,0.000000,0.000000,0.000000,0.000000,0.000000,0.000000,0.000000,0.000000
22852,0.811978,-0.060306,-0.003100,-0.580556,0.000000,0.000000,0.000000,-0.074000,0.093000,-0.982000,23.139784,100294.304688,86.159996,86.180000,-0.020000,-0.010000,30,1,1,1,3,22,1,22,37.5417721,127.0795377,28.118,0.440000,1.008000,0.001000,0.008000,0.002000,0.112000,1000,1000,1000,1000,1000.000000,1000.000000,1000.000000,1000.000000,0.000000,0.000000,1000.000000,0,0,0,0,0,0.000000,0.000000,0,1,0,0,0,4376,0.000000,0,0.000000,0.000000,0.000000,0.000000,0.000000,0.000000,0,0.000000,0.000000,0.000000,0.000000,0.000000,0.000000,0.000000,0.000000,0.000000,0.000000,0.000000,0.000000,0.000000,0.250000,0.250000,1.000000,1.000000,1.000000,0.000000,0,0,0.000000,0.000000,0.000000,0.000000,0.000000,0,0,0,0,0,0.000000,0,0,0,0,0,0,0,0,0,0,0,0,0.000000,0.000000,0.000000,0.000000,0.000000,0.000000,0.000000,0.000000,0.000000,0.000000,0.000000,0.000000,0.000000,0.000000,0.000000,0.000000,0.000000,0.000000,0.000000,0.000000,0.000000
22956,0.811978,-0.060306,-0.003100,-0.580556,0.000000,0.000000,0.000000,-0.074000,0.092000,-0.985000,23.139750,100294.804688,86.119995,86.180000,-0.060000,-0.020000,6,1,1,1,3,22,1,22,37.5417721,127.0795377,28.118,0.440000,1.008000,0.001000,0.008000,0.002000,0.112000,1000,1000,1000,1000,1000.000000,1000.000000,1000.000000,1000.000000,0.000000,0.000000,1000.000000,0,0,0,0,0,0.000000,0.000000,0,1,0,0,0,4480,0.000000,0,0.000000,0.000000,0.000000,0.000000,0.000000,0.000000,0,0.000000,0.000000,0.000000,0.000000,0.000000,0.000000,0.000000,0.000000,0.000000,0.000000,0.000000,0.000000,0.000000,0.250000,0.250000,1.000000,1.000000,1.000000,0.000000,0,0,0.000000,0.000000,0.000000,0.000000,0.000000,0,0,0,0,0,0.000000,0,0,0,0,0,0,0,0,0,0,0,0,0.000000,0.000000,0.000000,0.000000,0.000000,0.000000,0.000000,0.000000,0.000000,0.000000,0.000000,0.000000,0.000000,0.000000,0.000000,0.000000,0.000000,0.000000,0.000000,0.000000,0.000000
23043,0.811978,-0.060306,-0.003100,-0.580556,0.000000,0.000000,0.000000,-0.074000,0.092000,-0.984000,23.136997,100294.601563,86.139999,86.180000,-0.040000,-0.010000,5,1,1,1,3,22,1,22,37.5417721,127.0795378,28.096,0.439000,1.006000,0.008000,-0.004000,0.008000,0.111000,1000,1000,1000,1000,1000.000000,1000.000000,1000.000000,1000.000000,0.000000,0.000000,1000.000000,0,0,0,0,0,0.000000,0.000000,0,1,0,0,0,4566,0.000000,0,0.000000,0.000000,0.000000,0.000000,0.000000,0.000000,0,0.000000,0.000000,0.000000,0.000000,0.000000,0.000000,0.000000,0.000000,0.000000,0.000000,0.000000,0.000000,0.000000,0.250000,0.250000,1.000000,1.000000,1.000000,0.000000,0,0,0.000000,0.000000,0.000000,0.000000,0.000000,0,0,0,0,0,0.000000,0,0,0,0,0,0,0,0,0,0,0,0,0.000000,0.000000,0.000000,0.000000,0.000000,0.000000,0.000000,0.000000,0.000000,0.000000,0.000000,0.000000,0.000000,0.000000,0.000000,0.000000,0.000000,0.000000,0.000000,0.000000,0.000000
23152,0.811978,-0.060306,-0.003100,-0.580556,0.000000,0.000000,0.000000,-0.075000,0.092000,-0.983000,23.140732,100294.000000,86.189995,86.180000,0.010000,-0.020000,30,1,1,1,3,23,1,23,37.5417720,127.0795378,28.077,0.438000,1.004000,-0.006000,-0.003000,0.006000,0.089000,1000,1000,1000,1000,1000.000000,1000.000000,1000.000000,1000.000000,0.000000,0.000000,1000.000000,0,0,0,0,0,0.000000,0.000000,0,1,0,0,0,4676,0.000000,0,0.000000,0.000000,0.000000,0.000000,0.000000,0.000000,0,0.000000,0.000000,0.000000,0.000000,0.000000,0.000000,0.000000,0.000000,0.000000,0.000000,0.000000,0.000000,0.000000,0.250000,0.250000,1.000000,1.000000,1.000000,0.000000,0,0,0.000000,0.000000,0.000000,0.000000,0.000000,0,0,0,0,0,0.000000,0,0,0,0,0,0,0,0,0,0,0,0,0.000000,0.000000,0.000000,0.000000,0.000000,0.000000,0.000000,0.000000,0.000000,0.000000,0.000000,0.000000,0.000000,0.000000,0.000000,0.000000,0.000000,0.000000,0.000000,0.000000,0.000000
23256,0.811978,-0.060306,-0.003100,-0.580556,0.000000,0.000000,0.000000,-0.075000,0.093000,-0.986000,23.143764,100295.500000,86.070000,86.180000,-0.110000,-0.020000,6,1,1,1,3,23,1,23,37.5417720,127.0795378,28.059,0.437000,1.001000,-0.002000,-0.001000,0.001000,0.079000,1000,1000,1000,1000,1000.000000,1000.000000,1000.000000,1000.000000,0.000000,0.000000,1000.000000,0,0,0,0,0,0.000000,0.000000,0,1,0,0,0,4780,0.000000,0,0.000000,0.000000,0.000000,0.000000,0.000000,0.000000,0,0.000000,0.000000,0.000000,0.000000,0.000000,0.000000,0.000000,0.000000,0.000000,0.000000,0.000000,0.000000,0.000000,0.250000,0.250000,1.000000,1.000000,1.000000,0.000000,0,0,0.000000,0.000000,0.000000,0.000000,0.000000,0,0,0,0,0,0.000000,0,0,0,0,0,0,0,0,0,0,0,0,0.000000,0.000000,0.000000,0.000000,0.000000,0.000000,0.000000,0.000000,0.000000,0.000000,0.000000,0.000000,0.000000,0.000000,0.000000,0.000000,0.000000,0.000000,0.000000,0.000000,0.000000
23343,0.811978,-0.060306,-0.003100,-0.580556,0.000000,0.000000,0.000000,-0.074000,0.094000,-0.985000,23.140503,100294.398438,86.159996,86.180000,-0.020000,-0.010000,5,1,1,1,3,23,1,23,37.5417720,127.0795378,28.059,0.437000,1.001000,-0.002000,-0.001000,0.001000,0.079000,1000,1000,1000,1000,1000.000000,1000.000000,1000.000000,1000.000000,0.000000,0.000000,1000.000000,0,0,0,0,0,0.000000,0.000000,0,1,0,0,0,4866,0.000000,0,0.000000,0.000000,0.000000,0.000000,0.000000,0.000000,0,0.000000,0.000000,0.000000,0.000000,0.000000,0.000000,0.000000,0.000000,0.000000,0.000000,0.000000,0.000000,0.000000,0.250000,0.250000,1.000000,1.000000,1.000000,0.000000,0,0,0.000000,0.000000,0.000000,0.000000,0.000000,0,0,0,0,0,0.000000,0,0,0,0,0,0,0,0,0,0,0,0,0.000000,0.000000,0.000000,0.000000,0.000000,0.000000,0.000000,0.000000,0.000000,0.000000,0.000000,0.000000,0.000000,0.000000,0.000000,0.000000,0.000000,0.000000,0.000000,0.000000,0.000000
23447,0.811978,-0.060306,-0.003100,-0.580556,0.000000,0.000000,0.000000,-0.074000,0.093000,-0.985000,23.139277,100293.000000,86.279999,86.180000,0.100000,0.010000,25,1,1,1,3,23,1,23,37.5417720,127.0795379,28.047,0.436000,0.999000,-0.009000,0.005000,-0.008000,0.112000,1000,1000,1000,1000,1000.000000,1000.000000,1000.000000,1000.000000,0.000000,0.000000,1000.000000,0,0,0,0,0,0.000000,0.000000,0,1,0,0,0,4971,0.000000,0,0.000000,0.000000,0.000000,0.000000,0.000000,0.000000,0,0.000000,0.000000,0.000000,0.000000,0.000000,0.000000,0.000000,0.000000,0.000000,0.000000,0.000000,0.000000,0.000000,0.250000,0.250000,1.000000,1.000000,1.000000,0.000000,0,0,0.000000,0.000000,0.000000,0.000000,0.000000,0,0,0,0,0,0.000000,0,0,0,0,0,0,0,0,0,0,0,0,0.000000,0.000000,0.000000,0.000000,0.000000,0.000000,0.000000,0.000000,0.000000,0.000000,0.000000,0.000000,0.000000,0.000000,0.000000,0.000000,0.000000,0.000000,0.000000,0.000000,0.000000
23555,0.811978,-0.060306,-0.003100,-0.580556,0.000000,0.000000,0.000000,-0.073000,0.092000,-0.985000,23.143045,100294.203125,86.180000,86.180000,0.000000,0.010000,7,1,1,1,3,23,1,23,37.5417719,127.0795380,28.039,0.434000,0.997000,0.005000,-0.029000,-0.002000,0.116000,1000,1000,1000,1000,1000.000000,1000.000000,1000.000000,1000.000000,0.000000,0.000000,1000.000000,0,0,0,0,0,0.000000,0.000000,0,1,0,0,0,5079,0.000000,0,0.000000,0.000000,0.000000,0.000000,0.000000,0.000000,0,0.000000,0.000000,0.000000,0.000000,0.000000,0.000000,0.000000,0.000000,0.000000,0.000000,0.000000,0.000000,0.000000,0.250000,0.250000,1.000000,1.000000,1.000000,0.000000,0,0,0.000000,0.000000,0.000000,0.000000,0.000000,0,0,0,0,0,0.000000,0,0,0,0,0,0,0,0,0,0,0,0,0.000000,0.000000,0.000000,0.000000,0.000000,0.000000,0.000000,0.000000,0.000000,0.000000,0.000000,0.000000,0.000000,0.000000,0.000000,0.000000,0.000000,0.000000,0.000000,0.000000,0.000000
23657,0.811978,-0.060306,-0.003100,-0.580556,0.000000,0.000000,0.000000,-0.073000,0.094000,-0.984000,23.143974,100294.304688,86.159996,86.180000,-0.020000,0.000000,21,1,1,1,3,23,1,23,37.5417719,127.0795381,28.019,0.433000,0.995000,0.001000,0.015000,0.000000,0.122000,1000,1000,1000,1000,1000.000000,1000.000000,1000.000000,1000.000000,0.000000,0.000000,1000.000000,0,0,0,0,0,0.000000,0.000000,0,1,0,0,0,5181,0.000000,0,0.000000,0.000000,0.000000,0.000000,0.000000,0.000000,0,0.000000,0.000000,0.000000,0.000000,0.000000,0.000000,0.000000,0.000000,0.000000,0.000000,0.000000,0.000000,0.000000,0.250000,0.250000,1.000000,1.000000,1.000000,0.000000,0,0,0.000000,0.000000,0.000000,0.000000,0.000000,0,0,0,0,0,0.000000,0,0,0,0,0,0,0,0,0,0,0,0,0.000000,0.000000,0.000000,0.000000,0.000000,0.000000,0.000000,0.000000,0.000000,0.000000,0.000000,0.000000,0.000000,0.000000,0.000000,0.000000,0.000000,0.000000,0.000000,0.000000,0.000000
23743,0.811978,-0.060306,-0.003100,-0.580556,0.000000,0.000000,0.000000,-0.075000,0.093000,-0.982000,23.145658,100294.601563,86.139999,86.180000,-0.040000,-0.010000,23,1,1,1,3,23,1,23,37.5417718,127.0795381,28.019,0.432000,0.992000,0.000000,0.004000,-0.012000,0.119000,1000,1000,1000,1000,1000.000000,1000.000000,1000.000000,1000.000000,0.000000,0.000000,1000.000000,0,0,0,0,0,0.000000,0.000000,0,1,0,0,0,5266,0.000000,0,0.000000,0.000000,0.000000,0.000000,0.000000,0.000000,0,0.000000,0.000000,0.000000,0.000000,0.000000,0.000000,0.000000,0.000000,0.000000,0.000000,0.000000,0.000000,0.000000,0.250000,0.250000,1.000000,1.000000,1.000000,0.000000,0,0,0.000000,0.000000,0.000000,0.000000,0.000000,0,0,0,0,0,0.000000,0,0,0,0,0,0,0,0,0,0,0,0,0.000000,0.000000,0.000000,0.000000,0.000000,0.000000,0.000000,0.000000,0.000000,0.000000,0.000000,0.000000,0.000000,0.000000,0.000000,0.000000,0.000000,0.000000,0.000000,0.000000,0.000000
23852,0.811978,-0.060306,-0.003100,-0.580556,0.000000,0.000000,0.000000,-0.073000,0.094000,-0.983000,23.141485,100293.101563,86.269997,86.180000,0.090000,-0.010000,3,1,1,1,3,23,1,23,37.5417718,127.0795382,28.002,0.431000,0.990000,0.005000,-0.002000,0.010000,0.116000,1000,1000,1000,1000,1000.000000,1000.000000,1000.000000,1000.000000,0.000000,0.000000,1000.000000,0,0,0,0,0,0.000000,0.000000,0,1,0,0,0,5376,0.000000,0,0.000000,0.000000,0.000000,0.000000,0.000000,0.000000,0,0.000000,0.000000,0.000000,0.000000,0.000000,0.000000,0.000000,0.000000,0.000000,0.000000,0.000000,0.000000,0.000000,0.250000,0.250000,1.000000,1.000000,1.000000,0.000000,0,0,0.000000,0.000000,0.000000,0.000000,0.000000,0,0,0,0,0,0.000000,0,0,0,0,0,0,0,0,0,0,0,0,0.000000,0.000000,0.000000,0.000000,0.000000,0.000000,0.000000,0.000000,0.000000,0.000000,0.000000,0.000000,0.000000,0.000000,0.000000,0.000000,0.000000,0.000000,0.000000,0.000000,0.000000
23957,0.811978,-0.060306,-0.003100,-0.580556,0.000000,0.000000,0.000000,-0.073000,0.093000,-0.984000,23.140732,100293.804688,86.209999,86.180000,0.030000,-0.010000,19,1,1,1,3,23,1,23,37.5417718,127.0795382,28.002,0.431000,0.990000,0.005000,-0.002000,0.010000,0.116000,1000,1000,1000,1000,1000.000000,1000.000000,1000.000000,1000.000000,0.000000,0.000000,1000.000000,0,0,0,0,0,0.000000,0.000000,0,1,0,0,0,5481,0.000000,0,0.000000,0.000000,0.000000,0.000000,0.000000,0.000000,0,0.000000,0.000000,0.000000,0.000000,0.000000,0.000000,0.000000,0.000000,0.000000,0.000000,0.000000,0.000000,0.000000,0.250000,0.250000,1.000000,1.000000,1.000000,0.000000,0,0,0.000000,0.000000,0.000000,0.000000,0.000000,0,0,0,0,0,0.000000,0,0,0,0,0,0,0,0,0,0,0,0,0.000000,0.000000,0.000000,0.000000,0.000000,0.000000,0.000000,0.000000,0.000000,0.000000,0.000000,0.000000,0.000000,0.000000,0.000000,0.000000,0.000000,0.000000,0.000000,0.000000,0.000000
24043,0.811931,-0.060302,-0.003100,-0.580622,0.000000,0.000000,0.000000,-0.074000,0.094000,-0.984000,23.143221,100294.101563,86.180000,86.180000,0.000000,0.000000,20,1,1,1,3,23,1,23,37.5417717,127.0795382,27.997,0.431000,0.988000,0.007000,0.002000,0.002000,0.097000,1000,1000,1000,1000,1000.000000,1000.000000,1000.000000,1000.000000,0.000000,0.000000,1000.000000,0,0,0,0,0,0.000000,0.000000,0,1,0,0,0,5567,0.000000,0,0.000000,0.000000,0.000000,0.000000,0.000000,0.000000,0,0.000000,0.000000,0.000000,0.000000,0.000000,0.000000,0.000000,0.000000,0.000000,0.000000,0.000000,0.000000,0.000000,0.250000,0.250000,1.000000,1.000000,1.000000,0.000000,0,0,0.000000,0.000000,0.000000,0.000000,0.000000,0,0,0,0,0,0.000000,0,0,0,0,0,0,0,0,0,0,0,0,0.000000,0.000000,0.000000,0.000000,0.000000,0.000000,0.000000,0.000000,0.000000,0.000000,0.000000,0.000000,0.000000,0.000000,0.000000,0.000000,0.000000,0.000000,0.000000,0.000000,0.000000
24152,0.811931,-0.060302,-0.003100,-0.580622,0.000000,0.000000,0.000000,-0.075000,0.094000,-0.984000,23.148516,100293.500000,86.229996,86.180000,0.050000,0.010000,2,1,1,1,3,23,1,23,37.5417717,127.0795382,27.989,0.430000,0.986000,0.002000,-0.013000,0.013000,0.124000,1000,1000,1000,1000,1000.000000,1000.000000,1000.000000,1000.000000,0.000000,0.000000,1000.000000,0,0,0,0,0,0.000000,0.000000,0,1,0,0,0,5676,0.000000,0,0.000000,0.000000,0.000000,0.000000,0.000000,0.000000,0,0.000000,0.000000,0.000000,0.000000,0.000000,0.000000,0.000000,0.000000,0.000000,0.000000,0.000000,0.000000,0.000000,0.250000,0.250000,1.000000,1.000000,1.000000,0.000000,0,0,0.000000,0.000000,0.000000,0.000000,0.000000,0,0,0,0,0,0.000000,0,0,0,0,0,0,0,0,0,0,0,0,0.000000,0.000000,0.000000,0.000000,0.000000,0.000000,0.000000,0.000000,0.000000,0.000000,0.000000,0.000000,0.000000,0.000000,0.000000,0.000000,0.000000,0.000000,0.000000,0.000000,0.000000
24257,0.811931,-0.060302,-0.003100,-0.580622,0.000000,0.000000,0.000000,-0.076000,0.092000,-0.985000,23.145378,100294.500000,86.150002,86.180000,-0.030000,0.010000,19,1,1,1,3,23,1,23,37.5417717,127.0795382,27.982,0.429000,0.984000,-0.012000,0.009000,0.003000,0.081000,1000,1000,1000,1000,1000.000000,1000.000000,1000.000000,1000.000000,0.000000,0.000000,1000.000000,0,0,0,0,0,0.000000,0.000000,0,1,0,0,0,5781,0.000000,0,0.000000,0.000000,0.000000,0.000000,0.000000,0.000000,0,0.000000,0.000000,0.000000,0.000000,0.000000,0.000000,0.000000,0.000000,0.000000,0.000000,0.000000,0.000000,0.000000,0.250000,0.250000,1.000000,1.000000,1.000000,0.000000,0,0,0.000000,0.000000,0.000000,0.000000,0.000000,0,0,0,0,0,0.000000,0,0,0,0,0,0,0,0,0,0,0,0,0.000000,0.000000,0.000000,0.000000,0.000000,0.000000,0.000000,0.000000,0.000000,0.000000,0.000000,0.000000,0.000000,0.000000,0.000000,0.000000,0.000000,0.000000,0.000000,0.000000,0.000000
24343,0.811931,-0.060302,-0.003100,-0.580622,0.000000,0.000000,0.000000,-0.073000,0.093000,-0.982000,23.146587,100294.398438,86.159996,86.180000,-0.020000,0.010000,21,1,1,1,3,23,1,23,37.5417717,127.0795382,27.982,0.429000,0.984000,-0.012000,0.009000,0.003000,0.081000,1000,1000,1000,1000,1000.000000,1000.000000,1000.000000,1000.000000,0.000000,0.000000,1000.000000,0,0,0,0,0,0.000000,0.000000,0,1,0,0,0,5866,0.000000,0,0.000000,0.000000,0.000000,0.000000,0.000000,0.000000,0,0.000000,0.000000,0.000000,0.000000,0.000000,0.000000,0.000000,0.000000,0.000000,0.000000,0.000000,0.000000,0.000000,0.250000,0.250000,1.000000,1.000000,1.000000,0.000000,0,0,0.000000,0.000000,0.000000,0.000000,0.000000,0,0,0,0,0,0.000000,0,0,0,0,0,0,0,0,0,0,0,0,0.000000,0.000000,0.000000,0.000000,0.000000,0.000000,0.000000,0.000000,0.000000,0.000000,0.000000,0.000000,0.000000,0.000000,0.000000,0.000000,0.000000,0.000000,0.000000,0.000000,0.000000
24453,0.811931,-0.060302,-0.003100,-0.580622,0.000000,0.000000,0.000000,-0.074000,0.092000,-0.985000,23.147552,100294.101563,86.180000,86.180000,0.000000,0.010000,0,1,1,1,3,23,1,23,37.5417716,127.0795383,27.973,0.428000,0.982000,0.009000,0.010000,-0.006000,0.110000,1000,1000,1000,1000,1000.000000,1000.000000,1000.000000,1000.000000,0.000000,0.000000,1000.000000,0,0,0,0,0,0.000000,0.000000,0,1,0,0,0,5977,0.000000,0,0.000000,0.000000,0.000000,0.000000,0.000000,0.000000,0,0.000000,0.000000,0.000000,0.000000,0.000000,0.000000,0.000000,0.000000,0.000000,0.000000,0.000000,0.000000,0.000000,0.250000,0.250000,1.000000,1.000000,1.000000,0.000000,0,0,0.000000,0.000000,0.000000,0.000000,0.000000,0,0,0,0,0,0.000000,0,0,0,0,0,0,0,0,0,0,0,0,0.000000,0.000000,0.000000,0.000000,0.000000,0.000000,0.000000,0.000000,0.000000,0.000000,0.000000,0.000000,0.000000,0.000000,0.000000,0.000000,0.000000,0.000000,0.000000,0.000000,0.000000
24557,0.811931,-0.060302,-0.003100,-0.580622,0.000000,0.000000,0.000000,-0.074000,0.092000,-0.984000,23.152899,100295.601563,86.059998,86.180000,-0.120000,-0.020000,19,1,1,1,3,23,1,23,37.5417716,127.0795383,27.969,0.427000,0.980000,-0.011000,-0.015000,-0.008000,0.122000,1000,1000,1000,1000,1000.000000,1000.000000,1000.000000,1000.000000,0.000000,0.000000,1000.000000,0,0,0,0,0,0.000000,0.000000,0,1,0,0,0,6081,0.000000,0,0.000000,0.000000,0.000000,0.000000,0.000000,0.000000,0,0.000000,0.000000,0.000000,0.000000,0.000000,0.000000,0.000000,0.000000,0.000000,0.000000,0.000000,0.000000,0.000000,0.250000,0.250000,1.000000,1.000000,1.000000,0.000000,0,0,0.000000,0.000000,0.000000,0.000000,0.000000,0,0,0,0,0,0.000000,0,0,0,0,0,0,0,0,0,0,0,0,0.000000,0.000000,0.000000,0.000000,0.000000,0.000000,0.000000,0.000000,0.000000,0.000000,0.000000,0.000000,0.000000,0.000000,0.000000,0.000000,0.000000,0.000000,0.000000,0.000000,0.000000
24643,0.811931,-0.060302,-0.003100,-0.580622,0.000000,0.000000,0.000000,-0.076000,0.093000,-0.984000,23.146534,100294.101563,86.180000,86.180000,0.000000,-0.020000,21,1,1,1,3,23,1,23,37.5417716,127.0795383,27.956,0.426000,0.978000,0.018000,-0.001000,0.000000,0.081000,1000,1000,1000,1000,1000.000000,1000.000000,1000.000000,1000.000000,0.000000,0.000000,1000.000000,0,0,0,0,0,0.000000,0.000000,0,1,0,0,0,6166,0.000000,0,0.000000,0.000000,0.000000,0.000000,0.000000,0.000000,0,0.000000,0.000000,0.000000,0.000000,0.000000,0.000000,0.000000,0.000000,0.000000,0.000000,0.000000,0.000000,0.000000,0.250000,0.250000,1.000000,1.000000,1.000000,0.000000,0,0,0.000000,0.000000,0.000000,0.000000,0.000000,0,0,0,0,0,0.000000,0,0,0,0,0,0,0,0,0,0,0,0,0.000000,0.000000,0.000000,0.000000,0.000000,0.000000,0.000000,0.000000,0.000000,0.000000,0.000000,0.000000,0.000000,0.000000,0.000000,0.000000,0.000000,0.000000,0.000000,0.000000,0.000000
24748,0.811936,-0.060203,-0.003100,-0.580626,0.000000,0.000000,0.000000,-0.074000,0.093000,-0.983000,23.148550,100294.500000,86.150002,86.180000,-0.030000,-0.010000,0,1,1,1,3,23,1,23,37.5417716,127.0795383,27.953,0.425000,0.976000,-0.016000,-0.004000,-0.004000,0.099000,1000,1000,1000,1000,1000.000000,1000.000000,1000.000000,1000.000000,0.000000,0.000000,1000.000000,0,0,0,0,0,0.000000,0.000000,0,1,0,0,0,6272,0.000000,0,0.000000,0.000000,0.000000,0.000000,0.000000,0.000000,0,0.000000,0.000000,0.000000,0.000000,0.000000,0.000000,0.000000,0.000000,0.000000,0.000000,0.000000,0.000000,0.000000,0.250000,0.250000,1.000000,1.000000,1.000000,0.000000,0,0,0.000000,0.000000,0.000000,0.000000,0.000000,0,0,0,0,0,0.000000,0,0,0,0,0,0,0,0,0,0,0,0,0.000000,0.000000,0.000000,0.000000,0.000000,0.000000,0.000000,0.000000,0.000000,0.000000,0.000000,0.000000,0.000000,0.000000,0.000000,0.000000,0.000000,0.000000,0.000000,0.000000,0.000000
24855,0.811931,-0.060302,-0.003100,-0.580622,0.000000,0.000000,0.000000,-0.075000,0.095000,-0.983000,23.153250,100296.304688,86.000000,86.180000,-0.180000,-0.040000,19,1,1,1,3,23,1,23,37.5417715,127.0795383,27.961,0.424000,0.974000,-0.012000,-0.021000,-0.016000,0.123000,1000,1000,1000,1000,1000.000000,1000.000000,1000.000000,1000.000000,0.000000,0.000000,1000.000000,0,0,0,0,0,0.000000,0.000000,0,1,0,0,0,6379,0.000000,0,0.000000,0.000000,0.000000,0.000000,0.000000,0.000000,0,0.000000,0.000000,0.000000,0.000000,0.000000,0.000000,0.000000,0.000000,0.000000,0.000000,0.000000,0.000000,0.000000,0.250000,0.250000,1.000000,1.000000,1.000000,0.000000,0,0,0.000000,0.000000,0.000000,0.000000,0.000000,0,0,0,0,0,0.000000,0,0,0,0,0,0,0,0,0,0,0,0,0.000000,0.000000,0.000000,0.000000,0.000000,0.000000,0.000000,0.000000,0.000000,0.000000,0.000000,0.000000,0.000000,0.000000,0.000000,0.000000,0.000000,0.000000,0.000000,0.000000,0.000000
24943,0.811931,-0.060302,-0.003100,-0.580622,0.000000,0.000000,0.000000,-0.073000,0.093000,-0.984000,23.148218,100293.398438,86.239998,86.180000,0.060000,-0.030000,23,1,1,1,3,23,1,23,37.5417715,127.0795383,27.961,0.424000,0.974000,-0.012000,-0.021000,-0.016000,0.123000,1000,1000,1000,1000,1000.000000,1000.000000,1000.000000,1000.000000,0.000000,0.000000,1000.000000,0,0,0,0,0,0.000000,0.000000,0,1,0,0,0,6466,0.000000,0,0.000000,0.000000,0.000000,0.000000,0.000000,0.000000,0,0.000000,0.000000,0.000000,0.000000,0.000000,0.000000,0.000000,0.000000,0.000000,0.000000,0.000000,0.000000,0.000000,0.250000,0.250000,1.000000,1.000000,1.000000,0.000000,0,0,0.000000,0.000000,0.000000,0.000000,0.000000,0,0,0,0,0,0.000000,0,0,0,0,0,0,0,0,0,0,0,0,0.000000,0.000000,0.000000,0.000000,0.000000,0.000000,0.000000,0.000000,0.000000,0.000000,0.000000,0.000000,0.000000,0.000000,0.000000,0.000000,0.000000,0.000000,0.000000,0.000000,0.000000
25052,0.811931,-0.060302,-0.003000,-0.580622,0.000000,0.000000,0.000000,-0.074000,0.091000,-0.986000,23.148008,100293.398438,86.239998,86.180000,0.060000,0.010000,3,1,1,1,3,23,1,23,37.5417715,127.0795383,27.956,0.423000,0.972000,-0.004000,-0.005000,-0.027000,0.124000,1000,1000,1000,1000,1000.000000,1000.000000,1000.000000,1000.000000,0.000000,0.000000,1000.000000,0,0,0,0,0,0.000000,0.000000,0,1,0,0,0,6576,0.000000,0,0.000000,0.000000,0.000000,0.000000,0.000000,0.000000,0,0.000000,0.000000,0.000000,0.000000,0.000000,0.000000,0.000000,0.000000,0.000000,0.000000,0.000000,0.000000,0.000000,0.250000,0.250000,1.000000,1.000000,1.000000,0.000000,0,0,0.000000,0.000000,0.000000,0.000000,0.000000,0,0,0,0,0,0.000000,0,0,0,0,0,0,0,0,0,0,0,0,0.000000,0.000000,0.000000,0.000000,0.000000,0.000000,0.000000,0.000000,0.000000,0.000000,0.000000,0.000000,0.000000,0.000000,0.000000,0.000000,0.000000,0.000000,0.000000,0.000000,0.000000
25157,0.811936,-0.060203,-0.003100,-0.580626,0.000000,0.000000,0.000000,-0.074000,0.091000,-0.982000,23.149042,100293.804688,86.209999,86.180000,0.030000,0.010000,19,1,1,1,3,23,1,23,37.5417714,127.0795383,27.946,0.423000,0.969000,-0.008000,-0.003000,-0.024000,0.123000,1000,1000,1000,1000,1000.000000,1000.000000,1000.000000,1000.000000,0.000000,0.000000,1000.000000,0,0,0,0,0,0.000000,0.000000,0,1,0,0,0,6681,0.000000,0,0.000000,0.000000,0.000000,0.000000,0.000000,0.000000,0,0.000000,0.000000,0.000000,0.000000,0.000000,0.000000,0.000000,0.000000,0.000000,0.000000,0.000000,0.000000,0.000000,0.250000,0.250000,1.000000,1.000000,1.000000,0.000000,0,0,0.000000,0.000000,0.000000,0.000000,0.000000,0,0,0,0,0,0.000000,0,0,0,0,0,0,0,0,0,0,0,0,0.000000,0.000000,0.000000,0.000000,0.000000,0.000000,0.000000,0.000000,0.000000,0.000000,0.000000,0.000000,0.000000,0.000000,0.000000,0.000000,0.000000,0.000000,0.000000,0.000000,0.000000
25243,0.811936,-0.060203,-0.003100,-0.580626,0.000000,0.000000,0.000000,-0.073000,0.093000,-0.985000,23.151304,100293.398438,86.239998,86.180000,0.060000,0.020000,21,1,1,1,3,23,1,23,37.5417714,127.0795383,27.932,0.422000,0.967000,0.001000,0.002000,-0.021000,0.104000,1000,1000,1000,1000,1000.000000,1000.000000,1000.000000,1000.000000,0.000000,0.000000,1000.000000,0,0,0,0,0,0.000000,0.000000,0,1,0,0,0,6766,0.000000,0,0.000000,0.000000,0.000000,0.000000,0.000000,0.000000,0,0.000000,0.000000,0.000000,0.000000,0.000000,0.000000,0.000000,0.000000,0.000000,0.000000,0.000000,0.000000,0.000000,0.250000,0.250000,1.000000,1.000000,1.000000,0.000000,0,0,0.000000,0.000000,0.000000,0.000000,0.000000,0,0,0,0,0,0.000000,0,0,0,0,0,0,0,0,0,0,0,0,0.000000,0.000000,0.000000,0.000000,0.000000,0.000000,0.000000,0.000000,0.000000,0.000000,0.000000,0.000000,0.000000,0.000000,0.000000,0.000000,0.000000,0.000000,0.000000,0.000000,0.000000
25352,0.811936,-0.060203,-0.003000,-0.580626,0.000000,0.000000,0.000000,-0.075000,0.094000,-0.985000,23.151567,100294.398438,86.159996,86.180000,-0.020000,0.020000,4,1,1,1,3,23,1,23,37.5417714,127.0795383,27.932,0.422000,0.967000,0.001000,0.002000,-0.021000,0.104000,1000,1000,1000,1000,1000.000000,1000.000000,1000.000000,1000.000000,0.000000,0.000000,1000.000000,0,0,0,0,0,0.000000,0.000000,0,1,0,0,0,6876,0.000000,0,0.000000,0.000000,0.000000,0.000000,0.000000,0.000000,0,0.000000,0.000000,0.000000,0.000000,0.000000,0.000000,0.000000,0.000000,0.000000,0.000000,0.000000,0.000000,0.000000,0.250000,0.250000,1.000000,1.000000,1.000000,0.000000,0,0,0.000000,0.000000,0.000000,0.000000,0.000000,0,0,0,0,0,0.000000,0,0,0,0,0,0,0,0,0,0,0,0,0.000000,0.000000,0.000000,0.000000,0.000000,0.000000,0.000000,0.000000,0.000000,0.000000,0.000000,0.000000,0.000000,0.000000,0.000000,0.000000,0.000000,0.000000,0.000000,0.000000,0.000000
25456,0.811931,-0.060302,-0.003000,-0.580622,0.000000,0.000000,0.000000,-0.074000,0.094000,-0.984000,23.147182,100292.703125,86.299995,86.180000,0.120000,0.030000,20,1,1,1,3,23,1,23,37.5417714,127.0795383,27.926,0.421000,0.965000,-0.011000,-0.028000,-0.033000,0.122000,1000,1000,1000,1000,1000.000000,1000.000000,1000.000000,1000.000000,0.000000,0.000000,1000.000000,0,0,0,0,0,0.000000,0.000000,0,1,0,0,0,6980,0.000000,0,0.000000,0.000000,0.000000,0.000000,0.000000,0.000000,0,0.000000,0.000000,0.000000,0.000000,0.000000,0.000000,0.000000,0.000000,0.000000,0.000000,0.000000,0.000000,0.000000,0.250000,0.250000,1.000000,1.000000,1.000000,0.000000,0,0,0.000000,0.000000,0.000000,0.000000,0.000000,0,0,0,0,0,0.000000,0,0,0,0,0,0,0,0,0,0,0,0,0.000000,0.000000,0.000000,0.000000,0.000000,0.000000,0.000000,0.000000,0.000000,0.000000,0.000000,0.000000,0.000000,0.000000,0.000000,0.000000,0.000000,0.000000,0.000000,0.000000,0.000000
25543,0.811931,-0.060302,-0.003000,-0.580622,0.000000,0.000000,0.000000,-0.074000,0.093000,-0.984000,23.154844,100294.398438,86.159996,86.180000,-0.020000,0.020000,23,1,1,1,3,23,1,23,37.5417714,127.0795384,27.909,0.420000,0.963000,-0.004000,0.045000,-0.034000,0.119000,1000,1000,1000,1000,1000.000000,1000.000000,1000.000000,1000.000000,0.000000,0.000000,1000.000000,0,0,0,0,0,0.000000,0.000000,0,1,0,0,0,7066,0.000000,0,0.000000,0.000000,0.000000,0.000000,0.000000,0.000000,0,0.000000,0.000000,0.000000,0.000000,0.000000,0.000000,0.000000,0.000000,0.000000,0.000000,0.000000,0.000000,0.000000,0.250000,0.250000,1.000000,1.000000,1.000000,0.000000,0,0,0.000000,0.000000,0.000000,0.000000,0.000000,0,0,0,0,0,0.000000,0,0,0,0,0,0,0,0,0,0,0,0,0.000000,0.000000,0.000000,0.000000,0.000000,0.000000,0.000000,0.000000,0.000000,0.000000,0.000000,0.000000,0.000000,0.000000,0.000000,0.000000,0.000000,0.000000,0.000000,0.000000,0.000000
25649,0.811931,-0.060302,-0.003000,-0.580622,0.000000,0.000000,0.000000,-0.075000,0.094000,-0.985000,23.153021,100294.101563,86.180000,86.180000,0.000000,-0.010000,0,1,1,1,3,23,1,23,37.5417713,127.0795384,27.889,0.419000,0.961000,-0.006000,-0.018000,-0.017000,0.121000,1000,1000,1000,1000,1000.000000,1000.000000,1000.000000,1000.000000,0.000000,0.000000,1000.000000,0,0,0,0,0,0.000000,0.000000,0,1,0,0,0,7173,0.000000,0,0.000000,0.000000,0.000000,0.000000,0.000000,0.000000,0,0.000000,0.000000,0.000000,0.000000,0.000000,0.000000,0.000000,0.000000,0.000000,0.000000,0.000000,0.000000,0.000000,0.250000,0.250000,1.000000,1.000000,1.000000,0.000000,0,0,0.000000,0.000000,0.000000,0.000000,0.000000,0,0,0,0,0,0.000000,0,0,0,0,0,0,0,0,0,0,0,0,0.000000,0.000000,0.000000,0.000000,0.000000,0.000000,0.000000,0.000000,0.000000,0.000000,0.000000,0.000000,0.000000,0.000000,0.000000,0.000000,0.000000,0.000000,0.000000,0.000000,0.000000
25757,0.811931,-0.060302,-0.003000,-0.580622,0.000000,0.000000,0.000000,-0.073000,0.095000,-0.985000,23.148357,100292.203125,86.339996,86.180000,0.160000,0.020000,19,1,1,1,3,23,1,23,37.5417713,127.0795384,27.875,0.418000,0.959000,0.003000,-0.004000,-0.019000,0.099000,1000,1000,1000,1000,1000.000000,1000.000000,1000.000000,1000.000000,0.000000,0.000000,1000.000000,0,0,0,0,0,0.000000,0.000000,0,1,0,0,0,7281,0.000000,0,0.000000,0.000000,0.000000,0.000000,0.000000,0.000000,0,0.000000,0.000000,0.000000,0.000000,0.000000,0.000000,0.000000,0.000000,0.000000,0.000000,0.000000,0.000000,0.000000,0.250000,0.250000,1.000000,1.000000,1.000000,0.000000,0,0,0.000000,0.000000,0.000000,0.000000,0.000000,0,0,0,0,0,0.000000,0,0,0,0,0,0,0,0,0,0,0,0,0.000000,0.000000,0.000000,0.000000,0.000000,0.000000,0.000000,0.000000,0.000000,0.000000,0.000000,0.000000,0.000000,0.000000,0.000000,0.000000,0.000000,0.000000,0.000000,0.000000,0.000000
25843,0.811931,-0.060302,-0.003000,-0.580622,0.000000,0.000000,0.000000,-0.073000,0.093000,-0.984000,23.152391,100294.703125,86.129997,86.180000,-0.050000,0.030000,21,1,1,1,3,23,1,23,37.5417713,127.0795384,27.875,0.418000,0.959000,0.003000,-0.004000,-0.019000,0.099000,1000,1000,1000,1000,1000.000000,1000.000000,1000.000000,1000.000000,0.000000,0.000000,1000.000000,0,0,0,0,0,0.000000,0.000000,0,1,0,0,0,7366,0.000000,0,0.000000,0.000000,0.000000,0.000000,0.000000,0.000000,0,0.000000,0.000000,0.000000,0.000000,0.000000,0.000000,0.000000,0.000000,0.000000,0.000000,0.000000,0.000000,0.000000,0.250000,0.250000,1.000000,1.000000,1.000000,0.000000,0,0,0.000000,0.000000,0.000000,0.000000,0.000000,0,0,0,0,0,0.000000,0,0,0,0,0,0,0,0,0,0,0,0,0.000000,0.000000,0.000000,0.000000,0.000000,0.000000,0.000000,0.000000,0.000000,0.000000,0.000000,0.000000,0.000000,0.000000,0.000000,0.000000,0.000000,0.000000,0.000000,0.000000,0.000000
25952,0.811931,-0.060302,-0.003000,-0.580622,0.000000,0.000000,0.000000,-0.075000,0.093000,-0.986000,23.155249,100293.898438,86.199997,86.180000,0.020000,0.040000,2,1,1,1,3,23,1,23,37.5417713,127.0795384,27.872,0.417000,0.957000,-0.010000,0.000000,-0.021000,0.122000,1000,1000,1000,1000,1000.000000,1000.000000,1000.000000,1000.000000,0.000000,0.000000,1000.000000,0,0,0,0,0,0.000000,0.000000,0,1,0,0,0,7476,0.000000,0,0.000000,0.000000,0.000000,0.000000,0.000000,0.000000,0,0.000000,0.000000,0.000000,0.000000,0.000000,0.000000,0.000000,0.000000,0.000000,0.000000,0.000000,0.000000,0.000000,0.250000,0.250000,1.000000,1.000000,1.000000,0.000000,0,0,0.000000,0.000000,0.000000,0.000000,0.000000,0,0,0,0,0,0.000000,0,0,0,0,0,0,0,0,0,0,0,0,0.000000,0.000000,0.000000,0.000000,0.000000,0.000000,0.000000,0.000000,0.000000,0.000000,0.000000,0.000000,0.000000,0.000000,0.000000,0.000000,0.000000,0.000000,0.000000,0.000000,0.000000
26048,0.811931,-0.060302,-0.003000,-0.580622,0.000000,0.000000,0.000000,-0.073000,0.093000,-0.985000,23.152250,100294.500000,86.150002,86.180000,-0.030000,0.030000,10,1,1,1,3,23,1,23,37.5417713,127.0795384,27.852,0.417000,0.955000,0.007000,0.005000,-0.011000,0.097000,1000,1000,1000,1000,1000.000000,1000.000000,1000.000000,1000.000000,0.000000,0.000000,1000.000000,0,0,0,0,0,0.000000,0.000000,0,1,0,0,0,7571,0.000000,0,0.000000,0.000000,0.000000,0.000000,0.000000,0.000000,0,0.000000,0.000000,0.000000,0.000000,0.000000,0.000000,0.000000,0.000000,0.000000,0.000000,0.000000,0.000000,0.000000,0.250000,0.250000,1.000000,1.000000,1.000000,0.000000,0,0,0.000000,0.000000,0.000000,0.000000,0.000000,0,0,0,0,0,0.000000,0,0,0,0,0,0,0,0,0,0,0,0,0.000000,0.000000,0.000000,0.000000,0.000000,0.000000,0.000000,0.000000,0.000000,0.000000,0.000000,0.000000,0.000000,0.000000,0.000000,0.000000,0.000000,0.000000,0.000000,0.000000,0.000000
26152,0.811931,-0.060302,-0.003000,-0.580622,0.000000,0.000000,0.000000,-0.074000,0.092000,-0.984000,23.157406,100294.398438,86.159996,86.180000,-0.020000,0.020000,30,1,1,1,3,23,1,23,37.5417712,127.0795384,27.843,0.416000,0.952000,-0.012000,-0.001000,-0.013000,0.114000,1000,1000,1000,1000,1000.000000,1000.000000,1000.000000,1000.000000,0.000000,0.000000,1000.000000,0,0,0,0,0,0.000000,0.000000,0,1,0,0,0,7676,0.000000,0,0.000000,0.000000,0.000000,0.000000,0.000000,0.000000,0,0.000000,0.000000,0.000000,0.000000,0.000000,0.000000,0.000000,0.000000,0.000000,0.000000,0.000000,0.000000,0.000000,0.250000,0.250000,1.000000,1.000000,1.000000,0.000000,0,0,0.000000,0.000000,0.000000,0.000000,0.000000,0,0,0,0,0,0.000000,0,0,0,0,0,0,0,0,0,0,0,0,0.000000,0.000000,0.000000,0.000000,0.000000,0.000000,0.000000,0.000000,0.000000,0.000000,0.000000,0.000000,0.000000,0.000000,0.000000,0.000000,0.000000,0.000000,0.000000,0.000000,0.000000
26256,0.811931,-0.060302,-0.003100,-0.580622,0.000000,0.000000,0.000000,-0.075000,0.093000,-0.984000,23.156862,100294.804688,86.119995,86.180000,-0.060000,0.030000,6,1,1,1,3,23,1,23,37.5417712,127.0795384,27.818,0.415000,0.950000,0.008000,0.002000,-0.006000,0.083000,1000,1000,1000,1000,1000.000000,1000.000000,1000.000000,1000.000000,0.000000,0.000000,1000.000000,0,0,0,0,0,0.000000,0.000000,0,1,0,0,0,7780,0.000000,0,0.000000,0.000000,0.000000,0.000000,0.000000,0.000000,0,0.000000,0.000000,0.000000,0.000000,0.000000,0.000000,0.000000,0.000000,0.000000,0.000000,0.000000,0.000000,0.000000,0.250000,0.250000,1.000000,1.000000,1.000000,0.000000,0,0,0.000000,0.000000,0.000000,0.000000,0.000000,0,0,0,0,0,0.000000,0,0,0,0,0,0,0,0,0,0,0,0,0.000000,0.000000,0.000000,0.000000,0.000000,0.000000,0.000000,0.000000,0.000000,0.000000,0.000000,0.000000,0.000000,0.000000,0.000000,0.000000,0.000000,0.000000,0.000000,0.000000,0.000000
26343,0.811931,-0.060302,-0.003000,-0.580622,0.000000,0.000000,0.000000,-0.074000,0.094000,-0.983000,23.156563,100294.101563,86.180000,86.180000,0.000000,0.020000,5,1,1,1,3,23,1,23,37.5417712,127.0795384,27.818,0.415000,0.950000,0.008000,0.002000,-0.006000,0.083000,1000,1000,1000,1000,1000.000000,1000.000000,1000.000000,1000.000000,0.000000,0.000000,1000.000000,0,0,0,0,0,0.000000,0.000000,0,1,0,0,0,7866,0.000000,0,0.000000,0.000000,0.000000,0.000000,0.000000,0.000000,0,0.000000,0.000000,0.000000,0.000000,0.000000,0.000000,0.000000,0.000000,0.000000,0.000000,0.000000,0.000000,0.000000,0.250000,0.250000,1.000000,1.000000,1.000000,0.000000,0,0,0.000000,0.000000,0.000000,0.000000,0.000000,0,0,0,0,0,0.000000,0,0,0,0,0,0,0,0,0,0,0,0,0.000000,0.000000,0.000000,0.000000,0.000000,0.000000,0.000000,0.000000,0.000000,0.000000,0.000000,0.000000,0.000000,0.000000,0.000000,0.000000,0.000000,0.000000,0.000000,0.000000,0.000000
26447,0.811936,-0.060203,-0.003100,-0.580626,0.000000,0.000000,0.000000,-0.073000,0.093000,-0.984000,23.153740,100293.804688,86.209999,86.180000,0.030000,0.020000,25,1,1,1,3,23,1,23,37.5417712,127.0795384,27.805,0.414000,0.947000,0.004000,-0.002000,-0.008000,0.079000,1000,1000,1000,1000,1000.000000,1000.000000,1000.000000,1000.000000,0.000000,0.000000,1000.000000,0,0,0,0,0,0.000000,0.000000,0,1,0,0,0,7971,0.000000,0,0.000000,0.000000,0.000000,0.000000,0.000000,0.000000,0,0.000000,0.000000,0.000000,0.000000,0.000000,0.000000,0.000000,0.000000,0.000000,0.000000,0.000000,0.000000,0.000000,0.250000,0.250000,1.000000,1.000000,1.000000,0.000000,0,0,0.000000,0.000000,0.000000,0.000000,0.000000,0,0,0,0,0,0.000000,0,0,0,0,0,0,0,0,0,0,0,0,0.000000,0.000000,0.000000,0.000000,0.000000,0.000000,0.000000,0.000000,0.000000,0.000000,0.000000,0.000000,0.000000,0.000000,0.000000,0.000000,0.000000,0.000000,0.000000,0.000000,0.000000
26555,0.811931,-0.060302,-0.003100,-0.580622,0.000000,0.000000,0.000000,-0.074000,0.094000,-0.985000,23.154547,100293.601563,86.229996,86.180000,0.050000,0.030000,7,1,1,1,3,23,1,23,37.5417711,127.0795384,27.793,0.413000,0.945000,-0.016000,0.008000,-0.027000,0.116000,1000,1000,1000,1000,1000.000000,1000.000000,1000.000000,1000.000000,0.000000,0.000000,1000.000000,0,0,0,0,0,0.000000,0.000000,0,1,0,0,0,8079,0.000000,0,0.000000,0.000000,0.000000,0.000000,0.000000,0.000000,0,0.000000,0.000000,0.000000,0.000000,0.000000,0.000000,0.000000,0.000000,0.000000,0.000000,0.000000,0.000000,0.000000,0.250000,0.250000,1.000000,1.000000,1.000000,0.000000,0,0,0.000000,0.000000,0.000000,0.000000,0.000000,0,0,0,0,0,0.000000,0,0,0,0,0,0,0,0,0,0,0,0,0.000000,0.000000,0.000000,0.000000,0.000000,0.000000,0.000000,0.000000,0.000000,0.000000,0.000000,0.000000,0.000000,0.000000,0.000000,0.000000,0.000000,0.000000,0.000000,0.000000,0.000000
26643,0.811931,-0.060302,-0.003100,-0.580622,0.000000,0.000000,0.000000,-0.072000,0.093000,-0.984000,23.156984,100293.601563,86.229996,86.180000,0.050000,0.020000,7,1,1,1,3,23,1,23,37.5417710,127.0795384,27.778,0.412000,0.943000,0.005000,-0.009000,-0.009000,0.096000,1000,1000,1000,1000,1000.000000,1000.000000,1000.000000,1000.000000,0.000000,0.000000,1000.000000,0,0,0,0,0,0.000000,0.000000,0,1,0,0,0,8166,0.000000,0,0.000000,0.000000,0.000000,0.000000,0.000000,0.000000,0,0.000000,0.000000,0.000000,0.000000,0.000000,0.000000,0.000000,0.000000,0.000000,0.000000,0.000000,0.000000,0.000000,0.250000,0.250000,1.000000,1.000000,1.000000,0.000000,0,0,0.000000,0.000000,0.000000,0.000000,0.000000,0,0,0,0,0,0.000000,0,0,0,0,0,0,0,0,0,0,0,0,0.000000,0.000000,0.000000,0.000000,0.000000,0.000000,0.000000,0.000000,0.000000,0.000000,0.000000,0.000000,0.000000,0.000000,0.000000,0.000000,0.000000,0.000000,0.000000,0.000000,0.000000
26752,0.811931,-0.060302,-0.003100,-0.580622,0.000000,0.000000,0.000000,-0.074000,0.092000,-0.984000,23.157984,100294.304688,86.159996,86.180000,-0.020000,0.020000,32,1,1,1,3,23,1,23,37.5417710,127.0795385,27.756,0.411000,0.940000,0.001000,0.007000,-0.001000,0.101000,1000,1000,1000,1000,1000.000000,1000.000000,1000.000000,1000.000000,0.000000,0.000000,1000.000000,0,0,0,0,0,0.000000,0.000000,0,1,0,0,0,8276,0.000000,0,0.000000,0.000000,0.000000,0.000000,0.000000,0.000000,0,0.000000,0.000000,0.000000,0.000000,0.000000,0.000000,0.000000,0.000000,0.000000,0.000000,0.000000,0.000000,0.000000,0.250000,0.250000,1.000000,1.000000,1.000000,0.000000,0,0,0.000000,0.000000,0.000000,0.000000,0.000000,0,0,0,0,0,0.000000,0,0,0,0,0,0,0,0,0,0,0,0,0.000000,0.000000,0.000000,0.000000,0.000000,0.000000,0.000000,0.000000,0.000000,0.000000,0.000000,0.000000,0.000000,0.000000,0.000000,0.000000,0.000000,0.000000,0.000000,0.000000,0.000000
26856,0.811931,-0.060302,-0.003100,-0.580622,0.000000,0.000000,0.000000,-0.075000,0.091000,-0.983000,23.157072,100294.101563,86.180000,86.180000,0.000000,0.010000,7,1,1,1,3,23,1,23,37.5417710,127.0795385,27.750,0.410000,0.938000,0.002000,-0.003000,-0.006000,0.074000,1000,1000,1000,1000,1000.000000,1000.000000,1000.000000,1000.000000,0.000000,0.000000,1000.000000,0,0,0,0,0,0.000000,0.000000,0,1,0,0,0,8380,0.000000,0,0.000000,0.000000,0.000000,0.000000,0.000000,0.000000,0,0.000000,0.000000,0.000000,0.000000,0.000000,0.000000,0.000000,0.000000,0.000000,0.000000,0.000000,0.000000,0.000000,0.250000,0.250000,1.000000,1.000000,1.000000,0.000000,0,0,0.000000,0.000000,0.000000,0.000000,0.000000,0,0,0,0,0,0.000000,0,0,0,0,0,0,0,0,0,0,0,0,0.000000,0.000000,0.000000,0.000000,0.000000,0.000000,0.000000,0.000000,0.000000,0.000000,0.000000,0.000000,0.000000,0.000000,0.000000,0.000000,0.000000,0.000000,0.000000,0.000000,0.000000
26943,0.811931,-0.060302,-0.003100,-0.580622,0.000000,0.000000,0.000000,-0.072000,0.093000,-0.985000,23.158264,100293.304688,86.250000,86.180000,0.070000,0.020000,5,1,1,1,3,23,1,23,37.5417710,127.0795385,27.750,0.410000,0.938000,0.002000,-0.003000,-0.006000,0.074000,1000,1000,1000,1000,1000.000000,1000.000000,1000.000000,1000.000000,0.000000,0.000000,1000.000000,0,0,0,0,0,0.000000,0.000000,0,1,0,0,0,8466,0.000000,0,0.000000,0.000000,0.000000,0.000000,0.000000,0.000000,0,0.000000,0.000000,0.000000,0.000000,0.000000,0.000000,0.000000,0.000000,0.000000,0.000000,0.000000,0.000000,0.000000,0.250000,0.250000,1.000000,1.000000,1.000000,0.000000,0,0,0.000000,0.000000,0.000000,0.000000,0.000000,0,0,0,0,0,0.000000,0,0,0,0,0,0,0,0,0,0,0,0,0.000000,0.000000,0.000000,0.000000,0.000000,0.000000,0.000000,0.000000,0.000000,0.000000,0.000000,0.000000,0.000000,0.000000,0.000000,0.000000,0.000000,0.000000,0.000000,0.000000,0.000000
27052,0.811931,-0.060302,-0.003100,-0.580622,0.000000,0.000000,0.000000,-0.076000,0.094000,-0.985000,23.157494,100293.898438,86.199997,86.180000,0.020000,0.030000,30,1,1,1,3,23,1,23,37.5417710,127.0795385,27.739,0.409000,0.936000,0.007000,-0.001000,0.004000,0.093000,1000,1000,1000,1000,1000.000000,1000.000000,1000.000000,1000.000000,0.000000,0.000000,1000.000000,0,0,0,0,0,0.000000,0.000000,0,1,0,0,0,8576,0.000000,0,0.000000,0.000000,0.000000,0.000000,0.000000,0.000000,0,0.000000,0.000000,0.000000,0.000000,0.000000,0.000000,0.000000,0.000000,0.000000,0.000000,0.000000,0.000000,0.000000,0.250000,0.250000,1.000000,1.000000,1.000000,0.000000,0,0,0.000000,0.000000,0.000000,0.000000,0.000000,0,0,0,0,0,0.000000,0,0,0,0,0,0,0,0,0,0,0,0,0.000000,0.000000,0.000000,0.000000,0.000000,0.000000,0.000000,0.000000,0.000000,0.000000,0.000000,0.000000,0.000000,0.000000,0.000000,0.000000,0.000000,0.000000,0.000000,0.000000,0.000000
27157,0.811931,-0.060302,-0.003100,-0.580622,0.000000,0.000000,0.000000,-0.075000,0.093000,-0.986000,23.159386,100294.703125,86.129997,86.180000,-0.050000,0.020000,8,1,1,1,3,23,1,23,37.5417709,127.0795385,27.737,0.408000,0.933000,-0.009000,0.011000,-0.016000,0.115000,1000,1000,1000,1000,1000.000000,1000.000000,1000.000000,1000.000000,0.000000,0.000000,1000.000000,0,0,0,0,0,0.000000,0.000000,0,1,0,0,0,8681,0.000000,0,0.000000,0.000000,0.000000,0.000000,0.000000,0.000000,0,0.000000,0.000000,0.000000,0.000000,0.000000,0.000000,0.000000,0.000000,0.000000,0.000000,0.000000,0.000000,0.000000,0.250000,0.250000,1.000000,1.000000,1.000000,0.000000,0,0,0.000000,0.000000,0.000000,0.000000,0.000000,0,0,0,0,0,0.000000,0,0,0,0,0,0,0,0,0,0,0,0,0.000000,0.000000,0.000000,0.000000,0.000000,0.000000,0.000000,0.000000,0.000000,0.000000,0.000000,0.000000,0.000000,0.000000,0.000000,0.000000,0.000000,0.000000,0.000000,0.000000,0.000000
27243,0.811931,-0.060302,-0.003100,-0.580622,0.000000,0.000000,0.000000,-0.073000,0.093000,-0.983000,23.159807,100294.203125,86.180000,86.180000,0.000000,0.020000,6,1,1,1,3,23,1,23,37.5417709,127.0795385,27.733,0.407000,0.931000,0.001000,-0.015000,-0.011000,0.109000,1000,1000,1000,1000,1000.000000,1000.000000,1000.000000,1000.000000,0.000000,0.000000,1000.000000,0,0,0,0,0,0.000000,0.000000,0,1,0,0,0,8766,0.000000,0,0.000000,0.000000,0.000000,0.000000,0.000000,0.000000,0,0.000000,0.000000,0.000000,0.000000,0.000000,0.000000,0.000000,0.000000,0.000000,0.000000,0.000000,0.000000,0.000000,0.250000,0.250000,1.000000,1.000000,1.000000,0.000000,0,0,0.000000,0.000000,0.000000,0.000000,0.000000,0,0,0,0,0,0.000000,0,0,0,0,0,0,0,0,0,0,0,0,0.000000,0.000000,0.000000,0.000000,0.000000,0.000000,0.000000,0.000000,0.000000,0.000000,0.000000,0.000000,0.000000,0.000000,0.000000,0.000000,0.000000,0.000000,0.000000,0.000000,0.000000
27352,0.811931,-0.060302,-0.003100,-0.580622,0.000000,0.000000,0.000000,-0.074000,0.092000,-0.983000,23.162735,100294.804688,86.119995,86.180000,-0.060000,0.000000,31,1,1,1,3,23,1,23,37.5417709,127.0795385,27.733,0.407000,0.931000,0.001000,-0.015000,-0.011000,0.109000,1000,1000,1000,1000,1000.000000,1000.000000,1000.000000,1000.000000,0.000000,0.000000,1000.000000,0,0,0,0,0,0.000000,0.000000,0,1,0,0,0,8876,0.000000,0,0.000000,0.000000,0.000000,0.000000,0.000000,0.000000,0,0.000000,0.000000,0.000000,0.000000,0.000000,0.000000,0.000000,0.000000,0.000000,0.000000,0.000000,0.000000,0.000000,0.250000,0.250000,1.000000,1.000000,1.000000,0.000000,0,0,0.000000,0.000000,0.000000,0.000000,0.000000,0,0,0,0,0,0.000000,0,0,0,0,0,0,0,0,0,0,0,0,0.000000,0.000000,0.000000,0.000000,0.000000,0.000000,0.000000,0.000000,0.000000,0.000000,0.000000,0.000000,0.000000,0.000000,0.000000,0.000000,0.000000,0.000000,0.000000,0.000000,0.000000
27456,0.811931,-0.060302,-0.003100,-0.580622,0.000000,0.000000,0.000000,-0.074000,0.093000,-0.983000,23.161770,100295.398438,86.070000,86.180000,-0.110000,-0.010000,3,1,1,1,3,23,1,23,37.5417709,127.0795386,27.730,0.406000,0.929000,-0.017000,0.005000,-0.025000,0.114000,1000,1000,1000,1000,1000.000000,1000.000000,1000.000000,1000.000000,0.000000,0.000000,1000.000000,0,0,0,0,0,0.000000,0.000000,0,1,0,0,0,8980,0.000000,0,0.000000,0.000000,0.000000,0.000000,0.000000,0.000000,0,0.000000,0.000000,0.000000,0.000000,0.000000,0.000000,0.000000,0.000000,0.000000,0.000000,0.000000,0.000000,0.000000,0.250000,0.250000,1.000000,1.000000,1.000000,0.000000,0,0,0.000000,0.000000,0.000000,0.000000,0.000000,0,0,0,0,0,0.000000,0,0,0,0,0,0,0,0,0,0,0,0,0.000000,0.000000,0.000000,0.000000,0.000000,0.000000,0.000000,0.000000,0.000000,0.000000,0.000000,0.000000,0.000000,0.000000,0.000000,0.000000,0.000000,0.000000,0.000000,0.000000,0.000000
27543,0.811931,-0.060302,-0.003100,-0.580622,0.000000,0.000000,0.000000,-0.075000,0.092000,-0.984000,23.164207,100295.000000,86.110001,86.180000,-0.070000,-0.010000,5,1,1,1,3,23,1,23,37.5417708,127.0795386,27.732,0.405000,0.927000,-0.004000,0.005000,-0.022000,0.117000,1000,1000,1000,1000,1000.000000,1000.000000,1000.000000,1000.000000,0.000000,0.000000,1000.000000,0,0,0,0,0,0.000000,0.000000,0,1,0,0,0,9066,0.000000,0,0.000000,0.000000,0.000000,0.000000,0.000000,0.000000,0,0.000000,0.000000,0.000000,0.000000,0.000000,0.000000,0.000000,0.000000,0.000000,0.000000,0.000000,0.000000,0.000000,0.250000,0.250000,1.000000,1.000000,1.000000,0.000000,0,0,0.000000,0.000000,0.000000,0.000000,0.000000,0,0,0,0,0,0.000000,0,0,0,0,0,0,0,0,0,0,0,0,0.000000,0.000000,0.000000,0.000000,0.000000,0.000000,0.000000,0.000000,0.000000,0.000000,0.000000,0.000000,0.000000,0.000000,0.000000,0.000000,0.000000,0.000000,0.000000,0.000000,0.000000
27648,0.811931,-0.060302,-0.003100,-0.580622,0.000000,0.000000,0.000000,-0.074000,0.093000,-0.981000,23.159264,100293.000000,86.279999,86.180000,0.100000,0.010000,26,1,1,1,3,23,1,23,37.5417708,127.0795386,27.720,0.405000,0.924000,0.005000,-0.013000,-0.004000,0.101000,1000,1000,1000,1000,1000.000000,1000.000000,1000.000000,1000.000000,0.000000,0.000000,1000.000000,0,0,0,0,0,0.000000,0.000000,0,1,0,0,0,9171,0.000000,0,0.000000,0.000000,0.000000,0.000000,0.000000,0.000000,0,0.000000,0.000000,0.000000,0.000000,0.000000,0.000000,0.000000,0.000000,0.000000,0.000000,0.000000,0.000000,0.000000,0.250000,0.250000,1.000000,1.000000,1.000000,0.000000,0,0,0.000000,0.000000,0.000000,0.000000,0.000000,0,0,0,0,0,0.000000,0,0,0,0,0,0,0,0,0,0,0,0,0.000000,0.000000,0.000000,0.000000,0.000000,0.000000,0.000000,0.000000,0.000000,0.000000,0.000000,0.000000,0.000000,0.000000,0.000000,0.000000,0.000000,0.000000,0.000000,0.000000,0.000000
27752,0.811931,-0.060302,-0.003100,-0.580622,0.000000,0.000000,0.000000,-0.073000,0.093000,-0.983000,23.161648,100294.398438,86.159996,86.180000,-0.020000,0.000000,4,1,1,1,3,23,1,23,37.5417708,127.0795386,27.724,0.404000,0.922000,-0.004000,0.003000,-0.019000,0.116000,1000,1000,1000,1000,1000.000000,1000.000000,1000.000000,1000.000000,0.000000,0.000000,1000.000000,0,0,0,0,0,0.000000,0.000000,0,1,0,0,0,9276,0.000000,0,0.000000,0.000000,0.000000,0.000000,0.000000,0.000000,0,0.000000,0.000000,0.000000,0.000000,0.000000,0.000000,0.000000,0.000000,0.000000,0.000000,0.000000,0.000000,0.000000,0.250000,0.250000,1.000000,1.000000,1.000000,0.000000,0,0,0.000000,0.000000,0.000000,0.000000,0.000000,0,0,0,0,0,0.000000,0,0,0,0,0,0,0,0,0,0,0,0,0.000000,0.000000,0.000000,0.000000,0.000000,0.000000,0.000000,0.000000,0.000000,0.000000,0.000000,0.000000,0.000000,0.000000,0.000000,0.000000,0.000000,0.000000,0.000000,0.000000,0.000000
27856,0.811931,-0.060302,-0.003100,-0.580622,0.000000,0.000000,0.000000,-0.075000,0.093000,-0.984000,23.162788,100294.000000,86.189995,86.180000,0.010000,0.010000,20,1,1,1,3,24,1,24,37.5417707,127.0795387,27.717,0.403000,0.920000,0.002000,0.010000,-0.018000,0.105000,1000,1000,1000,1000,1000.000000,1000.000000,1000.000000,1000.000000,0.000000,0.000000,1000.000000,0,0,0,0,0,0.000000,0.000000,0,1,0,0,0,9380,0.000000,0,0.000000,0.000000,0.000000,0.000000,0.000000,0.000000,0,0.000000,0.000000,0.000000,0.000000,0.000000,0.000000,0.000000,0.000000,0.000000,0.000000,0.000000,0.000000,0.000000,0.250000,0.250000,1.000000,1.000000,1.000000,0.000000,0,0,0.000000,0.000000,0.000000,0.000000,0.000000,0,0,0,0,0,0.000000,0,0,0,0,0,0,0,0,0,0,0,0,0.000000,0.000000,0.000000,0.000000,0.000000,0.000000,0.000000,0.000000,0.000000,0.000000,0.000000,0.000000,0.000000,0.000000,0.000000,0.000000,0.000000,0.000000,0.000000,0.000000,0.000000
27943,0.811931,-0.060302,-0.003100,-0.580622,0.000000,0.000000,0.000000,-0.074000,0.094000,-0.986000,23.163944,100295.500000,86.070000,86.180000,-0.110000,0.000000,23,1,1,1,3,24,1,24,37.5417707,127.0795387,27.717,0.403000,0.920000,0.002000,0.010000,-0.018000,0.105000,1000,1000,1000,1000,1000.000000,1000.000000,1000.000000,1000.000000,0.000000,0.000000,1000.000000,0,0,0,0,0,0.000000,0.000000,0,1,0,0,0,9466,0.000000,0,0.000000,0.000000,0.000000,0.000000,0.000000,0.000000,0,0.000000,0.000000,0.000000,0.000000,0.000000,0.000000,0.000000,0.000000,0.000000,0.000000,0.000000,0.000000,0.000000,0.250000,0.250000,1.000000,1.000000,1.000000,0.000000,0,0,0.000000,0.000000,0.000000,0.000000,0.000000,0,0,0,0,0,0.000000,0,0,0,0,0,0,0,0,0,0,0,0,0.000000,0.000000,0.000000,0.000000,0.000000,0.000000,0.000000,0.000000,0.000000,0.000000,0.000000,0.000000,0.000000,0.000000,0.000000,0.000000,0.000000,0.000000,0.000000,0.000000,0.000000
28049,0.811931,-0.060302,-0.003100,-0.580622,0.000000,0.000000,0.000000,-0.075000,0.093000,-0.984000,23.161648,100293.304688,86.250000,86.180000,0.070000,0.020000,0,1,1,1,3,24,1,24,37.5417707,127.0795387,27.702,0.402000,0.918000,-0.008000,-0.006000,-0.007000,0.112000,1000,1000,1000,1000,1000.000000,1000.000000,1000.000000,1000.000000,0.000000,0.000000,1000.000000,0,0,0,0,0,0.000000,0.000000,0,1,0,0,0,9573,0.000000,0,0.000000,0.000000,0.000000,0.000000,0.000000,0.000000,0,0.000000,0.000000,0.000000,0.000000,0.000000,0.000000,0.000000,0.000000,0.000000,0.000000,0.000000,0.000000,0.000000,0.250000,0.250000,1.000000,1.000000,1.000000,0.000000,0,0,0.000000,0.000000,0.000000,0.000000,0.000000,0,0,0,0,0,0.000000,0,0,0,0,0,0,0,0,0,0,0,0,0.000000,0.000000,0.000000,0.000000,0.000000,0.000000,0.000000,0.000000,0.000000,0.000000,0.000000,0.000000,0.000000,0.000000,0.000000,0.000000,0.000000,0.000000,0.000000,0.000000,0.000000
28157,0.811931,-0.060302,-0.003100,-0.580622,0.000000,0.000000,0.000000,-0.072000,0.092000,-0.984000,23.159983,100292.304688,86.330002,86.180000,0.150000,0.040000,19,1,1,1,3,24,1,24,37.5417707,127.0795387,27.696,0.401000,0.916000,0.017000,0.000000,-0.005000,0.074000,1000,1000,1000,1000,1000.000000,1000.000000,1000.000000,1000.000000,0.000000,0.000000,1000.000000,0,0,0,0,0,0.000000,0.000000,0,1,0,0,0,9681,0.000000,0,0.000000,0.000000,0.000000,0.000000,0.000000,0.000000,0,0.000000,0.000000,0.000000,0.000000,0.000000,0.000000,0.000000,0.000000,0.000000,0.000000,0.000000,0.000000,0.000000,0.250000,0.250000,1.000000,1.000000,1.000000,0.000000,0,0,0.000000,0.000000,0.000000,0.000000,0.000000,0,0,0,0,0,0.000000,0,0,0,0,0,0,0,0,0,0,0,0,0.000000,0.000000,0.000000,0.000000,0.000000,0.000000,0.000000,0.000000,0.000000,0.000000,0.000000,0.000000,0.000000,0.000000,0.000000,0.000000,0.000000,0.000000,0.000000,0.000000,0.000000
28243,0.811931,-0.060302,-0.003100,-0.580622,0.000000,0.000000,0.000000,-0.074000,0.093000,-0.984000,23.165453,100294.203125,86.180000,86.180000,0.000000,0.040000,21,1,1,1,3,24,1,24,37.5417707,127.0795387,27.685,0.401000,0.914000,-0.002000,0.006000,0.002000,0.077000,1000,1000,1000,1000,1000.000000,1000.000000,1000.000000,1000.000000,0.000000,0.000000,1000.000000,0,0,0,0,0,0.000000,0.000000,0,1,0,0,0,9766,0.000000,0,0.000000,0.000000,0.000000,0.000000,0.000000,0.000000,0,0.000000,0.000000,0.000000,0.000000,0.000000,0.000000,0.000000,0.000000,0.000000,0.000000,0.000000,0.000000,0.000000,0.250000,0.250000,1.000000,1.000000,1.000000,0.000000,0,0,0.000000,0.000000,0.000000,0.000000,0.000000,0,0,0,0,0,0.000000,0,0,0,0,0,0,0,0,0,0,0,0,0.000000,0.000000,0.000000,0.000000,0.000000,0.000000,0.000000,0.000000,0.000000,0.000000,0.000000,0.000000,0.000000,0.000000,0.000000,0.000000,0.000000,0.000000,0.000000,0.000000,0.000000
28352,0.811931,-0.060302,-0.003100,-0.580622,0.000000,0.000000,0.000000,-0.075000,0.093000,-0.986000,23.163366,100293.203125,86.259995,86.180000,0.080000,0.040000,4,1,1,1,3,24,1,24,37.5417707,127.0795387,27.685,0.401000,0.914000,-0.002000,0.006000,0.002000,0.077000,1000,1000,1000,1000,1000.000000,1000.000000,1000.000000,1000.000000,0.000000,0.000000,1000.000000,0,0,0,0,0,0.000000,0.000000,0,1,0,0,0,9876,0.000000,0,0.000000,0.000000,0.000000,0.000000,0.000000,0.000000,0,0.000000,0.000000,0.000000,0.000000,0.000000,0.000000,0.000000,0.000000,0.000000,0.000000,0.000000,0.000000,0.000000,0.250000,0.250000,1.000000,1.000000,1.000000,0.000000,0,0,0.000000,0.000000,0.000000,0.000000,0.000000,0,0,0,0,0,0.000000,0,0,0,0,0,0,0,0,0,0,0,0,0.000000,0.000000,0.000000,0.000000,0.000000,0.000000,0.000000,0.000000,0.000000,0.000000,0.000000,0.000000,0.000000,0.000000,0.000000,0.000000,0.000000,0.000000,0.000000,0.000000,0.000000
28456,0.811931,-0.060302,-0.003100,-0.580622,0.000000,0.000000,0.000000,-0.074000,0.093000,-0.985000,23.164103,100293.703125,86.209999,86.180000,0.030000,0.030000,20,1,1,1,3,24,1,24,37.5417707,127.0795387,27.681,0.400000,0.912000,0.004000,-0.004000,-0.011000,0.084000,1000,1000,1000,1000,1000.000000,1000.000000,1000.000000,1000.000000,0.000000,0.000000,1000.000000,0,0,0,0,0,0.000000,0.000000,0,1,0,0,0,9980,0.000000,0,0.000000,0.000000,0.000000,0.000000,0.000000,0.000000,0,0.000000,0.000000,0.000000,0.000000,0.000000,0.000000,0.000000,0.000000,0.000000,0.000000,0.000000,0.000000,0.000000,0.250000,0.250000,1.000000,1.000000,1.000000,0.000000,0,0,0.000000,0.000000,0.000000,0.000000,0.000000,0,0,0,0,0,0.000000,0,0,0,0,0,0,0,0,0,0,0,0,0.000000,0.000000,0.000000,0.000000,0.000000,0.000000,0.000000,0.000000,0.000000,0.000000,0.000000,0.000000,0.000000,0.000000,0.000000,0.000000,0.000000,0.000000,0.000000,0.000000,0.000000
28543,0.811931,-0.060302,-0.003100,-0.580622,0.000000,0.000000,0.000000,-0.075000,0.093000,-0.987000,23.168240,100295.304688,86.080002,86.180000,-0.100000,0.010000,23,1,1,1,3,24,1,24,37.5417706,127.0795387,27.674,0.399000,0.910000,-0.012000,-0.014000,-0.009000,0.117000,1000,1000,1000,1000,1000.000000,1000.000000,1000.000000,1000.000000,0.000000,0.000000,1000.000000,0,0,0,0,0,0.000000,0.000000,0,1,0,0,0,10066,0.000000,0,0.000000,0.000000,0.000000,0.000000,0.000000,0.000000,0,0.000000,0.000000,0.000000,0.000000,0.000000,0.000000,0.000000,0.000000,0.000000,0.000000,0.000000,0.000000,0.000000,0.250000,0.250000,1.000000,1.000000,1.000000,0.000000,0,0,0.000000,0.000000,0.000000,0.000000,0.000000,0,0,0,0,0,0.000000,0,0,0,0,0,0,0,0,0,0,0,0,0.000000,0.000000,0.000000,0.000000,0.000000,0.000000,0.000000,0.000000,0.000000,0.000000,0.000000,0.000000,0.000000,0.000000,0.000000,0.000000,0.000000,0.000000,0.000000,0.000000,0.000000
28649,0.811931,-0.060302,-0.003100,-0.580622,0.000000,0.000000,0.000000,-0.074000,0.091000,-0.985000,23.166348,100293.304688,86.250000,86.180000,0.070000,0.000000,0,1,1,1,3,24,1,24,37.5417706,127.0795386,27.669,0.398000,0.908000,0.005000,0.004000,-0.007000,0.088000,1000,1000,1000,1000,1000.000000,1000.000000,1000.000000,1000.000000,0.000000,0.000000,1000.000000,0,0,0,0,0,0.000000,0.000000,0,1,0,0,0,10173,0.000000,0,0.000000,0.000000,0.000000,0.000000,0.000000,0.000000,0,0.000000,0.000000,0.000000,0.000000,0.000000,0.000000,0.000000,0.000000,0.000000,0.000000,0.000000,0.000000,0.000000,0.250000,0.250000,1.000000,1.000000,1.000000,0.000000,0,0,0.000000,0.000000,0.000000,0.000000,0.000000,0,0,0,0,0,0.000000,0,0,0,0,0,0,0,0,0,0,0,0,0.000000,0.000000,0.000000,0.000000,0.000000,0.000000,0.000000,0.000000,0.000000,0.000000,0.000000,0.000000,0.000000,0.000000,0.000000,0.000000,0.000000,0.000000,0.000000,0.000000,0.000000
28757,0.811931,-0.060302,-0.003100,-0.580622,0.000000,0.000000,0.000000,-0.074000,0.093000,-0.984000,23.166136,100293.500000,86.229996,86.180000,0.050000,0.020000,19,1,1,1,3,24,1,24,37.5417706,127.0795386,27.661,0.397000,0.906000,-0.009000,0.000000,-0.004000,0.094000,1000,1000,1000,1000,1000.000000,1000.000000,1000.000000,1000.000000,0.000000,0.000000,1000.000000,0,0,0,0,0,0.000000,0.000000,0,1,0,0,0,10281,0.000000,0,0.000000,0.000000,0.000000,0.000000,0.000000,0.000000,0,0.000000,0.000000,0.000000,0.000000,0.000000,0.000000,0.000000,0.000000,0.000000,0.000000,0.000000,0.000000,0.000000,0.250000,0.250000,1.000000,1.000000,1.000000,0.000000,0,0,0.000000,0.000000,0.000000,0.000000,0.000000,0,0,0,0,0,0.000000,0,0,0,0,0,0,0,0,0,0,0,0,0.000000,0.000000,0.000000,0.000000,0.000000,0.000000,0.000000,0.000000,0.000000,0.000000,0.000000,0.000000,0.000000,0.000000,0.000000,0.000000,0.000000,0.000000,0.000000,0.000000,0.000000
28843,0.811931,-0.060302,-0.003100,-0.580622,0.000000,0.000000,0.000000,-0.075000,0.094000,-0.984000,23.167521,100292.601563,86.309998,86.180000,0.130000,0.040000,21,1,1,1,3,24,1,24,37.5417706,127.0795386,27.661,0.397000,0.906000,-0.009000,0.000000,-0.004000,0.094000,1000,1000,1000,1000,1000.000000,1000.000000,1000.000000,1000.000000,0.000000,0.000000,1000.000000,0,0,0,0,0,0.000000,0.000000,0,1,0,0,0,10366,0.000000,0,0.000000,0.000000,0.000000,0.000000,0.000000,0.000000,0,0.000000,0.000000,0.000000,0.000000,0.000000,0.000000,0.000000,0.000000,0.000000,0.000000,0.000000,0.000000,0.000000,0.250000,0.250000,1.000000,1.000000,1.000000,0.000000,0,0,0.000000,0.000000,0.000000,0.000000,0.000000,0,0,0,0,0,0.000000,0,0,0,0,0,0,0,0,0,0,0,0,0.000000,0.000000,0.000000,0.000000,0.000000,0.000000,0.000000,0.000000,0.000000,0.000000,0.000000,0.000000,0.000000,0.000000,0.000000,0.000000,0.000000,0.000000,0.000000,0.000000,0.000000
28952,0.811931,-0.060302,-0.003100,-0.580622,0.000000,0.000000,0.000000,-0.076000,0.092000,-0.983000,23.169083,100293.804688,86.209999,86.180000,0.030000,0.050000,2,1,1,1,3,24,1,24,37.5417706,127.0795385,27.653,0.397000,0.904000,0.016000,-0.006000,0.010000,0.100000,1000,1000,1000,1000,1000.000000,1000.000000,1000.000000,1000.000000,0.000000,0.000000,1000.000000,0,0,0,0,0,0.000000,0.000000,0,1,0,0,0,10476,0.000000,0,0.000000,0.000000,0.000000,0.000000,0.000000,0.000000,0,0.000000,0.000000,0.000000,0.000000,0.000000,0.000000,0.000000,0.000000,0.000000,0.000000,0.000000,0.000000,0.000000,0.250000,0.250000,1.000000,1.000000,1.000000,0.000000,0,0,0.000000,0.000000,0.000000,0.000000,0.000000,0,0,0,0,0,0.000000,0,0,0,0,0,0,0,0,0,0,0,0,0.000000,0.000000,0.000000,0.000000,0.000000,0.000000,0.000000,0.000000,0.000000,0.000000,0.000000,0.000000,0.000000,0.000000,0.000000,0.000000,0.000000,0.000000,0.000000,0.000000,0.000000
29057,0.811931,-0.060302,-0.003100,-0.580622,0.000000,0.000000,0.000000,-0.074000,0.092000,-0.984000,23.166592,100294.304688,86.159996,86.180000,-0.020000,0.030000,19,1,1,1,3,24,1,24,37.5417706,127.0795385,27.645,0.396000,0.902000,-0.002000,0.005000,0.007000,0.075000,1000,1000,1000,1000,1000.000000,1000.000000,1000.000000,1000.000000,0.000000,0.000000,1000.000000,0,0,0,0,0,0.000000,0.000000,0,1,0,0,0,10581,0.000000,0,0.000000,0.000000,0.000000,0.000000,0.000000,0.000000,0,0.000000,0.000000,0.000000,0.000000,0.000000,0.000000,0.000000,0.000000,0.000000,0.000000,0.000000,0.000000,0.000000,0.250000,0.250000,1.000000,1.000000,1.000000,0.000000,0,0,0.000000,0.000000,0.000000,0.000000,0.000000,0,0,0,0,0,0.000000,0,0,0,0,0,0,0,0,0,0,0,0,0.000000,0.000000,0.000000,0.000000,0.000000,0.000000,0.000000,0.000000,0.000000,0.000000,0.000000,0.000000,0.000000,0.000000,0.000000,0.000000,0.000000,0.000000,0.000000,0.000000,0.000000
29143,0.811931,-0.060302,-0.003100,-0.580622,0.000000,0.000000,0.000000,-0.076000,0.092000,-0.985000,23.168118,100294.304688,86.159996,86.180000,-0.020000,0.010000,21,1,1,1,3,24,1,24,37.5417706,127.0795385,27.642,0.395000,0.900000,0.001000,-0.005000,-0.005000,0.074000,1000,1000,1000,1000,1000.000000,1000.000000,1000.000000,1000.000000,0.000000,0.000000,1000.000000,0,0,0,0,0,0.000000,0.000000,0,1,0,0,0,10666,0.000000,0,0.000000,0.000000,0.000000,0.000000,0.000000,0.000000,0,0.000000,0.000000,0.000000,0.000000,0.000000,0.000000,0.000000,0.000000,0.000000,0.000000,0.000000,0.000000,0.000000,0.250000,0.250000,1.000000,1.000000,1.000000,0.000000,0,0,0.000000,0.000000,0.000000,0.000000,0.000000,0,0,0,0,0,0.000000,0,0,0,0,0,0,0,0,0,0,0,0,0.000000,0.000000,0.000000,0.000000,0.000000,0.000000,0.000000,0.000000,0.000000,0.000000,0.000000,0.000000,0.000000,0.000000,0.000000,0.000000,0.000000,0.000000,0.000000,0.000000,0.000000
29250,0.811931,-0.060302,-0.003100,-0.580622,0.000000,0.000000,0.000000,-0.074000,0.093000,-0.984000,23.166662,100294.601563,86.139999,86.180000,-0.040000,0.000000,0,1,1,1,3,24,1,24,37.5417705,127.0795385,27.635,0.394000,0.898000,0.003000,-0.001000,0.001000,0.081000,1000,1000,1000,1000,1000.000000,1000.000000,1000.000000,1000.000000,0.000000,0.000000,1000.000000,0,0,0,0,0,0.000000,0.000000,0,1,0,0,0,10774,0.000000,0,0.000000,0.000000,0.000000,0.000000,0.000000,0.000000,0,0.000000,0.000000,0.000000,0.000000,0.000000,0.000000,0.000000,0.000000,0.000000,0.000000,0.000000,0.000000,0.000000,0.250000,0.250000,1.000000,1.000000,1.000000,0.000000,0,0,0.000000,0.000000,0.000000,0.000000,0.000000,0,0,0,0,0,0.000000,0,0,0,0,0,0,0,0,0,0,0,0,0.000000,0.000000,0.000000,0.000000,0.000000,0.000000,0.000000,0.000000,0.000000,0.000000,0.000000,0.000000,0.000000,0.000000,0.000000,0.000000,0.000000,0.000000,0.000000,0.000000,0.000000
29357,0.811936,-0.060203,-0.003100,-0.580626,0.000000,0.000000,0.000000,-0.074000,0.094000,-0.984000,23.167837,100292.304688,86.330002,86.180000,0.150000,0.020000,19,1,1,1,3,24,1,24,37.5417705,127.0795385,27.635,0.394000,0.898000,0.003000,-0.001000,0.001000,0.081000,1000,1000,1000,1000,1000.000000,1000.000000,1000.000000,1000.000000,0.000000,0.000000,1000.000000,0,0,0,0,0,0.000000,0.000000,0,1,0,0,0,10881,0.000000,0,0.000000,0.000000,0.000000,0.000000,0.000000,0.000000,0,0.000000,0.000000,0.000000,0.000000,0.000000,0.000000,0.000000,0.000000,0.000000,0.000000,0.000000,0.000000,0.000000,0.250000,0.250000,1.000000,1.000000,1.000000,0.000000,0,0,0.000000,0.000000,0.000000,0.000000,0.000000,0,0,0,0,0,0.000000,0,0,0,0,0,0,0,0,0,0,0,0,0.000000,0.000000,0.000000,0.000000,0.000000,0.000000,0.000000,0.000000,0.000000,0.000000,0.000000,0.000000,0.000000,0.000000,0.000000,0.000000,0.000000,0.000000,0.000000,0.000000,0.000000
29443,0.811936,-0.060203,-0.003100,-0.580626,0.000000,0.000000,0.000000,-0.075000,0.093000,-0.985000,23.171255,100294.203125,86.180000,86.180000,0.000000,0.030000,21,1,1,1,3,24,1,24,37.5417705,127.0795384,27.631,0.394000,0.896000,-0.011000,-0.013000,-0.005000,0.111000,1000,1000,1000,1000,1000.000000,1000.000000,1000.000000,1000.000000,0.000000,0.000000,1000.000000,0,0,0,0,0,0.000000,0.000000,0,1,0,0,0,10966,0.000000,0,0.000000,0.000000,0.000000,0.000000,0.000000,0.000000,0,0.000000,0.000000,0.000000,0.000000,0.000000,0.000000,0.000000,0.000000,0.000000,0.000000,0.000000,0.000000,0.000000,0.250000,0.250000,1.000000,1.000000,1.000000,0.000000,0,0,0.000000,0.000000,0.000000,0.000000,0.000000,0,0,0,0,0,0.000000,0,0,0,0,0,0,0,0,0,0,0,0,0.000000,0.000000,0.000000,0.000000,0.000000,0.000000,0.000000,0.000000,0.000000,0.000000,0.000000,0.000000,0.000000,0.000000,0.000000,0.000000,0.000000,0.000000,0.000000,0.000000,0.000000
29554,0.811936,-0.060203,-0.003100,-0.580626,0.000000,0.000000,0.000000,-0.075000,0.093000,-0.984000,23.167732,100292.703125,86.299995,86.180000,0.120000,0.050000,6,1,1,1,3,24,1,24,37.5417705,127.0795384,27.618,0.393000,0.894000,-0.001000,0.012000,0.007000,0.107000,1000,1000,1000,1000,1000.000000,1000.000000,1000.000000,1000.000000,0.000000,0.000000,1000.000000,0,0,0,0,0,0.000000,0.000000,0,1,0,0,0,11078,0.000000,0,0.000000,0.000000,0.000000,0.000000,0.000000,0.000000,0,0.000000,0.000000,0.000000,0.000000,0.000000,0.000000,0.000000,0.000000,0.000000,0.000000,0.000000,0.000000,0.000000,0.250000,0.250000,1.000000,1.000000,1.000000,0.000000,0,0,0.000000,0.000000,0.000000,0.000000,0.000000,0,0,0,0,0,0.000000,0,0,0,0,0,0,0,0,0,0,0,0,0.000000,0.000000,0.000000,0.000000,0.000000,0.000000,0.000000,0.000000,0.000000,0.000000,0.000000,0.000000,0.000000,0.000000,0.000000,0.000000,0.000000,0.000000,0.000000,0.000000,0.000000
29658,0.811936,-0.060203,-0.003100,-0.580626,0.000000,0.000000,0.000000,-0.075000,0.093000,-0.985000,23.170151,100293.703125,86.209999,86.180000,0.030000,0.050000,22,1,1,1,3,24,1,24,37.5417705,127.0795384,27.619,0.392000,0.892000,0.001000,-0.010000,-0.004000,0.109000,1000,1000,1000,1000,1000.000000,1000.000000,1000.000000,1000.000000,0.000000,0.000000,1000.000000,0,0,0,0,0,0.000000,0.000000,0,1,0,0,0,11182,0.000000,0,0.000000,0.000000,0.000000,0.000000,0.000000,0.000000,0,0.000000,0.000000,0.000000,0.000000,0.000000,0.000000,0.000000,0.000000,0.000000,0.000000,0.000000,0.000000,0.000000,0.250000,0.250000,1.000000,1.000000,1.000000,0.000000,0,0,0.000000,0.000000,0.000000,0.000000,0.000000,0,0,0,0,0,0.000000,0,0,0,0,0,0,0,0,0,0,0,0,0.000000,0.000000,0.000000,0.000000,0.000000,0.000000,0.000000,0.000000,0.000000,0.000000,0.000000,0.000000,0.000000,0.000000,0.000000,0.000000,0.000000,0.000000,0.000000,0.000000,0.000000
29743,0.811936,-0.060203,-0.003100,-0.580626,0.000000,0.000000,0.000000,-0.076000,0.092000,-0.984000,23.170923,100293.601563,86.229996,86.180000,0.050000,0.040000,23,1,1,1,3,24,1,24,37.5417705,127.0795384,27.610,0.392000,0.890000,0.002000,0.000000,-0.002000,0.075000,1000,1000,1000,1000,1000.000000,1000.000000,1000.000000,1000.000000,0.000000,0.000000,1000.000000,0,0,0,0,0,0.000000,0.000000,0,1,0,0,0,11266,0.000000,0,0.000000,0.000000,0.000000,0.000000,0.000000,0.000000,0,0.000000,0.000000,0.000000,0.000000,0.000000,0.000000,0.000000,0.000000,0.000000,0.000000,0.000000,0.000000,0.000000,0.250000,0.250000,1.000000,1.000000,1.000000,0.000000,0,0,0.000000,0.000000,0.000000,0.000000,0.000000,0,0,0,0,0,0.000000,0,0,0,0,0,0,0,0,0,0,0,0,0.000000,0.000000,0.000000,0.000000,0.000000,0.000000,0.000000,0.000000,0.000000,0.000000,0.000000,0.000000,0.000000,0.000000,0.000000,0.000000,0.000000,0.000000,0.000000,0.000000,0.000000
29849,0.811931,-0.060302,-0.003100,-0.580622,0.000000,0.000000,0.000000,-0.074000,0.094000,-0.984000,23.172642,100293.703125,86.209999,86.180000,0.030000,0.030000,0,1,1,1,3,24,1,24,37.5417705,127.0795384,27.610,0.392000,0.890000,0.002000,0.000000,-0.002000,0.075000,1000,1000,1000,1000,1000.000000,1000.000000,1000.000000,1000.000000,0.000000,0.000000,1000.000000,0,0,0,0,0,0.000000,0.000000,0,1,0,0,0,11373,0.000000,0,0.000000,0.000000,0.000000,0.000000,0.000000,0.000000,0,0.000000,0.000000,0.000000,0.000000,0.000000,0.000000,0.000000,0.000000,0.000000,0.000000,0.000000,0.000000,0.000000,0.250000,0.250000,1.000000,1.000000,1.000000,0.000000,0,0,0.000000,0.000000,0.000000,0.000000,0.000000,0,0,0,0,0,0.000000,0,0,0,0,0,0,0,0,0,0,0,0,0.000000,0.000000,0.000000,0.000000,0.000000,0.000000,0.000000,0.000000,0.000000,0.000000,0.000000,0.000000,0.000000,0.000000,0.000000,0.000000,0.000000,0.000000,0.000000,0.000000,0.000000
29957,0.811931,-0.060302,-0.003100,-0.580622,0.000000,0.000000,0.000000,-0.073000,0.093000,-0.983000,23.177444,100295.898438,86.029999,86.180000,-0.150000,0.010000,19,1,1,1,3,24,1,24,37.5417705,127.0795384,27.605,0.391000,0.888000,-0.005000,-0.009000,0.003000,0.112000,1000,1000,1000,1000,1000.000000,1000.000000,1000.000000,1000.000000,0.000000,0.000000,1000.000000,0,0,0,0,0,0.000000,0.000000,0,1,0,0,0,11481,0.000000,0,0.000000,0.000000,0.000000,0.000000,0.000000,0.000000,0,0.000000,0.000000,0.000000,0.000000,0.000000,0.000000,0.000000,0.000000,0.000000,0.000000,0.000000,0.000000,0.000000,0.250000,0.250000,1.000000,1.000000,1.000000,0.000000,0,0,0.000000,0.000000,0.000000,0.000000,0.000000,0,0,0,0,0,0.000000,0,0,0,0,0,0,0,0,0,0,0,0,0.000000,0.000000,0.000000,0.000000,0.000000,0.000000,0.000000,0.000000,0.000000,0.000000,0.000000,0.000000,0.000000,0.000000,0.000000,0.000000,0.000000,0.000000,0.000000,0.000000,0.000000
30043,0.811936,-0.060203,-0.003100,-0.580626,0.000000,0.000000,0.000000,-0.074000,0.093000,-0.986000,23.175253,100295.203125,86.089996,86.180000,-0.090000,-0.010000,20,1,1,1,3,24,1,24,37.5417705,127.0795383,27.595,0.390000,0.887000,0.002000,-0.007000,0.008000,0.104000,1000,1000,1000,1000,1000.000000,1000.000000,1000.000000,1000.000000,0.000000,0.000000,1000.000000,0,0,0,0,0,0.000000,0.000000,0,1,0,0,0,11566,0.000000,0,0.000000,0.000000,0.000000,0.000000,0.000000,0.000000,0,0.000000,0.000000,0.000000,0.000000,0.000000,0.000000,0.000000,0.000000,0.000000,0.000000,0.000000,0.000000,0.000000,0.250000,0.250000,1.000000,1.000000,1.000000,0.000000,0,0,0.000000,0.000000,0.000000,0.000000,0.000000,0,0,0,0,0,0.000000,0,0,0,0,0,0,0,0,0,0,0,0,0.000000,0.000000,0.000000,0.000000,0.000000,0.000000,0.000000,0.000000,0.000000,0.000000,0.000000,0.000000,0.000000,0.000000,0.000000,0.000000,0.000000,0.000000,0.000000,0.000000,0.000000
30152,0.811936,-0.060203,-0.003100,-0.580626,0.000000,0.000000,0.000000,-0.075000,0.093000,-0.983000,23.173061,100294.898438,86.119995,86.180000,-0.060000,-0.020000,2,1,1,1,3,24,1,24,37.5417704,127.0795383,27.591,0.390000,0.885000,-0.002000,-0.001000,0.001000,0.078000,1000,1000,1000,1000,1000.000000,1000.000000,1000.000000,1000.000000,0.000000,0.000000,1000.000000,0,0,0,0,0,0.000000,0.000000,0,1,0,0,0,11676,0.000000,0,0.000000,0.000000,0.000000,0.000000,0.000000,0.000000,0,0.000000,0.000000,0.000000,0.000000,0.000000,0.000000,0.000000,0.000000,0.000000,0.000000,0.000000,0.000000,0.000000,0.250000,0.250000,1.000000,1.000000,1.000000,0.000000,0,0,0.000000,0.000000,0.000000,0.000000,0.000000,0,0,0,0,0,0.000000,0,0,0,0,0,0,0,0,0,0,0,0,0.000000,0.000000,0.000000,0.000000,0.000000,0.000000,0.000000,0.000000,0.000000,0.000000,0.000000,0.000000,0.000000,0.000000,0.000000,0.000000,0.000000,0.000000,0.000000,0.000000,0.000000
30257,0.811931,-0.060302,-0.003100,-0.580622,0.000000,0.000000,0.000000,-0.075000,0.092000,-0.985000,23.175499,100294.703125,86.129997,86.180000,-0.050000,-0.010000,19,1,1,1,3,24,1,24,37.5417705,127.0795383,27.575,0.389000,0.883000,0.009000,-0.010000,0.015000,0.113000,1000,1000,1000,1000,1000.000000,1000.000000,1000.000000,1000.000000,0.000000,0.000000,1000.000000,0,0,0,0,0,0.000000,0.000000,0,1,0,0,0,11781,0.000000,0,0.000000,0.000000,0.000000,0.000000,0.000000,0.000000,0,0.000000,0.000000,0.000000,0.000000,0.000000,0.000000,0.000000,0.000000,0.000000,0.000000,0.000000,0.000000,0.000000,0.250000,0.250000,1.000000,1.000000,1.000000,0.000000,0,0,0.000000,0.000000,0.000000,0.000000,0.000000,0,0,0,0,0,0.000000,0,0,0,0,0,0,0,0,0,0,0,0,0.000000,0.000000,0.000000,0.000000,0.000000,0.000000,0.000000,0.000000,0.000000,0.000000,0.000000,0.000000,0.000000,0.000000,0.000000,0.000000,0.000000,0.000000,0.000000,0.000000,0.000000
30343,0.811936,-0.060203,-0.003100,-0.580626,0.000000,0.000000,0.000000,-0.075000,0.094000,-0.984000,23.174850,100292.804688,86.290001,86.180000,0.110000,0.020000,21,1,1,1,3,24,1,24,37.5417705,127.0795383,27.575,0.389000,0.883000,0.009000,-0.010000,0.015000,0.113000,1000,1000,1000,1000,1000.000000,1000.000000,1000.000000,1000.000000,0.000000,0.000000,1000.000000,0,0,0,0,0,0.000000,0.000000,0,1,0,0,0,11866,0.000000,0,0.000000,0.000000,0.000000,0.000000,0.000000,0.000000,0,0.000000,0.000000,0.000000,0.000000,0.000000,0.000000,0.000000,0.000000,0.000000,0.000000,0.000000,0.000000,0.000000,0.250000,0.250000,1.000000,1.000000,1.000000,0.000000,0,0,0.000000,0.000000,0.000000,0.000000,0.000000,0,0,0,0,0,0.000000,0,0,0,0,0,0,0,0,0,0,0,0,0.000000,0.000000,0.000000,0.000000,0.000000,0.000000,0.000000,0.000000,0.000000,0.000000,0.000000,0.000000,0.000000,0.000000,0.000000,0.000000,0.000000,0.000000,0.000000,0.000000,0.000000
30454,0.811936,-0.060203,-0.003100,-0.580626,0.000000,0.000000,0.000000,-0.074000,0.094000,-0.985000,23.174026,100293.304688,86.250000,86.180000,0.070000,0.020000,1,1,1,1,3,24,1,24,37.5417704,127.0795383,27.573,0.388000,0.881000,-0.007000,0.010000,-0.002000,0.098000,1000,1000,1000,1000,1000.000000,1000.000000,1000.000000,1000.000000,0.000000,0.000000,1000.000000,0,0,0,0,0,0.000000,0.000000,0,1,0,0,0,11978,0.000000,0,0.000000,0.000000,0.000000,0.000000,0.000000,0.000000,0,0.000000,0.000000,0.000000,0.000000,0.000000,0.000000,0.000000,0.000000,0.000000,0.000000,0.000000,0.000000,0.000000,0.250000,0.250000,1.000000,1.000000,1.000000,0.000000,0,0,0.000000,0.000000,0.000000,0.000000,0.000000,0,0,0,0,0,0.000000,0,0,0,0,0,0,0,0,0,0,0,0,0.000000,0.000000,0.000000,0.000000,0.000000,0.000000,0.000000,0.000000,0.000000,0.000000,0.000000,0.000000,0.000000,0.000000,0.000000,0.000000,0.000000,0.000000,0.000000,0.000000,0.000000
30558,0.811936,-0.060203,-0.003100,-0.580626,0.000000,0.000000,0.000000,-0.074000,0.092000,-0.985000,23.173693,100294.101563,86.180000,86.180000,0.000000,0.010000,20,1,1,1,3,24,1,24,37.5417704,127.0795383,27.561,0.388000,0.880000,0.014000,-0.008000,0.013000,0.106000,1000,1000,1000,1000,1000.000000,1000.000000,1000.000000,1000.000000,0.000000,0.000000,1000.000000,0,0,0,0,0,0.000000,0.000000,0,1,0,0,0,12082,0.000000,0,0.000000,0.000000,0.000000,0.000000,0.000000,0.000000,0,0.000000,0.000000,0.000000,0.000000,0.000000,0.000000,0.000000,0.000000,0.000000,0.000000,0.000000,0.000000,0.000000,0.250000,0.250000,1.000000,1.000000,1.000000,0.000000,0,0,0.000000,0.000000,0.000000,0.000000,0.000000,0,0,0,0,0,0.000000,0,0,0,0,0,0,0,0,0,0,0,0,0.000000,0.000000,0.000000,0.000000,0.000000,0.000000,0.000000,0.000000,0.000000,0.000000,0.000000,0.000000,0.000000,0.000000,0.000000,0.000000,0.000000,0.000000,0.000000,0.000000,0.000000
30643,0.811936,-0.060203,-0.003100,-0.580626,0.000000,0.000000,0.000000,-0.075000,0.093000,-0.983000,23.177532,100294.500000,86.150002,86.180000,-0.030000,0.000000,21,1,1,1,3,24,1,24,37.5417704,127.0795383,27.560,0.387000,0.878000,-0.007000,0.010000,0.004000,0.090000,1000,1000,1000,1000,1000.000000,1000.000000,1000.000000,1000.000000,0.000000,0.000000,1000.000000,0,0,0,0,0,0.000000,0.000000,0,1,0,0,0,12166,0.000000,0,0.000000,0.000000,0.000000,0.000000,0.000000,0.000000,0,0.000000,0.000000,0.000000,0.000000,0.000000,0.000000,0.000000,0.000000,0.000000,0.000000,0.000000,0.000000,0.000000,0.250000,0.250000,1.000000,1.000000,1.000000,0.000000,0,0,0.000000,0.000000,0.000000,0.000000,0.000000,0,0,0,0,0,0.000000,0,0,0,0,0,0,0,0,0,0,0,0,0.000000,0.000000,0.000000,0.000000,0.000000,0.000000,0.000000,0.000000,0.000000,0.000000,0.000000,0.000000,0.000000,0.000000,0.000000,0.000000,0.000000,0.000000,0.000000,0.000000,0.000000
30752,0.811936,-0.060203,-0.003100,-0.580626,0.000000,0.000000,0.000000,-0.075000,0.093000,-0.983000,23.175692,100293.804688,86.209999,86.180000,0.030000,0.000000,4,1,1,1,3,24,1,24,37.5417704,127.0795383,27.545,0.386000,0.876000,0.008000,0.002000,0.018000,0.115000,1000,1000,1000,1000,1000.000000,1000.000000,1000.000000,1000.000000,0.000000,0.000000,1000.000000,0,0,0,0,0,0.000000,0.000000,0,1,0,0,0,12276,0.000000,0,0.000000,0.000000,0.000000,0.000000,0.000000,0.000000,0,0.000000,0.000000,0.000000,0.000000,0.000000,0.000000,0.000000,0.000000,0.000000,0.000000,0.000000,0.000000,0.000000,0.250000,0.250000,1.000000,1.000000,1.000000,0.000000,0,0,0.000000,0.000000,0.000000,0.000000,0.000000,0,0,0,0,0,0.000000,0,0,0,0,0,0,0,0,0,0,0,0,0.000000,0.000000,0.000000,0.000000,0.000000,0.000000,0.000000,0.000000,0.000000,0.000000,0.000000,0.000000,0.000000,0.000000,0.000000,0.000000,0.000000,0.000000,0.000000,0.000000,0.000000
30856,0.811936,-0.060203,-0.003100,-0.580626,0.000000,0.000000,0.000000,-0.073000,0.094000,-0.984000,23.171642,100292.703125,86.299995,86.180000,0.120000,0.020000,20,1,1,1,3,24,1,24,37.5417704,127.0795382,27.527,0.386000,0.874000,0.001000,-0.007000,0.019000,0.115000,1000,1000,1000,1000,1000.000000,1000.000000,1000.000000,1000.000000,0.000000,0.000000,1000.000000,0,0,0,0,0,0.000000,0.000000,0,1,0,0,0,12380,0.000000,0,0.000000,0.000000,0.000000,0.000000,0.000000,0.000000,0,0.000000,0.000000,0.000000,0.000000,0.000000,0.000000,0.000000,0.000000,0.000000,0.000000,0.000000,0.000000,0.000000,0.250000,0.250000,1.000000,1.000000,1.000000,0.000000,0,0,0.000000,0.000000,0.000000,0.000000,0.000000,0,0,0,0,0,0.000000,0,0,0,0,0,0,0,0,0,0,0,0,0.000000,0.000000,0.000000,0.000000,0.000000,0.000000,0.000000,0.000000,0.000000,0.000000,0.000000,0.000000,0.000000,0.000000,0.000000,0.000000,0.000000,0.000000,0.000000,0.000000,0.000000
30943,0.811936,-0.060203,-0.003100,-0.580626,0.000000,0.000000,0.000000,-0.075000,0.092000,-0.986000,23.176006,100294.804688,86.119995,86.180000,-0.060000,0.030000,23,1,1,1,3,24,1,24,37.5417704,127.0795382,27.527,0.386000,0.874000,0.001000,-0.007000,0.019000,0.115000,1000,1000,1000,1000,1000.000000,1000.000000,1000.000000,1000.000000,0.000000,0.000000,1000.000000,0,0,0,0,0,0.000000,0.000000,0,1,0,0,0,12466,0.000000,0,0.000000,0.000000,0.000000,0.000000,0.000000,0.000000,0,0.000000,0.000000,0.000000,0.000000,0.000000,0.000000,0.000000,0.000000,0.000000,0.000000,0.000000,0.000000,0.000000,0.250000,0.250000,1.000000,1.000000,1.000000,0.000000,0,0,0.000000,0.000000,0.000000,0.000000,0.000000,0,0,0,0,0,0.000000,0,0,0,0,0,0,0,0,0,0,0,0,0.000000,0.000000,0.000000,0.000000,0.000000,0.000000,0.000000,0.000000,0.000000,0.000000,0.000000,0.000000,0.000000,0.000000,0.000000,0.000000,0.000000,0.000000,0.000000,0.000000,0.000000
31052,0.811936,-0.060203,-0.003100,-0.580626,0.000000,0.000000,0.000000,-0.074000,0.092000,-0.985000,23.178251,100292.703125,86.299995,86.180000,0.120000,0.030000,3,1,1,1,3,24,1,24,37.5417704,127.0795382,27.532,0.385000,0.873000,0.004000,-0.001000,0.006000,0.099000,1000,1000,1000,1000,1000.000000,1000.000000,1000.000000,1000.000000,0.000000,0.000000,1000.000000,0,0,0,0,0,0.000000,0.000000,0,1,0,0,0,12576,0.000000,0,0.000000,0.000000,0.000000,0.000000,0.000000,0.000000,0,0.000000,0.000000,0.000000,0.000000,0.000000,0.000000,0.000000,0.000000,0.000000,0.000000,0.000000,0.000000,0.000000,0.250000,0.250000,1.000000,1.000000,1.000000,0.000000,0,0,0.000000,0.000000,0.000000,0.000000,0.000000,0,0,0,0,0,0.000000,0,0,0,0,0,0,0,0,0,0,0,0,0.000000,0.000000,0.000000,0.000000,0.000000,0.000000,0.000000,0.000000,0.000000,0.000000,0.000000,0.000000,0.000000,0.000000,0.000000,0.000000,0.000000,0.000000,0.000000,0.000000,0.000000
31157,0.811936,-0.060203,-0.003100,-0.580626,0.000000,0.000000,0.000000,-0.074000,0.093000,-0.981000,23.175289,100293.203125,86.259995,86.180000,0.080000,0.040000,19,1,1,1,3,24,1,24,37.5417705,127.0795382,27.508,0.385000,0.871000,0.020000,-0.013000,0.024000,0.110000,1000,1000,1000,1000,1000.000000,1000.000000,1000.000000,1000.000000,0.000000,0.000000,1000.000000,0,0,0,0,0,0.000000,0.000000,0,1,0,0,0,12681,0.000000,0,0.000000,0.000000,0.000000,0.000000,0.000000,0.000000,0,0.000000,0.000000,0.000000,0.000000,0.000000,0.000000,0.000000,0.000000,0.000000,0.000000,0.000000,0.000000,0.000000,0.250000,0.250000,1.000000,1.000000,1.000000,0.000000,0,0,0.000000,0.000000,0.000000,0.000000,0.000000,0,0,0,0,0,0.000000,0,0,0,0,0,0,0,0,0,0,0,0,0.000000,0.000000,0.000000,0.000000,0.000000,0.000000,0.000000,0.000000,0.000000,0.000000,0.000000,0.000000,0.000000,0.000000,0.000000,0.000000,0.000000,0.000000,0.000000,0.000000,0.000000
31243,0.811936,-0.060203,-0.003100,-0.580626,0.000000,0.000000,0.000000,-0.075000,0.092000,-0.984000,23.176516,100292.703125,86.299995,86.180000,0.120000,0.050000,21,1,1,1,3,24,1,24,37.5417705,127.0795382,27.497,0.384000,0.869000,-0.002000,0.018000,0.008000,0.108000,1000,1000,1000,1000,1000.000000,1000.000000,1000.000000,1000.000000,0.000000,0.000000,1000.000000,0,0,0,0,0,0.000000,0.000000,0,1,0,0,0,12766,0.000000,0,0.000000,0.000000,0.000000,0.000000,0.000000,0.000000,0,0.000000,0.000000,0.000000,0.000000,0.000000,0.000000,0.000000,0.000000,0.000000,0.000000,0.000000,0.000000,0.000000,0.250000,0.250000,1.000000,1.000000,1.000000,0.000000,0,0,0.000000,0.000000,0.000000,0.000000,0.000000,0,0,0,0,0,0.000000,0,0,0,0,0,0,0,0,0,0,0,0,0.000000,0.000000,0.000000,0.000000,0.000000,0.000000,0.000000,0.000000,0.000000,0.000000,0.000000,0.000000,0.000000,0.000000,0.000000,0.000000,0.000000,0.000000,0.000000,0.000000,0.000000
31348,0.811936,-0.060203,-0.003100,-0.580626,0.000000,0.000000,0.000000,-0.074000,0.093000,-0.984000,23.178093,100294.203125,86.180000,86.180000,0.000000,0.050000,0,1,1,1,3,24,1,24,37.5417705,127.0795382,27.497,0.384000,0.869000,-0.002000,0.018000,0.008000,0.108000,1000,1000,1000,1000,1000.000000,1000.000000,1000.000000,1000.000000,0.000000,0.000000,1000.000000,0,0,0,0,0,0.000000,0.000000,0,1,0,0,0,12871,0.000000,0,0.000000,0.000000,0.000000,0.000000,0.000000,0.000000,0,0.000000,0.000000,0.000000,0.000000,0.000000,0.000000,0.000000,0.000000,0.000000,0.000000,0.000000,0.000000,0.000000,0.250000,0.250000,1.000000,1.000000,1.000000,0.000000,0,0,0.000000,0.000000,0.000000,0.000000,0.000000,0,0,0,0,0,0.000000,0,0,0,0,0,0,0,0,0,0,0,0,0.000000,0.000000,0.000000,0.000000,0.000000,0.000000,0.000000,0.000000,0.000000,0.000000,0.000000,0.000000,0.000000,0.000000,0.000000,0.000000,0.000000,0.000000,0.000000,0.000000,0.000000
31455,0.811936,-0.060203,-0.003100,-0.580626,0.000000,0.000000,0.000000,-0.074000,0.093000,-0.983000,23.176691,100292.804688,86.290001,86.180000,0.110000,0.070000,19,1,1,1,3,24,1,24,37.5417705,127.0795381,27.488,0.383000,0.868000,-0.005000,-0.011000,-0.001000,0.114000,1000,1000,1000,1000,1000.000000,1000.000000,1000.000000,1000.000000,0.000000,0.000000,1000.000000,0,0,0,0,0,0.000000,0.000000,0,1,0,0,0,12979,0.000000,0,0.000000,0.000000,0.000000,0.000000,0.000000,0.000000,0,0.000000,0.000000,0.000000,0.000000,0.000000,0.000000,0.000000,0.000000,0.000000,0.000000,0.000000,0.000000,0.000000,0.250000,0.250000,1.000000,1.000000,1.000000,0.000000,0,0,0.000000,0.000000,0.000000,0.000000,0.000000,0,0,0,0,0,0.000000,0,0,0,0,0,0,0,0,0,0,0,0,0.000000,0.000000,0.000000,0.000000,0.000000,0.000000,0.000000,0.000000,0.000000,0.000000,0.000000,0.000000,0.000000,0.000000,0.000000,0.000000,0.000000,0.000000,0.000000,0.000000,0.000000
31543,0.811936,-0.060203,-0.003100,-0.580626,0.000000,0.000000,0.000000,-0.075000,0.093000,-0.983000,23.181372,100295.203125,86.089996,86.180000,-0.090000,0.050000,23,1,1,1,3,24,1,24,37.5417705,127.0795381,27.471,0.383000,0.866000,0.002000,-0.005000,0.007000,0.101000,1000,1000,1000,1000,1000.000000,1000.000000,1000.000000,1000.000000,0.000000,0.000000,1000.000000,0,0,0,0,0,0.000000,0.000000,0,1,0,0,0,13066,0.000000,0,0.000000,0.000000,0.000000,0.000000,0.000000,0.000000,0,0.000000,0.000000,0.000000,0.000000,0.000000,0.000000,0.000000,0.000000,0.000000,0.000000,0.000000,0.000000,0.000000,0.250000,0.250000,1.000000,1.000000,1.000000,0.000000,0,0,0.000000,0.000000,0.000000,0.000000,0.000000,0,0,0,0,0,0.000000,0,0,0,0,0,0,0,0,0,0,0,0,0.000000,0.000000,0.000000,0.000000,0.000000,0.000000,0.000000,0.000000,0.000000,0.000000,0.000000,0.000000,0.000000,0.000000,0.000000,0.000000,0.000000,0.000000,0.000000,0.000000,0.000000
31651,0.811936,-0.060203,-0.003100,-0.580626,0.000000,0.000000,0.000000,-0.074000,0.093000,-0.985000,23.180197,100292.203125,86.339996,86.180000,0.160000,0.040000,1,1,1,1,3,24,1,24,37.5417705,127.0795380,27.454,0.382000,0.865000,-0.002000,-0.007000,0.009000,0.098000,1000,1000,1000,1000,1000.000000,1000.000000,1000.000000,1000.000000,0.000000,0.000000,1000.000000,0,0,0,0,0,0.000000,0.000000,0,1,0,0,0,13174,0.000000,0,0.000000,0.000000,0.000000,0.000000,0.000000,0.000000,0,0.000000,0.000000,0.000000,0.000000,0.000000,0.000000,0.000000,0.000000,0.000000,0.000000,0.000000,0.000000,0.000000,0.250000,0.250000,1.000000,1.000000,1.000000,0.000000,0,0,0.000000,0.000000,0.000000,0.000000,0.000000,0,0,0,0,0,0.000000,0,0,0,0,0,0,0,0,0,0,0,0,0.000000,0.000000,0.000000,0.000000,0.000000,0.000000,0.000000,0.000000,0.000000,0.000000,0.000000,0.000000,0.000000,0.000000,0.000000,0.000000,0.000000,0.000000,0.000000,0.000000,0.000000
31757,0.811936,-0.060203,-0.003100,-0.580626,0.000000,0.000000,0.000000,-0.073000,0.093000,-0.982000,23.178217,100294.703125,86.129997,86.180000,-0.050000,0.030000,19,1,1,1,3,24,1,24,37.5417705,127.0795380,27.445,0.382000,0.863000,-0.004000,0.004000,-0.013000,0.112000,1000,1000,1000,1000,1000.000000,1000.000000,1000.000000,1000.000000,0.000000,0.000000,1000.000000,0,0,0,0,0,0.000000,0.000000,0,1,0,0,0,13281,0.000000,0,0.000000,0.000000,0.000000,0.000000,0.000000,0.000000,0,0.000000,0.000000,0.000000,0.000000,0.000000,0.000000,0.000000,0.000000,0.000000,0.000000,0.000000,0.000000,0.000000,0.250000,0.250000,1.000000,1.000000,1.000000,0.000000,0,0,0.000000,0.000000,0.000000,0.000000,0.000000,0,0,0,0,0,0.000000,0,0,0,0,0,0,0,0,0,0,0,0,0.000000,0.000000,0.000000,0.000000,0.000000,0.000000,0.000000,0.000000,0.000000,0.000000,0.000000,0.000000,0.000000,0.000000,0.000000,0.000000,0.000000,0.000000,0.000000,0.000000,0.000000
31843,0.811936,-0.060203,-0.003100,-0.580626,0.000000,0.000000,0.000000,-0.075000,0.093000,-0.987000,23.180145,100294.101563,86.180000,86.180000,0.000000,0.040000,21,1,1,1,3,24,1,24,37.5417705,127.0795380,27.445,0.382000,0.863000,-0.004000,0.004000,-0.013000,0.112000,1000,1000,1000,1000,1000.000000,1000.000000,1000.000000,1000.000000,0.000000,0.000000,1000.000000,0,0,0,0,0,0.000000,0.000000,0,1,0,0,0,13366,0.000000,0,0.000000,0.000000,0.000000,0.000000,0.000000,0.000000,0,0.000000,0.000000,0.000000,0.000000,0.000000,0.000000,0.000000,0.000000,0.000000,0.000000,0.000000,0.000000,0.000000,0.250000,0.250000,1.000000,1.000000,1.000000,0.000000,0,0,0.000000,0.000000,0.000000,0.000000,0.000000,0,0,0,0,0,0.000000,0,0,0,0,0,0,0,0,0,0,0,0,0.000000,0.000000,0.000000,0.000000,0.000000,0.000000,0.000000,0.000000,0.000000,0.000000,0.000000,0.000000,0.000000,0.000000,0.000000,0.000000,0.000000,0.000000,0.000000,0.000000,0.000000
31952,0.811936,-0.060203,-0.003100,-0.580626,0.000000,0.000000,0.000000,-0.073000,0.091000,-0.983000,23.178041,100293.000000,86.279999,86.180000,0.100000,0.050000,2,1,1,1,3,24,1,24,37.5417706,127.0795380,27.432,0.381000,0.862000,0.012000,-0.001000,0.001000,0.082000,1000,1000,1000,1000,1000.000000,1000.000000,1000.000000,1000.000000,0.000000,0.000000,1000.000000,0,0,0,0,0,0.000000,0.000000,0,1,0,0,0,13476,0.000000,0,0.000000,0.000000,0.000000,0.000000,0.000000,0.000000,0,0.000000,0.000000,0.000000,0.000000,0.000000,0.000000,0.000000,0.000000,0.000000,0.000000,0.000000,0.000000,0.000000,0.250000,0.250000,1.000000,1.000000,1.000000,0.000000,0,0,0.000000,0.000000,0.000000,0.000000,0.000000,0,0,0,0,0,0.000000,0,0,0,0,0,0,0,0,0,0,0,0,0.000000,0.000000,0.000000,0.000000,0.000000,0.000000,0.000000,0.000000,0.000000,0.000000,0.000000,0.000000,0.000000,0.000000,0.000000,0.000000,0.000000,0.000000,0.000000,0.000000,0.000000
32057,0.811936,-0.060203,-0.003000,-0.580626,0.000000,0.000000,0.000000,-0.074000,0.095000,-0.984000,23.179777,100293.703125,86.209999,86.180000,0.030000,0.050000,19,1,1,1,3,24,1,24,37.5417706,127.0795379,27.423,0.381000,0.860000,0.003000,0.000000,0.009000,0.107000,1000,1000,1000,1000,1000.000000,1000.000000,1000.000000,1000.000000,0.000000,0.000000,1000.000000,0,0,0,0,0,0.000000,0.000000,0,1,0,0,0,13581,0.000000,0,0.000000,0.000000,0.000000,0.000000,0.000000,0.000000,0,0.000000,0.000000,0.000000,0.000000,0.000000,0.000000,0.000000,0.000000,0.000000,0.000000,0.000000,0.000000,0.000000,0.250000,0.250000,1.000000,1.000000,1.000000,0.000000,0,0,0.000000,0.000000,0.000000,0.000000,0.000000,0,0,0,0,0,0.000000,0,0,0,0,0,0,0,0,0,0,0,0,0.000000,0.000000,0.000000,0.000000,0.000000,0.000000,0.000000,0.000000,0.000000,0.000000,0.000000,0.000000,0.000000,0.000000,0.000000,0.000000,0.000000,0.000000,0.000000,0.000000,0.000000
32143,0.811936,-0.060203,-0.003000,-0.580626,0.000000,0.000000,0.000000,-0.073000,0.092000,-0.983000,23.182020,100292.804688,86.290001,86.180000,0.110000,0.050000,21,1,1,1,3,24,1,24,37.5417706,127.0795378,27.407,0.380000,0.858000,0.000000,0.001000,0.010000,0.083000,1000,1000,1000,1000,1000.000000,1000.000000,1000.000000,1000.000000,0.000000,0.000000,1000.000000,0,0,0,0,0,0.000000,0.000000,0,1,0,0,0,13666,0.000000,0,0.000000,0.000000,0.000000,0.000000,0.000000,0.000000,0,0.000000,0.000000,0.000000,0.000000,0.000000,0.000000,0.000000,0.000000,0.000000,0.000000,0.000000,0.000000,0.000000,0.250000,0.250000,1.000000,1.000000,1.000000,0.000000,0,0,0.000000,0.000000,0.000000,0.000000,0.000000,0,0,0,0,0,0.000000,0,0,0,0,0,0,0,0,0,0,0,0,0.000000,0.000000,0.000000,0.000000,0.000000,0.000000,0.000000,0.000000,0.000000,0.000000,0.000000,0.000000,0.000000,0.000000,0.000000,0.000000,0.000000,0.000000,0.000000,0.000000,0.000000
32251,0.811936,-0.060203,-0.003000,-0.580626,0.000000,0.000000,0.000000,-0.075000,0.094000,-0.985000,23.178707,100292.898438,86.279999,86.180000,0.100000,0.050000,1,1,1,1,3,24,1,24,37.5417706,127.0795378,27.406,0.379000,0.857000,0.002000,0.006000,-0.002000,0.098000,1000,1000,1000,1000,1000.000000,1000.000000,1000.000000,1000.000000,0.000000,0.000000,1000.000000,0,0,0,0,0,0.000000,0.000000,0,1,0,0,0,13774,0.000000,0,0.000000,0.000000,0.000000,0.000000,0.000000,0.000000,0,0.000000,0.000000,0.000000,0.000000,0.000000,0.000000,0.000000,0.000000,0.000000,0.000000,0.000000,0.000000,0.000000,0.250000,0.250000,1.000000,1.000000,1.000000,0.000000,0,0,0.000000,0.000000,0.000000,0.000000,0.000000,0,0,0,0,0,0.000000,0,0,0,0,0,0,0,0,0,0,0,0,0.000000,0.000000,0.000000,0.000000,0.000000,0.000000,0.000000,0.000000,0.000000,0.000000,0.000000,0.000000,0.000000,0.000000,0.000000,0.000000,0.000000,0.000000,0.000000,0.000000,0.000000
32357,0.811936,-0.060203,-0.003000,-0.580626,0.000000,0.000000,0.000000,-0.074000,0.094000,-0.985000,23.185633,100293.000000,86.279999,86.180000,0.100000,0.060000,19,1,1,1,3,24,1,24,37.5417706,127.0795378,27.406,0.379000,0.857000,0.002000,0.006000,-0.002000,0.098000,1000,1000,1000,1000,1000.000000,1000.000000,1000.000000,1000.000000,0.000000,0.000000,1000.000000,0,0,0,0,0,0.000000,0.000000,0,1,0,0,0,13881,0.000000,0,0.000000,0.000000,0.000000,0.000000,0.000000,0.000000,0,0.000000,0.000000,0.000000,0.000000,0.000000,0.000000,0.000000,0.000000,0.000000,0.000000,0.000000,0.000000,0.000000,0.250000,0.250000,1.000000,1.000000,1.000000,0.000000,0,0,0.000000,0.000000,0.000000,0.000000,0.000000,0,0,0,0,0,0.000000,0,0,0,0,0,0,0,0,0,0,0,0,0.000000,0.000000,0.000000,0.000000,0.000000,0.000000,0.000000,0.000000,0.000000,0.000000,0.000000,0.000000,0.000000,0.000000,0.000000,0.000000,0.000000,0.000000,0.000000,0.000000,0.000000
32447,0.811936,-0.060203,-0.003000,-0.580626,0.000000,0.000000,0.000000,-0.075000,0.093000,-0.983000,23.181091,100292.898438,86.279999,86.180000,0.100000,0.070000,25,1,1,1,3,24,1,24,37.5417706,127.0795377,27.397,0.379000,0.855000,-0.003000,-0.016000,-0.001000,0.115000,1000,1000,1000,1000,1000.000000,1000.000000,1000.000000,1000.000000,0.000000,0.000000,1000.000000,0,0,0,0,0,0.000000,0.000000,0,1,0,0,0,13970,0.000000,0,0.000000,0.000000,0.000000,0.000000,0.000000,0.000000,0,0.000000,0.000000,0.000000,0.000000,0.000000,0.000000,0.000000,0.000000,0.000000,0.000000,0.000000,0.000000,0.000000,0.250000,0.250000,1.000000,1.000000,1.000000,0.000000,0,0,0.000000,0.000000,0.000000,0.000000,0.000000,0,0,0,0,0,0.000000,0,0,0,0,0,0,0,0,0,0,0,0,0.000000,0.000000,0.000000,0.000000,0.000000,0.000000,0.000000,0.000000,0.000000,0.000000,0.000000,0.000000,0.000000,0.000000,0.000000,0.000000,0.000000,0.000000,0.000000,0.000000,0.000000
32554,0.811936,-0.060203,-0.003000,-0.580626,0.000000,0.000000,0.000000,-0.075000,0.093000,-0.984000,23.184160,100292.703125,86.299995,86.180000,0.120000,0.090000,6,1,1,1,3,24,1,24,37.5417706,127.0795377,27.390,0.378000,0.854000,0.003000,0.025000,-0.007000,0.116000,1000,1000,1000,1000,1000.000000,1000.000000,1000.000000,1000.000000,0.000000,0.000000,1000.000000,0,0,0,0,0,0.000000,0.000000,0,1,0,0,0,14078,0.000000,0,0.000000,0.000000,0.000000,0.000000,0.000000,0.000000,0,0.000000,0.000000,0.000000,0.000000,0.000000,0.000000,0.000000,0.000000,0.000000,0.000000,0.000000,0.000000,0.000000,0.250000,0.250000,1.000000,1.000000,1.000000,0.000000,0,0,0.000000,0.000000,0.000000,0.000000,0.000000,0,0,0,0,0,0.000000,0,0,0,0,0,0,0,0,0,0,0,0,0.000000,0.000000,0.000000,0.000000,0.000000,0.000000,0.000000,0.000000,0.000000,0.000000,0.000000,0.000000,0.000000,0.000000,0.000000,0.000000,0.000000,0.000000,0.000000,0.000000,0.000000
32655,0.811936,-0.060203,-0.003000,-0.580626,0.000000,0.000000,0.000000,-0.073000,0.093000,-0.983000,23.184826,100293.898438,86.199997,86.180000,0.020000,0.080000,19,1,1,1,3,24,1,24,37.5417706,127.0795376,27.379,0.378000,0.852000,-0.007000,-0.026000,-0.009000,0.113000,1000,1000,1000,1000,1000.000000,1000.000000,1000.000000,1000.000000,0.000000,0.000000,1000.000000,0,0,0,0,0,0.000000,0.000000,0,1,0,0,0,14179,0.000000,0,0.000000,0.000000,0.000000,0.000000,0.000000,0.000000,0,0.000000,0.000000,0.000000,0.000000,0.000000,0.000000,0.000000,0.000000,0.000000,0.000000,0.000000,0.000000,0.000000,0.250000,0.250000,1.000000,1.000000,1.000000,0.000000,0,0,0.000000,0.000000,0.000000,0.000000,0.000000,0,0,0,0,0,0.000000,0,0,0,0,0,0,0,0,0,0,0,0,0.000000,0.000000,0.000000,0.000000,0.000000,0.000000,0.000000,0.000000,0.000000,0.000000,0.000000,0.000000,0.000000,0.000000,0.000000,0.000000,0.000000,0.000000,0.000000,0.000000,0.000000
32743,0.811936,-0.060203,-0.003000,-0.580626,0.000000,0.000000,0.000000,-0.074000,0.091000,-0.983000,23.182442,100293.703125,86.209999,86.180000,0.030000,0.080000,23,1,1,1,3,24,1,24,37.5417706,127.0795376,27.376,0.377000,0.851000,-0.008000,0.012000,-0.019000,0.115000,1000,1000,1000,1000,1000.000000,1000.000000,1000.000000,1000.000000,0.000000,0.000000,1000.000000,0,0,0,0,0,0.000000,0.000000,0,1,0,0,0,14266,0.000000,0,0.000000,0.000000,0.000000,0.000000,0.000000,0.000000,0,0.000000,0.000000,0.000000,0.000000,0.000000,0.000000,0.000000,0.000000,0.000000,0.000000,0.000000,0.000000,0.000000,0.250000,0.250000,1.000000,1.000000,1.000000,0.000000,0,0,0.000000,0.000000,0.000000,0.000000,0.000000,0,0,0,0,0,0.000000,0,0,0,0,0,0,0,0,0,0,0,0,0.000000,0.000000,0.000000,0.000000,0.000000,0.000000,0.000000,0.000000,0.000000,0.000000,0.000000,0.000000,0.000000,0.000000,0.000000,0.000000,0.000000,0.000000,0.000000,0.000000,0.000000
32849,0.811936,-0.060203,-0.003000,-0.580626,0.000000,0.000000,0.000000,-0.074000,0.093000,-0.983000,23.183336,100292.500000,86.320000,86.180000,0.140000,0.100000,0,1,1,1,3,24,1,24,37.5417706,127.0795376,27.376,0.377000,0.851000,-0.008000,0.012000,-0.019000,0.115000,1000,1000,1000,1000,1000.000000,1000.000000,1000.000000,1000.000000,0.000000,0.000000,1000.000000,0,0,0,0,0,0.000000,0.000000,0,1,0,0,0,14373,0.000000,0,0.000000,0.000000,0.000000,0.000000,0.000000,0.000000,0,0.000000,0.000000,0.000000,0.000000,0.000000,0.000000,0.000000,0.000000,0.000000,0.000000,0.000000,0.000000,0.000000,0.250000,0.250000,1.000000,1.000000,1.000000,0.000000,0,0,0.000000,0.000000,0.000000,0.000000,0.000000,0,0,0,0,0,0.000000,0,0,0,0,0,0,0,0,0,0,0,0,0.000000,0.000000,0.000000,0.000000,0.000000,0.000000,0.000000,0.000000,0.000000,0.000000,0.000000,0.000000,0.000000,0.000000,0.000000,0.000000,0.000000,0.000000,0.000000,0.000000,0.000000
32957,0.811936,-0.060203,-0.003000,-0.580626,0.000000,0.000000,0.000000,-0.074000,0.094000,-0.984000,23.181986,100292.703125,86.299995,86.180000,0.120000,0.090000,19,1,1,1,3,24,1,24,37.5417707,127.0795376,27.369,0.377000,0.849000,0.012000,0.010000,-0.013000,0.102000,1000,1000,1000,1000,1000.000000,1000.000000,1000.000000,1000.000000,0.000000,0.000000,1000.000000,0,0,0,0,0,0.000000,0.000000,0,1,0,0,0,14481,0.000000,0,0.000000,0.000000,0.000000,0.000000,0.000000,0.000000,0,0.000000,0.000000,0.000000,0.000000,0.000000,0.000000,0.000000,0.000000,0.000000,0.000000,0.000000,0.000000,0.000000,0.250000,0.250000,1.000000,1.000000,1.000000,0.000000,0,0,0.000000,0.000000,0.000000,0.000000,0.000000,0,0,0,0,0,0.000000,0,0,0,0,0,0,0,0,0,0,0,0,0.000000,0.000000,0.000000,0.000000,0.000000,0.000000,0.000000,0.000000,0.000000,0.000000,0.000000,0.000000,0.000000,0.000000,0.000000,0.000000,0.000000,0.000000,0.000000,0.000000,0.000000
33043,0.811936,-0.060203,-0.003000,-0.580626,0.000000,0.000000,0.000000,-0.072000,0.093000,-0.984000,23.187315,100294.000000,86.189995,86.180000,0.010000,0.070000,20,1,1,1,3,24,1,24,37.5417707,127.0795376,27.362,0.376000,0.848000,-0.001000,0.009000,-0.011000,0.110000,1000,1000,1000,1000,1000.000000,1000.000000,1000.000000,1000.000000,0.000000,0.000000,1000.000000,0,0,0,0,0,0.000000,0.000000,0,1,0,0,0,14566,0.000000,0,0.000000,0.000000,0.000000,0.000000,0.000000,0.000000,0,0.000000,0.000000,0.000000,0.000000,0.000000,0.000000,0.000000,0.000000,0.000000,0.000000,0.000000,0.000000,0.000000,0.250000,0.250000,1.000000,1.000000,1.000000,0.000000,0,0,0.000000,0.000000,0.000000,0.000000,0.000000,0,0,0,0,0,0.000000,0,0,0,0,0,0,0,0,0,0,0,0,0.000000,0.000000,0.000000,0.000000,0.000000,0.000000,0.000000,0.000000,0.000000,0.000000,0.000000,0.000000,0.000000,0.000000,0.000000,0.000000,0.000000,0.000000,0.000000,0.000000,0.000000
33152,0.811936,-0.060203,-0.003100,-0.580626,0.000000,0.000000,0.000000,-0.075000,0.092000,-0.983000,23.189718,100294.601563,86.139999,86.180000,-0.040000,0.060000,3,1,1,1,3,24,1,24,37.5417707,127.0795375,27.345,0.376000,0.846000,-0.007000,-0.023000,-0.003000,0.115000,1000,1000,1000,1000,1000.000000,1000.000000,1000.000000,1000.000000,0.000000,0.000000,1000.000000,0,0,0,0,0,0.000000,0.000000,0,1,0,0,0,14676,0.000000,0,0.000000,0.000000,0.000000,0.000000,0.000000,0.000000,0,0.000000,0.000000,0.000000,0.000000,0.000000,0.000000,0.000000,0.000000,0.000000,0.000000,0.000000,0.000000,0.000000,0.250000,0.250000,1.000000,1.000000,1.000000,0.000000,0,0,0.000000,0.000000,0.000000,0.000000,0.000000,0,0,0,0,0,0.000000,0,0,0,0,0,0,0,0,0,0,0,0,0.000000,0.000000,0.000000,0.000000,0.000000,0.000000,0.000000,0.000000,0.000000,0.000000,0.000000,0.000000,0.000000,0.000000,0.000000,0.000000,0.000000,0.000000,0.000000,0.000000,0.000000
33256,0.811936,-0.060203,-0.003100,-0.580626,0.000000,0.000000,0.000000,-0.075000,0.093000,-0.983000,23.190594,100294.398438,86.159996,86.180000,-0.020000,0.050000,19,1,1,1,3,24,1,24,37.5417707,127.0795375,27.350,0.375000,0.845000,0.001000,0.008000,-0.009000,0.101000,1000,1000,1000,1000,1000.000000,1000.000000,1000.000000,1000.000000,0.000000,0.000000,1000.000000,0,0,0,0,0,0.000000,0.000000,0,1,0,0,0,14780,0.000000,0,0.000000,0.000000,0.000000,0.000000,0.000000,0.000000,0,0.000000,0.000000,0.000000,0.000000,0.000000,0.000000,0.000000,0.000000,0.000000,0.000000,0.000000,0.000000,0.000000,0.250000,0.250000,1.000000,1.000000,1.000000,0.000000,0,0,0.000000,0.000000,0.000000,0.000000,0.000000,0,0,0,0,0,0.000000,0,0,0,0,0,0,0,0,0,0,0,0,0.000000,0.000000,0.000000,0.000000,0.000000,0.000000,0.000000,0.000000,0.000000,0.000000,0.000000,0.000000,0.000000,0.000000,0.000000,0.000000,0.000000,0.000000,0.000000,0.000000,0.000000
33343,0.811936,-0.060203,-0.003100,-0.580626,0.000000,0.000000,0.000000,-0.074000,0.093000,-0.985000,23.189245,100292.804688,86.290001,86.180000,0.110000,0.050000,22,1,1,1,3,24,1,24,37.5417707,127.0795375,27.350,0.375000,0.845000,0.001000,0.008000,-0.009000,0.101000,1000,1000,1000,1000,1000.000000,1000.000000,1000.000000,1000.000000,0.000000,0.000000,1000.000000,0,0,0,0,0,0.000000,0.000000,0,1,0,0,0,14866,0.000000,0,0.000000,0.000000,0.000000,0.000000,0.000000,0.000000,0,0.000000,0.000000,0.000000,0.000000,0.000000,0.000000,0.000000,0.000000,0.000000,0.000000,0.000000,0.000000,0.000000,0.250000,0.250000,1.000000,1.000000,1.000000,0.000000,0,0,0.000000,0.000000,0.000000,0.000000,0.000000,0,0,0,0,0,0.000000,0,0,0,0,0,0,0,0,0,0,0,0,0.000000,0.000000,0.000000,0.000000,0.000000,0.000000,0.000000,0.000000,0.000000,0.000000,0.000000,0.000000,0.000000,0.000000,0.000000,0.000000,0.000000,0.000000,0.000000,0.000000,0.000000
33453,0.811936,-0.060203,-0.003100,-0.580626,0.000000,0.000000,0.000000,-0.074000,0.093000,-0.982000,23.191437,100293.601563,86.229996,86.180000,0.050000,0.040000,0,1,1,1,3,24,1,24,37.5417707,127.0795375,27.336,0.375000,0.844000,0.000000,-0.001000,-0.002000,0.073000,1000,1000,1000,1000,1000.000000,1000.000000,1000.000000,1000.000000,0.000000,0.000000,1000.000000,0,0,0,0,0,0.000000,0.000000,0,1,0,0,0,14977,0.000000,0,0.000000,0.000000,0.000000,0.000000,0.000000,0.000000,0,0.000000,0.000000,0.000000,0.000000,0.000000,0.000000,0.000000,0.000000,0.000000,0.000000,0.000000,0.000000,0.000000,0.250000,0.250000,1.000000,1.000000,1.000000,0.000000,0,0,0.000000,0.000000,0.000000,0.000000,0.000000,0,0,0,0,0,0.000000,0,0,0,0,0,0,0,0,0,0,0,0,0.000000,0.000000,0.000000,0.000000,0.000000,0.000000,0.000000,0.000000,0.000000,0.000000,0.000000,0.000000,0.000000,0.000000,0.000000,0.000000,0.000000,0.000000,0.000000,0.000000,0.000000
33546,0.811936,-0.060203,-0.003100,-0.580626,0.000000,0.000000,0.000000,-0.074000,0.092000,-0.984000,23.194345,100294.500000,86.150002,86.180000,-0.030000,0.030000,8,1,1,1,3,24,1,24,37.5417707,127.0795375,27.334,0.374000,0.842000,0.001000,0.008000,0.002000,0.104000,1000,1000,1000,1000,1000.000000,1000.000000,1000.000000,1000.000000,0.000000,0.000000,1000.000000,0,0,1,0,0,0.000000,0.000000,0,1,1,1,1,15003,0.002000,0,-0.000010,-0.000013,0.005136,-0.000347,-0.000388,0.007492,1,0.000152,-0.000152,0.005398,0.188741,3.966257,0.092079,-5.418337,-4.298042,-70.934616,-5.418337,-4.298042,-70.934616,-0.009880,0.250000,0.375000,1.000000,1.500000,1.000000,0.000014,1,0,-0.000120,-0.010000,0.503311,0.211925,0.754999,0,0,0,0,0,0.000000,0,0,0,1,0,0,0,0,0,0,0,0,0.000000,0.000000,0.000000,0.000000,0.000000,0.000000,0.000000,0.000000,0.000000,0.000000,0.000000,0.000000,0.000000,0.000000,0.000000,0.000000,0.000000,0.000000,0.000000,0.000000,0.000000
33657,0.811936,-0.060203,-0.003100,-0.580626,0.000000,0.000000,0.000000,-0.073000,0.093000,-0.985000,23.188929,100294.000000,86.189995,86.180000,0.010000,0.040000,33,1,1,1,3,24,1,24,37.5417707,127.0795374,27.327,0.374000,0.841000,-0.002000,-0.017000,0.006000,0.116000,1000,1000,1000,1000,1000.000000,1000.000000,1000.000000,1000.000000,0.000000,0.000000,1000.000000,0,0,1,0,0,0.000000,0.000000,0,1,1,1,1,15003,0.002000,0,0.013911,-0.230652,0.029155,-0.001418,-0.009729,0.013211,1,0.001260,-0.001260,0.015107,0.091885,0.234522,0.083333,-5.419008,-4.300358,-70.937485,-5.419008,-4.300358,-70.937485,0.037964,0.250000,0.375000,1.000000,1.500000,1.000000,0.000324,1,0,-0.037964,0.000000,0.240881,0.037778,0.493993,1,1,1,1,1,0.000000,1,0,0,1,0,0,0,0,0,0,0,0,0.000000,0.000000,0.000000,0.000000,0.000000,0.000000,0.000000,0.000000,0.000000,0.000000,0.000000,0.000000,0.000000,0.000000,0.000000,0.000000,0.000000,0.000000,0.000000,0.000000,0.000000
33745,0.811936,-0.060203,-0.003100,-0.580626,0.000000,0.000000,0.000000,-0.075000,0.094000,-0.983000,23.185947,100291.000000,86.439995,86.180000,0.260000,0.060000,35,1,1,1,3,24,1,24,37.5417707,127.0795374,27.325,0.373000,0.840000,0.011000,0.015000,0.007000,0.112000,1000,1000,1000,1000,1000.000000,1000.000000,1000.000000,1000.000000,0.000000,0.000000,1000.000000,0,0,1,0,0,0.000000,0.000000,0,1,1,1,1,15003,0.002000,0,0.015830,-0.255706,0.033986,0.002481,-0.001997,0.016955,1,0.003017,-0.003017,0.023155,0.061229,0.120779,0.090424,-5.412596,-4.293907,-70.935760,-5.412596,-4.293907,-70.935760,0.044224,0.250000,0.375000,1.000000,1.500000,1.000000,0.000482,1,0,-0.024224,0.020000,0.167967,0.063120,0.450703,1,1,1,1,1,0.125000,0,0,0,1,0,0,0,0,0,0,0,0,0.000000,0.000000,0.000000,0.000000,0.000000,0.000000,0.000000,0.000000,0.000000,0.000000,0.000000,0.000000,0.000000,0.000000,0.000000,0.000000,0.000000,0.000000,0.000000,0.000000,0.000000
33847,0.811936,-0.060203,-0.003100,-0.580626,0.000000,0.000000,0.000000,-0.075000,0.093000,-0.984000,23.190611,100293.804688,86.209999,86.180000,0.030000,0.060000,0,1,1,1,3,24,1,24,37.5417707,127.0795374,27.325,0.373000,0.840000,0.011000,0.015000,0.007000,0.112000,1000,1000,1000,1000,1000.000000,1000.000000,1000.000000,1000.000000,0.000000,0.000000,1000.000000,0,0,1,0,0,0.000000,0.000000,0,1,1,1,1,15003,0.005000,0,0.016063,-0.255914,0.021033,0.002106,-0.002148,0.021207,1,0.005812,-0.005812,0.032038,0.049877,0.122135,0.084644,-5.412552,-4.293962,-70.936348,-5.412552,-4.293962,-70.936348,0.045880,0.250000,0.375000,1.000000,1.500000,1.000000,0.000545,1,0,-0.025880,0.020000,0.126044,0.046105,0.429083,0,0,0,0,0,0.125000,0,0,0,1,0,0,0,0,0,0,0,0,0.000000,0.000000,0.000000,0.000000,0.000000,0.000000,0.000000,0.000000,0.000000,0.000000,0.000000,0.000000,0.000000,0.000000,0.000000,0.000000,0.000000,0.000000,0.000000,0.000000,0.000000
33956,0.811936,-0.060203,-0.003100,-0.580626,0.000000,0.000000,0.000000,-0.073000,0.093000,-0.983000,23.193434,100292.398438,86.330002,86.180000,0.150000,0.070000,20,1,1,1,3,24,1,24,37.5417707,127.0795374,27.320,0.373000,0.839000,-0.007000,-0.011000,0.005000,0.110000,1000,1000,1000,1000,1000.000000,1000.000000,1000.000000,1000.000000,0.000000,0.000000,1000.000000,0,0,1,0,0,0.000000,0.000000,0,1,1,1,1,15003,0.002000,0,0.016140,-0.266497,0.019438,-0.000569,-0.004840,0.022909,1,0.009804,-0.009804,0.041302,0.037003,0.083256,0.088210,-5.418691,-4.296565,-70.932373,-5.418691,-4.296565,-70.932373,0.054290,0.250000,0.375000,1.000000,1.500000,1.000000,0.000789,1,0,-0.024290,0.030000,0.096714,0.046799,0.415151,0,0,0,0,0,0.125000,0,0,0,1,0,0,0,0,0,0,0,0,0.000000,0.000000,0.000000,0.000000,0.000000,0.000000,0.000000,0.000000,0.000000,0.000000,0.000000,0.000000,0.000000,0.000000,0.000000,0.000000,0.000000,0.000000,0.000000,0.000000,0.000000
34055,0.811936,-0.060203,-0.003100,-0.580626,0.000000,0.000000,0.000000,-0.074000,0.092000,-0.984000,23.190296,100293.898438,86.199997,86.180000,0.020000,0.070000,21,1,1,1,3,24,1,24,37.5417707,127.0795374,27.319,0.373000,0.838000,0.009000,0.001000,-0.001000,0.084000,1000,1000,1000,1000,1000.000000,1000.000000,1000.000000,1000.000000,0.000000,0.000000,1000.000000,0,0,1,0,0,0.000000,0.000000,0,1,1,1,1,15003,0.005000,0,0.016979,-0.271609,0.019665,0.001372,-0.003971,0.024356,1,0.014319,-0.014319,0.050101,0.032508,0.065249,0.091845,-5.410594,-4.295902,-70.941742,-5.410594,-4.295902,-70.941742,0.053781,0.250000,0.375000,1.000000,1.500000,1.000000,0.000784,1,0,-0.023781,0.030000,0.084842,0.044342,0.409765,1,1,1,1,1,0.125000,1,0,0,1,0,0,0,0,0,0,0,0,0.000000,0.000000,0.000000,0.000000,0.000000,0.000000,0.000000,0.000000,0.000000,0.000000,0.000000,0.000000,0.000000,0.000000,0.000000,0.000000,0.000000,0.000000,0.000000,0.000000,0.000000
34144,0.811936,-0.060203,-0.003100,-0.580626,0.000000,0.000000,0.000000,-0.075000,0.093000,-0.982000,23.193434,100293.304688,86.250000,86.180000,0.070000,0.080000,24,1,1,1,3,24,1,24,37.5417707,127.0795374,27.315,0.372000,0.837000,-0.005000,0.012000,0.003000,0.100000,1000,1000,1000,1000,1000.000000,1000.000000,1000.000000,1000.000000,0.000000,0.000000,1000.000000,0,0,1,0,0,0.000000,0.000000,0,1,1,1,1,15003,0.002000,0,0.016791,-0.274080,0.019472,-0.000795,-0.000608,0.026061,1,0.019124,-0.019124,0.057620,0.028706,0.054022,0.080579,-5.412719,-4.279675,-70.915054,-5.412719,-4.279675,-70.915054,0.063682,0.250000,0.375000,1.000000,1.500000,1.000000,0.001112,1,0,-0.023682,0.040000,0.074824,0.039553,0.405328,1,1,1,1,1,0.123000,1,0,0,1,0,0,0,0,0,0,0,0,0.000000,0.000000,0.000000,0.000000,0.000000,0.000000,0.000000,0.000000,0.000000,0.000000,0.000000,0.000000,0.000000,0.000000,0.000000,0.000000,0.000000,0.000000,0.000000,0.000000,0.000000
34246,0.811936,-0.060203,-0.003100,-0.580626,0.000000,0.000000,0.000000,-0.074000,0.093000,-0.985000,23.195625,100292.500000,86.320000,86.180000,0.140000,0.080000,40,1,1,1,3,24,1,24,37.5417707,127.0795374,27.305,0.372000,0.836000,0.005000,-0.004000,0.007000,0.102000,1000,1000,1000,1000,1000.000000,1000.000000,1000.000000,1000.000000,0.000000,0.000000,1000.000000,0,0,1,0,0,0.000000,0.000000,0,1,1,1,1,15003,0.002000,0,0.017134,-0.276176,0.016093,-0.000161,-0.000274,0.016364,1,0.025433,-0.025433,0.066012,0.023770,0.022643,0.073941,-5.405656,-4.279315,-70.923111,-5.405656,-4.279315,-70.923111,0.052057,0.250000,0.375000,1.000000,1.500000,1.000000,0.000752,1,0,-0.012057,0.040000,0.062884,0.018821,0.400164,1,1,1,1,1,0.127000,0,0,1,1,0,0,0,0,0,0,0,0,0.000000,0.000000,0.000000,0.000000,0.000000,0.000000,0.000000,0.000000,0.000000,0.000000,0.000000,0.000000,0.000000,0.000000,0.000000,0.000000,0.000000,0.000000,0.000000,0.000000,0.000000
34350,0.811936,-0.060203,-0.003100,-0.580626,0.000000,0.000000,0.000000,-0.074000,0.091000,-0.983000,23.192225,100292.203125,86.339996,86.180000,0.160000,0.090000,0,1,1,1,3,24,1,24,37.5417707,127.0795374,27.305,0.372000,0.836000,0.005000,-0.004000,0.007000,0.102000,1000,1000,1000,1000,1000.000000,1000.000000,1000.000000,1000.000000,0.000000,0.000000,1000.000000,0,0,1,0,0,0.000000,0.000000,0,1,1,1,1,15003,0.002000,0,0.017149,-0.276145,0.005937,-0.000363,-0.000291,0.013773,1,0.032674,-0.032674,0.072931,0.020240,0.016640,0.064227,-5.403383,-4.277385,-70.923111,-5.403383,-4.277385,-70.923111,0.059128,0.250000,0.375000,1.000000,1.500000,1.000000,0.000980,1,0,-0.009128,0.050000,0.053974,0.013536,0.396395,0,0,0,0,0,0.127000,0,0,1,1,0,0,0,0,0,0,0,0,0.000000,0.000000,0.000000,0.000000,0.000000,0.000000,0.000000,0.000000,0.000000,0.000000,0.000000,0.000000,0.000000,0.000000,0.000000,0.000000,0.000000,0.000000,0.000000,0.000000,0.000000
34468,0.811936,-0.060203,-0.003100,-0.580626,0.000000,0.000000,0.000000,-0.073000,0.091000,-0.984000,23.194014,100292.601563,86.309998,86.180000,0.130000,0.090000,0,1,1,1,3,24,1,24,37.5417707,127.0795374,27.305,0.372000,0.835000,0.006000,0.001000,0.006000,0.100000,1000,1000,1000,1000,1000.000000,1000.000000,1000.000000,1000.000000,0.000000,0.000000,1000.000000,0,0,1,0,0,0.000000,0.000000,0,1,1,1,1,15003,0.001000,0,0.017198,-0.277699,0.008798,-0.000937,-0.000053,0.016127,1,0.041714,-0.041714,0.080144,0.019470,0.014390,0.058132,-5.396102,-4.276052,-70.929176,-5.396102,-4.276052,-70.929176,0.060950,0.250000,0.375000,1.000000,1.500000,1.000000,0.001045,1,0,-0.010950,0.050000,0.050646,0.009811,0.395005,0,0,0,0,0,0.137000,1,0,1,1,0,0,0,0,0,0,0,0,0.000000,0.000000,0.000000,0.000000,0.000000,0.000000,0.000000,0.000000,0.000000,0.000000,0.000000,0.000000,0.000000,0.000000,0.000000,0.000000,0.000000,0.000000,0.000000,0.000000,0.000000
34543,0.811936,-0.060203,-0.003100,-0.580626,0.000000,0.000000,0.000000,-0.075000,0.094000,-0.984000,23.193066,100291.898438,86.369995,86.180000,0.190000,0.100000,29,1,1,1,3,24,1,24,37.5417707,127.0795374,27.293,0.371000,0.834000,-0.007000,-0.007000,0.019000,0.108000,1000,1000,1000,1000,1000.000000,1000.000000,1000.000000,1000.000000,0.000000,0.000000,1000.000000,0,0,1,0,0,0.000000,0.000000,0,1,1,1,1,15003,0.002000,0,0.017213,-0.278899,0.007943,-0.000583,-0.000161,0.015579,1,0.047803,-0.047803,0.084398,0.017580,0.011910,0.059097,-5.390794,-4.277593,-70.936218,-5.390794,-4.277593,-70.936218,0.070856,0.250000,0.375000,1.000000,1.500000,1.000000,0.001418,1,0,-0.010856,0.060000,0.046544,0.008201,0.393306,1,1,1,1,1,0.113000,1,0,1,1,0,0,0,0,0,0,0,0,0.000000,0.000000,0.000000,0.000000,0.000000,0.000000,0.000000,0.000000,0.000000,0.000000,0.000000,0.000000,0.000000,0.000000,0.000000,0.000000,0.000000,0.000000,0.000000,0.000000,0.000000
34643,0.811936,-0.060203,-0.003100,-0.580626,0.000000,0.000000,0.000000,-0.075000,0.093000,-0.985000,23.194908,100293.101563,86.269997,86.180000,0.090000,0.110000,26,1,1,1,3,24,1,24,37.5417707,127.0795374,27.301,0.371000,0.833000,0.009000,-0.002000,0.006000,0.101000,1000,1000,1000,1000,1000.000000,1000.000000,1000.000000,1000.000000,0.000000,0.000000,1000.000000,0,0,1,0,0,0.000000,0.000000,0,1,1,1,1,15003,0.002000,0,0.017244,-0.279834,0.006295,-0.000220,-0.000172,0.015499,1,0.056525,-0.056525,0.089762,0.016268,0.011276,0.049775,-5.384080,-4.277918,-70.942810,-5.384080,-4.277918,-70.942810,0.079355,0.250000,0.375000,1.000000,1.500000,1.000000,0.001785,1,0,-0.009355,0.070000,0.043071,0.007166,0.391879,1,1,1,1,1,0.123000,0,0,1,1,0,0,0,0,0,0,0,0,0.000000,0.000000,0.000000,0.000000,0.000000,0.000000,0.000000,0.000000,0.000000,0.000000,0.000000,0.000000,0.000000,0.000000,0.000000,0.000000,0.000000,0.000000,0.000000,0.000000,0.000000
34749,0.811936,-0.060203,-0.003100,-0.580626,0.000000,0.000000,0.000000,-0.074000,0.094000,-0.983000,23.191208,100292.398438,86.330002,86.180000,0.150000,0.110000,0,1,1,1,3,24,1,24,37.5417707,127.0795373,27.298,0.371000,0.832000,-0.002000,-0.002000,0.013000,0.093000,1000,1000,1000,1000,1000.000000,1000.000000,1000.000000,1000.000000,0.000000,0.000000,1000.000000,0,0,1,0,0,0.000000,0.000000,0,1,1,1,1,15003,0.002000,0,0.017252,-0.281456,0.005242,-0.000461,-0.000016,0.015571,1,0.066313,-0.066313,0.094649,0.015205,0.011036,0.039114,-5.380453,-4.276399,-70.944344,-5.380453,-4.276399,-70.944344,0.072992,0.250000,0.375000,1.000000,1.500000,1.000000,0.001515,1,0,-0.002992,0.070000,0.040278,0.006495,0.390738,1,1,1,1,1,0.127000,1,0,1,1,0,0,0,0,0,0,0,0,0.000000,0.000000,0.000000,0.000000,0.000000,0.000000,0.000000,0.000000,0.000000,0.000000,0.000000,0.000000,0.000000,0.000000,0.000000,0.000000,0.000000,0.000000,0.000000,0.000000,0.000000
34849,0.811936,-0.060203,-0.003100,-0.580626,0.000000,0.000000,0.000000,-0.074000,0.093000,-0.981000,23.198923,100294.398438,86.159996,86.180000,-0.020000,0.090000,12,1,1,1,3,24,1,24,37.5417707,127.0795373,27.298,0.371000,0.832000,-0.002000,-0.002000,0.013000,0.093000,1000,1000,1000,1000,1000.000000,1000.000000,1000.000000,1000.000000,0.000000,0.000000,1000.000000,0,0,1,0,0,0.000000,0.000000,0,1,1,1,1,15003,0.005000,0,0.017237,-0.281447,-0.001458,-0.000249,0.000255,0.014154,1,0.075988,-0.075988,0.098730,0.013903,0.011138,0.033087,-5.377334,-4.275792,-70.946220,-5.377334,-4.275792,-70.946220,0.050249,0.250000,0.375000,1.000000,1.500000,1.000000,0.000721,1,0,-0.000249,0.050000,0.036757,0.006595,0.389310,0,0,0,0,0,0.127000,1,0,1,1,0,0,0,0,0,0,0,0,0.000000,0.000000,0.000000,0.000000,0.000000,0.000000,0.000000,0.000000,0.000000,0.000000,0.000000,0.000000,0.000000,0.000000,0.000000,0.000000,0.000000,0.000000,0.000000,0.000000,0.000000
34955,0.811936,-0.060203,-0.003100,-0.580626,0.000000,0.000000,0.000000,-0.076000,0.094000,-0.981000,23.195942,100293.601563,86.229996,86.180000,0.050000,0.080000,32,1,1,1,3,24,1,24,37.5417707,127.0795373,27.292,0.370000,0.831000,0.004000,0.001000,0.006000,0.100000,1000,1000,1000,1000,1000.000000,1000.000000,1000.000000,1000.000000,0.000000,0.000000,1000.000000,0,0,1,0,0,0.000000,0.000000,0,1,1,1,1,15003,0.005000,0,0.017268,-0.282764,0.000344,0.000043,0.000148,0.014079,1,0.086770,-0.086770,0.102584,0.013205,0.010948,0.033035,-5.374536,-4.276035,-70.948303,-5.374536,-4.276035,-70.948303,0.041356,0.250000,0.375000,1.000000,1.500000,1.000000,0.000489,1,0,-0.001356,0.040000,0.034641,0.006271,0.388457,1,1,1,1,1,0.128000,0,0,1,1,0,0,0,0,0,0,0,0,0.000000,0.000000,0.000000,0.000000,0.000000,0.000000,0.000000,0.000000,0.000000,0.000000,0.000000,0.000000,0.000000,0.000000,0.000000,0.000000,0.000000,0.000000,0.000000,0.000000,0.000000
35057,0.811936,-0.060203,-0.003100,-0.580626,0.000000,0.000000,0.000000,-0.074000,0.093000,-0.985000,23.200939,100293.101563,86.269997,86.180000,0.090000,0.070000,3,1,1,1,3,24,1,24,37.5417707,127.0795373,27.292,0.370000,0.830000,-0.009000,-0.006000,0.006000,0.095000,1000,1000,1000,1000,1000.000000,1000.000000,1000.000000,1000.000000,0.000000,0.000000,1000.000000,0,0,1,0,0,0.000000,0.000000,0,1,1,1,1,15003,0.002000,0,0.017266,-0.283883,0.001466,0.000048,0.000299,0.013319,1,0.097078,-0.097078,0.105552,0.012100,0.010084,0.025112,-5.374784,-4.276074,-70.948105,-5.374784,-4.276074,-70.948105,0.032515,0.250000,0.375000,1.000000,1.500000,1.000000,0.000303,1,0,-0.002515,0.030000,0.032267,0.006825,0.387504,1,1,1,1,1,0.122000,0,0,1,1,0,0,0,0,0,0,0,0,0.000000,0.000000,0.000000,0.000000,0.000000,0.000000,0.000000,0.000000,0.000000,0.000000,0.000000,0.000000,0.000000,0.000000,0.000000,0.000000,0.000000,0.000000,0.000000,0.000000,0.000000
35150,0.811936,-0.060203,-0.003100,-0.580626,0.000000,0.000000,0.000000,-0.074000,0.093000,-0.983000,23.194872,100292.601563,86.309998,86.180000,0.130000,0.090000,3,1,1,1,3,24,1,24,37.5417707,127.0795373,27.288,0.370000,0.829000,0.012000,0.012000,0.010000,0.112000,1000,1000,1000,1000,1000.000000,1000.000000,1000.000000,1000.000000,0.000000,0.000000,1000.000000,0,0,1,0,0,0.000000,0.000000,0,1,1,1,1,15003,0.001000,0,0.017315,-0.284793,0.002440,-0.000063,0.000324,0.012247,1,0.107103,-0.107103,0.107728,0.011628,0.009702,0.025515,-5.371661,-4.275275,-70.948570,-5.371661,-4.275275,-70.948570,0.054118,0.250000,0.375000,1.000000,1.500000,1.000000,0.000841,1,0,-0.004118,0.050000,0.031007,0.007083,0.387000,1,1,1,1,1,0.132000,1,0,1,1,0,0,0,0,0,0,0,0,0.000000,0.000000,0.000000,0.000000,0.000000,0.000000,0.000000,0.000000,0.000000,0.000000,0.000000,0.000000,0.000000,0.000000,0.000000,0.000000,0.000000,0.000000,0.000000,0.000000,0.000000
35258,0.811936,-0.060203,-0.003100,-0.580626,0.000000,0.000000,0.000000,-0.073000,0.092000,-0.984000,23.196239,100293.101563,86.269997,86.180000,0.090000,0.090000,7,1,1,1,3,24,1,24,37.5417707,127.0795372,27.293,0.370000,0.828000,0.003000,0.001000,0.004000,0.096000,1000,1000,1000,1000,1000.000000,1000.000000,1000.000000,1000.000000,0.000000,0.000000,1000.000000,0,0,1,0,0,0.000000,0.000000,0,1,1,1,1,15003,0.002000,0,0.017341,-0.286221,0.003117,0.000117,0.000478,0.011779,1,0.119106,-0.119106,0.110406,0.011188,0.009186,0.021349,-5.369951,-4.276165,-70.949417,-5.369951,-4.276165,-70.949417,0.054678,0.250000,0.375000,1.000000,1.500000,1.000000,0.000859,1,0,-0.004678,0.050000,0.029836,0.007182,0.386533,1,1,1,1,1,0.118000,0,0,1,1,0,0,0,0,0,0,0,0,0.000000,0.000000,0.000000,0.000000,0.000000,0.000000,0.000000,0.000000,0.000000,0.000000,0.000000,0.000000,0.000000,0.000000,0.000000,0.000000,0.000000,0.000000,0.000000,0.000000,0.000000
35350,0.811936,-0.060203,-0.003100,-0.580626,0.000000,0.000000,0.000000,-0.075000,0.092000,-0.984000,23.197817,100293.703125,86.209999,86.180000,0.030000,0.070000,12,1,1,1,3,24,1,24,37.5417707,127.0795372,27.293,0.370000,0.828000,0.003000,0.001000,0.004000,0.096000,1000,1000,1000,1000,1000.000000,1000.000000,1000.000000,1000.000000,0.000000,0.000000,1000.000000,0,0,1,0,0,0.000000,0.000000,0,1,1,1,1,15003,0.001000,0,0.017339,-0.286218,0.001140,-0.000012,0.000052,0.010039,1,0.129329,-0.129329,0.111756,0.010908,0.009055,0.015000,-5.369714,-4.276239,-70.949493,-5.369714,-4.276239,-70.949493,0.031960,0.250000,0.375000,1.000000,1.500000,1.000000,0.000294,1,0,-0.001960,0.030000,0.028765,0.007095,0.386106,0,0,0,0,0,0.118000,0,0,1,1,0,0,0,0,0,0,0,0,0.000000,0.000000,0.000000,0.000000,0.000000,0.000000,0.000000,0.000000,0.000000,0.000000,0.000000,0.000000,0.000000,0.000000,0.000000,0.000000,0.000000,0.000000,0.000000,0.000000,0.000000
35459,0.811936,-0.060203,-0.003100,-0.580626,0.000000,0.000000,0.000000,-0.074000,0.093000,-0.986000,23.197556,100292.804688,86.290001,86.180000,0.110000,0.080000,35,1,1,1,3,24,1,24,37.5417707,127.0795372,27.288,0.369000,0.827000,-0.003000,-0.010000,0.004000,0.117000,1000,1000,1000,1000,1000.000000,1000.000000,1000.000000,1000.000000,0.000000,0.000000,1000.000000,0,0,1,0,0,0.000000,0.000000,0,1,1,1,1,15003,0.001000,0,0.017338,-0.287503,0.002326,-0.000112,0.000027,0.009549,1,0.141500,-0.141500,0.113472,0.010622,0.008747,0.005504,-5.369327,-4.276810,-70.949631,-5.369327,-4.276810,-70.949631,0.043224,0.250000,0.375000,1.000000,1.500000,1.000000,0.000538,1,0,-0.003224,0.040000,0.027727,0.007003,0.385694,1,1,1,1,1,0.132000,0,0,1,1,0,0,0,0,0,0,0,0,0.000000,0.000000,0.000000,0.000000,0.000000,0.000000,0.000000,0.000000,0.000000,0.000000,0.000000,0.000000,0.000000,0.000000,0.000000,0.000000,0.000000,0.000000,0.000000,0.000000,0.000000
35543,0.811936,-0.060203,-0.003100,-0.580626,0.000000,0.000000,0.000000,-0.075000,0.091000,-0.983000,23.201744,100294.101563,86.180000,86.180000,0.000000,0.070000,33,1,1,1,3,24,1,24,37.5417707,127.0795371,27.289,0.369000,0.826000,-0.005000,-0.002000,0.006000,0.081000,1000,1000,1000,1000,1000.000000,1000.000000,1000.000000,1000.000000,0.000000,0.000000,1000.000000,0,0,1,0,0,0.000000,0.000000,0,1,1,1,1,15003,0.001000,0,0.017331,-0.289161,0.003510,-0.000474,0.000214,0.008492,1,0.151053,-0.151053,0.114077,0.010239,0.008049,0.005625,-5.368806,-4.277382,-70.949646,-5.368806,-4.277382,-70.949646,0.034171,0.250000,0.375000,1.000000,1.500000,1.000000,0.000337,1,0,-0.004171,0.030000,0.026698,0.006755,0.385286,1,1,1,1,1,0.118000,0,0,1,1,0,0,0,0,0,0,0,0,0.000000,0.000000,0.000000,0.000000,0.000000,0.000000,0.000000,0.000000,0.000000,0.000000,0.000000,0.000000,0.000000,0.000000,0.000000,0.000000,0.000000,0.000000,0.000000,0.000000,0.000000
35654,0.811936,-0.060203,-0.003100,-0.580626,0.000000,0.000000,0.000000,-0.073000,0.092000,-0.984000,23.197958,100291.703125,86.379997,86.180000,0.200000,0.070000,7,1,1,1,3,24,1,24,37.5417707,127.0795371,27.290,0.369000,0.825000,0.000000,0.000000,0.006000,0.076000,1000,1000,1000,1000,1000.000000,1000.000000,1000.000000,1000.000000,0.000000,0.000000,1000.000000,0,0,1,0,0,0.000000,0.000000,0,1,1,1,1,15003,0.002000,0,0.017338,-0.290619,0.004684,-0.000531,-0.000060,0.008407,1,0.163901,-0.163901,0.115479,0.009760,0.007686,0.012266,-5.365753,-4.278523,-70.949821,-5.365753,-4.278523,-70.949821,0.035559,0.250000,0.375000,1.000000,1.500000,1.000000,0.000365,1,0,-0.005559,0.030000,0.026026,0.007717,0.385020,1,1,1,1,1,0.132000,1,0,1,1,0,0,0,0,0,0,0,0,0.000000,0.000000,0.000000,0.000000,0.000000,0.000000,0.000000,0.000000,0.000000,0.000000,0.000000,0.000000,0.000000,0.000000,0.000000,0.000000,0.000000,0.000000,0.000000,0.000000,0.000000
35767,0.811936,-0.060203,-0.003100,-0.580626,0.000000,0.000000,0.000000,-0.075000,0.093000,-0.985000,23.198711,100293.804688,86.209999,86.180000,0.030000,0.070000,19,1,1,1,3,24,1,24,37.5417708,127.0795371,27.296,0.368000,0.824000,0.013000,0.004000,0.009000,0.104000,1000,1000,1000,1000,1000.000000,1000.000000,1000.000000,1000.000000,0.000000,0.000000,1000.000000,0,0,1,0,0,0.000000,0.000000,0,1,1,1,1,15003,0.001000,0,0.018011,-0.291909,0.006136,-0.000133,-0.000399,0.008283,1,0.177129,-0.177129,0.116536,0.009664,0.007537,0.007153,-5.360897,-4.278227,-70.949944,-5.360897,-4.278227,-70.949944,0.036911,0.250000,0.375000,1.000000,1.500000,1.000000,0.000393,1,0,-0.006911,0.030000,0.025450,0.007781,0.384793,1,1,1,1,1,0.118000,0,0,1,1,0,0,0,0,0,0,0,0,0.000000,0.000000,0.000000,0.000000,0.000000,0.000000,0.000000,0.000000,0.000000,0.000000,0.000000,0.000000,0.000000,0.000000,0.000000,0.000000,0.000000,0.000000,0.000000,0.000000,0.000000
35868,0.811936,-0.060203,-0.003100,-0.580626,0.000000,0.000000,0.000000,-0.075000,0.092000,-0.983000,23.201534,100292.203125,86.339996,86.180000,0.160000,0.080000,32,1,1,1,3,23,1,23,37.5417708,127.0795370,27.288,0.368000,0.824000,-0.007000,-0.016000,0.020000,0.115000,1000,1000,1000,1000,1000.000000,1000.000000,1000.000000,1000.000000,0.000000,0.000000,1000.000000,0,0,1,0,0,0.000000,0.000000,0,1,1,1,1,15003,0.009000,0,0.018541,-0.293604,0.007282,-0.000155,-0.000875,0.008210,1,0.188466,-0.188466,0.117224,0.009493,0.007181,0.009696,-5.361852,-4.278464,-70.949837,-5.361852,-4.278464,-70.949837,0.045169,0.250000,0.375000,1.000000,1.500000,1.000000,0.000589,1,0,-0.005169,0.040000,0.024840,0.007674,0.384552,1,1,1,1,1,0.127000,0,0,1,1,0,0,0,0,0,0,0,0,0.000000,0.000000,0.000000,0.000000,0.000000,0.000000,0.000000,0.000000,0.000000,0.000000,0.000000,0.000000,0.000000,0.000000,0.000000,0.000000,0.000000,0.000000,0.000000,0.000000,0.000000
35955,0.811936,-0.060203,-0.003100,-0.580626,0.000000,0.000000,0.000000,-0.075000,0.091000,-0.986000,23.198904,100293.000000,86.279999,86.180000,0.100000,0.080000,33,1,1,1,3,23,1,23,37.5417708,127.0795370,27.288,0.368000,0.824000,-0.007000,-0.016000,0.020000,0.115000,1000,1000,1000,1000,1000.000000,1000.000000,1000.000000,1000.000000,0.000000,0.000000,1000.000000,0,0,1,0,0,0.000000,0.000000,0,1,1,1,1,15003,0.001000,0,0.018545,-0.293605,0.005097,-0.000120,-0.000743,0.006381,1,0.198906,-0.198906,0.117357,0.009306,0.006865,0.001158,-5.359690,-4.275696,-70.950111,-5.359690,-4.275696,-70.950111,0.046020,0.250000,0.375000,1.000000,1.500000,1.000000,0.000612,1,0,-0.006020,0.040000,0.024186,0.007488,0.384294,1,1,1,1,1,0.127000,0,0,1,1,0,0,0,0,0,0,0,0,0.000000,0.000000,0.000000,0.000000,0.000000,0.000000,0.000000,0.000000,0.000000,0.000000,0.000000,0.000000,0.000000,0.000000,0.000000,0.000000,0.000000,0.000000,0.000000,0.000000,0.000000
36054,0.811936,-0.060203,-0.003100,-0.580626,0.000000,0.000000,0.000000,-0.075000,0.091000,-0.982000,23.205130,100292.500000,86.320000,86.180000,0.140000,0.090000,0,1,1,1,3,23,1,23,37.5417707,127.0795370,27.303,0.368000,0.823000,-0.001000,0.001000,-0.007000,0.103000,1000,1000,1000,1000,1000.000000,1000.000000,1000.000000,1000.000000,0.000000,0.000000,1000.000000,0,0,1,0,0,0.000000,0.000000,0,1,1,1,1,15003,0.002000,0,0.018491,-0.295063,0.005621,-0.000174,-0.000516,0.005555,1,0.210654,-0.210654,0.117670,0.009088,0.006432,0.007066,-5.357470,-4.272463,-70.950424,-5.357470,-4.272463,-70.950424,0.046476,0.250000,0.375000,1.000000,1.500000,1.000000,0.000625,1,0,-0.006476,0.040000,0.023558,0.007272,0.384047,1,1,1,1,1,0.123000,1,0,1,1,0,0,0,0,0,0,0,0,0.000000,0.000000,0.000000,0.000000,0.000000,0.000000,0.000000,0.000000,0.000000,0.000000,0.000000,0.000000,0.000000,0.000000,0.000000,0.000000,0.000000,0.000000,0.000000,0.000000,0.000000
36147,0.811936,-0.060203,-0.003100,-0.580626,0.000000,0.000000,0.000000,-0.075000,0.094000,-0.986000,23.203060,100292.601563,86.309998,86.180000,0.130000,0.090000,0,1,1,1,3,23,1,23,37.5417708,127.0795369,27.292,0.368000,0.822000,-0.001000,0.001000,0.002000,0.073000,1000,1000,1000,1000,1000.000000,1000.000000,1000.000000,1000.000000,0.000000,0.000000,1000.000000,0,0,1,0,0,0.000000,0.000000,0,1,1,1,1,15003,0.005000,0,0.018972,-0.296815,0.006027,0.000030,-0.000396,0.005362,1,0.221627,-0.221627,0.118250,0.008995,0.006184,-0.001846,-5.356668,-4.270913,-70.950500,-5.356668,-4.270913,-70.950500,0.044536,0.250000,0.375000,1.000000,1.500000,1.000000,0.000574,1,0,-0.004536,0.040000,0.023815,0.008610,0.384149,1,1,1,1,1,0.122000,0,0,1,1,0,0,0,0,0,0,0,0,0.000000,0.000000,0.000000,0.000000,0.000000,0.000000,0.000000,0.000000,0.000000,0.000000,0.000000,0.000000,0.000000,0.000000,0.000000,0.000000,0.000000,0.000000,0.000000,0.000000,0.000000
36247,0.811936,-0.060203,-0.003100,-0.580626,0.000000,0.000000,0.000000,-0.075000,0.093000,-0.984000,23.204060,100294.601563,86.139999,86.180000,-0.040000,0.070000,0,1,1,1,3,23,1,23,37.5417707,127.0795369,27.305,0.368000,0.821000,-0.004000,-0.004000,-0.016000,0.114000,1000,1000,1000,1000,1000.000000,1000.000000,1000.000000,1000.000000,0.000000,0.000000,1000.000000,0,0,1,0,0,0.000000,0.000000,0,1,1,1,1,15003,0.005000,0,0.018884,-0.298424,0.006170,-0.000013,-0.000211,0.004213,1,0.233442,-0.233442,0.118136,0.008876,0.005899,0.002378,-5.357290,-4.269704,-70.950600,-5.357290,-4.269704,-70.950600,0.044942,0.250000,0.375000,1.000000,1.500000,1.000000,0.000584,1,0,-0.004942,0.040000,0.023534,0.008646,0.384038,1,1,1,1,1,0.127000,0,0,1,1,0,0,0,0,0,0,0,0,0.000000,0.000000,0.000000,0.000000,0.000000,0.000000,0.000000,0.000000,0.000000,0.000000,0.000000,0.000000,0.000000,0.000000,0.000000,0.000000,0.000000,0.000000,0.000000,0.000000,0.000000
36350,0.811936,-0.060203,-0.003100,-0.580626,0.000000,0.000000,0.000000,-0.074000,0.094000,-0.983000,23.206198,100294.398438,86.159996,86.180000,-0.020000,0.060000,15,1,1,1,3,23,1,23,37.5417707,127.0795369,27.305,0.368000,0.821000,-0.004000,-0.004000,-0.016000,0.114000,1000,1000,1000,1000,1000.000000,1000.000000,1000.000000,1000.000000,0.000000,0.000000,1000.000000,0,0,1,0,0,0.000000,0.000000,0,1,1,1,1,15003,0.002000,0,0.018889,-0.298422,0.004053,0.000203,-0.000313,0.003247,1,0.245622,-0.245622,0.118469,0.008645,0.005747,0.004549,-5.356547,-4.268304,-70.950752,-5.356547,-4.268304,-70.950752,0.024566,0.250000,0.375000,1.000000,1.500000,1.000000,0.000175,1,0,-0.004566,0.020000,0.022729,0.007949,0.383722,0,0,0,0,0,0.127000,0,0,1,1,0,0,0,0,0,0,0,0,0.000000,0.000000,0.000000,0.000000,0.000000,0.000000,0.000000,0.000000,0.000000,0.000000,0.000000,0.000000,0.000000,0.000000,0.000000,0.000000,0.000000,0.000000,0.000000,0.000000,0.000000
36443,0.811936,-0.060203,-0.003100,-0.580626,0.000000,0.000000,0.000000,-0.073000,0.093000,-0.983000,23.205654,100293.304688,86.250000,86.180000,0.070000,0.080000,22,1,1,1,3,24,1,24,37.5417707,127.0795368,27.300,0.367000,0.820000,-0.003000,-0.008000,0.006000,0.100000,1000,1000,1000,1000,1000.000000,1000.000000,1000.000000,1000.000000,0.000000,0.000000,1000.000000,0,0,1,0,0,0.000000,0.000000,0,1,1,1,1,15003,0.002000,0,0.018814,-0.300300,0.004696,0.000115,-0.000320,0.003229,1,0.256533,-0.256533,0.118684,0.008474,0.005419,0.001489,-5.357479,-4.267569,-70.950790,-5.357479,-4.267569,-70.950790,0.045649,0.250000,0.375000,1.000000,1.500000,1.000000,0.000604,1,0,-0.005649,0.040000,0.022281,0.007749,0.383546,1,1,1,1,1,0.133000,1,0,1,1,0,0,0,0,0,0,0,0,0.000000,0.000000,0.000000,0.000000,0.000000,0.000000,0.000000,0.000000,0.000000,0.000000,0.000000,0.000000,0.000000,0.000000,0.000000,0.000000,0.000000,0.000000,0.000000,0.000000,0.000000
36543,0.811936,-0.060203,-0.003100,-0.580626,0.000000,0.000000,0.000000,-0.072000,0.093000,-0.983000,23.202744,100291.804688,86.379997,86.180000,0.200000,0.090000,34,1,1,1,3,24,1,24,37.5417708,127.0795368,27.300,0.367000,0.819000,0.009000,-0.004000,0.004000,0.094000,1000,1000,1000,1000,1000.000000,1000.000000,1000.000000,1000.000000,0.000000,0.000000,1000.000000,0,0,1,0,0,0.000000,0.000000,0,1,1,1,1,15003,0.001000,0,0.019265,-0.302006,0.005093,0.000080,-0.000033,0.003296,1,0.268413,-0.268413,0.119055,0.008448,0.005256,0.007760,-5.355927,-4.267245,-70.950722,-5.355927,-4.267245,-70.950722,0.056219,0.250000,0.375000,1.000000,1.500000,1.000000,0.000916,1,0,-0.006219,0.050000,0.021836,0.007530,0.383371,1,1,1,1,1,0.118000,0,0,1,1,0,0,0,0,0,0,0,0,0.000000,0.000000,0.000000,0.000000,0.000000,0.000000,0.000000,0.000000,0.000000,0.000000,0.000000,0.000000,0.000000,0.000000,0.000000,0.000000,0.000000,0.000000,0.000000,0.000000,0.000000
36658,0.811936,-0.060203,-0.003100,-0.580626,0.000000,0.000000,0.000000,-0.075000,0.092000,-0.981000,23.206373,100292.203125,86.339996,86.180000,0.160000,0.120000,20,1,1,1,3,24,1,24,37.5417708,127.0795368,27.310,0.367000,0.818000,0.002000,0.002000,-0.006000,0.082000,1000,1000,1000,1000,1000.000000,1000.000000,1000.000000,1000.000000,0.000000,0.000000,1000.000000,0,0,1,0,0,0.000000,0.000000,0,1,1,1,1,15003,0.002000,0,0.019653,-0.303560,0.002672,0.000030,-0.000259,0.001949,1,0.282242,-0.282242,0.119124,0.008249,0.005069,0.001892,-5.355255,-4.266023,-70.950752,-5.355255,-4.266023,-70.950752,0.084465,0.250000,0.375000,1.000000,1.500000,1.000000,0.002068,1,0,-0.004465,0.080000,0.021644,0.007843,0.383296,1,1,1,1,1,0.126000,1,0,1,1,0,0,0,0,0,0,0,31,0.002000,0.000000,0.000000,0.000000,0.000000,0.000000,0.000000,0.000000,0.000000,0.000000,0.000000,0.000000,0.000000,0.000000,0.000000,0.000000,0.000000,0.000000,0.000000,0.000000,0.000000
36757,0.811936,-0.060203,-0.003100,-0.580626,0.000000,0.000000,0.000000,-0.075000,0.093000,-0.983000,23.207251,100294.203125,86.180000,86.180000,0.000000,0.090000,33,1,1,1,3,24,1,24,37.5417708,127.0795367,27.306,0.367000,0.817000,-0.007000,-0.013000,0.001000,0.114000,1000,1000,1000,1000,1000.000000,1000.000000,1000.000000,1000.000000,0.000000,0.000000,1000.000000,0,0,1,0,0,0.000000,0.000000,0,1,1,1,1,15003,0.002000,0,0.019977,-0.305400,0.002669,-0.000074,-0.000358,0.002070,1,0.294174,-0.294174,0.119491,0.008167,0.004855,0.004549,-5.356556,-4.266704,-70.950615,-5.356556,-4.266704,-70.950615,0.051301,0.250000,0.375000,1.000000,1.500000,1.000000,0.000763,1,0,-0.001301,0.050000,0.021527,0.007898,0.383250,1,1,1,1,1,0.124000,0,0,1,1,0,0,0,0,0,0,0,0,0.000000,0.000000,0.000000,0.000000,0.000000,0.000000,0.000000,0.000000,0.000000,0.000000,0.000000,0.000000,0.000000,0.000000,0.000000,0.000000,0.000000,0.000000,0.000000,0.000000,0.000000
36873,0.811936,-0.060203,-0.003100,-0.580626,0.000000,0.000000,0.000000,-0.075000,0.092000,-0.983000,23.205076,100292.398438,86.330002,86.180000,0.150000,0.110000,3,1,1,1,3,24,1,24,37.5417708,127.0795367,27.306,0.366000,0.816000,0.010000,0.008000,0.001000,0.105000,1000,1000,1000,1000,1000.000000,1000.000000,1000.000000,1000.000000,0.000000,0.000000,1000.000000,0,0,1,0,0,0.000000,0.000000,0,1,1,1,1,15003,0.001000,0,0.020343,-0.307025,0.000734,0.000048,-0.000294,0.001579,1,0.307581,-0.307581,0.119949,0.008096,0.004775,0.003091,-5.353462,-4.264237,-70.950752,-5.353462,-4.264237,-70.950752,0.072295,0.250000,0.375000,1.000000,1.500000,1.000000,0.001515,1,0,-0.002295,0.070000,0.021588,0.008320,0.383274,1,1,1,1,1,0.126000,0,0,1,1,0,0,0,0,0,0,0,0,0.000000,0.000000,0.000000,0.000000,0.000000,0.000000,0.000000,0.000000,0.000000,0.000000,0.000000,0.000000,0.000000,0.000000,0.000000,0.000000,0.000000,0.000000,0.000000,0.000000,0.000000
36943,0.811936,-0.060203,-0.003100,-0.580626,0.000000,0.000000,0.000000,-0.074000,0.093000,-0.987000,23.205935,100292.398438,86.330002,86.180000,0.150000,0.110000,26,1,1,1,3,24,1,24,37.5417708,127.0795367,27.306,0.366000,0.816000,0.010000,0.008000,0.001000,0.105000,1000,1000,1000,1000,1000.000000,1000.000000,1000.000000,1000.000000,0.000000,0.000000,1000.000000,0,0,1,0,0,0.000000,0.000000,0,1,1,1,1,15003,0.002000,0,0.020346,-0.307019,-0.000786,-0.000184,-0.000147,0.000819,1,0.316221,-0.316221,0.119921,0.008052,0.004509,-0.007855,-5.352689,-4.263432,-70.950836,-5.352689,-4.263432,-70.950836,0.070689,0.250000,0.375000,1.000000,1.500000,1.000000,0.001449,1,0,-0.000689,0.070000,0.021154,0.007788,0.383104,1,1,1,1,1,0.126000,0,0,1,1,0,0,0,0,0,0,0,0,0.000000,0.000000,0.000000,0.000000,0.000000,0.000000,0.000000,0.000000,0.000000,0.000000,0.000000,0.000000,0.000000,0.000000,0.000000,0.000000,0.000000,0.000000,0.000000,0.000000,0.000000
37057,0.811936,-0.060203,-0.003100,-0.580626,0.000000,0.000000,0.000000,-0.074000,0.095000,-0.985000,23.206758,100293.398438,86.239998,86.180000,0.060000,0.100000,0,1,1,1,3,24,1,24,37.5417708,127.0795367,27.307,0.366000,0.816000,-0.019000,-0.011000,-0.013000,0.107000,1000,1000,1000,1000,1000.000000,1000.000000,1000.000000,1000.000000,0.000000,0.000000,1000.000000,0,0,1,0,0,0.000000,0.000000,0,1,1,1,1,15003,0.001000,0,0.020572,-0.308603,-0.001043,-0.000344,-0.000546,0.000416,1,0.329887,-0.329887,0.119869,0.008173,0.004464,-0.001110,-5.354253,-4.262814,-70.950775,-5.354253,-4.262814,-70.950775,0.060262,0.250000,0.375000,1.000000,1.500000,1.000000,0.001053,1,0,-0.000262,0.060000,0.021430,0.008484,0.383212,1,1,1,1,1,0.125000,1,0,1,1,0,0,0,0,0,0,0,0,0.000000,0.000000,0.000000,0.000000,0.000000,0.000000,0.000000,0.000000,0.000000,0.000000,0.000000,0.000000,0.000000,0.000000,0.000000,0.000000,0.000000,0.000000,0.000000,0.000000,0.000000
37152,0.811941,-0.060103,-0.003100,-0.580629,0.000000,0.000000,0.000000,-0.074000,0.092000,-0.984000,23.211756,100293.398438,86.239998,86.180000,0.060000,0.090000,6,1,1,1,3,24,1,24,37.5417708,127.0795367,27.310,0.366000,0.815000,0.002000,0.007000,-0.011000,0.100000,1000,1000,1000,1000,1000.000000,1000.000000,1000.000000,1000.000000,0.000000,0.000000,1000.000000,0,0,1,0,0,0.000000,0.000000,0,1,1,1,1,15003,0.001000,0,0.020864,-0.310006,-0.002090,-0.000222,-0.000251,-0.000490,1,0.341373,-0.341373,0.119485,0.007867,0.004205,-0.000778,-5.351858,-4.260073,-70.950928,-5.351858,-4.260073,-70.950928,0.048940,0.250000,0.375000,1.000000,1.500000,1.000000,0.000695,1,0,0.001060,0.050000,0.020978,0.007992,0.383035,1,1,1,1,1,0.124000,1,0,1,1,0,0,0,0,0,0,0,0,0.000000,0.000000,0.000000,0.000000,0.000000,0.000000,0.000000,0.000000,0.000000,0.000000,0.000000,0.000000,0.000000,0.000000,0.000000,0.000000,0.000000,0.000000,0.000000,0.000000,0.000000
37254,0.811941,-0.060103,-0.003100,-0.580629,0.000000,0.000000,0.000000,-0.075000,0.092000,-0.984000,23.214159,100293.500000,86.229996,86.180000,0.050000,0.090000,0,1,1,1,3,24,1,24,37.5417708,127.0795367,27.313,0.366000,0.814000,0.006000,0.012000,-0.007000,0.114000,1000,1000,1000,1000,1000.000000,1000.000000,1000.000000,1000.000000,0.000000,0.000000,1000.000000,0,0,1,0,0,0.000000,0.000000,0,1,1,1,1,15003,0.002000,0,0.021151,-0.311306,-0.000807,-0.000095,-0.000144,-0.000093,1,0.353557,-0.353557,0.119408,0.008034,0.004102,-0.001592,-5.349087,-4.257886,-70.951057,-5.349087,-4.257886,-70.951057,0.047890,0.250000,0.375000,1.000000,1.500000,1.000000,0.000665,1,0,0.002110,0.050000,0.021181,0.008365,0.383115,1,1,1,1,1,0.126000,0,0,1,1,0,0,0,0,0,0,0,0,0.000000,0.000000,0.000000,0.000000,0.000000,0.000000,0.000000,0.000000,0.000000,0.000000,0.000000,0.000000,0.000000,0.000000,0.000000,0.000000,0.000000,0.000000,0.000000,0.000000,0.000000
37347,0.811936,-0.060203,-0.003100,-0.580626,0.000000,0.000000,0.000000,-0.073000,0.092000,-0.985000,23.208618,100292.804688,86.290001,86.180000,0.110000,0.080000,0,1,1,1,3,24,1,24,37.5417708,127.0795367,27.313,0.366000,0.814000,0.006000,0.012000,-0.007000,0.114000,1000,1000,1000,1000,1000.000000,1000.000000,1000.000000,1000.000000,0.000000,0.000000,1000.000000,0,0,1,0,0,0.000000,0.000000,0,1,1,1,1,15003,0.005000,0,0.021146,-0.311314,-0.002645,0.000190,0.000176,-0.000849,1,0.364654,-0.364654,0.119278,0.008092,0.004045,-0.000415,-5.349491,-4.258038,-70.951042,-5.349491,-4.258038,-70.951042,0.038139,0.250000,0.375000,1.000000,1.500000,1.000000,0.000422,1,0,0.001861,0.040000,0.021195,0.008397,0.383120,0,0,0,0,0,0.126000,0,0,1,1,0,0,0,0,0,0,0,0,0.000000,0.000000,0.000000,0.000000,0.000000,0.000000,0.000000,0.000000,0.000000,0.000000,0.000000,0.000000,0.000000,0.000000,0.000000,0.000000,0.000000,0.000000,0.000000,0.000000,0.000000
37447,0.811941,-0.060103,-0.003100,-0.580629,0.000000,0.000000,0.000000,-0.075000,0.093000,-0.984000,23.209145,100293.304688,86.250000,86.180000,0.070000,0.080000,12,1,1,1,3,24,1,24,37.5417708,127.0795366,27.310,0.366000,0.813000,0.002000,-0.015000,-0.003000,0.111000,1000,1000,1000,1000,1000.000000,1000.000000,1000.000000,1000.000000,0.000000,0.000000,1000.000000,0,0,1,0,0,0.000000,0.000000,0,1,1,1,1,15003,0.005000,0,0.021400,-0.312929,-0.002684,-0.000068,0.000134,-0.000799,1,0.376583,-0.376583,0.119298,0.007895,0.003886,0.000946,-5.350756,-4.260388,-70.950821,-5.350756,-4.260388,-70.950821,0.038115,0.250000,0.375000,1.000000,1.500000,1.000000,0.000422,1,0,0.001885,0.040000,0.020731,0.007903,0.382939,1,1,1,1,1,0.136000,1,0,1,1,0,0,0,0,0,0,0,0,0.000000,0.000000,0.000000,0.000000,0.000000,0.000000,0.000000,0.000000,0.000000,0.000000,0.000000,0.000000,0.000000,0.000000,0.000000,0.000000,0.000000,0.000000,0.000000,0.000000,0.000000
37544,0.811941,-0.060103,-0.003100,-0.580629,0.000000,0.000000,0.000000,-0.074000,0.092000,-0.984000,23.212580,100293.703125,86.209999,86.180000,0.030000,0.070000,20,1,1,1,3,24,1,24,37.5417708,127.0795366,27.311,0.365000,0.812000,-0.006000,0.007000,-0.006000,0.100000,1000,1000,1000,1000,1000.000000,1000.000000,1000.000000,1000.000000,0.000000,0.000000,1000.000000,0,0,1,0,0,0.000000,0.000000,0,1,1,1,1,15003,0.002000,0,0.021618,-0.314365,-0.001804,-0.000441,0.000248,-0.000201,1,0.388167,-0.388167,0.119584,0.007812,0.003727,0.000515,-5.350281,-4.260634,-70.950760,-5.350281,-4.260634,-70.950760,0.028791,0.250000,0.375000,1.000000,1.500000,1.000000,0.000241,1,0,0.001209,0.030000,0.020517,0.007753,0.382855,1,1,1,1,1,0.113000,0,0,1,1,0,0,0,0,0,0,0,0,0.000000,0.000000,0.000000,0.000000,0.000000,0.000000,0.000000,0.000000,0.000000,0.000000,0.000000,0.000000,0.000000,0.000000,0.000000,0.000000,0.000000,0.000000,0.000000,0.000000,0.000000
37647,0.811941,-0.060103,-0.003100,-0.580629,0.000000,0.000000,0.000000,-0.074000,0.093000,-0.983000,23.213053,100292.898438,86.279999,86.180000,0.100000,0.070000,23,1,1,1,3,24,1,24,37.5417708,127.0795366,27.314,0.365000,0.811000,-0.003000,-0.004000,-0.003000,0.098000,1000,1000,1000,1000,1000.000000,1000.000000,1000.000000,1000.000000,0.000000,0.000000,1000.000000,0,0,1,0,0,0.000000,0.000000,0,1,1,1,1,15003,0.002000,0,0.021832,-0.315751,-0.000698,-0.000579,0.000036,0.000000,1,0.400361,-0.400361,0.119380,0.007803,0.003615,-0.003975,-5.348452,-4.262521,-70.950653,-5.348452,-4.262521,-70.950653,0.029914,0.250000,0.375000,1.000000,1.500000,1.000000,0.000260,1,0,0.000086,0.030000,0.020494,0.007743,0.382846,1,1,1,1,1,0.125000,1,0,1,1,0,0,0,0,0,0,0,0,0.000000,0.000000,0.000000,0.000000,0.000000,0.000000,0.000000,0.000000,0.000000,0.000000,0.000000,0.000000,0.000000,0.000000,0.000000,0.000000,0.000000,0.000000,0.000000,0.000000,0.000000
37747,0.811941,-0.060103,-0.003100,-0.580629,0.000000,0.000000,0.000000,-0.074000,0.093000,-0.984000,23.212826,100292.703125,86.299995,86.180000,0.120000,0.080000,37,1,1,1,3,24,1,24,37.5417708,127.0795366,27.318,0.365000,0.811000,0.005000,0.012000,-0.001000,0.115000,1000,1000,1000,1000,1000.000000,1000.000000,1000.000000,1000.000000,0.000000,0.000000,1000.000000,0,0,1,0,0,0.000000,0.000000,0,1,1,1,1,15003,0.005000,0,0.022058,-0.317001,0.000179,-0.000460,0.000203,0.000431,1,0.412308,-0.412308,0.119483,0.007827,0.003526,0.002395,-5.344649,-4.262042,-70.950768,-5.344649,-4.262042,-70.950768,0.038690,0.250000,0.375000,1.000000,1.500000,1.000000,0.000434,1,0,0.001310,0.040000,0.020911,0.008351,0.383009,1,1,1,1,1,0.127000,0,0,1,1,0,0,0,0,0,0,0,0,0.000000,0.000000,0.000000,0.000000,0.000000,0.000000,0.000000,0.000000,0.000000,0.000000,0.000000,0.000000,0.000000,0.000000,0.000000,0.000000,0.000000,0.000000,0.000000,0.000000,0.000000
37847,0.811941,-0.060103,-0.003100,-0.580629,0.000000,0.000000,0.000000,-0.074000,0.093000,-0.984000,23.211651,100291.703125,86.379997,86.180000,0.200000,0.080000,0,1,1,1,3,24,1,24,37.5417708,127.0795366,27.318,0.365000,0.811000,0.005000,0.012000,-0.001000,0.115000,1000,1000,1000,1000,1000.000000,1000.000000,1000.000000,1000.000000,0.000000,0.000000,1000.000000,0,0,1,0,0,0.000000,0.000000,0,1,1,1,1,15003,0.005000,0,0.022047,-0.316997,-0.001038,0.000009,0.000063,0.000144,1,0.424386,-0.424386,0.119683,0.007884,0.003473,-0.000201,-5.344102,-4.262583,-70.949631,-5.344102,-4.262583,-70.949631,0.029577,0.250000,0.375000,1.000000,1.500000,1.000000,0.000254,1,0,0.000423,0.030000,0.020671,0.008156,0.382915,0,0,0,0,0,0.127000,0,0,1,1,0,0,0,0,0,0,0,0,0.000000,0.000000,0.000000,0.000000,0.000000,0.000000,0.000000,0.000000,0.000000,0.000000,0.000000,0.000000,0.000000,0.000000,0.000000,0.000000,0.000000,0.000000,0.000000,0.000000,0.000000
37958,0.811936,-0.060203,-0.003100,-0.580626,0.000000,0.000000,0.000000,-0.075000,0.091000,-0.984000,23.216963,100293.601563,86.229996,86.180000,0.050000,0.070000,15,1,1,1,3,23,1,23,37.5417708,127.0795365,27.321,0.365000,0.810000,0.001000,-0.013000,0.005000,0.117000,1000,1000,1000,1000,1000.000000,1000.000000,1000.000000,1000.000000,0.000000,0.000000,1000.000000,0,0,1,0,0,0.000000,0.000000,0,1,1,1,1,15003,0.002000,0,0.022244,-0.318539,-0.000742,0.000395,0.000342,0.000550,1,0.437690,-0.437690,0.120009,0.007745,0.003367,0.003547,-5.345917,-4.264955,-70.949310,-5.345917,-4.264955,-70.949310,0.029857,0.250000,0.375000,1.000000,1.500000,1.000000,0.000259,1,0,0.000143,0.030000,0.020338,0.007765,0.382785,1,1,1,1,1,0.127000,0,0,1,1,0,0,0,0,0,0,0,0,0.000000,0.000000,0.000000,0.000000,0.000000,0.000000,0.000000,0.000000,0.000000,0.000000,0.000000,0.000000,0.000000,0.000000,0.000000,0.000000,0.000000,0.000000,0.000000,0.000000,0.000000
38053,0.811941,-0.060103,-0.003100,-0.580629,0.000000,0.000000,0.000000,-0.073000,0.094000,-0.984000,23.211580,100292.101563,86.349998,86.180000,0.170000,0.070000,0,1,1,1,3,24,1,24,37.5417708,127.0795365,27.320,0.365000,0.809000,0.008000,0.000000,0.003000,0.091000,1000,1000,1000,1000,1000.000000,1000.000000,1000.000000,1000.000000,0.000000,0.000000,1000.000000,0,0,1,0,0,0.000000,0.000000,0,1,1,1,1,15003,0.002000,0,0.022454,-0.319942,0.001146,0.000431,0.000035,0.001451,1,0.448978,-0.448978,0.120272,0.007806,0.003256,0.006909,-5.346761,-4.265396,-70.949219,-5.346761,-4.265396,-70.949219,0.021628,0.250000,0.375000,1.000000,1.500000,1.000000,0.000136,1,0,-0.001628,0.020000,0.020765,0.008169,0.382952,1,1,1,1,1,0.126000,0,0,1,1,0,0,0,0,0,0,0,0,0.000000,0.000000,0.000000,0.000000,0.000000,0.000000,0.000000,0.000000,0.000000,0.000000,0.000000,0.000000,0.000000,0.000000,0.000000,0.000000,0.000000,0.000000,0.000000,0.000000,0.000000
38153,0.811941,-0.060103,-0.003100,-0.580629,0.000000,0.000000,0.000000,-0.073000,0.093000,-0.983000,23.212440,100292.398438,86.330002,86.180000,0.150000,0.110000,7,1,1,1,3,24,1,24,37.5417708,127.0795365,27.331,0.364000,0.808000,-0.002000,0.017000,-0.004000,0.115000,1000,1000,1000,1000,1000.000000,1000.000000,1000.000000,1000.000000,0.000000,0.000000,1000.000000,0,0,1,0,0,0.000000,0.000000,0,1,1,1,1,15003,0.002000,0,0.022624,-0.321211,-0.000013,0.000064,0.000117,0.001003,1,0.461268,-0.461268,0.120452,0.007642,0.003145,0.003716,-5.347410,-4.262763,-70.949265,-5.347410,-4.262763,-70.949265,0.071434,0.250000,0.375000,1.000000,1.500000,1.000000,0.001481,1,0,-0.001434,0.070000,0.020378,0.007748,0.382801,1,1,1,1,1,0.121000,0,0,1,1,0,0,0,0,0,0,0,31,0.001000,0.000000,0.000000,0.000000,0.000000,0.000000,0.000000,0.000000,0.000000,0.000000,0.000000,0.000000,0.000000,0.000000,0.000000,0.000000,0.000000,0.000000,0.000000,0.000000,0.000000
38247,0.811941,-0.060103,-0.003100,-0.580629,0.000000,0.000000,0.000000,-0.075000,0.093000,-0.985000,23.217121,100292.601563,86.309998,86.180000,0.130000,0.110000,0,1,1,1,3,24,1,24,37.5417708,127.0795364,27.328,0.364000,0.807000,0.001000,-0.015000,-0.003000,0.112000,1000,1000,1000,1000,1000.000000,1000.000000,1000.000000,1000.000000,0.000000,0.000000,1000.000000,0,0,1,0,0,0.000000,0.000000,0,1,1,1,1,15003,0.005000,0,0.022792,-0.322775,0.000779,0.000135,0.000163,0.001290,1,0.472353,-0.472353,0.120542,0.007817,0.003095,-0.000216,-5.348340,-4.265636,-70.948997,-5.348340,-4.265636,-70.948997,0.070024,0.250000,0.375000,1.000000,1.500000,1.000000,0.001423,1,0,-0.000024,0.070000,0.020582,0.007999,0.382880,1,1,1,1,1,0.126000,0,0,1,1,0,0,0,0,0,0,0,0,0.000000,0.000000,0.000000,0.000000,0.000000,0.000000,0.000000,0.000000,0.000000,0.000000,0.000000,0.000000,0.000000,0.000000,0.000000,0.000000,0.000000,0.000000,0.000000,0.000000,0.000000
38350,0.811936,-0.060203,-0.003100,-0.580626,0.000000,0.000000,0.000000,-0.074000,0.093000,-0.983000,23.214596,100291.500000,86.400002,86.180000,0.220000,0.120000,15,1,1,1,3,24,1,24,37.5417708,127.0795364,27.328,0.364000,0.807000,0.001000,-0.015000,-0.003000,0.112000,1000,1000,1000,1000,1000.000000,1000.000000,1000.000000,1000.000000,0.000000,0.000000,1000.000000,0,0,1,0,0,0.000000,0.000000,0,1,1,1,1,15003,0.002000,0,0.022794,-0.322781,-0.003649,0.000326,0.000458,-0.000672,1,0.484879,-0.484879,0.120279,0.007713,0.003030,-0.001985,-5.349408,-4.266851,-70.948906,-5.349408,-4.266851,-70.948906,0.077939,0.250000,0.375000,1.000000,1.500000,1.000000,0.001763,1,0,0.002061,0.080000,0.020259,0.007630,0.382754,0,0,0,0,0,0.126000,0,0,1,1,0,0,0,0,0,0,0,0,0.000000,0.000000,0.000000,0.000000,0.000000,0.000000,0.000000,0.000000,0.000000,0.000000,0.000000,0.000000,0.000000,0.000000,0.000000,0.000000,0.000000,0.000000,0.000000,0.000000,0.000000
38447,0.811941,-0.060103,-0.003100,-0.580629,0.000000,0.000000,0.000000,-0.075000,0.091000,-0.985000,23.218243,100293.203125,86.259995,86.180000,0.080000,0.110000,21,1,1,1,3,24,1,24,37.5417708,127.0795364,27.331,0.364000,0.806000,-0.002000,0.015000,-0.006000,0.117000,1000,1000,1000,1000,1000.000000,1000.000000,1000.000000,1000.000000,0.000000,0.000000,1000.000000,0,0,1,0,0,0.000000,0.000000,0,1,1,1,1,15003,0.002000,0,0.022942,-0.324153,-0.004222,0.000434,0.000296,-0.001039,1,0.496419,-0.496419,0.120119,0.007622,0.002922,-0.001713,-5.351337,-4.265706,-70.948814,-5.351337,-4.265706,-70.948814,0.067161,0.250000,0.375000,1.000000,1.500000,1.000000,0.001309,1,0,0.002839,0.070000,0.020325,0.007643,0.382780,1,1,1,1,1,0.135000,1,0,1,1,0,0,0,0,0,0,0,0,0.000000,0.000000,0.000000,0.000000,0.000000,0.000000,0.000000,0.000000,0.000000,0.000000,0.000000,0.000000,0.000000,0.000000,0.000000,0.000000,0.000000,0.000000,0.000000,0.000000,0.000000
38561,0.811936,-0.060203,-0.003100,-0.580626,0.000000,0.000000,0.000000,-0.075000,0.094000,-0.983000,23.217892,100292.601563,86.309998,86.180000,0.130000,0.100000,0,1,1,1,3,25,1,25,37.5417709,127.0795363,27.330,0.364000,0.806000,0.002000,-0.016000,-0.001000,0.111000,1000,1000,1000,1000,1000.000000,1000.000000,1000.000000,1000.000000,0.000000,0.000000,1000.000000,0,0,1,0,0,0.000000,0.000000,0,1,1,1,1,15003,0.002000,0,0.023406,-0.325806,-0.004337,0.000290,0.000060,-0.001397,1,0.510334,-0.510334,0.119710,0.007751,0.002901,-0.001896,-5.352805,-4.268324,-70.948578,-5.352805,-4.268324,-70.948578,0.056800,0.250000,0.375000,1.000000,1.500000,1.000000,0.000936,1,0,0.003200,0.060000,0.020618,0.008012,0.382895,1,1,1,1,1,0.115000,0,0,1,1,0,0,0,0,0,0,0,0,0.000000,0.000000,0.000000,0.000000,0.000000,0.000000,0.000000,0.000000,0.000000,0.000000,0.000000,0.000000,0.000000,0.000000,0.000000,0.000000,0.000000,0.000000,0.000000,0.000000,0.000000
38660,0.811941,-0.060103,-0.003100,-0.580629,0.000000,0.000000,0.000000,-0.074000,0.092000,-0.985000,23.216595,100292.304688,86.330002,86.180000,0.150000,0.100000,3,1,1,1,3,25,1,25,37.5417709,127.0795363,27.338,0.363000,0.805000,-0.002000,0.004000,-0.012000,0.110000,1000,1000,1000,1000,1000.000000,1000.000000,1000.000000,1000.000000,0.000000,0.000000,1000.000000,0,0,1,0,0,0.000000,0.000000,0,1,1,1,1,15003,0.002000,0,0.023823,-0.327308,-0.005458,0.000100,0.000045,-0.002498,1,0.521791,-0.521791,0.118941,0.007520,0.002784,-0.005178,-5.353381,-4.267365,-70.948532,-5.353381,-4.267365,-70.948532,0.055658,0.250000,0.375000,1.000000,1.500000,1.000000,0.000899,1,0,0.004342,0.060000,0.020055,0.007508,0.382674,1,1,1,1,1,0.128000,1,0,1,1,0,0,0,0,0,0,0,31,0.001000,0.000000,0.000000,0.000000,0.000000,0.000000,0.000000,0.000000,0.000000,0.000000,0.000000,0.000000,0.000000,0.000000,0.000000,0.000000,0.000000,0.000000,0.000000,0.000000,0.000000
38756,0.811941,-0.060103,-0.003100,-0.580629,0.000000,0.000000,0.000000,-0.073000,0.092000,-0.985000,23.219347,100294.601563,86.139999,86.180000,-0.040000,0.090000,7,1,1,1,3,25,1,25,37.5417709,127.0795363,27.336,0.363000,0.804000,0.006000,-0.002000,-0.010000,0.081000,1000,1000,1000,1000,1000.000000,1000.000000,1000.000000,1000.000000,0.000000,0.000000,1000.000000,0,0,1,0,0,0.000000,0.000000,0,1,1,1,1,15003,0.002000,0,0.024252,-0.328770,-0.005393,0.000087,-0.000053,-0.002036,1,0.532735,-0.532735,0.119238,0.007571,0.002740,0.010798,-5.352470,-4.268164,-70.948456,-5.352470,-4.268164,-70.948456,0.045526,0.250000,0.375000,1.000000,1.500000,1.000000,0.000602,1,0,0.004474,0.050000,0.020190,0.007555,0.382727,1,1,1,1,1,0.125000,1,0,1,1,0,0,0,0,0,0,0,0,0.000000,0.000000,0.000000,0.000000,0.000000,0.000000,0.000000,0.000000,0.000000,0.000000,0.000000,0.000000,0.000000,0.000000,0.000000,0.000000,0.000000,0.000000,0.000000,0.000000,0.000000
38856,0.811941,-0.060103,-0.003100,-0.580629,0.000000,0.000000,0.000000,-0.074000,0.095000,-0.983000,23.219435,100292.601563,86.309998,86.180000,0.130000,0.090000,0,1,1,1,3,25,1,25,37.5417709,127.0795363,27.336,0.363000,0.804000,0.006000,-0.002000,-0.010000,0.081000,1000,1000,1000,1000,1000.000000,1000.000000,1000.000000,1000.000000,0.000000,0.000000,1000.000000,0,0,1,0,0,0.000000,0.000000,0,1,1,1,1,15003,0.001000,0,0.024253,-0.328769,-0.006160,0.000028,-0.000062,-0.001837,1,0.545403,-0.545403,0.119576,0.007783,0.002729,0.001577,-5.352763,-4.267601,-70.948471,-5.352763,-4.267601,-70.948471,0.034514,0.250000,0.375000,1.000000,1.500000,1.000000,0.000346,1,0,0.005486,0.040000,0.020385,0.007759,0.382803,0,0,0,0,0,0.125000,1,0,1,1,0,0,0,0,0,0,0,0,0.000000,0.000000,0.000000,0.000000,0.000000,0.000000,0.000000,0.000000,0.000000,0.000000,0.000000,0.000000,0.000000,0.000000,0.000000,0.000000,0.000000,0.000000,0.000000,0.000000,0.000000
38957,0.811941,-0.060103,-0.003100,-0.580629,0.000000,0.000000,0.000000,-0.075000,0.092000,-0.986000,23.219995,100291.898438,86.369995,86.180000,0.190000,0.100000,0,1,1,1,3,25,1,25,37.5417709,127.0795362,27.333,0.363000,0.803000,-0.008000,0.008000,-0.010000,0.111000,1000,1000,1000,1000,1000.000000,1000.000000,1000.000000,1000.000000,0.000000,0.000000,1000.000000,0,0,1,0,0,0.000000,0.000000,0,1,1,1,1,15003,0.001000,0,0.024609,-0.330343,-0.005890,-0.000151,-0.000146,-0.001854,1,0.557352,-0.557352,0.119378,0.007774,0.002665,-0.003000,-5.352835,-4.266057,-70.948479,-5.352835,-4.266057,-70.948479,0.044998,0.250000,0.375000,1.000000,1.500000,1.000000,0.000588,1,0,0.005002,0.050000,0.020361,0.007702,0.382794,1,1,1,1,1,0.126000,1,0,1,1,0,0,0,0,0,0,0,0,0.000000,0.000000,0.000000,0.000000,0.000000,0.000000,0.000000,0.000000,0.000000,0.000000,0.000000,0.000000,0.000000,0.000000,0.000000,0.000000,0.000000,0.000000,0.000000,0.000000,0.000000
39083,0.811941,-0.060103,-0.003100,-0.580629,0.000000,0.000000,0.000000,-0.073000,0.093000,-0.981000,23.221558,100291.804688,86.379997,86.180000,0.200000,0.110000,26,1,1,1,3,25,1,25,37.5417709,127.0795362,27.343,0.363000,0.802000,0.002000,0.000000,-0.012000,0.086000,1000,1000,1000,1000,1000.000000,1000.000000,1000.000000,1000.000000,0.000000,0.000000,1000.000000,0,0,1,0,0,0.000000,0.000000,0,1,1,1,1,15003,0.002000,0,0.024982,-0.331883,-0.007446,-0.000222,-0.000082,-0.002429,1,0.572612,-0.572612,0.119260,0.007732,0.002623,0.003811,-5.351192,-4.266046,-70.948456,-5.351192,-4.266046,-70.948456,0.063916,0.250000,0.375000,1.000000,1.500000,1.000000,0.001186,1,0,0.006084,0.070000,0.020316,0.007524,0.382776,0,0,0,0,0,0.121000,0,0,1,1,0,0,0,0,0,0,0,0,0.000000,0.000000,0.000000,0.000000,0.000000,0.000000,0.000000,0.000000,0.000000,0.000000,0.000000,0.000000,0.000000,0.000000,0.000000,0.000000,0.000000,0.000000,0.000000,0.000000,0.000000
39153,0.811941,-0.060103,-0.003100,-0.580629,0.000000,0.000000,0.000000,-0.074000,0.094000,-0.983000,23.220768,100294.304688,86.159996,86.180000,-0.020000,0.100000,7,1,1,1,3,25,1,25,37.5417709,127.0795362,27.340,0.362000,0.801000,0.002000,-0.001000,-0.006000,0.073000,1000,1000,1000,1000,1000.000000,1000.000000,1000.000000,1000.000000,0.000000,0.000000,1000.000000,0,0,1,0,0,0.000000,0.000000,0,1,1,1,1,15003,0.002000,0,0.025342,-0.333352,-0.007648,-0.000024,-0.000181,-0.002245,1,0.580967,-0.580967,0.119404,0.007521,0.002500,0.003151,-5.350378,-4.265865,-70.948410,-5.350378,-4.265865,-70.948410,0.053442,0.250000,0.375000,1.000000,1.500000,1.000000,0.000829,1,0,0.006558,0.060000,0.020056,0.007337,0.382675,1,1,1,1,1,0.125000,1,0,1,1,0,0,0,0,0,0,0,31,0.020000,0.000000,0.000000,0.000000,0.000000,0.000000,0.000000,0.000000,0.000000,0.000000,0.000000,0.000000,0.000000,0.000000,0.000000,0.000000,0.000000,0.000000,0.000000,0.000000,0.000000
39251,0.811941,-0.060103,-0.003100,-0.580629,0.000000,0.000000,0.000000,-0.074000,0.093000,-0.987000,23.225641,100294.000000,86.189995,86.180000,0.010000,0.080000,0,1,1,1,3,25,1,25,37.5417709,127.0795362,27.347,0.362000,0.800000,0.001000,0.007000,-0.010000,0.096000,1000,1000,1000,1000,1000.000000,1000.000000,1000.000000,1000.000000,0.000000,0.000000,1000.000000,0,0,1,0,0,0.000000,0.000000,0,1,1,1,1,15003,0.002000,0,0.025680,-0.334737,-0.006478,-0.000002,-0.000105,-0.001478,1,0.592443,-0.592443,0.119645,0.007695,0.002476,0.000446,-5.349589,-4.264478,-70.948456,-5.349589,-4.264478,-70.948456,0.042273,0.250000,0.375000,1.000000,1.500000,1.000000,0.000519,1,0,0.007727,0.050000,0.020238,0.007516,0.382746,1,1,1,1,1,0.125000,0,0,1,1,0,0,0,0,0,0,0,0,0.000000,0.000000,0.000000,0.000000,0.000000,0.000000,0.000000,0.000000,0.000000,0.000000,0.000000,0.000000,0.000000,0.000000,0.000000,0.000000,0.000000,0.000000,0.000000,0.000000,0.000000
39351,0.811941,-0.060103,-0.003100,-0.580629,0.000000,0.000000,0.000000,-0.074000,0.092000,-0.984000,23.217804,100291.500000,86.400002,86.180000,0.220000,0.090000,13,1,1,1,3,25,1,25,37.5417709,127.0795362,27.347,0.362000,0.800000,0.001000,0.007000,-0.010000,0.096000,1000,1000,1000,1000,1000.000000,1000.000000,1000.000000,1000.000000,0.000000,0.000000,1000.000000,0,0,1,0,0,0.000000,0.000000,0,1,1,1,1,15003,0.002000,0,0.025683,-0.334741,-0.008712,-0.000156,0.000020,-0.002275,1,0.604640,-0.604640,0.119519,0.007608,0.002435,-0.004613,-5.348932,-4.264304,-70.948479,-5.348932,-4.264304,-70.948479,0.042156,0.250000,0.375000,1.000000,1.500000,1.000000,0.000516,1,0,0.007844,0.050000,0.019968,0.007222,0.382640,0,0,0,0,0,0.125000,0,0,1,1,0,0,0,0,0,0,0,0,0.000000,0.000000,0.000000,0.000000,0.000000,0.000000,0.000000,0.000000,0.000000,0.000000,0.000000,0.000000,0.000000,0.000000,0.000000,0.000000,0.000000,0.000000,0.000000,0.000000,0.000000
39459,0.811941,-0.060103,-0.003100,-0.580629,0.000000,0.000000,0.000000,-0.072000,0.091000,-0.985000,23.223730,100292.703125,86.299995,86.180000,0.120000,0.080000,35,1,1,1,3,25,1,25,37.5417709,127.0795362,27.351,0.362000,0.799000,-0.008000,-0.015000,-0.005000,0.113000,1000,1000,1000,1000,1000.000000,1000.000000,1000.000000,1000.000000,0.000000,0.000000,1000.000000,0,0,1,0,0,0.000000,0.000000,0,1,1,1,1,15003,0.002000,0,0.025979,-0.336151,-0.007961,-0.000302,-0.000001,-0.001955,1,0.617291,-0.617291,0.119428,0.007635,0.002393,0.003228,-5.349187,-4.266428,-70.948288,-5.349187,-4.266428,-70.948288,0.032613,0.250000,0.375000,1.000000,1.500000,1.000000,0.000309,1,0,0.007387,0.040000,0.020256,0.007509,0.382753,1,1,1,1,1,0.137000,1,0,1,1,0,0,0,0,0,0,0,0,0.000000,0.000000,0.000000,0.000000,0.000000,0.000000,0.000000,0.000000,0.000000,0.000000,0.000000,0.000000,0.000000,0.000000,0.000000,0.000000,0.000000,0.000000,0.000000,0.000000,0.000000
39543,0.811941,-0.060103,-0.003100,-0.580629,0.000000,0.000000,0.000000,-0.074000,0.093000,-0.984000,23.222469,100292.203125,86.339996,86.180000,0.160000,0.090000,33,1,1,1,3,25,1,25,37.5417709,127.0795362,27.363,0.362000,0.799000,-0.001000,0.007000,-0.013000,0.111000,1000,1000,1000,1000,1000.000000,1000.000000,1000.000000,1000.000000,0.000000,0.000000,1000.000000,0,0,1,0,0,0.000000,0.000000,0,1,1,1,1,15003,0.001000,0,0.026287,-0.337412,-0.007525,-0.000244,-0.000208,-0.001422,1,0.627341,-0.627341,0.119766,0.007556,0.002325,0.000155,-5.347589,-4.265153,-70.948364,-5.347589,-4.265153,-70.948364,0.043286,0.250000,0.375000,1.000000,1.500000,1.000000,0.000544,1,0,0.006714,0.050000,0.020036,0.007344,0.382667,1,1,1,1,1,0.114000,1,0,1,1,0,0,0,0,0,0,0,0,0.000000,0.000000,0.000000,0.000000,0.000000,0.000000,0.000000,0.000000,0.000000,0.000000,0.000000,0.000000,0.000000,0.000000,0.000000,0.000000,0.000000,0.000000,0.000000,0.000000,0.000000
39658,0.811941,-0.060103,-0.003100,-0.580629,0.000000,0.000000,0.000000,-0.075000,0.091000,-0.984000,23.225431,100294.000000,86.189995,86.180000,0.010000,0.100000,11,1,1,1,3,25,1,25,37.5417709,127.0795362,27.379,0.361000,0.798000,0.005000,0.016000,-0.014000,0.114000,1000,1000,1000,1000,1000.000000,1000.000000,1000.000000,1000.000000,0.000000,0.000000,1000.000000,0,0,1,0,0,0.000000,0.000000,0,1,1,1,1,15003,0.002000,0,0.026599,-0.338609,-0.009004,-0.000209,-0.000084,-0.002085,1,0.641222,-0.641222,0.119559,0.007437,0.002271,-0.003391,-5.344395,-4.262694,-70.948555,-5.344395,-4.262694,-70.948555,0.052049,0.250000,0.375000,1.000000,1.500000,1.000000,0.000787,1,0,0.007951,0.060000,0.019832,0.007100,0.382587,1,1,1,1,1,0.125000,1,0,1,1,0,0,0,0,0,0,0,0,0.000000,0.000000,0.000000,0.000000,0.000000,0.000000,0.000000,0.000000,0.000000,0.000000,0.000000,0.000000,0.000000,0.000000,0.000000,0.000000,0.000000,0.000000,0.000000,0.000000,0.000000
39753,0.811941,-0.060103,-0.003100,-0.580629,0.000000,0.000000,0.000000,-0.075000,0.094000,-0.985000,23.223976,100292.898438,86.279999,86.180000,0.100000,0.100000,0,1,1,1,3,25,1,25,37.5417709,127.0795361,27.380,0.361000,0.797000,-0.005000,-0.014000,-0.002000,0.113000,1000,1000,1000,1000,1000.000000,1000.000000,1000.000000,1000.000000,0.000000,0.000000,1000.000000,0,0,1,0,0,0.000000,0.000000,0,1,1,1,1,15003,0.002000,0,0.026869,-0.340054,-0.008046,-0.000306,-0.000142,-0.001523,1,0.652705,-0.652705,0.119641,0.007600,0.002251,-0.000315,-5.344779,-4.264841,-70.948349,-5.344779,-4.264841,-70.948349,0.050921,0.250000,0.375000,1.000000,1.500000,1.000000,0.000753,1,0,0.009078,0.060000,0.020004,0.007255,0.382654,1,1,1,1,1,0.128000,1,0,1,1,0,0,0,0,0,0,0,0,0.000000,0.000000,0.000000,0.000000,0.000000,0.000000,0.000000,0.000000,0.000000,0.000000,0.000000,0.000000,0.000000,0.000000,0.000000,0.000000,0.000000,0.000000,0.000000,0.000000,0.000000
39843,0.811941,-0.060103,-0.003100,-0.580629,0.000000,0.000000,0.000000,-0.074000,0.093000,-0.982000,23.223925,100293.101563,86.269997,86.180000,0.090000,0.110000,0,1,1,1,3,25,1,25,37.5417709,127.0795361,27.380,0.361000,0.797000,-0.005000,-0.014000,-0.002000,0.113000,1000,1000,1000,1000,1000.000000,1000.000000,1000.000000,1000.000000,0.000000,0.000000,1000.000000,0,0,1,0,0,0.000000,0.000000,0,1,1,1,1,15003,0.002000,0,0.026865,-0.340061,-0.010316,-0.000136,0.000098,-0.002491,1,0.663225,-0.663225,0.119338,0.007551,0.002204,-0.002970,-5.344167,-4.265556,-70.948334,-5.344167,-4.265556,-70.948334,0.060839,0.250000,0.375000,1.000000,1.500000,1.000000,0.001075,1,0,0.009161,0.070000,0.020048,0.007235,0.382672,0,0,0,0,0,0.128000,1,0,1,1,0,0,0,0,0,0,0,0,0.000000,0.000000,0.000000,0.000000,0.000000,0.000000,0.000000,0.000000,0.000000,0.000000,0.000000,0.000000,0.000000,0.000000,0.000000,0.000000,0.000000,0.000000,0.000000,0.000000,0.000000
39946,0.811941,-0.060103,-0.003100,-0.580629,0.000000,0.000000,0.000000,-0.074000,0.093000,-0.985000,23.222750,100292.500000,86.320000,86.180000,0.140000,0.110000,18,1,1,1,3,25,1,25,37.5417709,127.0795361,27.394,0.361000,0.796000,0.004000,-0.016000,-0.003000,0.106000,1000,1000,1000,1000,1000.000000,1000.000000,1000.000000,1000.000000,0.000000,0.000000,1000.000000,0,0,1,0,0,0.000000,0.000000,0,1,1,1,1,15003,0.002000,0,0.027144,-0.341451,-0.011973,0.000078,-0.000150,-0.003275,1,0.675612,-0.675612,0.118941,0.007443,0.002157,-0.001510,-5.344244,-4.267066,-70.948181,-5.344244,-4.267066,-70.948181,0.059034,0.250000,0.375000,1.000000,1.500000,1.000000,0.001012,1,0,0.010966,0.070000,0.020010,0.007233,0.382657,1,1,1,1,1,0.123000,0,0,1,1,0,0,0,0,0,0,0,0,0.000000,0.000000,0.000000,0.000000,0.000000,0.000000,0.000000,0.000000,0.000000,0.000000,0.000000,0.000000,0.000000,0.000000,0.000000,0.000000,0.000000,0.000000,0.000000,0.000000,0.000000
40051,0.811941,-0.060103,-0.003100,-0.580629,0.000000,0.000000,0.000000,-0.073000,0.093000,-0.983000,23.229639,100294.398438,86.159996,86.180000,-0.020000,0.100000,37,1,1,1,3,25,1,25,37.5417709,127.0795361,27.404,0.361000,0.795000,0.004000,0.008000,-0.012000,0.101000,1000,1000,1000,1000,1000.000000,1000.000000,1000.000000,1000.000000,0.000000,0.000000,1000.000000,0,0,1,0,0,0.000000,0.000000,0,1,1,1,1,15003,0.002000,0,0.027418,-0.342716,-0.012353,0.000194,0.000028,-0.003581,1,0.687955,-0.687955,0.118571,0.007475,0.002129,-0.001086,-5.344002,-4.265822,-70.948189,-5.344002,-4.265822,-70.948189,0.048491,0.250000,0.375000,1.000000,1.500000,1.000000,0.000683,1,0,0.011509,0.060000,0.019807,0.007086,0.382578,1,1,1,1,1,0.123000,1,0,1,1,0,0,0,0,0,0,0,0,0.000000,0.000000,0.000000,0.000000,0.000000,0.000000,0.000000,0.000000,0.000000,0.000000,0.000000,0.000000,0.000000,0.000000,0.000000,0.000000,0.000000,0.000000,0.000000,0.000000,0.000000
40158,0.811941,-0.060103,-0.003100,-0.580629,0.000000,0.000000,0.000000,-0.075000,0.090000,-0.985000,23.219769,100290.898438,86.449997,86.180000,0.270000,0.130000,8,1,1,1,3,25,1,25,37.5417709,127.0795361,27.410,0.360000,0.794000,-0.001000,0.012000,0.001000,0.110000,1000,1000,1000,1000,1000.000000,1000.000000,1000.000000,1000.000000,0.000000,0.000000,1000.000000,0,0,1,0,0,0.000000,0.000000,0,1,1,1,1,15003,0.002000,0,0.027675,-0.343917,-0.014304,0.000048,0.000276,-0.004028,1,0.700758,-0.700758,0.118522,0.007361,0.002083,0.002591,-5.344249,-4.264477,-70.947594,-5.344249,-4.264477,-70.947594,0.077240,0.250000,0.375000,1.000000,1.500000,1.000000,0.001733,1,0,0.012760,0.090000,0.019630,0.006872,0.382509,1,1,1,1,1,0.124000,1,0,1,1,0,0,0,0,0,0,0,0,0.000000,0.000000,0.000000,0.000000,0.000000,0.000000,0.000000,0.000000,0.000000,0.000000,0.000000,0.000000,0.000000,0.000000,0.000000,0.000000,0.000000,0.000000,0.000000,0.000000,0.000000
40260,0.811936,-0.060203,-0.003100,-0.580626,0.000000,0.000000,0.000000,-0.073000,0.092000,-0.985000,23.227676,100292.804688,86.290001,86.180000,0.110000,0.110000,0,1,1,1,3,25,1,25,37.5417709,127.0795361,27.412,0.360000,0.794000,0.004000,-0.017000,0.004000,0.112000,1000,1000,1000,1000,1000.000000,1000.000000,1000.000000,1000.000000,0.000000,0.000000,1000.000000,0,0,1,0,0,0.000000,0.000000,0,1,1,1,1,15003,0.002000,0,0.027932,-0.345186,-0.013545,0.000215,0.000227,-0.003409,1,0.712854,-0.712854,0.118584,0.007508,0.002066,-0.002763,-5.345295,-4.268703,-70.947289,-5.345295,-4.268703,-70.947289,0.055545,0.250000,0.375000,1.000000,1.500000,1.000000,0.000896,1,0,0.014455,0.070000,0.019791,0.007009,0.382571,1,1,1,1,1,0.125000,0,0,1,1,0,0,0,0,0,0,0,0,0.000000,0.000000,0.000000,0.000000,0.000000,0.000000,0.000000,0.000000,0.000000,0.000000,0.000000,0.000000,0.000000,0.000000,0.000000,0.000000,0.000000,0.000000,0.000000,0.000000,0.000000
40355,0.811941,-0.060103,-0.003100,-0.580629,0.000000,0.000000,0.000000,-0.075000,0.092000,-0.985000,23.230358,100293.898438,86.199997,86.180000,0.020000,0.100000,0,1,1,1,3,25,1,25,37.5417709,127.0795361,27.412,0.360000,0.794000,0.004000,-0.017000,0.004000,0.112000,1000,1000,1000,1000,1000.000000,1000.000000,1000.000000,1000.000000,0.000000,0.000000,1000.000000,0,0,1,0,0,0.000000,0.000000,0,1,1,1,1,15003,0.005000,0,0.027929,-0.345177,-0.015849,0.000345,0.000033,-0.004127,1,0.724117,-0.724117,0.118421,0.007583,0.002057,-0.007562,-5.346639,-4.268067,-70.946678,-5.346639,-4.268067,-70.946678,0.055181,0.250000,0.375000,1.000000,1.500000,1.000000,0.000884,1,0,0.014819,0.070000,0.019787,0.006966,0.382570,0,0,0,0,0,0.125000,0,0,1,1,0,0,0,0,0,0,0,0,0.000000,0.000000,0.000000,0.000000,0.000000,0.000000,0.000000,0.000000,0.000000,0.000000,0.000000,0.000000,0.000000,0.000000,0.000000,0.000000,0.000000,0.000000,0.000000,0.000000,0.000000
40469,0.811941,-0.060103,-0.003100,-0.580629,0.000000,0.000000,0.000000,-0.074000,0.093000,-0.984000,23.227079,100292.804688,86.290001,86.180000,0.110000,0.100000,1,1,1,1,3,25,1,25,37.5417709,127.0795361,27.419,0.360000,0.793000,0.004000,0.020000,-0.009000,0.116000,1000,1000,1000,1000,1000.000000,1000.000000,1000.000000,1000.000000,0.000000,0.000000,1000.000000,0,0,1,0,0,0.000000,0.000000,0,1,1,1,1,15003,0.002000,0,0.028186,-0.346266,-0.015986,0.000283,0.000322,-0.004269,1,0.737469,-0.737469,0.118061,0.007599,0.002028,0.000549,-5.347153,-4.266662,-70.946663,-5.347153,-4.266662,-70.946663,0.044908,0.250000,0.375000,1.000000,1.500000,1.000000,0.000586,1,0,0.015092,0.060000,0.019886,0.006973,0.382609,0,0,0,0,0,0.133000,1,0,1,1,0,0,0,0,0,0,0,0,0.000000,0.000000,0.000000,0.000000,0.000000,0.000000,0.000000,0.000000,0.000000,0.000000,0.000000,0.000000,0.000000,0.000000,0.000000,0.000000,0.000000,0.000000,0.000000,0.000000,0.000000
40558,0.811941,-0.060103,-0.003100,-0.580629,0.000000,0.000000,0.000000,-0.075000,0.093000,-0.986000,23.230341,100293.203125,86.259995,86.180000,0.080000,0.090000,4,1,1,1,3,25,1,25,37.5417710,127.0795360,27.424,0.360000,0.792000,0.001000,-0.013000,-0.007000,0.109000,1000,1000,1000,1000,1000.000000,1000.000000,1000.000000,1000.000000,0.000000,0.000000,1000.000000,0,0,1,0,0,0.000000,0.000000,0,1,1,1,1,15003,0.002000,0,0.028639,-0.347609,-0.016461,0.000199,0.000027,-0.004142,1,0.747859,-0.747859,0.118124,0.007363,0.001958,0.002230,-5.348815,-4.268751,-70.946434,-5.348815,-4.268751,-70.946434,0.034211,0.250000,0.375000,1.000000,1.500000,1.000000,0.000340,1,0,0.015789,0.050000,0.019634,0.006729,0.382510,1,1,1,1,1,0.115000,1,0,1,1,0,0,0,0,0,0,0,31,0.001000,0.000000,0.000000,0.000000,0.000000,0.000000,0.000000,0.000000,0.000000,0.000000,0.000000,0.000000,0.000000,0.000000,0.000000,0.000000,0.000000,0.000000,0.000000,0.000000,0.000000
40660,0.811941,-0.060103,-0.003100,-0.580629,0.000000,0.000000,0.000000,-0.074000,0.093000,-0.983000,23.227221,100291.000000,86.439995,86.180000,0.260000,0.120000,0,1,1,1,3,25,1,25,37.5417710,127.0795360,27.421,0.360000,0.792000,0.014000,-0.004000,0.013000,0.107000,1000,1000,1000,1000,1000.000000,1000.000000,1000.000000,1000.000000,0.000000,0.000000,1000.000000,0,0,1,0,0,0.000000,0.000000,0,1,1,1,1,15003,0.002000,0,0.029127,-0.348869,-0.016687,0.000323,-0.000205,-0.003665,1,0.760157,-0.760157,0.118367,0.007388,0.001934,0.005308,-5.347730,-4.268877,-70.946404,-5.347730,-4.268877,-70.946404,0.064586,0.250000,0.375000,1.000000,1.500000,1.000000,0.001212,1,0,0.015414,0.080000,0.019701,0.006723,0.382536,1,1,1,1,1,0.129000,1,0,1,1,0,0,0,0,0,0,0,0,0.000000,0.000000,0.000000,0.000000,0.000000,0.000000,0.000000,0.000000,0.000000,0.000000,0.000000,0.000000,0.000000,0.000000,0.000000,0.000000,0.000000,0.000000,0.000000,0.000000,0.000000
40756,0.811941,-0.060103,-0.003100,-0.580629,0.000000,0.000000,0.000000,-0.073000,0.093000,-0.983000,23.228096,100292.304688,86.330002,86.180000,0.150000,0.110000,1,1,1,1,3,25,1,25,37.5417710,127.0795360,27.429,0.360000,0.791000,-0.004000,0.004000,0.012000,0.085000,1000,1000,1000,1000,1000.000000,1000.000000,1000.000000,1000.000000,0.000000,0.000000,1000.000000,0,0,1,0,0,0.000000,0.000000,0,1,1,1,1,15003,0.001000,0,0.029543,-0.350068,-0.015826,0.000111,-0.000029,-0.002897,1,0.771536,-0.771536,0.118572,0.007561,0.001930,-0.001008,-5.348712,-4.267810,-70.946365,-5.348712,-4.267810,-70.946365,0.053156,0.250000,0.375000,1.000000,1.500000,1.000000,0.000821,1,0,0.016844,0.070000,0.019874,0.006855,0.382604,1,1,1,1,1,0.125000,1,0,1,1,0,0,0,0,0,0,0,0,0.000000,0.000000,0.000000,0.000000,0.000000,0.000000,0.000000,0.000000,0.000000,0.000000,0.000000,0.000000,0.000000,0.000000,0.000000,0.000000,0.000000,0.000000,0.000000,0.000000,0.000000
40877,0.811941,-0.060103,-0.003100,-0.580629,0.000000,0.000000,0.000000,-0.074000,0.093000,-0.984000,23.226694,100292.500000,86.320000,86.180000,0.140000,0.110000,3,1,1,1,3,25,1,25,37.5417710,127.0795360,27.437,0.359000,0.790000,0.008000,-0.001000,-0.004000,0.075000,1000,1000,1000,1000,1000.000000,1000.000000,1000.000000,1000.000000,0.000000,0.000000,1000.000000,0,0,1,0,0,0.000000,0.000000,0,1,1,1,1,15003,0.005000,0,0.029980,-0.351236,-0.017351,0.000188,-0.000328,-0.003456,1,0.785631,-0.785631,0.118302,0.007503,0.001905,-0.003757,-5.347488,-4.266781,-70.946388,-5.347488,-4.266781,-70.946388,0.053724,0.250000,0.375000,1.000000,1.500000,1.000000,0.000838,1,0,0.016276,0.070000,0.020008,0.006790,0.382656,1,1,1,1,1,0.124000,0,0,1,1,0,0,0,0,0,0,0,0,0.000000,0.000000,0.000000,0.000000,0.000000,0.000000,0.000000,0.000000,0.000000,0.000000,0.000000,0.000000,0.000000,0.000000,0.000000,0.000000,0.000000,0.000000,0.000000,0.000000,0.000000
40943,0.811941,-0.060103,-0.003100,-0.580629,0.000000,0.000000,0.000000,-0.074000,0.093000,-0.985000,23.232655,100293.500000,86.229996,86.180000,0.050000,0.100000,27,1,1,1,3,25,1,25,37.5417710,127.0795360,27.437,0.359000,0.790000,0.008000,-0.001000,-0.004000,0.075000,1000,1000,1000,1000,1000.000000,1000.000000,1000.000000,1000.000000,0.000000,0.000000,1000.000000,0,0,1,0,0,0.000000,0.000000,0,1,1,1,1,15003,0.002000,0,0.029992,-0.351263,-0.018453,0.000182,-0.000505,-0.003958,1,0.793550,-0.793550,0.118093,0.007660,0.001956,0.000687,-5.347427,-4.266758,-70.946396,-5.347427,-4.266758,-70.946396,0.042498,0.250000,0.375000,1.000000,1.500000,1.000000,0.000524,1,0,0.017502,0.060000,0.020147,0.006903,0.382710,1,1,1,1,1,0.124000,0,0,1,1,0,0,0,0,0,0,0,0,0.000000,0.000000,0.000000,0.000000,0.000000,0.000000,0.000000,0.000000,0.000000,0.000000,0.000000,0.000000,0.000000,0.000000,0.000000,0.000000,0.000000,0.000000,0.000000,0.000000,0.000000
41062,0.811941,-0.060103,-0.003100,-0.580629,0.000000,0.000000,0.000000,-0.074000,0.092000,-0.985000,23.232428,100293.500000,86.229996,86.180000,0.050000,0.090000,1,1,1,1,3,25,1,25,37.5417710,127.0795359,27.440,0.359000,0.790000,-0.005000,-0.010000,-0.002000,0.114000,1000,1000,1000,1000,1000.000000,1000.000000,1000.000000,1000.000000,0.000000,0.000000,1000.000000,0,0,1,0,0,0.000000,0.000000,0,1,1,1,1,15003,0.002000,0,0.030356,-0.352567,-0.018036,-0.000038,-0.000418,-0.003495,1,0.807724,-0.807724,0.118070,0.007596,0.001863,0.000959,-5.347678,-4.264219,-70.946495,-5.347678,-4.264219,-70.946495,0.042783,0.250000,0.375000,1.000000,1.500000,1.000000,0.000532,1,0,0.017217,0.060000,0.019848,0.006727,0.382594,1,1,1,1,1,0.121000,0,0,1,1,0,0,0,0,0,0,0,0,0.000000,0.000000,0.000000,0.000000,0.000000,0.000000,0.000000,0.000000,0.000000,0.000000,0.000000,0.000000,0.000000,0.000000,0.000000,0.000000,0.000000,0.000000,0.000000,0.000000,0.000000
41150,0.811941,-0.060103,-0.003100,-0.580629,0.000000,0.000000,0.000000,-0.074000,0.093000,-0.983000,23.230726,100292.000000,86.360001,86.180000,0.180000,0.100000,34,1,1,1,3,25,1,25,37.5417710,127.0795359,27.441,0.359000,0.789000,0.002000,-0.001000,0.010000,0.108000,1000,1000,1000,1000,1000.000000,1000.000000,1000.000000,1000.000000,0.000000,0.000000,1000.000000,0,0,1,0,0,0.000000,0.000000,0,1,1,1,1,15003,0.006000,0,0.030752,-0.353825,-0.017647,-0.000164,-0.000415,-0.003039,1,0.818122,-0.818122,0.118164,0.007493,0.001816,-0.000353,-5.345910,-4.262896,-70.946556,-5.345910,-4.262896,-70.946556,0.043123,0.250000,0.375000,1.000000,1.500000,1.000000,0.000540,1,0,0.016877,0.060000,0.020124,0.006816,0.382702,1,1,1,1,1,0.127000,0,0,1,1,0,0,0,0,0,0,0,0,0.000000,0.000000,0.000000,0.000000,0.000000,0.000000,0.000000,0.000000,0.000000,0.000000,0.000000,0.000000,0.000000,0.000000,0.000000,0.000000,0.000000,0.000000,0.000000,0.000000,0.000000
41265,0.811941,-0.060103,-0.003100,-0.580629,0.000000,0.000000,0.000000,-0.073000,0.094000,-0.986000,23.233339,100294.203125,86.180000,86.180000,0.000000,0.090000,0,1,1,1,3,25,1,25,37.5417710,127.0795358,27.444,0.359000,0.789000,0.010000,-0.003000,0.012000,0.111000,1000,1000,1000,1000,1000.000000,1000.000000,1000.000000,1000.000000,0.000000,0.000000,1000.000000,0,0,1,0,0,0.000000,0.000000,0,1,1,1,1,15003,0.001000,0,0.031151,-0.355228,-0.017520,0.000055,-0.000409,-0.002518,1,0.831840,-0.831840,0.118391,0.007612,0.001820,-0.000952,-5.344124,-4.261875,-70.946602,-5.344124,-4.261875,-70.946602,0.041340,0.250000,0.375000,1.000000,1.500000,1.000000,0.000496,1,0,0.018660,0.060000,0.019979,0.006724,0.382645,1,1,1,1,1,0.125000,0,0,1,1,0,0,0,0,0,0,0,0,0.000000,0.000000,0.000000,0.000000,0.000000,0.000000,0.000000,0.000000,0.000000,0.000000,0.000000,0.000000,0.000000,0.000000,0.000000,0.000000,0.000000,0.000000,0.000000,0.000000,0.000000
41355,0.811941,-0.060103,-0.003100,-0.580629,0.000000,0.000000,0.000000,-0.075000,0.092000,-0.983000,23.232040,100292.304688,86.330002,86.180000,0.150000,0.110000,1,1,1,1,3,25,1,25,37.5417710,127.0795358,27.444,0.359000,0.789000,0.010000,-0.003000,0.012000,0.111000,1000,1000,1000,1000,1000.000000,1000.000000,1000.000000,1000.000000,0.000000,0.000000,1000.000000,0,0,1,0,0,0.000000,0.000000,0,1,1,1,1,15003,0.002000,0,0.031139,-0.355236,-0.019261,0.000269,-0.000189,-0.003309,1,0.842238,-0.842238,0.118007,0.007551,0.001789,0.000221,-5.344715,-4.260566,-70.946648,-5.344715,-4.260566,-70.946648,0.051708,0.250000,0.375000,1.000000,1.500000,1.000000,0.000776,1,0,0.018292,0.070000,0.020023,0.006707,0.382662,0,0,0,0,0,0.125000,0,0,1,1,0,0,0,0,0,0,0,0,0.000000,0.000000,0.000000,0.000000,0.000000,0.000000,0.000000,0.000000,0.000000,0.000000,0.000000,0.000000,0.000000,0.000000,0.000000,0.000000,0.000000,0.000000,0.000000,0.000000,0.000000
41460,0.811941,-0.060103,-0.003100,-0.580629,0.000000,0.000000,0.000000,-0.075000,0.093000,-0.985000,23.231340,100290.703125,86.470001,86.180000,0.290000,0.140000,0,1,1,1,3,25,1,25,37.5417710,127.0795358,27.454,0.359000,0.788000,0.003000,0.012000,-0.001000,0.116000,1000,1000,1000,1000,1000.000000,1000.000000,1000.000000,1000.000000,0.000000,0.000000,1000.000000,0,0,1,0,0,0.000000,0.000000,0,1,1,1,1,15003,0.005000,0,0.031517,-0.356546,-0.021438,0.000280,0.000367,-0.003520,1,0.855942,-0.855942,0.118303,0.007514,0.001776,0.001266,-5.345477,-4.259808,-70.946579,-5.345477,-4.259808,-70.946579,0.080182,0.250000,0.375000,1.000000,1.500000,1.000000,0.001867,1,0,0.019818,0.100000,0.019763,0.006487,0.382561,0,0,0,0,0,0.135000,1,0,1,1,0,0,0,0,0,0,0,0,0.000000,0.000000,0.000000,0.000000,0.000000,0.000000,0.000000,0.000000,0.000000,0.000000,0.000000,0.000000,0.000000,0.000000,0.000000,0.000000,0.000000,0.000000,0.000000,0.000000,0.000000
41554,0.811941,-0.060103,-0.003100,-0.580629,0.000000,0.000000,0.000000,-0.075000,0.090000,-0.983000,23.229078,100290.804688,86.459999,86.180000,0.280000,0.150000,8,1,1,1,3,25,1,25,37.5417710,127.0795358,27.452,0.359000,0.787000,0.002000,-0.015000,0.013000,0.118000,1000,1000,1000,1000,1000.000000,1000.000000,1000.000000,1000.000000,0.000000,0.000000,1000.000000,1,1,1,0,0,0.000000,0.000000,0,1,1,1,1,15003,0.005000,0,0.031893,-0.357879,-0.022909,0.000307,0.000400,-0.003827,1,0.865530,-0.865530,0.118344,0.007589,0.001818,0.003999,-5.345911,-4.261992,-70.946419,-5.345911,-4.261992,-70.946419,0.088881,0.250000,0.375000,1.000000,1.500000,1.000000,0.002294,1,0,0.021119,0.110000,0.019930,0.006641,0.382626,1,1,1,1,1,0.113000,0,0,0,0,0,0,0,0,0,0,0,0,0.000000,0.000000,0.000000,0.000000,0.000000,0.000000,0.000000,0.000000,0.000000,0.000000,0.000000,0.000000,0.000000,0.000000,0.000000,0.000000,0.000000,0.000000,0.000000,0.000000,0.000000
41644,0.811941,-0.060103,-0.003100,-0.580629,0.000000,0.000000,0.300000,-0.074000,0.093000,-0.983000,23.234583,100293.398438,86.239998,86.180000,0.060000,0.150000,13,1,1,1,3,25,1,25,37.5417710,127.0795358,27.456,0.358000,0.787000,0.004000,0.000000,0.013000,0.112000,1000,1000,1000,1000,1000.000000,1000.000000,1000.000000,1000.000000,0.000000,0.000000,1000.000000,1,1,1,0,0,0.000000,0.000000,0,1,1,1,1,15003,0.002000,0,0.032282,-0.359118,-0.024955,0.000340,0.000464,-0.003817,1,0.876565,-0.876565,0.118864,0.007666,0.001859,0.001493,-5.345081,-4.262721,-70.946259,-5.345081,-4.262721,-70.946259,0.086839,0.250000,0.375000,1.000000,1.500000,1.000000,0.002189,1,0,0.023161,0.110000,0.020127,0.006804,0.382703,1,1,1,1,1,0.127000,0,0,0,0,0,0,0,0,0,0,0,0,0.000000,0.000000,0.000000,0.000000,0.000000,0.000000,0.000000,0.000000,0.000000,0.000000,0.000000,0.000000,0.000000,0.000000,0.000000,0.000000,0.000000,0.000000,0.000000,0.000000,0.000000
41743,0.811941,-0.060103,-0.003100,-0.580629,0.000000,0.000000,0.000000,-0.074000,0.093000,-0.985000,23.233795,100292.304688,86.330002,86.180000,0.150000,0.150000,26,1,1,1,3,25,1,25,37.5417710,127.0795357,27.464,0.358000,0.786000,0.006000,-0.015000,0.006000,0.111000,1000,1000,1000,1000,1000.000000,1000.000000,1000.000000,1000.000000,0.000000,0.000000,1000.000000,1,1,1,0,0,0.000000,0.000000,0,1,1,1,1,15003,0.002000,0,0.032713,-0.360644,-0.026845,0.000668,0.000013,-0.004276,1,0.888216,-0.888216,0.118864,0.007744,0.001898,0.002606,-5.345113,-4.269071,-70.945465,-5.345113,-4.269071,-70.945465,0.083015,0.250000,0.375000,1.000000,1.500000,1.000000,0.002000,1,0,0.026985,0.110000,0.020481,0.007045,0.382841,1,1,1,1,1,0.126000,0,0,0,0,0,0,0,0,0,0,0,0,0.000000,0.000000,0.000000,0.000000,0.000000,0.000000,0.000000,0.000000,0.000000,0.000000,0.000000,0.000000,0.000000,0.000000,0.000000,0.000000,0.000000,0.000000,0.000000,0.000000,0.000000
41866,0.811936,-0.060203,-0.003100,-0.580626,0.000000,0.000000,0.000000,-0.074000,0.093000,-0.984000,23.237686,100293.398438,86.239998,86.180000,0.060000,0.120000,0,1,1,1,3,25,1,25,37.5417710,127.0795357,27.463,0.358000,0.785000,0.008000,0.003000,0.018000,0.114000,1000,1000,1000,1000,1000.000000,1000.000000,1000.000000,1000.000000,0.000000,0.000000,1000.000000,1,1,1,0,0,0.000000,0.000000,0,1,1,1,1,15003,0.001000,0,0.033239,-0.362026,-0.029129,0.001014,0.000019,-0.004990,1,0.902955,-0.902955,0.118635,0.007881,0.001960,-0.000918,-5.341840,-4.270768,-70.945496,-5.341840,-4.270768,-70.945496,0.051964,0.250000,0.375000,1.000000,1.500000,1.000000,0.000783,1,0,0.028036,0.080000,0.021017,0.007375,0.383051,1,1,1,1,1,0.125000,0,0,0,0,0,0,0,0,0,0,0,19,0.020000,0.000000,0.000000,0.000000,0.000000,0.000000,0.000000,0.000000,0.000000,0.000000,0.000000,0.000000,0.000000,0.000000,0.000000,0.000000,0.000000,0.000000,0.000000,0.000000,0.000000
41958,0.811941,-0.060103,-0.003100,-0.580629,0.000000,0.000000,0.000000,-0.073000,0.093000,-0.982000,23.238476,100293.500000,86.229996,86.180000,0.050000,0.100000,0,1,1,1,3,25,1,25,37.5417710,127.0795357,27.463,0.358000,0.785000,0.008000,0.003000,0.018000,0.114000,1000,1000,1000,1000,1000.000000,1000.000000,1000.000000,1000.000000,0.000000,0.000000,1000.000000,1,1,1,0,0,0.000000,0.000000,0,1,1,1,1,15003,0.005000,0,0.033335,-0.362028,-0.031101,0.001078,0.000003,-0.005437,1,0.913995,-0.913995,0.118721,0.008124,0.002034,0.003519,-5.341734,-4.270743,-70.945511,-5.341734,-4.270743,-70.945511,0.029539,0.250000,0.375000,1.000000,1.500000,1.000000,0.000253,1,0,0.030461,0.060000,0.021664,0.007735,0.383304,0,0,0,0,0,0.125000,0,0,0,0,0,0,0,0,0,0,0,0,0.000000,0.000000,0.000000,0.000000,0.000000,0.000000,0.000000,0.000000,0.000000,0.000000,0.000000,0.000000,0.000000,0.000000,0.000000,0.000000,0.000000,0.000000,0.000000,0.000000,0.000000
42058,0.811936,-0.060203,-0.003100,-0.580626,0.000000,0.000000,0.000000,-0.075000,0.095000,-0.973000,23.237844,100291.398438,86.409996,86.180000,0.230000,0.110000,1,1,1,1,3,25,1,25,37.5417710,127.0795357,27.472,0.358000,0.785000,-0.005000,-0.007000,0.004000,0.097000,1044,1002,1000,1000,1022.000000,1001.000000,1023.000000,1000.000000,21.000000,23.000000,1012.000000,1,1,1,0,1,0.000000,0.000000,0,1,1,1,1,15003,0.002000,0,0.033615,-0.363717,-0.030209,0.000921,-0.001035,-0.004954,1,0.925279,-0.925279,0.118683,0.008469,0.002104,-0.006433,-5.346173,-4.275826,-70.945015,-5.346173,-4.275826,-70.945015,0.030708,0.250000,0.375000,1.000000,1.500000,1.000000,0.000273,1,0,0.029292,0.060000,0.021630,0.007740,0.383291,1,1,1,1,1,0.123000,1,0,0,0,0,0,0,0,0,0,0,17,0.009000,0.000000,0.000000,0.000000,0.000000,0.000000,0.000000,0.000000,0.000000,0.000000,0.000000,0.000000,0.000000,0.000000,0.000000,0.000000,0.000000,0.000000,0.000000,0.000000,0.000000
42153,0.811859,-0.060104,-0.003200,-0.580742,-0.400000,0.000000,0.000000,-0.065000,0.080000,-0.985000,23.238388,100292.398438,86.330002,86.180000,0.150000,0.120000,7,1,1,1,3,25,1,25,37.5417710,127.0795356,27.473,0.358000,0.784000,0.003000,0.001000,0.003000,0.092000,1041,1001,1000,1000,1020.500000,1000.500000,1021.000000,1000.000000,20.000000,21.000000,1011.000000,1,1,1,0,1,0.000000,0.000000,0,1,1,1,1,15003,0.002000,0,0.034128,-0.365454,-0.031726,0.001234,-0.001288,-0.004757,1,0.937158,-0.937158,0.119214,0.008331,0.002103,-0.002020,-5.336372,-4.277358,-70.947380,-5.336372,-4.277358,-70.947380,0.049410,0.250000,0.375000,1.000000,1.500000,1.000000,0.000707,1,0,0.030590,0.080000,0.022217,0.008082,0.383521,1,1,1,1,1,0.127000,1,0,0,0,0,0,0,0,0,0,0,17,0.020000,0.000000,0.000000,0.000000,0.000000,0.000000,0.000000,0.000000,0.000000,0.000000,0.000000,0.000000,0.000000,0.000000,0.000000,0.000000,0.000000,0.000000,0.000000,0.000000,0.000000
42285,0.811859,-0.060104,-0.003200,-0.580742,0.000000,0.000000,0.000000,-0.074000,0.093000,-0.985000,23.234619,100290.000000,86.529999,86.180000,0.350000,0.130000,30,1,1,1,3,25,1,25,37.5417710,127.0795356,27.472,0.358000,0.783000,-0.002000,0.005000,-0.006000,0.098000,1044,1002,1000,1000,1022.000000,1001.000000,1023.000000,1000.000000,21.000000,23.000000,1012.000000,1,1,1,0,1,0.000000,0.000000,0,1,1,1,1,15003,0.002000,0,0.034508,-0.367142,-0.032556,0.001510,-0.002154,-0.005432,1,0.952387,-0.952387,0.118613,0.008781,0.002199,-0.006407,-5.337947,-4.276578,-70.945633,-5.337947,-4.276578,-70.945633,0.058920,0.250000,0.375000,1.000000,1.500000,1.000000,0.001005,1,0,0.031080,0.090000,0.022686,0.008330,0.383705,1,1,1,1,1,0.124000,0,0,0,0,0,0,0,0,0,0,0,17,0.002000,0.000000,0.000000,0.000000,0.000000,0.000000,0.000000,0.000000,0.000000,0.000000,0.000000,0.000000,0.000000,0.000000,0.000000,0.000000,0.000000,0.000000,0.000000,0.000000,0.000000
42354,0.811859,-0.060104,-0.003200,-0.580742,0.000000,0.000000,0.000000,-0.070000,0.090000,-0.986000,23.237581,100292.398438,86.330002,86.180000,0.150000,0.130000,5,1,1,1,3,25,1,25,37.5417710,127.0795356,27.472,0.358000,0.783000,-0.002000,0.005000,-0.006000,0.098000,1044,1002,1000,1000,1022.000000,1001.000000,1023.000000,1000.000000,21.000000,23.000000,1012.000000,1,1,1,0,1,0.000000,0.000000,0,1,1,1,1,15003,0.005000,0,0.034633,-0.367301,-0.035608,0.001801,-0.002306,-0.006791,1,0.961036,-0.961036,0.118222,0.008773,0.002217,-0.012901,-5.337876,-4.276495,-70.945076,-5.337876,-4.276495,-70.945076,0.055730,0.250000,0.375000,1.000000,1.500000,1.000000,0.000899,1,0,0.034270,0.090000,0.023395,0.008695,0.383983,0,0,0,0,0,0.124000,0,0,0,0,0,0,0,0,0,0,0,0,0.000000,0.000000,0.000000,0.000000,0.000000,0.000000,0.000000,0.000000,0.000000,0.000000,0.000000,0.000000,0.000000,0.000000,0.000000,0.000000,0.000000,0.000000,0.000000,0.000000,0.000000
42468,0.811860,-0.060104,-0.003100,-0.580743,0.000000,0.000000,0.000000,-0.076000,0.093000,-0.986000,23.239948,100292.500000,86.320000,86.180000,0.140000,0.120000,3,1,1,1,3,25,1,25,37.5417710,127.0795355,27.479,0.357000,0.783000,-0.001000,-0.014000,-0.002000,0.114000,1044,1002,1000,1000,1022.000000,1001.000000,1023.000000,1000.000000,21.000000,23.000000,1012.000000,1,1,1,0,1,0.000000,0.000000,0,1,1,1,1,15003,0.002000,0,0.035070,-0.370551,-0.036389,0.002393,-0.005164,-0.007107,1,0.974142,-0.974142,0.117918,0.008980,0.002263,-0.008072,-5.343561,-4.290134,-70.944199,-5.343561,-4.290134,-70.944199,0.044681,0.250000,0.375000,1.000000,1.500000,1.000000,0.000577,1,0,0.035319,0.080000,0.023946,0.008964,0.384200,0,0,0,0,0,0.132000,0,0,0,0,0,0,0,0,0,0,0,17,0.010000,0.000000,0.000000,0.000000,0.000000,0.000000,0.000000,0.000000,0.000000,0.000000,0.000000,0.000000,0.000000,0.000000,0.000000,0.000000,0.000000,0.000000,0.000000,0.000000,0.000000
42550,0.811855,-0.060204,-0.003100,-0.580739,0.000000,0.000000,0.000000,-0.076000,0.094000,-0.985000,23.242825,100293.804688,86.209999,86.180000,0.030000,0.120000,0,1,1,1,3,25,1,25,37.5417710,127.0795355,27.486,0.357000,0.782000,0.004000,0.013000,-0.001000,0.116000,1047,1002,1000,1000,1023.500000,1001.000000,1024.500000,1000.000000,22.500000,24.500000,1012.000000,1,1,1,0,1,0.000000,0.000000,0,1,1,1,1,15003,0.002000,0,0.035835,-0.371920,-0.036129,0.003629,-0.005134,-0.007245,1,0.984029,-0.984029,0.117443,0.009232,0.002305,-0.006438,-5.338698,-4.283572,-70.944588,-5.338698,-4.283572,-70.944588,0.055491,0.250000,0.375000,1.000000,1.500000,1.000000,0.000891,1,0,0.034509,0.090000,0.023855,0.008928,0.384164,1,1,1,1,1,0.116000,0,0,0,0,0,0,0,0,0,0,0,17,0.002000,0.000000,0.000000,0.000000,0.000000,0.000000,0.000000,0.000000,0.000000,0.000000,0.000000,0.000000,0.000000,0.000000,0.000000,0.000000,0.000000,0.000000,0.000000,0.000000,0.000000
42654,0.811860,-0.060104,-0.003100,-0.580743,0.000000,0.000000,0.000000,-0.069000,0.091000,-0.987000,23.245928,100292.804688,86.290001,86.180000,0.110000,0.100000,0,1,1,1,3,25,1,25,37.5417711,127.0795354,27.493,0.357000,0.782000,0.007000,-0.016000,0.002000,0.107000,1044,1002,1000,1000,1022.000000,1001.000000,1023.000000,1000.000000,21.000000,23.000000,1012.000000,1,1,1,0,1,0.000000,0.000000,0,1,1,1,1,15003,0.002000,0,0.037244,-0.376025,-0.036275,0.005083,-0.008383,-0.006892,1,0.996264,-0.996264,0.117534,0.009398,0.002338,-0.008745,-5.339785,-4.300978,-70.943771,-5.339785,-4.300978,-70.943771,0.022429,0.250000,0.375000,1.000000,1.500000,1.000000,0.000145,1,0,0.037571,0.060000,0.024557,0.009276,0.384441,1,1,1,1,1,0.128000,1,0,0,0,0,0,0,0,0,0,0,17,0.020000,0.000000,0.000000,0.000000,0.000000,0.000000,0.000000,0.000000,0.000000,0.000000,0.000000,0.000000,0.000000,0.000000,0.000000,0.000000,0.000000,0.000000,0.000000,0.000000,0.000000
42748,0.811855,-0.060204,-0.003100,-0.580739,0.000000,0.000000,0.000000,-0.078000,0.091000,-0.978000,23.246016,100293.304688,86.250000,86.180000,0.070000,0.100000,0,1,1,1,3,25,1,25,37.5417711,127.0795354,27.497,0.357000,0.781000,-0.007000,0.010000,-0.007000,0.110000,1045,1003,1000,1000,1022.500000,1001.500000,1024.000000,1000.000000,21.000000,24.000000,1012.000000,1,1,1,0,1,0.000000,0.000000,0,1,1,1,1,15003,0.001000,0,0.037378,-0.377861,-0.035956,0.003891,-0.007546,-0.006419,1,1.007311,-1.007311,0.117634,0.009592,0.002374,-0.000594,-5.344957,-4.290938,-70.942398,-5.344957,-4.290938,-70.942398,0.022827,0.250000,0.375000,1.000000,1.500000,1.000000,0.000151,1,0,0.037173,0.060000,0.024654,0.009338,0.384479,1,1,1,1,1,0.124000,0,0,0,0,0,0,0,0,0,0,0,17,0.020000,0.000000,0.000000,0.000000,0.000000,0.000000,0.000000,0.000000,0.000000,0.000000,0.000000,0.000000,0.000000,0.000000,0.000000,0.000000,0.000000,0.000000,0.000000,0.000000,0.000000
42850,0.811855,-0.060204,-0.003100,-0.580739,0.000000,0.000000,0.000000,-0.067000,0.091000,-0.984000,23.241177,100291.601563,86.389999,86.180000,0.210000,0.110000,12,1,1,1,3,25,1,25,37.5417711,127.0795354,27.497,0.357000,0.781000,-0.007000,0.010000,-0.007000,0.110000,1045,1003,1000,1000,1022.500000,1001.500000,1024.000000,1000.000000,21.000000,24.000000,1012.000000,1,1,1,0,1,0.000000,0.000000,0,1,1,1,1,15003,0.001000,0,0.037782,-0.378645,-0.038642,0.004299,-0.007969,-0.007229,1,1.019307,-1.019307,0.117581,0.009606,0.002395,0.011487,-5.344863,-4.290964,-70.942398,-5.344863,-4.290964,-70.942398,0.032243,0.250000,0.375000,1.000000,1.500000,1.000000,0.000300,1,0,0.037757,0.070000,0.025189,0.009599,0.384690,0,0,0,0,0,0.124000,0,0,0,0,0,0,0,0,0,0,0,17,0.022000,0.000000,0.000000,0.000000,0.000000,0.000000,0.000000,0.000000,0.000000,0.000000,0.000000,0.000000,0.000000,0.000000,0.000000,0.000000,0.000000,0.000000,0.000000,0.000000,0.000000
42955,0.811855,-0.060204,-0.003100,-0.580739,0.000000,0.000000,0.000000,-0.070000,0.093000,-0.980000,23.244595,100292.703125,86.299995,86.180000,0.120000,0.110000,31,1,1,1,3,25,1,25,37.5417710,127.0795354,27.507,0.357000,0.781000,-0.006000,-0.011000,-0.003000,0.114000,1046,1003,1000,1000,1023.000000,1001.500000,1024.500000,1000.000000,21.500000,24.500000,1012.000000,1,1,1,0,1,0.000000,0.000000,0,1,1,1,1,15003,0.005000,0,0.037562,-0.382833,-0.038878,0.003294,-0.010980,-0.007730,1,1.031617,-1.031617,0.116873,0.009795,0.002427,-0.000375,-5.355247,-4.298179,-70.941635,-5.355247,-4.298179,-70.941635,0.032157,0.250000,0.375000,1.000000,1.500000,1.000000,0.000299,1,0,0.037843,0.070000,0.025294,0.009654,0.384731,1,1,1,1,1,0.125000,0,0,0,0,0,0,0,0,0,0,0,17,0.020000,0.000000,0.000000,0.000000,0.000000,0.000000,0.000000,0.000000,0.000000,0.000000,0.000000,0.000000,0.000000,0.000000,0.000000,0.000000,0.000000,0.000000,0.000000,0.000000,0.000000
43047,0.811855,-0.060204,-0.003100,-0.580739,0.000000,0.000000,0.000000,-0.072000,0.092000,-0.986000,23.245892,100293.000000,86.279999,86.180000,0.100000,0.110000,37,1,1,1,3,25,1,25,37.5417711,127.0795354,27.508,0.357000,0.780000,0.013000,0.009000,0.001000,0.099000,1046,1004,1000,1000,1023.000000,1002.000000,1025.000000,1000.000000,21.000000,25.000000,1013.000000,1,1,1,0,1,0.000000,0.000000,0,1,1,1,1,15003,0.002000,0,0.039864,-0.384575,-0.038885,0.006104,-0.010046,-0.007136,1,1.042280,-1.042280,0.117188,0.009832,0.002431,-0.015038,-5.342455,-4.292586,-70.942268,-5.342455,-4.292586,-70.942268,0.032171,0.250000,0.375000,1.000000,1.500000,1.000000,0.000299,1,0,0.037829,0.070000,0.025389,0.009701,0.384769,1,1,1,1,1,0.123000,1,0,0,0,0,0,0,0,0,0,0,17,0.020000,0.000000,0.000000,0.000000,0.000000,0.000000,0.000000,0.000000,0.000000,0.000000,0.000000,0.000000,0.000000,0.000000,0.000000,0.000000,0.000000,0.000000,0.000000,0.000000,0.000000
43154,0.811855,-0.060204,-0.003100,-0.580739,0.000000,0.000000,0.000000,-0.073000,0.092000,-0.986000,23.245979,100292.601563,86.309998,86.180000,0.130000,0.100000,8,1,1,1,3,25,1,25,37.5417711,127.0795353,27.513,0.356000,0.780000,-0.001000,-0.010000,-0.001000,0.105000,1047,1004,1000,1000,1023.500000,1002.000000,1025.500000,1000.000000,21.500000,25.500000,1013.000000,1,1,1,0,1,0.000000,0.000000,0,1,1,1,1,15003,0.002000,0,0.040535,-0.389024,-0.039369,0.005463,-0.012410,-0.007752,1,1.054879,-1.054879,0.116413,0.009707,0.002410,0.012441,-5.348742,-4.298363,-70.941711,-5.348742,-4.298363,-70.941711,0.021227,0.250000,0.375000,1.000000,1.500000,1.000000,0.000130,1,0,0.038773,0.060000,0.025885,0.009923,0.384965,1,1,1,1,1,0.129000,1,0,0,0,0,0,0,0,0,0,0,17,0.020000,0.000000,0.000000,0.000000,0.000000,0.000000,0.000000,0.000000,0.000000,0.000000,0.000000,0.000000,0.000000,0.000000,0.000000,0.000000,0.000000,0.000000,0.000000,0.000000,0.000000
43256,0.811855,-0.060204,-0.003100,-0.580739,0.000000,0.000000,0.000000,-0.070000,0.094000,-0.990000,23.248013,100293.500000,86.229996,86.180000,0.050000,0.090000,0,1,1,1,3,25,1,25,37.5417711,127.0795353,27.512,0.356000,0.779000,-0.004000,-0.001000,-0.004000,0.094000,1047,1005,1000,1000,1023.500000,1002.500000,1026.000000,1000.000000,21.000000,26.000000,1013.000000,1,1,1,0,1,0.000000,0.000000,0,1,1,1,1,15003,0.002000,0,0.040833,-0.392280,-0.038173,0.005014,-0.013481,-0.006905,1,1.066756,-1.066756,0.116491,0.010129,0.002470,-0.012497,-5.353780,-4.293675,-70.941635,-5.353780,-4.293675,-70.941635,0.010319,0.250000,0.375000,1.000000,1.500000,1.000000,0.000031,1,0,0.039681,0.050000,0.025998,0.009986,0.385010,1,1,1,1,1,0.124000,1,0,0,0,0,0,0,0,0,0,0,17,0.021000,0.000000,0.000000,0.000000,0.000000,0.000000,0.000000,0.000000,0.000000,0.000000,0.000000,0.000000,0.000000,0.000000,0.000000,0.000000,0.000000,0.000000,0.000000,0.000000,0.000000
43350,0.811855,-0.060204,-0.003100,-0.580739,0.000000,0.000000,0.000000,-0.070000,0.091000,-0.982000,23.243052,100290.898438,86.449997,86.180000,0.270000,0.120000,0,1,1,1,3,25,1,25,37.5417711,127.0795353,27.512,0.356000,0.779000,-0.004000,-0.001000,-0.004000,0.094000,1048,1005,1000,1000,1024.000000,1002.500000,1026.500000,1000.000000,21.500000,26.500000,1013.000000,1,1,1,0,1,0.000000,0.000000,0,1,1,1,1,15003,0.005000,0,0.041318,-0.393583,-0.039728,0.005083,-0.013792,-0.007097,1,1.077816,-1.077816,0.116634,0.010418,0.002524,0.009524,-5.353741,-4.293719,-70.941635,-5.353741,-4.293719,-70.941635,0.021202,0.250000,0.375000,1.000000,1.500000,1.000000,0.000130,1,0,0.038798,0.060000,0.026445,0.010163,0.385186,0,0,0,0,0,0.124000,1,0,0,0,0,0,0,0,0,0,0,17,0.020000,0.000000,0.000000,0.000000,0.000000,0.000000,0.000000,0.000000,0.000000,0.000000,0.000000,0.000000,0.000000,0.000000,0.000000,0.000000,0.000000,0.000000,0.000000,0.000000,0.000000
43468,0.811855,-0.060204,-0.003100,-0.580739,0.000000,0.000000,0.000000,-0.076000,0.095000,-0.981000,23.250467,100294.601563,86.139999,86.180000,-0.040000,0.100000,3,1,1,1,3,25,1,25,37.5417711,127.0795353,27.519,0.356000,0.779000,-0.003000,0.003000,-0.012000,0.110000,1048,1005,1000,1000,1024.000000,1002.500000,1026.500000,1000.000000,21.500000,26.500000,1013.000000,1,1,1,0,1,0.000000,0.000000,0,1,1,1,1,15003,0.002000,0,0.041781,-0.396480,-0.041156,0.004783,-0.013372,-0.007014,1,1.091244,-1.091244,0.116982,0.010293,0.002500,0.006028,-5.356028,-4.284966,-70.941856,-5.356028,-4.284966,-70.941856,0.019376,0.250000,0.375000,1.000000,1.500000,1.000000,0.000108,1,0,0.040624,0.060000,0.027447,0.010567,0.385583,0,0,0,0,0,0.132000,0,0,0,0,0,0,0,0,0,0,0,17,0.020000,0.000000,0.000000,0.000000,0.000000,0.000000,0.000000,0.000000,0.000000,0.000000,0.000000,0.000000,0.000000,0.000000,0.000000,0.000000,0.000000,0.000000,0.000000,0.000000,0.000000
43559,0.811855,-0.060204,-0.003100,-0.580739,0.000000,0.000000,0.000000,-0.076000,0.088000,-0.986000,23.243700,100291.203125,86.430000,86.180000,0.250000,0.110000,9,1,1,1,3,25,1,25,37.5417711,127.0795352,27.520,0.356000,0.778000,0.010000,0.008000,-0.002000,0.101000,1049,1006,1000,1000,1024.500000,1003.000000,1027.500000,1000.000000,21.500000,27.500000,1014.000000,1,1,1,0,1,0.000000,0.000000,0,1,1,1,1,15003,0.004000,0,0.043781,-0.398822,-0.040556,0.006499,-0.012590,-0.006715,1,1.101763,-1.101763,0.116810,0.010430,0.002512,-0.000549,-5.346967,-4.276322,-70.942459,-5.346967,-4.276322,-70.942459,0.030299,0.250000,0.375000,1.000000,1.500000,1.000000,0.000265,1,0,0.039701,0.070000,0.027347,0.010511,0.385543,1,1,1,1,1,0.115000,1,0,0,0,0,0,0,0,0,0,0,17,0.023000,0.000000,0.000000,0.000000,0.000000,0.000000,0.000000,0.000000,0.000000,0.000000,0.000000,0.000000,0.000000,0.000000,0.000000,0.000000,0.000000,0.000000,0.000000,0.000000,0.000000
43654,0.811860,-0.060104,-0.003100,-0.580743,0.000000,0.000000,0.000000,-0.074000,0.092000,-0.985000,23.245733,100291.703125,86.379997,86.180000,0.200000,0.130000,0,1,1,1,3,25,1,25,37.5417711,127.0795352,27.517,0.356000,0.778000,0.000000,0.004000,-0.002000,0.086000,1046,1006,1000,1000,1023.000000,1003.000000,1026.000000,1000.000000,20.000000,26.000000,1013.000000,1,1,1,0,1,0.000000,0.000000,0,1,1,1,1,15003,0.002000,0,0.044437,-0.401799,-0.039971,0.005679,-0.012612,-0.006427,1,1.113194,-1.113194,0.116606,0.010661,0.002535,0.001593,-5.348016,-4.267704,-70.942734,-5.348016,-4.267704,-70.942734,0.039130,0.250000,0.375000,1.000000,1.500000,1.000000,0.000441,1,0,0.040870,0.080000,0.027883,0.010733,0.385756,1,1,1,1,1,0.128000,1,0,0,0,0,0,0,0,0,0,0,17,0.020000,0.000000,0.000000,0.000000,0.000000,0.000000,0.000000,0.000000,0.000000,0.000000,0.000000,0.000000,0.000000,0.000000,0.000000,0.000000,0.000000,0.000000,0.000000,0.000000,0.000000
43752,0.811860,-0.060104,-0.003100,-0.580743,0.000000,0.000000,0.000000,-0.073000,0.097000,-0.979000,23.252378,100293.500000,86.229996,86.180000,0.050000,0.130000,3,1,1,1,3,25,1,25,37.5417711,127.0795351,27.526,0.356000,0.777000,0.000000,-0.026000,-0.010000,0.113000,1050,1006,1000,1000,1025.000000,1003.000000,1028.000000,1000.000000,22.000000,28.000000,1014.000000,1,1,1,0,1,0.000000,0.000000,0,1,1,1,1,15003,0.002000,0,0.045101,-0.408689,-0.042787,0.004957,-0.017574,-0.007329,1,1.124394,-1.124394,0.116535,0.010503,0.002502,-0.008098,-5.356623,-4.282227,-70.941765,-5.356623,-4.282227,-70.941765,0.048574,0.250000,0.375000,1.000000,1.500000,1.000000,0.000680,1,0,0.041426,0.090000,0.028008,0.010732,0.385806,1,1,1,1,1,0.125000,1,0,0,0,0,0,0,0,0,0,0,17,0.020000,0.000000,0.000000,0.000000,0.000000,0.000000,0.000000,0.000000,0.000000,0.000000,0.000000,0.000000,0.000000,0.000000,0.000000,0.000000,0.000000,0.000000,0.000000,0.000000,0.000000
43849,0.811860,-0.060104,-0.003100,-0.580743,0.000000,0.000000,0.000000,-0.073000,0.088000,-0.982000,23.249504,100292.398438,86.330002,86.180000,0.150000,0.130000,12,1,1,1,3,25,1,25,37.5417711,127.0795351,27.526,0.356000,0.777000,0.000000,-0.026000,-0.010000,0.113000,1050,1007,1000,1000,1025.000000,1003.500000,1028.500000,1000.000000,21.500000,28.500000,1014.000000,1,1,1,0,1,0.000000,0.000000,0,1,1,1,1,15003,0.005000,0,0.045597,-0.410437,-0.046152,0.005274,-0.018191,-0.008839,1,1.135785,-1.135785,0.116016,0.010720,0.002538,-0.012390,-5.356602,-4.282146,-70.941208,-5.356602,-4.282146,-70.941208,0.045207,0.250000,0.375000,1.000000,1.500000,1.000000,0.000589,1,0,0.044793,0.090000,0.028130,0.010794,0.385854,0,0,0,0,0,0.125000,1,0,0,0,0,0,0,0,0,0,0,17,0.021000,0.000000,0.000000,0.000000,0.000000,0.000000,0.000000,0.000000,0.000000,0.000000,0.000000,0.000000,0.000000,0.000000,0.000000,0.000000,0.000000,0.000000,0.000000,0.000000,0.000000
43955,0.811855,-0.060204,-0.003100,-0.580739,0.000000,0.000000,0.000000,-0.076000,0.087000,-0.986000,23.255026,100293.101563,86.269997,86.180000,0.090000,0.140000,32,1,1,1,3,25,1,25,37.5417711,127.0795351,27.525,0.355000,0.777000,0.007000,0.032000,-0.002000,0.119000,1051,1007,1000,1000,1025.500000,1003.500000,1029.000000,1000.000000,22.000000,29.000000,1015.000000,1,1,1,0,1,0.000000,0.000000,0,1,1,1,1,15003,0.005000,0,0.047191,-0.409864,-0.047745,0.006130,-0.012088,-0.008544,1,1.148213,-1.148213,0.116552,0.010866,0.002549,0.009309,-5.343162,-4.248921,-70.942673,-5.343162,-4.248921,-70.942673,0.054040,0.250000,0.375000,1.000000,1.500000,1.000000,0.000841,1,0,0.045960,0.100000,0.028058,0.010741,0.385826,1,1,1,1,1,0.127000,0,0,0,0,0,0,0,0,0,0,0,17,0.020000,0.000000,0.000000,0.000000,0.000000,0.000000,0.000000,0.000000,0.000000,0.000000,0.000000,0.000000,0.000000,0.000000,0.000000,0.000000,0.000000,0.000000,0.000000,0.000000,0.000000
44057,0.811855,-0.060204,-0.003100,-0.580739,0.000000,0.000000,0.000000,-0.081000,0.096000,-0.976000,23.249626,100291.500000,86.400002,86.180000,0.220000,0.170000,3,1,1,1,3,25,1,25,37.5417711,127.0795350,27.530,0.355000,0.776000,0.000000,-0.019000,-0.003000,0.112000,1051,1008,1000,1000,1025.500000,1004.000000,1029.500000,1000.000000,21.500000,29.500000,1015.000000,1,1,1,0,1,0.000000,0.000000,0,1,1,1,1,15003,0.002000,0,0.047794,-0.416487,-0.052250,0.005757,-0.015799,-0.009869,1,1.159761,-1.159761,0.116598,0.010532,0.002489,0.001515,-5.353138,-4.257565,-70.940483,-5.353138,-4.257565,-70.940483,0.079997,0.250000,0.375000,1.000000,1.500000,1.000000,0.001843,1,0,0.050003,0.130000,0.028085,0.010733,0.385836,1,1,1,1,1,0.122000,1,0,0,0,0,0,0,0,0,0,0,17,0.020000,0.000000,0.000000,0.000000,0.000000,0.000000,0.000000,0.000000,0.000000,0.000000,0.000000,0.000000,0.000000,0.000000,0.000000,0.000000,0.000000,0.000000,0.000000,0.000000,0.000000
44154,0.811855,-0.060204,-0.003100,-0.580739,0.000000,0.000000,0.000000,-0.072000,0.095000,-0.983000,23.252975,100293.398438,86.239998,86.180000,0.060000,0.160000,7,1,1,1,3,25,1,25,37.5417711,127.0795350,27.530,0.355000,0.776000,-0.006000,0.006000,-0.003000,0.090000,1052,1008,1000,1000,1026.000000,1004.000000,1030.000000,1000.000000,22.000000,30.000000,1015.000000,1,1,1,0,1,0.000000,0.000000,0,1,1,1,1,15003,0.002000,0,0.047633,-0.419652,-0.054876,0.003571,-0.014061,-0.010246,1,1.171452,-1.171452,0.116832,0.010658,0.002497,0.004284,-5.359323,-4.241607,-70.939011,-5.359323,-4.241607,-70.939011,0.067092,0.250000,0.375000,1.000000,1.500000,1.000000,0.001296,1,0,0.052908,0.120000,0.028421,0.010838,0.385970,1,1,1,1,1,0.127000,1,0,0,0,0,0,0,0,0,0,0,17,0.020000,0.000000,0.000000,0.000000,0.000000,0.000000,0.000000,0.000000,0.000000,0.000000,0.000000,0.000000,0.000000,0.000000,0.000000,0.000000,0.000000,0.000000,0.000000,0.000000,0.000000
44256,0.811860,-0.060104,-0.003100,-0.580743,0.000000,0.000000,0.000000,-0.072000,0.096000,-0.977000,23.255342,100293.101563,86.269997,86.180000,0.090000,0.140000,0,1,1,1,3,25,1,25,37.5417711,127.0795349,27.535,0.355000,0.775000,0.004000,-0.010000,-0.006000,0.099000,1052,1008,1000,1000,1026.000000,1004.000000,1030.000000,1000.000000,22.000000,30.000000,1015.000000,1,1,1,0,1,0.000000,0.000000,0,1,1,1,1,15003,0.002000,0,0.048773,-0.425130,-0.055078,0.003612,-0.015701,-0.009968,1,1.183350,-1.183350,0.116760,0.011044,0.002540,0.009646,-5.358281,-4.242606,-70.936760,-5.358281,-4.242606,-70.936760,0.054709,0.250000,0.375000,1.000000,1.500000,1.000000,0.000862,1,0,0.055291,0.110000,0.028468,0.010861,0.385988,1,1,1,1,1,0.124000,0,0,0,0,0,0,0,0,0,0,0,17,0.022000,0.000000,0.000000,0.000000,0.000000,0.000000,0.000000,0.000000,0.000000,0.000000,0.000000,0.000000,0.000000,0.000000,0.000000,0.000000,0.000000,0.000000,0.000000,0.000000,0.000000
44350,0.811855,-0.060204,-0.003100,-0.580739,-0.200000,0.000000,0.300000,-0.075000,0.095000,-0.980000,23.252396,100292.898438,86.279999,86.180000,0.100000,0.140000,0,1,1,1,3,25,1,25,37.5417711,127.0795349,27.535,0.355000,0.775000,0.004000,-0.010000,-0.006000,0.099000,1053,1009,1000,1000,1026.500000,1004.500000,1031.000000,1000.000000,22.000000,31.000000,1016.000000,1,1,1,0,1,0.000000,0.000000,0,1,1,1,1,15003,0.005000,0,0.049118,-0.426578,-0.058593,0.003416,-0.014935,-0.010608,1,1.194466,-1.194466,0.117079,0.011279,0.002576,0.007691,-5.360804,-4.242304,-70.932930,-5.360804,-4.242304,-70.932930,0.043187,0.250000,0.375000,1.000000,1.500000,1.000000,0.000537,1,0,0.056813,0.100000,0.028646,0.010899,0.386059,0,0,0,0,0,0.124000,0,0,0,0,0,0,0,0,0,0,0,17,0.020000,0.000000,0.000000,0.000000,0.000000,0.000000,0.000000,0.000000,0.000000,0.000000,0.000000,0.000000,0.000000,0.000000,0.000000,0.000000,0.000000,0.000000,0.000000,0.000000,0.000000
44464,0.811855,-0.060204,-0.003100,-0.580739,0.000000,0.000000,0.000000,-0.071000,0.099000,-0.991000,23.253290,100291.398438,86.409996,86.180000,0.230000,0.150000,0,1,1,1,3,25,1,25,37.5417711,127.0795349,27.531,0.355000,0.775000,-0.004000,0.008000,0.003000,0.081000,1054,1009,1000,1000,1027.000000,1004.500000,1031.500000,1000.000000,22.500000,31.500000,1016.000000,1,1,1,0,1,0.000000,0.000000,0,1,1,1,1,15003,0.002000,0,0.049217,-0.429762,-0.059608,0.001823,-0.012432,-0.010504,1,1.207692,-1.207692,0.117071,0.011388,0.002579,-0.002874,-5.363267,-4.225619,-70.930054,-5.363267,-4.225619,-70.930054,0.042295,0.250000,0.375000,1.000000,1.500000,1.000000,0.000515,1,0,0.057705,0.100000,0.029016,0.011008,0.386206,0,0,0,0,0,0.132000,1,0,0,0,0,0,0,0,0,0,0,17,0.020000,0.000000,0.000000,0.000000,0.000000,0.000000,0.000000,0.000000,0.000000,0.000000,0.000000,0.000000,0.000000,0.000000,0.000000,0.000000,0.000000,0.000000,0.000000,0.000000,0.000000
44559,0.811855,-0.060204,-0.003100,-0.580739,0.000000,0.000000,0.000000,-0.073000,0.099000,-0.982000,23.256289,100293.203125,86.259995,86.180000,0.080000,0.120000,9,1,1,1,3,25,1,25,37.5417711,127.0795348,27.534,0.355000,0.774000,0.020000,0.010000,-0.007000,0.090000,1054,1010,1000,1000,1027.000000,1005.000000,1032.000000,1000.000000,22.000000,32.000000,1016.000000,1,1,1,0,1,0.000000,0.000000,0,1,1,1,1,15003,0.004000,0,0.052109,-0.432982,-0.060767,0.004680,-0.010431,-0.010975,1,1.218453,-1.218453,0.116661,0.011136,0.002530,-0.004012,-5.343669,-4.216312,-70.931908,-5.343669,-4.216312,-70.931908,0.019857,0.250000,0.375000,1.000000,1.500000,1.000000,0.000113,1,0,0.060143,0.080000,0.029205,0.011048,0.386281,1,1,1,1,1,0.117000,0,0,0,0,0,0,0,0,0,0,0,17,0.023000,0.000000,0.000000,0.000000,0.000000,0.000000,0.000000,0.000000,0.000000,0.000000,0.000000,0.000000,0.000000,0.000000,0.000000,0.000000,0.000000,0.000000,0.000000,0.000000,0.000000
44654,0.811855,-0.060204,-0.003100,-0.580739,0.000000,0.000000,0.000000,-0.068000,0.099000,-0.985000,23.259024,100294.101563,86.180000,86.180000,0.000000,0.100000,1,1,1,1,3,25,1,25,37.5417711,127.0795348,27.540,0.355000,0.774000,-0.011000,0.003000,-0.016000,0.113000,1055,1010,1000,1000,1027.500000,1005.000000,1032.500000,1000.000000,22.500000,32.500000,1016.000000,1,1,1,0,1,0.000000,0.000000,0,1,1,1,1,15003,0.002000,0,0.051284,-0.437038,-0.059785,0.001670,-0.009493,-0.010524,1,1.229880,-1.229880,0.116365,0.011343,0.002544,-0.003747,-5.355240,-4.204430,-70.926567,-5.355240,-4.204430,-70.926567,0.008730,0.250000,0.375000,1.000000,1.500000,1.000000,0.000022,1,0,0.061270,0.070000,0.029699,0.011238,0.386478,1,1,1,1,1,0.127000,0,0,0,0,0,0,0,0,0,0,0,17,0.020000,0.000000,0.000000,0.000000,0.000000,0.000000,0.000000,0.000000,0.000000,0.000000,0.000000,0.000000,0.000000,0.000000,0.000000,0.000000,0.000000,0.000000,0.000000,0.000000,0.000000
44751,0.811855,-0.060204,-0.003100,-0.580739,0.000000,0.000000,0.000000,-0.065000,0.097000,-0.986000,23.259111,100292.601563,86.309998,86.180000,0.130000,0.110000,0,1,1,1,3,25,1,25,37.5417711,127.0795347,27.535,0.354000,0.773000,0.013000,-0.011000,-0.002000,0.085000,1055,1010,1000,1000,1027.500000,1005.000000,1032.500000,1000.000000,22.500000,32.500000,1016.000000,1,1,1,0,1,0.000000,0.000000,0,1,1,1,1,15003,0.002000,0,0.053392,-0.442927,-0.058830,0.004177,-0.011984,-0.009660,1,1.241302,-1.241302,0.116466,0.011097,0.002497,-0.013015,-5.344658,-4.212645,-70.923752,-5.344658,-4.212645,-70.923752,0.011510,0.250000,0.375000,1.000000,1.500000,1.000000,0.000038,1,0,0.058490,0.070000,0.029592,0.011122,0.386435,1,1,1,1,1,0.126000,0,0,0,0,0,0,0,0,0,0,0,17,0.020000,0.000000,0.000000,0.000000,0.000000,0.000000,0.000000,0.000000,0.000000,0.000000,0.000000,0.000000,0.000000,0.000000,0.000000,0.000000,0.000000,0.000000,0.000000,0.000000,0.000000
44850,0.811808,-0.060201,-0.003100,-0.580805,0.000000,0.000000,0.000000,-0.073000,0.099000,-0.984000,23.258690,100292.500000,86.320000,86.180000,0.140000,0.110000,12,1,1,1,3,25,1,25,37.5417711,127.0795347,27.535,0.354000,0.773000,0.013000,-0.011000,-0.002000,0.085000,1056,1011,1000,1000,1028.000000,1005.500000,1033.500000,1000.000000,22.500000,33.500000,1017.000000,1,1,1,0,1,0.000000,0.000000,0,1,1,1,1,15003,0.001000,0,0.053807,-0.444074,-0.060387,0.004168,-0.011498,-0.009642,1,1.252727,-1.252727,0.116715,0.011283,0.002525,-0.000818,-5.345520,-4.212061,-70.921417,-5.345520,-4.212061,-70.921417,0.010005,0.250000,0.375000,1.000000,1.500000,1.000000,0.000029,1,0,0.059995,0.070000,0.029594,0.011126,0.386436,0,0,0,0,0,0.126000,0,0,0,0,0,0,0,0,0,0,0,17,0.022000,0.000000,0.000000,0.000000,0.000000,0.000000,0.000000,0.000000,0.000000,0.000000,0.000000,0.000000,0.000000,0.000000,0.000000,0.000000,0.000000,0.000000,0.000000,0.000000,0.000000
44956,0.811773,-0.060205,-0.003100,-0.580853,0.000000,0.000000,0.000000,-0.088000,0.087000,-0.984000,23.254658,100291.398438,86.409996,86.180000,0.230000,0.110000,32,1,1,1,3,25,1,25,37.5417711,127.0795347,27.529,0.354000,0.773000,-0.011000,-0.003000,-0.014000,0.111000,1056,1011,1000,1000,1028.000000,1005.500000,1033.500000,1000.000000,22.500000,33.500000,1017.000000,1,1,1,0,1,0.000000,0.000000,0,1,1,1,1,15003,0.001000,0,0.052825,-0.448933,-0.059340,0.001624,-0.012207,-0.009159,1,1.265089,-1.265089,0.116464,0.011371,0.002525,0.000392,-5.358528,-4.203614,-70.923584,-5.358528,-4.203614,-70.923584,0.011265,0.250000,0.375000,1.000000,1.500000,1.000000,0.000036,1,0,0.058735,0.070000,0.029427,0.011028,0.386370,1,1,1,1,1,0.128000,0,0,0,0,0,0,0,0,0,0,0,17,0.020000,0.000000,0.000000,0.000000,0.000000,0.000000,0.000000,0.000000,0.000000,0.000000,0.000000,0.000000,0.000000,0.000000,0.000000,0.000000,0.000000,0.000000,0.000000,0.000000,0.000000
45057,0.811807,-0.060201,-0.003200,-0.580805,0.000000,0.000000,0.000000,-0.071000,0.085000,-0.989000,23.258709,100291.898438,86.369995,86.180000,0.190000,0.120000,3,1,1,1,3,25,1,25,37.5417711,127.0795347,27.536,0.354000,0.772000,0.001000,0.030000,-0.017000,0.117000,1057,1012,1000,1000,1028.500000,1006.000000,1034.500000,1000.000000,22.500000,34.500000,1017.000000,1,1,1,0,1,0.000000,0.000000,0,1,1,1,1,15003,0.002000,0,0.053292,-0.449579,-0.059497,0.001432,-0.005471,-0.009019,1,1.276492,-1.276492,0.116363,0.010962,0.002457,0.005136,-5.342361,-4.172983,-70.924683,-5.342361,-4.172983,-70.924683,0.021121,0.250000,0.375000,1.000000,1.500000,1.000000,0.000128,1,0,0.058879,0.080000,0.029231,0.010924,0.386292,1,1,1,1,1,0.121000,0,0,0,0,0,0,0,0,0,0,0,17,0.023000,0.000000,0.000000,0.000000,0.000000,0.000000,0.000000,0.000000,0.000000,0.000000,0.000000,0.000000,0.000000,0.000000,0.000000,0.000000,0.000000,0.000000,0.000000,0.000000,0.000000
45154,0.811773,-0.060205,-0.003100,-0.580853,-0.400000,0.100000,-0.100000,-0.061000,0.091000,-0.989000,23.256622,100291.500000,86.400002,86.180000,0.220000,0.140000,7,1,1,1,3,25,1,25,37.5417712,127.0795346,27.525,0.354000,0.772000,-0.003000,-0.032000,-0.001000,0.114000,1057,1012,1000,1000,1028.500000,1006.000000,1034.500000,1000.000000,22.500000,34.500000,1017.000000,1,1,1,0,1,0.000000,0.000000,0,1,1,1,1,15003,0.002000,0,0.054075,-0.457999,-0.059915,0.001100,-0.011561,-0.009524,1,1.288095,-1.288095,0.115648,0.011047,0.002458,-0.002346,-5.354213,-4.196083,-70.920845,-5.354213,-4.196083,-70.920845,0.041360,0.250000,0.375000,1.000000,1.500000,1.000000,0.000492,1,0,0.058640,0.100000,0.029458,0.010978,0.386382,1,1,1,1,1,0.125000,1,0,0,0,0,0,0,0,0,0,0,17,0.020000,0.000000,0.000000,0.000000,0.000000,0.000000,0.000000,0.000000,0.000000,0.000000,0.000000,0.000000,0.000000,0.000000,0.000000,0.000000,0.000000,0.000000,0.000000,0.000000,0.000000
45258,0.811774,-0.060205,-0.003000,-0.580853,0.300000,-0.100000,0.000000,-0.076000,0.102000,-0.979000,23.258059,100292.398438,86.330002,86.180000,0.150000,0.140000,0,1,1,1,3,25,1,25,37.5417712,127.0795346,27.528,0.354000,0.771000,0.004000,0.013000,-0.012000,0.116000,1058,1012,1000,1000,1029.000000,1006.000000,1035.000000,1000.000000,23.000000,35.000000,1018.000000,1,1,1,0,1,0.000000,0.000000,0,1,1,1,1,15003,0.002000,0,0.055560,-0.460937,-0.059623,0.002628,-0.008890,-0.009142,1,1.300122,-1.300122,0.115559,0.011414,0.002496,0.000231,-5.346667,-4.179813,-70.921288,-5.346667,-4.179813,-70.921288,0.039705,0.250000,0.375000,1.000000,1.500000,1.000000,0.000453,1,0,0.060295,0.100000,0.029456,0.010980,0.386381,1,1,1,1,1,0.126000,1,0,0,0,0,0,0,0,0,0,0,17,0.020000,0.000000,0.000000,0.000000,0.000000,0.000000,0.000000,0.000000,0.000000,0.000000,0.000000,0.000000,0.000000,0.000000,0.000000,0.000000,0.000000,0.000000,0.000000,0.000000,0.000000
45354,0.811773,-0.060205,-0.003100,-0.580853,0.300000,-0.100000,0.300000,-0.087000,0.087000,-0.981000,23.259672,100293.203125,86.259995,86.180000,0.080000,0.120000,4,1,1,1,3,25,1,25,37.5417712,127.0795346,27.528,0.354000,0.771000,0.004000,0.013000,-0.012000,0.116000,1058,1013,1000,1000,1029.000000,1006.500000,1035.500000,1000.000000,22.500000,35.500000,1018.000000,1,1,1,0,1,0.000000,0.000000,0,1,1,1,1,15003,0.001000,0,0.055824,-0.461695,-0.063076,0.003165,-0.007708,-0.009780,1,1.311016,-1.311016,0.115875,0.011264,0.002479,-0.007128,-5.348196,-4.179211,-70.918159,-5.348196,-4.179211,-70.918159,0.017448,0.250000,0.375000,1.000000,1.500000,1.000000,0.000087,1,0,0.062552,0.080000,0.030038,0.011167,0.386613,0,0,0,0,0,0.126000,1,0,0,0,0,0,0,0,0,0,0,17,0.020000,0.000000,0.000000,0.000000,0.000000,0.000000,0.000000,0.000000,0.000000,0.000000,0.000000,0.000000,0.000000,0.000000,0.000000,0.000000,0.000000,0.000000,0.000000,0.000000,0.000000
45464,0.811726,-0.060202,-0.003100,-0.580919,-0.400000,0.000000,-0.200000,-0.061000,0.102000,-0.984000,23.263441,100294.101563,86.180000,86.180000,0.000000,0.090000,0,1,1,1,3,25,1,25,37.5417712,127.0795345,27.521,0.354000,0.771000,-0.002000,-0.007000,-0.008000,0.108000,1058,1017,1000,1000,1029.000000,1008.500000,1037.500000,1000.000000,20.500000,37.500000,1019.000000,1,1,1,0,1,0.000000,0.000000,0,1,1,1,1,15003,0.002000,0,0.056620,-0.467273,-0.061532,0.002790,-0.008251,-0.009297,1,1.323966,-1.323966,0.115398,0.011700,0.002529,-0.008144,-5.350064,-4.181635,-70.911377,-5.350064,-4.181635,-70.911377,-0.000995,0.250000,0.375000,1.000000,1.500000,1.000000,0.000000,1,0,0.060995,0.060000,0.029843,0.011057,0.386535,1,1,1,1,1,0.132000,1,0,0,0,0,0,0,0,0,0,0,17,0.020000,0.000000,0.000000,0.000000,0.000000,0.000000,0.000000,0.000000,0.000000,0.000000,0.000000,0.000000,0.000000,0.000000,0.000000,0.000000,0.000000,0.000000,0.000000,0.000000,0.000000
45562,0.811640,-0.060303,-0.003000,-0.581029,0.100000,-0.300000,0.400000,-0.069000,0.109000,-0.984000,23.260513,100291.398438,86.409996,86.180000,0.230000,0.100000,12,1,1,1,3,25,1,25,37.5417712,127.0795345,27.523,0.353000,0.770000,-0.010000,0.005000,-0.017000,0.114000,1259,1216,1183,1142,1221.000000,1179.000000,1237.500000,1162.500000,42.000000,75.000000,1200.000000,1,1,1,1,1,0.000000,0.000000,0,1,1,1,1,15003,0.001000,0,0.056501,-0.470918,-0.059299,0.001687,-0.006395,-0.007481,1,1.335316,-1.335316,0.116133,0.011654,0.532797,-0.015356,-5.356355,-4.170510,-70.909004,-5.356355,-4.170510,-70.909004,0.000799,0.250000,0.375000,1.000000,1.500000,1.000000,0.000000,1,0,0.059201,0.060000,0.029911,0.017236,0.386563,1,1,1,1,1,0.118000,1,0,0,0,0,0,0,0,0,0,0,1,0.022000,0.000000,0.000000,0.000000,0.000000,0.000000,0.000000,0.000000,0.000000,0.000000,0.000000,0.000000,0.000000,0.000000,0.000000,0.000000,0.000000,0.000000,0.000000,0.000000,0.000000
45655,0.811634,-0.058402,-0.004100,-0.581225,2.300000,1.000000,-0.800000,-0.006000,0.100000,-1.020000,23.261969,100293.304688,86.250000,86.180000,0.070000,0.100000,0,1,1,1,3,25,1,25,37.5417712,127.0795345,27.521,0.353000,0.770000,0.006000,0.000000,-0.017000,0.096000,1251,1210,1191,1148,1221.000000,1179.000000,1230.500000,1169.500000,42.000000,61.000000,1200.000000,1,1,1,1,1,0.000000,0.000000,0,1,1,1,1,15003,0.002000,0,0.058999,-0.474987,-0.058558,0.021574,0.001565,-0.026122,1,1.345885,-1.345885,0.105718,0.013198,0.729463,-0.085721,-5.139170,-4.127825,-70.906670,-5.139170,-4.127825,-70.906670,0.000388,0.250000,0.375000,1.000000,1.500000,1.000000,0.000000,1,0,0.059612,0.060000,0.035861,0.118124,0.388948,1,1,1,1,1,0.125000,1,0,0,0,0,0,0,0,0,0,0,1,0.020000,0.000000,0.000000,0.000000,0.000000,0.000000,0.000000,0.000000,0.000000,0.000000,0.000000,0.000000,0.000000,0.000000,0.000000,0.000000,0.000000,0.000000,0.000000,0.000000,0.000000
45750,0.811543,-0.054303,-0.006100,-0.581731,-14.100000,-3.300000,-6.600000,-0.522000,0.462000,-0.654000,23.261724,100291.601563,86.389999,86.180000,0.210000,0.120000,0,1,1,1,3,25,1,25,37.5417712,127.0795344,27.523,0.353000,0.769000,0.003000,0.009000,-0.011000,0.103000,1263,1225,1183,1129,1223.000000,1177.000000,1244.000000,1156.000000,46.000000,88.000000,1200.000000,1,1,1,1,1,0.000000,0.000000,0,1,1,1,1,15003,0.001000,0,0.063066,-0.477831,-0.055442,0.024613,0.002793,0.006448,1,1.355525,-1.355525,0.105045,0.016444,0.459769,0.934992,-4.556846,-4.064707,-70.870209,-4.556846,-4.064707,-70.870209,0.010184,0.250000,0.375000,1.000000,1.500000,1.000000,0.000029,1,0,0.059816,0.070000,0.043196,0.184906,0.391930,1,1,1,1,1,0.125000,0,0,0,0,0,0,0,0,0,0,0,1,0.025000,0.000000,0.000000,0.000000,0.000000,0.000000,0.000000,0.000000,0.000000,0.000000,0.000000,0.000000,0.000000,0.000000,0.000000,0.000000,0.000000,0.000000,0.000000,0.000000,0.000000
45850,0.811448,-0.054703,-0.005400,-0.581834,-4.000000,4.100000,-4.400000,0.380000,-0.094000,-0.848000,23.263828,100291.804688,86.379997,86.180000,0.200000,0.150000,12,1,1,1,3,25,1,25,37.5417712,127.0795344,27.523,0.353000,0.769000,0.003000,0.009000,-0.011000,0.103000,1252,1214,1183,1152,1217.500000,1183.000000,1233.000000,1167.500000,34.500000,65.500000,1200.000000,1,1,1,1,1,0.000000,0.000000,0,1,1,1,1,15003,0.001000,0,0.064116,-0.479173,-0.060255,0.006921,-0.014166,0.018085,1,1.367303,-1.367303,0.136212,0.025953,1.629628,1.014768,-4.625433,-4.035112,-70.802902,-4.625433,-4.035112,-70.802902,0.052671,0.250000,0.375000,1.000000,1.500000,1.000000,0.000774,1,0,0.057329,0.110000,0.058166,0.237368,0.398159,0,0,0,0,0,0.125000,0,0,0,0,0,0,0,0,0,0,0,1,0.022000,0.000000,0.000000,0.000000,0.000000,0.000000,0.000000,0.000000,0.000000,0.000000,0.000000,0.000000,0.000000,0.000000,0.000000,0.000000,0.000000,0.000000,0.000000,0.000000,0.000000
45955,0.811341,-0.052903,-0.007200,-0.582130,11.300000,0.200000,-3.100000,0.127000,-0.335000,-1.148000,23.264248,100290.203125,86.509995,86.180000,0.330000,0.180000,31,1,1,1,3,25,1,25,37.5417712,127.0795344,27.523,0.353000,0.769000,0.014000,-0.015000,-0.011000,0.086000,1255,1213,1193,1139,1224.000000,1176.000000,1234.000000,1166.000000,48.000000,68.000000,1200.000000,1,1,1,1,1,0.000000,0.000000,0,1,1,1,1,15003,0.005000,0,0.072889,-0.480307,-0.073386,0.054108,0.039826,-0.090538,1,1.377708,-1.377708,0.086225,0.026696,1.563132,0.007671,-4.532502,-4.074793,-70.812836,-4.532502,-4.074793,-70.812836,0.073196,0.250000,0.375000,1.000000,1.500000,1.000000,0.001502,1,0,0.066804,0.140000,0.053671,0.141056,0.396268,1,1,1,1,1,0.126000,0,0,0,0,0,0,0,0,0,0,0,1,0.020000,0.000000,0.000000,0.000000,0.000000,0.000000,0.000000,0.000000,0.000000,0.000000,0.000000,0.000000,0.000000,0.000000,0.000000,0.000000,0.000000,0.000000,0.000000,0.000000,0.000000
46043,0.810928,-0.053902,-0.006600,-0.582620,0.500000,-5.100000,0.300000,-0.422000,0.072000,-0.965000,23.263197,100290.203125,86.509995,86.180000,0.330000,0.210000,33,1,1,1,3,25,1,25,37.5417712,127.0795344,27.531,0.353000,0.769000,0.024000,-0.007000,0.057000,0.116000,1259,1209,1191,1141,1225.000000,1175.000000,1234.000000,1166.000000,50.000000,68.000000,1200.000000,1,1,1,1,1,0.000000,0.000000,0,1,1,1,1,15003,0.001000,0,0.077700,-0.485961,-0.072793,0.036221,0.009703,-0.029135,1,1.382983,-1.382983,0.030397,0.023581,1.016161,-0.434443,-4.602093,-4.079329,-70.928162,-4.602093,-4.079329,-70.928162,0.103535,0.250000,0.375000,1.000000,1.500000,1.000000,0.003003,1,0,0.066465,0.170000,0.054679,0.058558,0.396691,1,1,1,1,1,0.125000,1,0,0,0,0,0,0,0,0,0,0,1,0.020000,0.000000,0.000000,0.000000,0.000000,0.000000,0.000000,0.000000,0.000000,0.000000,0.000000,0.000000,0.000000,0.000000,0.000000,0.000000,0.000000,0.000000,0.000000,0.000000,0.000000
46154,0.811029,-0.053402,-0.007000,-0.582521,-8.900000,0.000000,15.800000,-0.279000,0.276000,-0.923000,23.265318,100291.304688,86.419998,86.180000,0.240000,0.220000,7,1,1,1,3,25,1,25,37.5417712,127.0795344,27.529,0.353000,0.768000,-0.002000,0.000000,0.024000,0.101000,1262,1211,1179,1148,1220.500000,1179.500000,1236.500000,1163.500000,41.000000,73.000000,1200.000000,1,1,1,1,1,0.000000,0.000000,0,1,1,1,1,15003,0.002000,0,0.078168,-0.489535,-0.085342,0.013785,0.023836,-0.044252,1,1.384803,-1.384803,-0.012188,0.023147,0.697127,-0.692450,-4.761544,-4.105850,-70.949692,-4.761544,-4.105850,-70.949692,0.101154,0.250000,0.375000,1.000000,1.500000,1.000000,0.002845,1,0,0.078846,0.180000,0.061724,0.086736,0.399669,1,1,1,1,1,0.123000,0,0,0,0,0,0,0,0,0,0,0,1,0.020000,0.000000,0.000000,0.000000,0.000000,0.000000,0.000000,0.000000,0.000000,0.000000,0.000000,0.000000,0.000000,0.000000,0.000000,0.000000,0.000000,0.000000,0.000000,0.000000,0.000000
46258,0.811093,-0.053006,-0.007201,-0.582467,7.200000,0.000000,-3.300000,-0.032000,-0.203000,-1.175000,23.267107,100290.304688,86.500000,86.180000,0.320000,0.220000,0,1,1,1,3,25,1,25,37.5417712,127.0795343,27.539,0.353000,0.768000,-0.003000,-0.012000,0.005000,0.118000,1249,1205,1194,1152,1221.500000,1178.500000,1227.000000,1173.000000,43.000000,54.000000,1200.000000,1,1,1,1,1,0.000000,0.000000,0,1,1,1,1,15003,0.002000,0,0.078714,-0.494974,-0.087631,0.008970,-0.019051,-0.021388,1,1.383639,-1.383639,-0.008242,0.025254,0.456890,0.117990,-4.614252,-4.016639,-70.876442,-4.614252,-4.016639,-70.876442,0.082979,0.250000,0.375000,1.000000,1.500000,1.000000,0.001903,1,0,0.087021,0.170000,0.067407,0.174144,0.402105,1,1,1,1,1,0.126000,0,0,0,0,0,0,0,0,0,0,0,1,0.020000,0.000000,0.000000,0.000000,0.000000,0.000000,0.000000,0.000000,0.000000,0.000000,0.000000,0.000000,0.000000,0.000000,0.000000,0.000000,0.000000,0.000000,0.000000,0.000000,0.000000
46354,0.810830,-0.053102,-0.007300,-0.582822,24.100000,2.600000,-9.200000,-0.218000,-0.056000,-1.301000,23.267492,100290.500000,86.479996,86.180000,0.300000,0.240000,4,1,1,1,3,25,1,25,37.5417712,127.0795343,27.539,0.353000,0.768000,-0.003000,-0.012000,0.005000,0.118000,1244,1203,1205,1148,1224.500000,1175.500000,1223.500000,1176.500000,49.000000,47.000000,1200.000000,1,1,1,1,1,0.000000,0.000000,0,1,1,1,1,15003,0.001000,0,0.079442,-0.497836,-0.112646,0.003307,-0.031137,-0.103833,1,1.381334,-1.381334,-0.042304,0.032423,1.705472,0.136405,-4.692127,-4.020865,-70.877693,-4.692127,-4.020865,-70.877693,0.095622,0.250000,0.375000,1.000000,1.500000,1.000000,0.002475,1,0,0.104378,0.200000,0.086460,0.324231,0.410491,0,0,0,0,0,0.126000,0,0,0,0,0,0,0,0,0,0,0,1,0.020000,0.000000,0.000000,0.000000,0.000000,0.000000,0.000000,0.000000,0.000000,0.000000,0.000000,0.000000,0.000000,0.000000,0.000000,0.000000,0.000000,0.000000,0.000000,0.000000,0.000000
46465,0.810884,-0.052905,-0.007701,-0.582760,-11.500000,5.900000,-21.799999,0.014000,0.030000,-1.559000,23.266510,100291.203125,86.430000,86.180000,0.250000,0.240000,1,1,1,1,3,25,1,25,37.5417712,127.0795343,27.536,0.353000,0.768000,0.024000,-0.009000,0.021000,0.108000,1246,1227,1196,1131,1221.000000,1179.000000,1236.500000,1163.500000,42.000000,73.000000,1200.000000,1,1,1,1,1,0.000000,0.000000,0,1,1,1,1,15003,0.002000,0,0.083237,-0.499995,-0.099432,0.037542,0.022352,0.094506,1,1.382126,-1.382126,0.044026,0.033642,1.579299,-0.011737,-4.725354,-4.028350,-70.846329,-4.725354,-4.028350,-70.846329,0.102353,0.250000,0.375000,1.000000,1.500000,1.000000,0.002896,1,0,0.097647,0.200000,0.066926,0.102448,0.401897,0,0,0,0,0,0.130000,0,0,0,0,0,0,0,0,0,0,0,1,0.020000,0.000000,0.000000,0.000000,0.000000,0.000000,0.000000,0.000000,0.000000,0.000000,0.000000,0.000000,0.000000,0.000000,0.000000,0.000000,0.000000,0.000000,0.000000,0.000000,0.000000
46559,0.810986,-0.052406,-0.007801,-0.582662,14.100000,6.800000,-2.500000,0.059000,-0.352000,-1.254000,23.266369,100288.898438,86.619995,86.180000,0.440000,0.280000,9,1,1,1,3,25,1,25,37.5417713,127.0795343,27.531,0.353000,0.768000,0.012000,0.012000,0.027000,0.118000,1239,1208,1197,1156,1218.000000,1182.000000,1223.500000,1176.500000,36.000000,47.000000,1200.000000,1,1,1,1,1,0.000000,0.000000,0,1,1,1,1,15003,0.004000,0,0.093675,-0.498902,-0.117783,0.091467,0.060368,0.041436,1,1.387571,-1.387571,0.084565,0.028777,1.270755,0.867293,-4.933242,-4.036294,-70.736702,-4.933242,-4.036294,-70.736702,0.131203,0.250000,0.375000,1.000000,1.500000,1.000000,0.004745,1,0,0.108797,0.240000,0.069702,0.129032,0.403097,1,1,1,1,1,0.120000,1,0,0,0,0,0,0,0,0,0,0,1,0.023000,0.000000,0.000000,0.000000,0.000000,0.000000,0.000000,0.000000,0.000000,0.000000,0.000000,0.000000,0.000000,0.000000,0.000000,0.000000,0.000000,0.000000,0.000000,0.000000,0.000000
46654,0.810965,-0.052904,-0.007701,-0.582647,5.200000,0.500000,-10.400000,0.274000,0.103000,-0.483000,23.268597,100290.804688,86.459999,86.180000,0.280000,0.290000,0,1,1,1,3,25,1,25,37.5417712,127.0795342,27.535,0.353000,0.767000,-0.011000,-0.006000,0.013000,0.098000,1261,1221,1185,1134,1223.000000,1177.500000,1241.000000,1159.500000,45.500000,81.500000,1200.000000,1,1,1,1,1,0.000000,0.000000,0,1,1,1,1,15003,0.002000,0,0.091424,-0.505965,-0.120535,0.006165,-0.039035,0.020330,1,1.396452,-1.396452,0.101009,0.027521,0.697952,0.606930,-4.914399,-3.989507,-70.630836,-4.914399,-3.989507,-70.630836,0.134214,0.250000,0.375000,1.000000,1.500000,1.000000,0.004859,1,0,0.115786,0.250000,0.089591,0.324325,0.411903,1,1,1,1,1,0.124000,0,0,0,0,0,0,0,0,0,0,0,1,0.020000,0.000000,0.000000,0.000000,0.000000,0.000000,0.000000,0.000000,0.000000,0.000000,0.000000,0.000000,0.000000,0.000000,0.000000,0.000000,0.000000,0.000000,0.000000,0.000000,0.000000
46754,0.811112,-0.052101,-0.008200,-0.582508,-3.700000,-4.300000,-2.400000,0.224000,-0.118000,-0.908000,23.266142,100291.500000,86.400002,86.180000,0.220000,0.270000,3,1,1,1,3,25,1,25,37.5417713,127.0795342,27.545,0.353000,0.767000,0.017000,0.003000,0.001000,0.087000,1261,1213,1194,1132,1227.500000,1172.500000,1237.000000,1163.000000,55.000000,74.000000,1200.000000,1,1,1,1,1,0.000000,0.000000,0,1,1,1,1,15003,0.002000,0,0.089524,-0.511039,-0.134693,-0.022091,-0.021666,0.020310,1,1.406505,-1.406505,0.100152,0.025922,0.457978,0.110560,-4.903439,-3.991986,-70.727043,-4.903439,-3.991986,-70.727043,0.102384,0.250000,0.375000,1.000000,1.500000,1.000000,0.002891,1,0,0.127616,0.230000,0.069126,0.056970,0.402847,1,1,1,1,1,0.126000,1,0,0,0,0,0,0,0,0,0,0,1,0.020000,0.000000,0.000000,0.000000,0.000000,0.000000,0.000000,0.000000,0.000000,0.000000,0.000000,0.000000,0.000000,0.000000,0.000000,0.000000,0.000000,0.000000,0.000000,0.000000,0.000000
46850,0.811033,-0.052002,-0.008400,-0.582624,9.800000,-2.100000,-6.800000,-0.020000,-0.145000,-1.223000,23.272663,100292.203125,86.339996,86.180000,0.160000,0.270000,12,1,1,1,3,25,1,25,37.5417713,127.0795342,27.545,0.353000,0.767000,0.017000,0.003000,0.001000,0.087000,1251,1210,1197,1142,1224.000000,1176.000000,1230.500000,1169.500000,48.000000,61.000000,1200.000000,1,1,1,1,1,0.000000,0.000000,0,1,1,1,1,15003,0.001000,0,0.086718,-0.513342,-0.149772,-0.032839,-0.025867,-0.034444,1,1.414492,-1.414492,0.078195,0.033926,1.681252,0.100558,-4.934619,-3.954997,-70.770569,-4.934619,-3.954997,-70.770569,0.087449,0.250000,0.375000,1.000000,1.500000,1.000000,0.002088,1,0,0.142551,0.230000,0.078561,0.227726,0.406972,0,0,0,0,0,0.126000,1,0,0,0,0,0,0,0,0,0,0,1,0.022000,0.000000,0.000000,0.000000,0.000000,0.000000,0.000000,0.000000,0.000000,0.000000,0.000000,0.000000,0.000000,0.000000,0.000000,0.000000,0.000000,0.000000,0.000000,0.000000,0.000000
46955,0.811162,-0.052004,-0.008401,-0.582444,-8.100000,-4.000000,17.299999,0.160000,0.100000,-0.357000,23.273487,100292.000000,86.360001,86.180000,0.180000,0.250000,31,1,1,1,3,25,1,25,37.5417713,127.0795342,27.532,0.353000,0.767000,0.009000,-0.006000,0.026000,0.121000,1272,1199,1180,1149,1226.000000,1174.000000,1235.500000,1164.500000,52.000000,71.000000,1200.000000,1,1,1,1,1,0.000000,0.000000,0,1,1,1,1,15003,0.005000,0,0.089259,-0.517585,-0.149776,-0.014435,-0.025083,-0.015807,1,1.419954,-1.419954,0.049638,0.032534,1.561575,0.698316,-5.146601,-4.008020,-70.778229,-5.146601,-4.008020,-70.778229,0.065288,0.250000,0.375000,1.000000,1.500000,1.000000,0.001175,1,0,0.144712,0.210000,0.069914,0.133146,0.403188,1,1,1,1,1,0.122000,0,0,0,0,0,0,0,0,0,0,0,1,0.020000,0.000000,0.000000,0.000000,0.000000,0.000000,0.000000,0.000000,0.000000,0.000000,0.000000,0.000000,0.000000,0.000000,0.000000,0.000000,0.000000,0.000000,0.000000,0.000000,0.000000
47054,0.811183,-0.051405,-0.009001,-0.582459,17.700001,1.600000,4.900000,0.437000,-0.104000,-0.718000,23.267300,100289.804688,86.540001,86.180000,0.360000,0.290000,0,1,1,1,3,25,1,25,37.5417713,127.0795342,27.543,0.352000,0.767000,0.001000,0.009000,0.011000,0.115000,1262,1199,1183,1155,1222.500000,1177.000000,1230.500000,1169.000000,45.500000,61.500000,1200.000000,1,1,1,1,1,0.000000,0.000000,0,1,1,1,1,15003,0.002000,0,0.088558,-0.520160,-0.149031,0.001610,-0.012364,0.076432,1,1.429049,-1.429049,0.129098,0.028136,1.013793,0.240286,-5.284354,-4.043878,-70.760803,-5.284354,-4.043878,-70.760803,0.094306,0.250000,0.375000,1.000000,1.500000,1.000000,0.002458,1,0,0.145694,0.240000,0.067083,0.057907,0.401965,1,1,1,1,1,0.126000,1,0,0,0,0,0,0,0,0,0,0,1,0.020000,0.000000,0.000000,0.000000,0.000000,0.000000,0.000000,0.000000,0.000000,0.000000,0.000000,0.000000,0.000000,0.000000,0.000000,0.000000,0.000000,0.000000,0.000000,0.000000,0.000000
47154,0.810977,-0.051305,-0.009001,-0.582755,9.000000,7.400000,-1.400000,0.060000,-0.221000,-1.428000,23.267931,100290.601563,86.479996,86.180000,0.300000,0.280000,8,1,1,1,3,25,1,25,37.5417712,127.0795342,27.545,0.352000,0.767000,-0.001000,-0.006000,0.010000,0.099000,1245,1207,1192,1156,1218.500000,1181.500000,1226.000000,1174.000000,37.000000,52.000000,1200.000000,1,1,1,1,1,0.000000,0.000000,0,1,1,1,1,15003,0.002000,0,0.083868,-0.524463,-0.160824,-0.053596,-0.027747,0.007127,1,1.442754,-1.442754,0.132798,0.025424,0.694704,-0.475825,-4.790684,-3.978361,-70.701569,-4.790684,-3.978361,-70.701569,0.084882,0.250000,0.375000,1.000000,1.500000,1.000000,0.001990,1,0,0.155118,0.240000,0.067798,0.083070,0.402273,1,1,1,1,1,0.126000,1,0,0,0,0,0,0,0,0,0,0,1,0.020000,0.000000,0.000000,0.000000,0.000000,0.000000,0.000000,0.000000,0.000000,0.000000,0.000000,0.000000,0.000000,0.000000,0.000000,0.000000,0.000000,0.000000,0.000000,0.000000,0.000000
47256,0.810773,-0.051105,-0.009201,-0.583053,-15.499999,-14.400000,14.000000,-0.233000,0.161000,-0.990000,23.270016,100290.203125,86.509995,86.180000,0.330000,0.290000,0,1,1,1,3,25,1,25,37.5417713,127.0795342,27.538,0.352000,0.766000,0.012000,-0.005000,0.016000,0.116000,1280,1212,1180,1128,1230.000000,1170.000000,1246.000000,1154.000000,60.000000,92.000000,1200.000000,1,1,1,1,1,0.000000,0.000000,0,1,1,1,1,15003,0.002000,0,0.085463,-0.527231,-0.156369,-0.001828,0.005486,0.029744,1,1.456132,-1.456132,0.125284,0.027428,0.508117,-0.826500,-4.447204,-3.937541,-70.747307,-4.447204,-3.937541,-70.747307,0.089297,0.250000,0.375000,1.000000,1.500000,1.000000,0.002192,1,0,0.160703,0.250000,0.072397,0.169546,0.404268,1,1,1,1,1,0.124000,0,0,0,0,0,0,0,0,0,0,0,1,0.022000,0.000000,0.000000,0.000000,0.000000,0.000000,0.000000,0.000000,0.000000,0.000000,0.000000,0.000000,0.000000,0.000000,0.000000,0.000000,0.000000,0.000000,0.000000,0.000000,0.000000
47354,0.810567,-0.051004,-0.009201,-0.583348,9.400000,-6.800000,13.900000,-0.398000,0.248000,-0.847000,23.272207,100291.500000,86.400002,86.180000,0.220000,0.280000,4,1,1,1,3,25,1,25,37.5417713,127.0795342,27.538,0.352000,0.766000,0.012000,-0.005000,0.016000,0.116000,1262,1207,1194,1137,1228.000000,1172.000000,1234.500000,1165.500000,56.000000,69.000000,1200.000000,1,1,1,1,1,0.000000,0.000000,0,1,1,1,1,15003,0.001000,0,0.083871,-0.526928,-0.175319,-0.024921,-0.001437,-0.041652,1,1.466750,-1.466750,0.096175,0.034882,1.801589,-0.778556,-4.340970,-3.880650,-70.730270,-4.340970,-3.880650,-70.730270,0.071314,0.250000,0.375000,1.000000,1.500000,1.000000,0.001367,1,0,0.168686,0.240000,0.093019,0.348109,0.413460,0,0,0,0,0,0.124000,0,0,0,0,0,0,0,0,0,0,0,1,0.020000,0.000000,0.000000,0.000000,0.000000,0.000000,0.000000,0.000000,0.000000,0.000000,0.000000,0.000000,0.000000,0.000000,0.000000,0.000000,0.000000,0.000000,0.000000,0.000000,0.000000
47468,0.810819,-0.050801,-0.009300,-0.583014,16.100000,-1.500000,10.700000,0.196000,0.135000,-0.425000,23.271839,100290.101563,86.519997,86.180000,0.340000,0.290000,3,1,1,1,3,25,1,25,37.5417712,127.0795342,27.553,0.352000,0.766000,-0.004000,0.009000,-0.002000,0.092000,1266,1204,1183,1147,1224.500000,1175.500000,1235.000000,1165.000000,49.000000,70.000000,1200.000000,1,1,1,1,1,0.000000,0.000000,0,1,1,1,1,15003,0.002000,0,0.076077,-0.533528,-0.181027,-0.049068,-0.037454,-0.044052,1,1.477038,-1.477038,0.092457,0.031510,1.490713,-0.366604,-4.486608,-3.825771,-70.631798,-4.486608,-3.825771,-70.631798,0.075300,0.250000,0.375000,1.000000,1.500000,1.000000,0.001539,1,0,0.174700,0.250000,0.084026,0.256985,0.409400,0,0,0,0,0,0.129000,0,0,0,0,0,0,0,0,0,0,0,1,0.021000,0.000000,0.000000,0.000000,0.000000,0.000000,0.000000,0.000000,0.000000,0.000000,0.000000,0.000000,0.000000,0.000000,0.000000,0.000000,0.000000,0.000000,0.000000,0.000000,0.000000
47559,0.810747,-0.050603,-0.009201,-0.583134,-20.700001,0.200000,-17.400000,0.016000,0.106000,-1.575000,23.271191,100289.398438,86.580002,86.180000,0.400000,0.290000,9,1,1,1,3,25,1,25,37.5417712,127.0795342,27.550,0.352000,0.766000,0.003000,-0.013000,0.008000,0.117000,1259,1228,1186,1128,1222.500000,1178.000000,1243.500000,1157.000000,44.500000,86.500000,1200.000000,1,1,1,1,1,0.000000,0.000000,0,1,1,1,1,15003,0.004000,0,0.081028,-0.535994,-0.183149,0.012995,-0.015015,-0.021377,1,1.485063,-1.485063,0.093734,0.029828,1.322111,0.474013,-4.708476,-3.880485,-70.516228,-4.708476,-3.880485,-70.516228,0.072149,0.250000,0.375000,1.000000,1.500000,1.000000,0.001431,1,0,0.177851,0.250000,0.072194,0.134587,0.404179,1,1,1,1,1,0.121000,1,0,0,0,0,0,0,0,0,0,0,1,0.023000,0.000000,0.000000,0.000000,0.000000,0.000000,0.000000,0.000000,0.000000,0.000000,0.000000,0.000000,0.000000,0.000000,0.000000,0.000000,0.000000,0.000000,0.000000,0.000000,0.000000
47654,0.810758,-0.050204,-0.009801,-0.583142,32.799999,9.100000,10.600000,0.016000,-0.065000,-0.716000,23.272734,100292.398438,86.330002,86.180000,0.150000,0.270000,0,1,1,1,3,25,1,25,37.5417712,127.0795342,27.557,0.352000,0.766000,0.001000,0.001000,0.007000,0.106000,1252,1193,1194,1160,1223.000000,1176.500000,1222.500000,1177.000000,46.500000,45.500000,1200.000000,1,1,1,1,1,0.000000,0.000000,0,1,1,1,1,15003,0.002000,0,0.076774,-0.539254,-0.180069,-0.012367,-0.005087,0.017319,1,1.494405,-1.494405,0.115223,0.028305,0.698715,0.601130,-4.888995,-3.939763,-70.515297,-4.888995,-3.939763,-70.515297,0.055549,0.250000,0.375000,1.000000,1.500000,1.000000,0.000830,1,0,0.184451,0.240000,0.092652,0.335957,0.413292,1,1,1,1,1,0.125000,1,0,0,0,0,0,0,0,0,0,0,1,0.020000,0.000000,0.000000,0.000000,0.000000,0.000000,0.000000,0.000000,0.000000,0.000000,0.000000,0.000000,0.000000,0.000000,0.000000,0.000000,0.000000,0.000000,0.000000,0.000000,0.000000
47752,0.810541,-0.050403,-0.009600,-0.583430,22.299999,10.600000,3.600000,0.146000,0.008000,-1.055000,23.273487,100291.000000,86.439995,86.180000,0.260000,0.280000,3,1,1,1,3,25,1,25,37.5417712,127.0795342,27.551,0.352000,0.765000,0.013000,-0.017000,0.021000,0.116000,1250,1206,1188,1156,1219.000000,1181.000000,1228.000000,1172.000000,38.000000,56.000000,1200.000000,1,1,1,1,1,0.000000,0.000000,0,1,1,1,1,15003,0.002000,0,0.074561,-0.544193,-0.183070,-0.021900,-0.024382,0.031523,1,1.507010,-1.507010,0.150676,0.026419,0.457991,0.776392,-4.752527,-3.866838,-70.582275,-4.752527,-3.866838,-70.582275,0.061245,0.250000,0.375000,1.000000,1.500000,1.000000,0.001033,1,0,0.178755,0.240000,0.070452,0.056870,0.403422,1,1,1,1,1,0.125000,1,0,0,0,0,0,0,0,0,0,0,1,0.020000,0.000000,0.000000,0.000000,0.000000,0.000000,0.000000,0.000000,0.000000,0.000000,0.000000,0.000000,0.000000,0.000000,0.000000,0.000000,0.000000,0.000000,0.000000,0.000000,0.000000
47850,0.810593,-0.050306,-0.009601,-0.583367,-2.200000,5.600000,-6.100000,0.066000,0.142000,-0.790000,23.275837,100291.304688,86.419998,86.180000,0.240000,0.290000,12,1,1,1,3,25,1,25,37.5417712,127.0795342,27.551,0.352000,0.765000,0.013000,-0.017000,0.021000,0.116000,1262,1218,1181,1139,1221.500000,1178.500000,1240.000000,1160.000000,43.000000,80.000000,1200.000000,1,1,1,1,1,0.000000,0.000000,0,1,1,1,1,15003,0.001000,0,0.072173,-0.547324,-0.190220,-0.024224,-0.025946,0.024850,1,1.522439,-1.522439,0.167036,0.034273,1.681354,0.336380,-4.685143,-3.880963,-70.575676,-4.685143,-3.880963,-70.575676,0.064690,0.250000,0.375000,1.000000,1.500000,1.000000,0.001141,1,0,0.185310,0.250000,0.079507,0.227255,0.407390,0,0,0,0,0,0.125000,1,0,0,0,0,0,0,0,0,0,0,1,0.022000,0.000000,0.000000,0.000000,0.000000,0.000000,0.000000,0.000000,0.000000,0.000000,0.000000,0.000000,0.000000,0.000000,0.000000,0.000000,0.000000,0.000000,0.000000,0.000000,0.000000
47958,0.810799,-0.050406,-0.009601,-0.583071,-10.200000,-10.700000,9.600000,0.092000,0.169000,-0.415000,23.278450,100293.203125,86.259995,86.180000,0.080000,0.260000,34,1,1,1,3,25,1,25,37.5417712,127.0795342,27.552,0.352000,0.765000,-0.001000,0.015000,0.018000,0.108000,1288,1208,1174,1131,1231.000000,1169.500000,1248.000000,1152.500000,61.500000,95.500000,1200.000000,1,1,1,1,1,0.000000,0.000000,0,1,1,1,1,15003,0.002000,0,0.067975,-0.549433,-0.190453,-0.052596,-0.035188,-0.018494,1,1.538390,-1.538390,0.138567,0.032793,1.561603,-0.194459,-4.563552,-3.821412,-70.561249,-4.563552,-3.821412,-70.561249,0.032382,0.250000,0.375000,1.000000,1.500000,1.000000,0.000289,1,0,0.187618,0.220000,0.070623,0.132927,0.403496,0,0,0,0,0,0.124000,0,0,0,0,0,0,0,0,0,0,0,1,0.020000,0.000000,0.000000,0.000000,0.000000,0.000000,0.000000,0.000000,0.000000,0.000000,0.000000,0.000000,0.000000,0.000000,0.000000,0.000000,0.000000,0.000000,0.000000,0.000000,0.000000
48054,0.810566,-0.049704,-0.010101,-0.583447,-7.400000,-7.700000,17.700001,-0.484000,0.155000,-1.210000,23.279203,100292.703125,86.299995,86.180000,0.120000,0.260000,0,1,1,1,3,25,1,25,37.5417712,127.0795342,27.564,0.352000,0.765000,0.001000,-0.002000,-0.002000,0.072000,1267,1217,1186,1129,1226.500000,1173.000000,1242.000000,1157.500000,53.500000,84.500000,1200.000000,1,1,1,1,1,0.000000,0.000000,0,1,1,1,1,15003,0.002000,0,0.072584,-0.549487,-0.188898,-0.015868,-0.013481,-0.055330,1,1.547598,-1.547598,0.060541,0.028328,1.013802,-0.872923,-4.390326,-3.760174,-70.550209,-4.390326,-3.760174,-70.550209,0.046073,0.250000,0.375000,1.000000,1.500000,1.000000,0.000586,1,0,0.183927,0.230000,0.067603,0.057825,0.402189,1,1,1,1,1,0.125000,0,0,0,0,0,0,0,0,0,0,0,1,0.020000,0.000000,0.000000,0.000000,0.000000,0.000000,0.000000,0.000000,0.000000,0.000000,0.000000,0.000000,0.000000,0.000000,0.000000,0.000000,0.000000,0.000000,0.000000,0.000000,0.000000
48154,0.810652,-0.049503,-0.010501,-0.583337,13.800000,-3.100000,17.400000,-0.315000,0.106000,-1.001000,23.280905,100293.398438,86.239998,86.180000,0.060000,0.240000,8,1,1,1,3,25,1,25,37.5417712,127.0795342,27.556,0.351000,0.765000,0.003000,-0.006000,0.008000,0.107000,1265,1203,1190,1142,1227.500000,1172.500000,1234.000000,1166.000000,55.000000,68.000000,1200.000000,1,1,1,1,1,0.000000,0.000000,0,1,1,1,1,15003,0.002000,0,0.075512,-0.550394,-0.185238,0.026167,0.048154,-0.004683,1,1.551968,-1.551968,0.033677,0.025545,0.694713,-0.286008,-4.594238,-3.940422,-70.426697,-4.594238,-3.940422,-70.426697,0.015865,0.250000,0.375000,1.000000,1.500000,1.000000,0.000070,1,0,0.184135,0.200000,0.068121,0.082998,0.402413,1,1,1,1,1,0.127000,1,0,0,0,0,0,0,0,0,0,0,1,0.020000,0.000000,0.000000,0.000000,0.000000,0.000000,0.000000,0.000000,0.000000,0.000000,0.000000,0.000000,0.000000,0.000000,0.000000,0.000000,0.000000,0.000000,0.000000,0.000000,0.000000
48256,0.810784,-0.049405,-0.010601,-0.583160,-0.700000,-3.100000,5.200000,0.393000,0.112000,-0.467000,23.278151,100291.304688,86.419998,86.180000,0.240000,0.240000,0,1,1,1,3,25,1,25,37.5417712,127.0795342,27.562,0.351000,0.765000,-0.002000,-0.017000,0.008000,0.116000,1276,1206,1176,1142,1226.000000,1174.000000,1241.000000,1159.000000,52.000000,82.000000,1200.000000,1,1,1,1,1,0.000000,0.000000,0,1,1,1,1,15003,0.002000,0,0.078896,-0.551382,-0.177701,0.046785,0.036619,0.016340,1,1.554506,-1.554506,0.023753,0.027529,0.508122,0.227089,-4.601186,-4.039679,-70.394638,-4.601186,-4.039679,-70.394638,0.014363,0.250000,0.375000,1.000000,1.500000,1.000000,0.000057,1,0,0.185637,0.200000,0.072670,0.169425,0.404387,1,1,1,1,1,0.124000,1,0,0,0,0,0,0,0,0,0,0,1,0.022000,0.000000,0.000000,0.000000,0.000000,0.000000,0.000000,0.000000,0.000000,0.000000,0.000000,0.000000,0.000000,0.000000,0.000000,0.000000,0.000000,0.000000,0.000000,0.000000,0.000000
48354,0.810661,-0.049204,-0.010901,-0.583344,19.100000,-0.100000,15.499999,0.042000,0.110000,-0.599000,23.279345,100291.101563,86.430000,86.180000,0.250000,0.240000,4,1,1,1,3,25,1,25,37.5417712,127.0795342,27.562,0.351000,0.765000,-0.002000,-0.017000,0.008000,0.116000,1267,1203,1185,1145,1226.000000,1174.000000,1235.000000,1165.000000,52.000000,70.000000,1200.000000,1,1,1,1,1,0.000000,0.000000,0,1,1,1,1,15003,0.001000,0,0.083195,-0.546473,-0.181738,0.034887,0.061015,-0.014409,1,1.556393,-1.556393,0.004252,0.034941,1.801635,-0.700051,-4.496369,-4.015127,-70.337677,-4.496369,-4.015127,-70.337677,0.020138,0.250000,0.375000,1.000000,1.500000,1.000000,0.000109,1,0,0.179862,0.200000,0.093176,0.347987,0.413531,0,0,0,0,0,0.124000,1,0,0,0,0,0,0,0,0,0,0,1,0.020000,0.000000,0.000000,0.000000,0.000000,0.000000,0.000000,0.000000,0.000000,0.000000,0.000000,0.000000,0.000000,0.000000,0.000000,0.000000,0.000000,0.000000,0.000000,0.000000,0.000000
48464,0.810543,-0.048903,-0.011001,-0.583531,-6.800000,-1.700000,19.299999,-0.356000,0.336000,-1.032000,23.274330,100290.804688,86.459999,86.180000,0.280000,0.240000,0,1,1,1,3,25,1,25,37.5417712,127.0795343,27.567,0.351000,0.764000,0.013000,0.012000,0.011000,0.110000,1272,1211,1179,1138,1225.500000,1174.500000,1241.500000,1158.500000,51.000000,83.000000,1200.000000,1,1,1,1,1,0.000000,0.000000,0,1,1,1,1,15003,0.002000,0,0.072813,-0.553520,-0.170879,-0.032069,-0.016261,0.047534,1,1.557883,-1.557883,0.028698,0.034453,1.517754,-0.343920,-4.659499,-3.995144,-70.376060,-4.659499,-3.995144,-70.376060,0.028608,0.250000,0.375000,1.000000,1.500000,1.000000,0.000225,1,0,0.171392,0.200000,0.070542,0.095277,0.403461,0,0,0,0,0,0.129000,1,0,0,0,0,0,0,0,0,0,0,1,0.020000,0.000000,0.000000,0.000000,0.000000,0.000000,0.000000,0.000000,0.000000,0.000000,0.000000,0.000000,0.000000,0.000000,0.000000,0.000000,0.000000,0.000000,0.000000,0.000000,0.000000
48559,0.810141,-0.048402,-0.011001,-0.584130,-21.600000,-1.700000,-10.700000,-0.446000,0.311000,-1.294000,23.275995,100289.601563,86.559998,86.180000,0.380000,0.240000,9,1,1,1,3,25,1,25,37.5417712,127.0795342,27.563,0.351000,0.764000,-0.007000,-0.001000,0.008000,0.083000,1410,1392,1334,1264,1372.000000,1328.000000,1401.000000,1299.000000,44.000000,102.000000,1350.000000,1,1,1,1,1,0.000000,0.000000,0,1,1,1,1,15003,0.004000,0,0.069271,-0.555690,-0.172063,-0.046615,-0.011990,-0.024517,1,1.558289,-1.558289,-0.003738,0.030962,1.325637,-0.429379,-4.618684,-3.993655,-70.236092,-4.618684,-3.993655,-70.236092,0.029124,0.250000,0.750000,2.000000,1.500000,1.000000,0.000121,1,0,0.170876,0.200000,0.037496,0.069800,0.779218,1,1,1,1,1,0.120000,0,0,0,0,0,0,0,0,0,0,0,1,0.023000,0.000000,0.000000,0.000000,0.000000,0.000000,0.000000,0.000000,0.000000,0.000000,0.000000,0.000000,0.000000,0.000000,0.000000,0.000000,0.000000,0.000000,0.000000,0.000000,0.000000
48653,0.810715,-0.040401,-0.012500,-0.583911,1.200000,17.799999,-1.400000,0.111000,0.025000,-2.173000,23.279554,100288.703125,86.629997,86.180000,0.450000,0.260000,0,1,1,1,3,25,1,25,37.5417712,127.0795342,27.572,0.351000,0.764000,0.000000,-0.015000,-0.001000,0.111000,1382,1360,1333,1325,1357.500000,1342.500000,1371.000000,1329.000000,15.000000,42.000000,1350.000000,1,1,1,1,1,0.000000,0.000000,0,1,1,1,1,15003,0.002000,0,0.070442,-0.558775,-0.169781,0.023282,-0.005785,-0.072929,1,1.553686,-1.553686,-0.076147,0.030259,0.699087,-1.356962,-3.875210,-3.646158,-70.307304,-3.875210,-3.646158,-70.307304,0.025726,0.250000,0.750000,2.000000,1.500000,1.000000,0.000093,1,0,0.174274,0.200000,0.050138,0.178505,0.789588,1,1,1,1,1,0.126000,1,0,0,0,0,0,0,0,0,0,0,1,0.020000,0.000000,0.000000,0.000000,0.000000,0.000000,0.000000,0.000000,0.000000,0.000000,0.000000,0.000000,0.000000,0.000000,0.000000,0.000000,0.000000,0.000000,0.000000,0.000000,0.000000
48752,0.812654,-0.022502,-0.009201,-0.582239,-16.900000,7.900000,5.300000,-0.044000,0.188000,-0.946000,23.277433,100283.500000,87.070000,86.180000,0.890000,0.360000,3,1,1,1,3,25,1,25,37.5417713,127.0795342,27.572,0.351000,0.764000,0.030000,-0.001000,0.004000,0.084000,1382,1374,1311,1333,1346.500000,1353.500000,1378.000000,1322.000000,-7.000000,56.000000,1350.000000,1,1,1,1,1,0.000000,0.000000,0,1,1,1,1,15003,0.002000,0,0.078830,-0.559415,-0.172227,0.081285,0.026864,-0.043418,1,1.543332,-1.543332,-0.161631,0.030640,0.458708,-1.064284,-2.287964,-2.269238,-70.056870,-2.287964,-2.269238,-70.056870,0.154068,0.250000,0.750000,2.000000,1.500000,1.000000,0.003373,1,0,0.165932,0.320000,0.040853,0.029931,0.781945,1,1,1,1,1,0.125000,1,0,0,0,0,0,0,0,0,0,0,1,0.020000,0.000000,0.000000,0.000000,0.000000,0.000000,0.000000,0.000000,0.000000,0.000000,0.000000,0.000000,0.000000,0.000000,0.000000,0.000000,0.000000,0.000000,0.000000,0.000000,0.000000
48870,0.813522,-0.002600,0.003700,-0.581516,-17.600000,31.299997,5.400000,0.399000,0.356000,-1.608000,23.279676,100287.398438,86.750000,86.180000,0.570000,0.420000,32,1,1,1,3,25,1,25,37.5417713,127.0795342,27.597,0.351000,0.764000,0.068000,0.005000,-0.005000,0.080000,1353,1402,1290,1355,1321.500000,1378.500000,1377.500000,1322.500000,-57.000000,55.000000,1350.000000,1,1,1,1,1,0.000000,0.000000,0,1,1,1,1,15003,0.001000,0,0.087624,-0.558525,-0.190394,0.084091,0.009463,-0.095836,1,1.520793,-1.520793,-0.194844,0.032635,0.481898,0.103783,-1.049694,0.155317,-69.854965,-1.049694,0.155317,-69.854965,0.193924,0.250000,0.750000,2.000000,1.500000,1.000000,0.005305,1,0,0.186076,0.380000,0.047718,0.120961,0.787582,1,1,1,1,1,0.124000,1,0,0,0,0,0,0,0,0,0,0,1,0.021000,0.000000,0.000000,0.000000,0.000000,0.000000,0.000000,0.000000,0.000000,0.000000,0.000000,0.000000,0.000000,0.000000,0.000000,0.000000,0.000000,0.000000,0.000000,0.000000,0.000000
48956,0.813728,0.006600,0.010100,-0.581120,30.700001,25.299999,0.800000,0.050000,-0.007000,-2.334000,23.280939,100290.500000,86.479996,86.180000,0.300000,0.410000,33,1,1,1,3,25,1,25,37.5417713,127.0795342,27.597,0.351000,0.764000,0.068000,0.005000,-0.005000,0.080000,1332,1368,1326,1374,1329.000000,1371.000000,1350.000000,1350.000000,-42.000000,0.000000,1350.000000,1,1,1,1,1,0.000000,0.000000,0,1,1,1,1,15003,0.001000,0,0.096399,-0.557835,-0.212298,0.133746,0.019558,-0.053568,1,1.506320,-1.506320,-0.135553,0.039628,1.589956,0.372720,-0.788722,1.427727,-69.744377,-0.788722,1.427727,-69.744377,0.167136,0.250000,0.750000,2.000000,1.500000,1.000000,0.003958,1,0,0.202864,0.370000,0.043717,0.068549,0.784287,0,0,0,0,0,0.124000,1,0,0,0,0,0,0,0,0,0,0,1,0.020000,0.000000,0.000000,0.000000,0.000000,0.000000,0.000000,0.000000,0.000000,0.000000,0.000000,0.000000,0.000000,0.000000,0.000000,0.000000,0.000000,0.000000,0.000000,0.000000,0.000000
49047,0.813885,0.016402,0.012501,-0.580660,21.200001,21.100000,-8.300000,0.036000,-0.251000,-1.509000,23.287199,100291.601563,86.389999,86.180000,0.210000,0.370000,38,1,1,1,3,25,1,25,37.5417715,127.0795341,27.604,0.351000,0.764000,0.139000,-0.016000,-0.009000,0.076000,1333,1372,1327,1368,1330.000000,1370.000000,1352.500000,1347.500000,-40.000000,5.000000,1350.000000,1,1,1,1,1,0.000000,0.000000,0,1,1,1,1,15003,0.002000,0,0.110158,-0.561193,-0.212752,0.174135,0.022351,-0.012245,1,1.495324,-1.495324,-0.134737,0.035526,1.041642,-0.695523,0.430631,2.485507,-69.605209,0.430631,2.485507,-69.605209,0.122459,0.250000,0.750000,2.000000,1.500000,1.000000,0.002126,1,0,0.207541,0.330000,0.043088,0.029630,0.783771,1,1,1,1,1,0.124000,0,0,0,0,0,0,0,0,0,0,0,1,0.020000,0.000000,0.000000,0.000000,0.000000,0.000000,0.000000,0.000000,0.000000,0.000000,0.000000,0.000000,0.000000,0.000000,0.000000,0.000000,0.000000,0.000000,0.000000,0.000000,0.000000
49154,0.814539,0.022601,0.016701,-0.579428,-33.900002,9.900000,6.200000,0.089000,0.144000,-1.446000,23.277414,100289.398438,86.580002,86.180000,0.400000,0.370000,8,1,1,1,3,25,1,25,37.5417716,127.0795341,27.624,0.350000,0.764000,0.172000,-0.001000,-0.044000,0.071000,1371,1384,1288,1357,1329.500000,1370.500000,1377.500000,1322.500000,-41.000000,55.000000,1350.000000,1,1,1,1,1,0.000000,0.000000,0,1,1,1,1,15003,0.002000,0,0.132545,-0.561899,-0.224225,0.249199,0.023849,0.072485,1,1.482920,-1.482920,-0.001676,0.033572,0.696834,1.617811,0.589643,3.269496,-69.246887,0.589643,3.269496,-69.246887,0.110195,0.250000,0.750000,2.000000,1.500000,1.000000,0.001718,1,0,0.219805,0.330000,0.044762,0.043569,0.785145,1,1,1,1,1,0.128000,1,0,0,0,0,0,0,0,0,0,0,1,0.020000,0.000000,0.000000,0.000000,0.000000,0.000000,0.000000,0.000000,0.000000,0.000000,0.000000,0.000000,0.000000,0.000000,0.000000,0.000000,0.000000,0.000000,0.000000,0.000000,0.000000
49254,0.815965,0.029102,0.022102,-0.576946,-41.700001,-0.300000,5.700000,0.149000,0.349000,-0.467000,23.280588,100290.000000,86.529999,86.180000,0.350000,0.360000,0,1,1,1,3,25,1,25,37.5417718,127.0795339,27.607,0.350000,0.763000,0.164000,-0.043000,-0.013000,0.067000,1378,1396,1277,1350,1327.500000,1373.000000,1387.000000,1313.500000,-45.500000,73.500000,1350.000000,1,1,1,1,1,0.000000,0.000000,0,1,1,1,1,15003,0.002000,0,0.154530,-0.566761,-0.225156,0.267681,-0.007554,0.074799,1,1.490983,-1.490983,0.163844,0.033894,0.533624,1.361554,0.470161,4.167404,-68.624992,0.470161,4.167404,-68.624992,0.099333,0.250000,0.750000,2.000000,1.500000,1.000000,0.001396,1,0,0.220667,0.320000,0.045193,0.031280,0.785499,1,1,1,1,1,0.123000,0,0,0,0,0,0,0,0,0,0,0,1,0.023000,0.000000,0.000000,0.000000,0.000000,0.000000,0.000000,0.000000,0.000000,0.000000,0.000000,0.000000,0.000000,0.000000,0.000000,0.000000,0.000000,0.000000,0.000000,0.000000,0.000000
49350,0.817552,0.032702,0.026002,-0.574337,-16.299999,-15.499999,1.800000,0.196000,-0.270000,-0.807000,23.285164,100289.601563,86.559998,86.180000,0.380000,0.360000,3,1,1,1,3,25,1,25,37.5417718,127.0795339,27.607,0.350000,0.763000,0.164000,-0.043000,-0.013000,0.067000,1378,1386,1292,1344,1335.000000,1365.000000,1382.000000,1318.000000,-30.000000,64.000000,1350.000000,1,1,1,1,1,0.000000,0.000000,0,1,1,1,1,15003,0.001000,0,0.181455,-0.565909,-0.225524,0.290289,0.027070,0.144450,1,1.509861,-1.509861,0.258282,0.044029,1.779613,0.871725,0.897209,4.844684,-68.131401,0.897209,4.844684,-68.131401,0.100368,0.250000,0.750000,2.000000,1.500000,1.000000,0.001405,1,0,0.219632,0.320000,0.058705,0.177574,0.796774,0,0,0,0,0,0.123000,0,0,0,0,0,0,0,0,0,0,0,1,0.020000,0.000000,0.000000,0.000000,0.000000,0.000000,0.000000,0.000000,0.000000,0.000000,0.000000,0.000000,0.000000,0.000000,0.000000,0.000000,0.000000,0.000000,0.000000,0.000000,0.000000
49454,0.819355,0.030402,0.027102,-0.571838,-52.400002,-14.300000,2.600000,0.375000,0.594000,-1.211000,23.286163,100291.101563,86.430000,86.180000,0.250000,0.340000,11,1,1,1,3,24,1,24,37.5417721,127.0795340,27.580,0.350000,0.764000,0.174000,0.099000,0.010000,0.096000,1397,1393,1273,1337,1335.000000,1365.000000,1395.000000,1305.000000,-30.000000,90.000000,1350.000000,1,1,1,1,1,0.000000,0.000000,0,1,1,1,1,15003,0.001000,0,0.199220,-0.552006,-0.215803,0.224898,0.118106,0.263014,1,1.551059,-1.551059,0.502949,0.041872,1.573501,0.083822,0.580342,4.614070,-67.433708,0.580342,4.614070,-67.433708,0.085969,0.250000,0.750000,2.000000,1.500000,1.000000,0.001039,1,0,0.214031,0.300000,0.050828,0.106437,0.790162,1,1,1,1,1,0.129000,1,0,0,0,0,0,0,0,0,0,0,1,0.020000,0.000000,0.000000,0.000000,0.000000,0.000000,0.000000,0.000000,0.000000,0.000000,0.000000,0.000000,0.000000,0.000000,0.000000,0.000000,0.000000,0.000000,0.000000,0.000000,0.000000
49546,0.820350,0.013101,0.027802,-0.571035,5.600000,-13.200000,-1.400000,-0.085000,-0.904000,-1.909000,23.284920,100292.398438,86.330002,86.180000,0.150000,0.310000,3,1,1,1,3,24,1,24,37.5417724,127.0795341,27.555,0.350000,0.764000,0.202000,0.096000,0.032000,0.097000,1404,1393,1315,1289,1359.500000,1341.000000,1398.500000,1302.000000,18.500000,96.500000,1350.000000,1,1,1,1,1,0.000000,0.000000,0,1,1,1,1,15003,0.002000,0,0.215464,-0.545442,-0.225870,0.131467,0.081718,-0.070099,1,1.595924,-1.595924,0.432220,0.036310,0.935615,-2.119701,-1.069698,3.868261,-67.134293,-1.069698,3.868261,-67.134293,0.046375,0.250000,0.750000,2.000000,1.500000,1.000000,0.000303,1,0,0.223625,0.270000,0.048414,0.064208,0.788158,1,1,1,1,1,0.120000,0,0,0,0,0,0,0,0,0,0,0,1,0.020000,0.000000,0.000000,0.000000,0.000000,0.000000,0.000000,0.000000,0.000000,0.000000,0.000000,0.000000,0.000000,0.000000,0.000000,0.000000,0.000000,0.000000,0.000000,0.000000,0.000000
49658,0.824399,-0.028503,0.005101,-0.565268,12.700000,-33.099998,19.299999,-0.123000,-0.292000,-0.956000,23.284077,100292.703125,86.299995,86.180000,0.120000,0.270000,30,1,1,1,3,24,1,24,37.5417728,127.0795342,27.494,0.350000,0.765000,0.266000,0.163000,0.073000,0.100000,1479,1303,1323,1295,1401.000000,1299.000000,1391.000000,1309.000000,102.000000,82.000000,1350.000000,1,0,1,1,1,0.000000,0.000000,0,1,1,1,1,15003,0.002000,0,0.260132,-0.524212,-0.178786,0.246045,-0.025374,0.216512,1,1.630680,-1.630680,0.229761,0.038009,1.015079,-1.075198,-3.556825,-0.871111,-66.073677,-3.556825,-0.871111,-66.073677,0.047959,0.250000,0.750000,2.000000,1.500000,1.000000,0.000325,1,0,0.182041,0.230000,0.046740,0.030968,0.786774,1,1,1,1,1,0.126000,1,0,0,0,0,0,0,0,0,0,0,1,0.020000,0.000000,0.000000,0.000000,0.000000,0.000000,0.000000,0.000000,0.000000,0.000000,0.000000,0.000000,0.000000,0.000000,0.000000,0.000000,0.000000,0.000000,0.000000,0.000000,0.000000
49747,0.829227,-0.038001,-0.000900,-0.557618,-23.900000,-4.900000,22.200001,-0.001000,0.340000,-0.519000,23.283464,100291.500000,86.400002,86.180000,0.220000,0.260000,33,1,1,1,3,24,1,24,37.5417727,127.0795339,27.531,0.350000,0.765000,-0.075000,-0.167000,0.003000,0.114000,1456,1340,1275,1329,1365.500000,1334.500000,1398.000000,1302.000000,31.000000,96.000000,1350.000000,1,0,1,1,1,0.000000,0.000000,0,1,1,1,1,15003,0.001000,0,0.264422,-0.540935,-0.159518,0.054255,-0.091230,0.156900,1,1.648329,-1.648329,0.193533,0.036746,0.460363,0.630394,-3.919923,-2.520876,-64.739922,-3.919923,-2.520876,-64.739922,0.050592,0.250000,0.750000,2.000000,1.500000,1.000000,0.000359,1,0,0.169408,0.220000,0.054272,0.137702,0.793040,1,1,1,1,1,0.126000,1,0,0,0,0,0,0,0,0,0,0,1,0.020000,0.000000,0.000000,0.000000,0.000000,0.000000,0.000000,0.000000,0.000000,0.000000,0.000000,0.000000,0.000000,0.000000,0.000000,0.000000,0.000000,0.000000,0.000000,0.000000,0.000000
49870,0.840047,-0.022701,0.003000,-0.542030,1.200000,4.700000,26.100000,-0.368000,0.279000,-0.063000,23.287443,100290.804688,86.459999,86.180000,0.280000,0.310000,1,1,1,1,3,24,1,24,37.5417727,127.0795338,27.506,0.350000,0.765000,-0.034000,-0.097000,0.023000,0.117000,1456,1316,1242,1386,1349.000000,1351.000000,1386.000000,1314.000000,-2.000000,72.000000,1350.000000,1,1,1,1,1,0.000000,0.000000,0,1,1,1,1,15003,0.001000,0,0.267826,-0.554802,-0.161011,0.035490,-0.071145,-0.146421,1,1.669498,-1.669498,0.106684,0.038242,0.459491,-3.847666,-3.003715,-1.132963,-62.566803,-3.003715,-1.132963,-62.566803,0.115138,0.250000,0.750000,2.000000,1.500000,1.000000,0.001869,1,0,0.154862,0.270000,0.048498,0.070291,0.788227,1,1,1,1,1,0.125000,0,0,0,0,0,0,0,0,0,0,0,1,0.020000,0.000000,0.000000,0.000000,0.000000,0.000000,0.000000,0.000000,0.000000,0.000000,0.000000,0.000000,0.000000,0.000000,0.000000,0.000000,0.000000,0.000000,0.000000,0.000000,0.000000
49961,0.846764,-0.008201,0.008401,-0.531840,40.200001,25.299999,10.500000,0.142000,-0.132000,-0.950000,23.284971,100289.601563,86.559998,86.180000,0.380000,0.320000,3,1,1,1,3,24,1,24,37.5417727,127.0795338,27.506,0.350000,0.765000,-0.034000,-0.097000,0.023000,0.117000,1389,1322,1278,1412,1333.500000,1367.000000,1355.500000,1345.000000,-33.500000,10.500000,1350.000000,1,1,1,1,1,0.000000,0.000000,0,1,1,1,1,15003,0.002000,0,0.273474,-0.560781,-0.194013,0.082643,-0.066817,-0.198158,1,1.675180,-1.675180,0.075131,0.040481,1.404188,0.591508,-1.932425,0.317628,-60.790768,-1.932425,0.317628,-60.790768,0.090893,0.250000,0.750000,2.000000,1.500000,1.000000,0.001158,1,0,0.189107,0.280000,0.053975,0.119799,0.792791,0,0,0,0,0,0.125000,0,0,0,0,0,0,0,0,0,0,0,1,0.020000,0.000000,0.000000,0.000000,0.000000,0.000000,0.000000,0.000000,0.000000,0.000000,0.000000,0.000000,0.000000,0.000000,0.000000,0.000000,0.000000,0.000000,0.000000,0.000000,0.000000
50057,0.848326,0.002100,0.016401,-0.529216,2.700000,36.500000,0.900000,0.097000,-0.050000,-2.435000,23.287548,100290.601563,86.479996,86.180000,0.300000,0.320000,0,1,1,1,3,24,1,24,37.5417727,127.0795337,27.505,0.350000,0.765000,-0.002000,-0.034000,0.018000,0.120000,1358,1367,1275,1399,1316.500000,1383.000000,1362.500000,1337.000000,-66.500000,25.500000,1350.000000,1,1,1,1,1,0.000000,0.000000,0,1,1,1,1,15003,0.002000,0,0.276556,-0.562384,-0.191328,0.076991,-0.009886,0.032845,1,1.693154,-1.693154,0.266429,0.041175,1.278142,1.480907,-0.922125,1.800204,-59.925697,-0.922125,1.800204,-59.925697,0.093207,0.250000,0.750000,2.000000,1.500000,1.000000,0.001226,1,0,0.186793,0.280000,0.047278,0.030781,0.787218,1,1,1,1,1,0.124000,0,0,0,0,0,0,0,0,0,0,0,1,0.020000,0.000000,0.000000,0.000000,0.000000,0.000000,0.000000,0.000000,0.000000,0.000000,0.000000,0.000000,0.000000,0.000000,0.000000,0.000000,0.000000,0.000000,0.000000,0.000000,0.000000
50153,0.849172,0.010301,0.016901,-0.527745,-16.600000,-2.600000,-2.500000,0.150000,0.061000,-1.427000,23.287882,100291.703125,86.379997,86.180000,0.200000,0.300000,7,1,1,1,3,24,1,24,37.5417728,127.0795334,27.492,0.350000,0.766000,0.054000,-0.124000,0.030000,0.109000,1398,1351,1282,1368,1340.000000,1359.500000,1374.500000,1325.000000,-19.500000,49.500000,1350.000000,1,1,1,1,1,0.000000,0.000000,0,1,1,1,1,15003,0.002000,0,0.281043,-0.581396,-0.198274,0.068157,-0.137611,0.014255,1,1.725350,-1.725350,0.381036,0.036196,0.855733,0.021019,0.102955,2.415520,-59.359493,0.102955,2.415520,-59.359493,0.064748,0.250000,0.750000,2.000000,1.500000,1.000000,0.000591,1,0,0.195252,0.260000,0.048261,0.052208,0.788031,1,1,1,1,1,0.126000,1,0,0,0,0,0,0,0,0,0,0,1,0.020000,0.000000,0.000000,0.000000,0.000000,0.000000,0.000000,0.000000,0.000000,0.000000,0.000000,0.000000,0.000000,0.000000,0.000000,0.000000,0.000000,0.000000,0.000000,0.000000,0.000000
50251,0.851175,0.005000,0.018102,-0.524546,26.799999,2.100000,15.400001,-0.160000,-0.122000,-0.555000,23.287497,100292.398438,86.330002,86.180000,0.150000,0.290000,0,1,1,1,3,24,1,24,37.5417729,127.0795333,27.490,0.350000,0.766000,0.074000,-0.067000,0.030000,0.100000,1403,1326,1290,1381,1346.500000,1353.500000,1364.500000,1335.500000,-7.000000,29.000000,1350.000000,1,1,1,1,1,0.000000,0.000000,0,1,1,1,1,15003,0.002000,0,0.293895,-0.590003,-0.178608,0.127568,-0.039265,0.180815,1,1.763302,-1.763302,0.446277,0.038047,0.565074,1.924569,0.036804,2.209961,-58.529198,0.036804,2.209961,-58.529198,0.072439,0.250000,0.750000,2.000000,1.500000,1.000000,0.000737,1,0,0.197561,0.270000,0.051758,0.104920,0.790937,1,1,1,1,1,0.125000,1,0,0,0,0,0,0,0,0,0,0,1,0.025000,0.000000,0.000000,0.000000,0.000000,0.000000,0.000000,0.000000,0.000000,0.000000,0.000000,0.000000,0.000000,0.000000,0.000000,0.000000,0.000000,0.000000,0.000000,0.000000,0.000000
50350,0.852412,0.001700,0.016500,-0.522607,-28.500000,-14.100000,10.400000,-0.020000,0.219000,-0.214000,23.283148,100291.500000,86.400002,86.180000,0.220000,0.270000,12,1,1,1,3,24,1,24,37.5417729,127.0795333,27.490,0.350000,0.766000,0.074000,-0.067000,0.030000,0.100000,1440,1365,1271,1324,1355.500000,1344.500000,1402.500000,1297.500000,11.000000,105.000000,1350.000000,1,1,1,1,1,0.000000,0.000000,0,1,1,1,1,15003,0.001000,0,0.305557,-0.592029,-0.171175,0.102899,-0.019563,0.144841,1,1.807997,-1.807997,0.425836,0.046956,1.844682,-1.138949,-0.184945,1.895610,-58.036945,-0.184945,1.895610,-58.036945,0.060683,0.250000,0.750000,2.000000,1.500000,1.000000,0.000515,1,0,0.169317,0.230000,0.055512,0.137419,0.794081,0,0,0,0,0,0.125000,1,0,0,0,0,0,0,0,0,0,0,1,0.023000,0.000000,0.000000,0.000000,0.000000,0.000000,0.000000,0.000000,0.000000,0.000000,0.000000,0.000000,0.000000,0.000000,0.000000,0.000000,0.000000,0.000000,0.000000,0.000000,0.000000
50459,0.852654,-0.002000,0.015801,-0.522233,-51.400002,-5.800000,7.900000,0.083000,0.156000,-1.425000,23.286200,100291.601563,86.389999,86.180000,0.210000,0.260000,35,1,1,1,3,24,1,24,37.5417729,127.0795332,27.495,0.350000,0.766000,0.004000,-0.028000,0.024000,0.121000,1429,1380,1265,1325,1347.000000,1352.500000,1404.500000,1295.000000,-5.500000,109.500000,1350.000000,1,1,1,1,1,0.000000,0.000000,0,1,1,1,1,15003,0.002000,0,0.310817,-0.592887,-0.146829,0.063761,0.031139,0.254105,1,1.860870,-1.860870,0.550159,0.044070,1.580014,-0.989457,-0.241732,1.387249,-57.582817,-0.241732,1.387249,-57.582817,0.068703,0.250000,0.750000,2.000000,1.500000,1.000000,0.000664,1,0,0.151297,0.220000,0.049941,0.076909,0.789425,1,1,1,1,1,0.130000,0,0,0,0,0,0,0,0,0,0,0,1,0.020000,0.000000,0.000000,0.000000,0.000000,0.000000,0.000000,0.000000,0.000000,0.000000,0.000000,0.000000,0.000000,0.000000,0.000000,0.000000,0.000000,0.000000,0.000000,0.000000,0.000000
50543,0.852875,-0.003600,0.019302,-0.521746,17.200001,7.200000,12.400000,-0.289000,0.103000,-0.717000,23.288847,100293.101563,86.269997,86.180000,0.090000,0.250000,33,1,1,1,3,24,1,24,37.5417728,127.0795330,27.527,0.350000,0.766000,-0.031000,-0.032000,-0.018000,0.104000,1407,1352,1279,1362,1343.000000,1357.000000,1379.500000,1320.500000,-14.000000,59.000000,1350.000000,1,1,1,1,1,0.000000,0.000000,0,1,1,1,1,15003,0.001000,0,0.308061,-0.599084,-0.163881,0.021858,0.036227,-0.025416,1,1.907118,-1.907118,0.569991,0.038922,1.014813,1.503914,-0.026243,1.744223,-57.287388,-0.026243,1.744223,-57.287388,0.049637,0.250000,0.750000,2.000000,1.500000,1.000000,0.000348,1,0,0.160363,0.210000,0.047786,0.030561,0.787638,1,1,1,1,1,0.119000,1,0,0,0,0,0,0,0,0,0,0,1,0.020000,0.000000,0.000000,0.000000,0.000000,0.000000,0.000000,0.000000,0.000000,0.000000,0.000000,0.000000,0.000000,0.000000,0.000000,0.000000,0.000000,0.000000,0.000000,0.000000,0.000000
50658,0.852270,-0.008901,0.024702,-0.522443,-33.200001,-12.300000,-8.000000,0.025000,0.009000,-1.253000,23.286058,100291.703125,86.379997,86.180000,0.200000,0.240000,11,1,1,1,3,24,1,24,37.5417728,127.0795330,27.517,0.350000,0.766000,-0.030000,0.005000,-0.004000,0.079000,1420,1384,1283,1313,1351.500000,1348.500000,1402.000000,1298.000000,3.000000,104.000000,1350.000000,1,1,1,1,1,0.000000,0.000000,0,1,1,1,1,15003,0.002000,0,0.305453,-0.601719,-0.161766,-0.010982,0.005541,-0.076083,1,1.972677,-1.972677,0.509533,0.036711,0.698827,-1.853653,-0.611265,2.111658,-56.999329,-0.611265,2.111658,-56.999329,0.040921,0.250000,0.750000,2.000000,1.500000,1.000000,0.000236,1,0,0.159079,0.200000,0.048949,0.044124,0.788601,1,1,1,1,1,0.127000,1,0,0,0,0,0,0,0,0,0,0,1,0.020000,0.000000,0.000000,0.000000,0.000000,0.000000,0.000000,0.000000,0.000000,0.000000,0.000000,0.000000,0.000000,0.000000,0.000000,0.000000,0.000000,0.000000,0.000000,0.000000,0.000000
50749,0.851457,-0.011201,0.022201,-0.523835,-38.299999,-25.600000,11.500000,-0.092000,0.338000,-0.392000,23.286146,100290.703125,86.470001,86.180000,0.290000,0.240000,0,1,1,1,3,24,1,24,37.5417729,127.0795329,27.497,0.349000,0.766000,-0.032000,0.024000,0.025000,0.079000,1445,1377,1274,1303,1359.500000,1340.000000,1411.000000,1288.500000,19.500000,122.500000,1350.000000,1,1,1,1,1,0.000000,0.000000,0,1,1,1,1,15003,0.002000,0,0.300482,-0.605843,-0.148806,-0.037178,0.023401,0.021104,1,2.017123,-2.017123,0.457041,0.038115,0.457021,-1.568824,-0.969177,1.624484,-56.981537,-0.969177,1.624484,-56.981537,0.034632,0.250000,0.750000,2.000000,1.500000,1.000000,0.000169,1,0,0.165368,0.200000,0.051494,0.089345,0.790717,1,1,1,1,1,0.124000,0,0,0,0,0,0,0,0,0,0,0,1,0.020000,0.000000,0.000000,0.000000,0.000000,0.000000,0.000000,0.000000,0.000000,0.000000,0.000000,0.000000,0.000000,0.000000,0.000000,0.000000,0.000000,0.000000,0.000000,0.000000,0.000000
50850,0.850517,-0.009700,0.019100,-0.525511,51.700001,-15.800000,6.000000,0.061000,-0.163000,-0.217000,23.291161,100291.101563,86.430000,86.180000,0.250000,0.230000,12,1,1,1,3,24,1,24,37.5417729,127.0795329,27.497,0.349000,0.766000,-0.032000,0.024000,0.025000,0.079000,1395,1332,1323,1350,1359.000000,1341.000000,1363.500000,1336.500000,18.000000,27.000000,1350.000000,1,1,1,1,1,0.000000,0.000000,0,1,1,1,1,15003,0.001000,0,0.298507,-0.601907,-0.160645,0.003926,0.050767,-0.134031,1,2.055284,-2.055284,0.309601,0.044877,1.692570,0.533661,-0.693923,1.501038,-57.092010,-0.693923,1.501038,-57.092010,0.032426,0.250000,0.750000,2.000000,1.500000,1.000000,0.000147,1,0,0.157574,0.190000,0.053670,0.118500,0.792535,0,0,0,0,0,0.124000,0,0,0,0,0,0,0,0,0,0,0,1,0.022000,0.000000,0.000000,0.000000,0.000000,0.000000,0.000000,0.000000,0.000000,0.000000,0.000000,0.000000,0.000000,0.000000,0.000000,0.000000,0.000000,0.000000,0.000000,0.000000,0.000000
50955,0.849327,-0.004300,0.015700,-0.527617,45.500000,-19.799999,-1.000000,-0.002000,-0.380000,-0.023000,23.291756,100292.804688,86.290001,86.180000,0.110000,0.220000,31,1,1,1,3,24,1,24,37.5417729,127.0795328,27.519,0.349000,0.766000,-0.010000,0.004000,0.002000,0.070000,1398,1336,1323,1343,1360.500000,1339.500000,1367.000000,1333.000000,21.000000,34.000000,1350.000000,1,1,1,1,1,0.000000,0.000000,0,1,1,1,1,15003,0.005000,0,0.300412,-0.606279,-0.136284,0.056152,0.062510,0.067145,1,2.091313,-2.091313,0.334773,0.043315,1.569000,0.310497,0.385834,1.478245,-57.225246,0.385834,1.478245,-57.225246,0.043763,0.250000,0.750000,2.000000,1.500000,1.000000,0.000270,1,0,0.136237,0.180000,0.048960,0.070786,0.788610,1,1,1,1,1,0.128000,0,0,0,0,0,0,0,0,0,0,0,1,0.020000,0.000000,0.000000,0.000000,0.000000,0.000000,0.000000,0.000000,0.000000,0.000000,0.000000,0.000000,0.000000,0.000000,0.000000,0.000000,0.000000,0.000000,0.000000,0.000000,0.000000
51057,0.847421,-0.002400,0.010500,-0.530813,56.200001,8.000000,-6.900000,-0.044000,-0.236000,-1.488000,23.284920,100290.101563,86.519997,86.180000,0.340000,0.210000,3,1,1,1,3,24,1,24,37.5417729,127.0795327,27.526,0.349000,0.766000,0.017000,0.005000,-0.001000,0.077000,1362,1333,1346,1360,1354.000000,1346.500000,1347.500000,1353.000000,7.500000,-5.500000,1350.000000,1,1,1,1,1,0.000000,0.000000,0,1,1,1,1,15003,0.002000,0,0.302470,-0.613309,-0.128547,0.060580,0.028257,0.047462,1,2.123172,-2.123172,0.328894,0.036627,1.010940,-0.615809,1.347130,1.202490,-57.513218,1.347130,1.202490,-57.513218,0.043581,0.250000,0.750000,2.000000,1.500000,1.000000,0.000268,1,0,0.126419,0.170000,0.048835,0.069001,0.788507,1,1,1,1,1,0.122000,1,0,0,0,0,0,0,0,0,0,0,1,0.023000,0.000000,0.000000,0.000000,0.000000,0.000000,0.000000,0.000000,0.000000,0.000000,0.000000,0.000000,0.000000,0.000000,0.000000,0.000000,0.000000,0.000000,0.000000,0.000000,0.000000
51154,0.845639,0.001700,0.005500,-0.533724,-20.799999,-11.300000,-1.800000,-0.192000,0.093000,0.375000,23.288284,100291.500000,86.400002,86.180000,0.220000,0.200000,7,1,1,1,3,24,1,24,37.5417729,127.0795326,27.532,0.350000,0.767000,0.020000,-0.008000,-0.001000,0.076000,1404,1378,1306,1313,1355.000000,1345.500000,1391.000000,1309.500000,9.500000,81.500000,1350.000000,1,1,1,1,1,0.000000,0.000000,0,1,1,1,1,15003,0.001000,0,0.303790,-0.620212,-0.111731,0.030808,0.014989,0.131301,1,2.157032,-2.157032,0.360614,0.036415,0.698827,0.765510,2.621174,0.910039,-57.776577,2.621174,0.910039,-57.776577,0.049912,0.250000,0.750000,2.000000,1.500000,1.000000,0.000351,1,0,0.110088,0.160000,0.048554,0.044122,0.788273,1,1,1,1,1,0.126000,1,0,0,0,0,0,0,0,0,0,0,1,0.020000,0.000000,0.000000,0.000000,0.000000,0.000000,0.000000,0.000000,0.000000,0.000000,0.000000,0.000000,0.000000,0.000000,0.000000,0.000000,0.000000,0.000000,0.000000,0.000000,0.000000
51255,0.843453,0.005400,0.006700,-0.537134,2.000000,22.200001,-15.200001,-0.078000,-0.012000,-2.518000,23.288635,100291.804688,86.379997,86.180000,0.200000,0.190000,0,1,1,1,3,24,1,24,37.5417730,127.0795326,27.561,0.350000,0.767000,0.041000,-0.002000,-0.028000,0.076000,1350,1377,1322,1350,1336.000000,1363.500000,1363.500000,1336.000000,-27.500000,27.500000,1350.000000,1,1,1,1,1,0.000000,0.000000,0,1,1,1,1,15003,0.002000,0,0.303880,-0.628218,-0.105874,0.016126,-0.005659,0.048586,1,2.194600,-2.194600,0.418425,0.037858,0.457022,0.709638,3.118107,1.120942,-58.144779,3.118107,1.120942,-58.144779,0.043666,0.250000,0.750000,2.000000,1.500000,1.000000,0.000268,1,0,0.106334,0.150000,0.051138,0.089377,0.790421,1,1,1,1,1,0.123000,1,0,0,0,0,0,0,0,0,0,0,1,0.020000,0.000000,0.000000,0.000000,0.000000,0.000000,0.000000,0.000000,0.000000,0.000000,0.000000,0.000000,0.000000,0.000000,0.000000,0.000000,0.000000,0.000000,0.000000,0.000000,0.000000
51350,0.841553,0.006200,0.010701,-0.540034,40.400002,-9.400000,-2.200000,0.055000,-0.144000,0.396000,23.290476,100291.398438,86.409996,86.180000,0.230000,0.190000,1,1,1,1,3,24,1,24,37.5417730,127.0795326,27.561,0.350000,0.767000,0.041000,-0.002000,-0.028000,0.076000,1374,1368,1319,1340,1346.500000,1354.000000,1371.000000,1329.500000,-7.500000,41.500000,1350.000000,1,1,1,1,1,0.000000,0.000000,0,1,1,1,1,15003,0.001000,0,0.306527,-0.629367,-0.100771,0.051107,-0.010864,0.113764,1,2.239111,-2.239111,0.487758,0.047245,1.703690,2.563197,3.136436,1.600004,-58.406532,3.136436,1.600004,-58.406532,0.046011,0.250000,0.750000,2.000000,1.500000,1.000000,0.000298,1,0,0.103989,0.150000,0.049111,0.062679,0.788735,0,0,0,0,0,0.123000,1,0,0,0,0,0,0,0,0,0,0,1,0.020000,0.000000,0.000000,0.000000,0.000000,0.000000,0.000000,0.000000,0.000000,0.000000,0.000000,0.000000,0.000000,0.000000,0.000000,0.000000,0.000000,0.000000,0.000000,0.000000,0.000000
51465,0.839423,0.006600,0.011600,-0.543315,-60.200005,2.000000,-2.800000,0.120000,0.150000,-1.171000,23.287199,100291.203125,86.430000,86.180000,0.250000,0.190000,1,1,1,1,3,24,1,24,37.5417731,127.0795325,27.558,0.350000,0.767000,0.056000,0.025000,-0.010000,0.082000,1397,1403,1289,1311,1343.000000,1357.000000,1400.000000,1300.000000,-14.000000,100.000000,1350.000000,1,1,1,1,1,0.000000,0.000000,0,1,1,1,1,15003,0.002000,0,0.315431,-0.631231,-0.111005,0.098433,0.008957,-0.012697,1,2.292992,-2.292992,0.504996,0.045244,1.581007,-0.908046,3.270858,1.839662,-58.821537,3.270858,1.839662,-58.821537,0.032766,0.250000,0.750000,2.000000,1.500000,1.000000,0.000151,1,0,0.107234,0.140000,0.048796,0.052303,0.788474,0,0,0,0,0,0.131000,0,0,0,0,0,0,0,0,0,0,0,1,0.020000,0.000000,0.000000,0.000000,0.000000,0.000000,0.000000,0.000000,0.000000,0.000000,0.000000,0.000000,0.000000,0.000000,0.000000,0.000000,0.000000,0.000000,0.000000,0.000000,0.000000
51559,0.837866,-0.001700,0.011901,-0.545743,28.700001,-20.500000,-0.900000,-0.093000,0.006000,0.024000,23.293474,100292.398438,86.330002,86.180000,0.150000,0.190000,9,1,1,1,3,24,1,24,37.5417732,127.0795324,27.546,0.350000,0.768000,0.041000,0.000000,0.015000,0.092000,1407,1358,1319,1316,1363.000000,1337.000000,1382.500000,1317.500000,26.000000,65.000000,1350.000000,1,1,1,1,1,0.000000,0.000000,0,1,1,1,1,15003,0.004000,0,0.315529,-0.638816,-0.110950,0.064006,0.004172,-0.105797,1,2.336671,-2.336671,0.402270,0.040384,1.327253,-1.786010,2.287695,1.527063,-59.163589,2.287695,1.527063,-59.163589,0.041537,0.250000,0.750000,2.000000,1.500000,1.000000,0.000243,1,0,0.108463,0.150000,0.050029,0.070450,0.789498,1,1,1,1,1,0.120000,1,0,0,0,0,0,0,0,0,0,0,1,0.023000,0.000000,0.000000,0.000000,0.000000,0.000000,0.000000,0.000000,0.000000,0.000000,0.000000,0.000000,0.000000,0.000000,0.000000,0.000000,0.000000,0.000000,0.000000,0.000000,0.000000
51654,0.837673,-0.004700,0.014901,-0.545948,21.900000,27.100000,-5.200000,0.183000,-0.153000,-1.842000,23.295666,100292.000000,86.360001,86.180000,0.180000,0.190000,1,1,1,1,3,24,1,24,37.5417732,127.0795324,27.567,0.350000,0.768000,0.015000,0.022000,0.001000,0.103000,1372,1371,1301,1356,1336.500000,1363.500000,1371.500000,1328.500000,-27.000000,43.000000,1350.000000,1,1,1,1,1,0.000000,0.000000,0,1,1,1,1,15003,0.002000,0,0.317708,-0.641302,-0.114501,0.085741,0.078597,-0.214102,1,2.370754,-2.370754,0.244064,0.038548,0.699140,-1.502101,0.926359,1.717788,-59.114590,0.926359,1.717788,-59.114590,0.033744,0.250000,0.750000,2.000000,1.500000,1.000000,0.000158,1,0,0.116256,0.150000,0.061391,0.177126,0.799055,1,1,1,1,1,0.125000,1,0,0,0,0,0,0,0,0,0,0,1,0.020000,0.000000,0.000000,0.000000,0.000000,0.000000,0.000000,0.000000,0.000000,0.000000,0.000000,0.000000,0.000000,0.000000,0.000000,0.000000,0.000000,0.000000,0.000000,0.000000,0.000000
51752,0.838038,-0.004600,0.017101,-0.545325,-51.000000,-9.400000,-0.500000,0.188000,0.531000,-0.992000,23.291670,100290.500000,86.479996,86.180000,0.300000,0.190000,3,1,1,1,3,24,1,24,37.5417731,127.0795323,27.567,0.350000,0.768000,-0.049000,0.022000,0.014000,0.071000,1415,1395,1273,1318,1344.000000,1356.500000,1405.000000,1295.500000,-12.500000,109.500000,1350.000000,1,1,1,1,1,0.000000,0.000000,0,1,1,1,1,15003,0.002000,0,0.313624,-0.645482,-0.113637,-0.004083,0.046723,-0.072449,1,2.389529,-2.389529,0.154873,0.036705,0.458736,-0.946694,0.895241,1.993468,-59.107712,0.895241,1.993468,-59.107712,0.038234,0.250000,0.750000,2.000000,1.500000,1.000000,0.000206,1,0,0.111766,0.150000,0.048940,0.029422,0.788594,1,1,1,1,1,0.125000,1,0,0,0,0,0,0,0,0,0,0,1,0.020000,0.000000,0.000000,0.000000,0.000000,0.000000,0.000000,0.000000,0.000000,0.000000,0.000000,0.000000,0.000000,0.000000,0.000000,0.000000,0.000000,0.000000,0.000000,0.000000,0.000000
51851,0.838313,-0.002100,0.013900,-0.545008,17.700001,-33.900002,5.900000,0.296000,-0.040000,0.026000,23.294071,100291.203125,86.430000,86.180000,0.250000,0.200000,0,1,1,1,3,24,1,24,37.5417731,127.0795323,27.567,0.350000,0.768000,-0.049000,0.022000,0.014000,0.071000,1416,1349,1316,1318,1366.000000,1333.500000,1382.500000,1317.000000,32.500000,65.500000,1350.000000,1,1,1,1,1,0.000000,0.000000,0,1,1,1,1,15003,0.002000,0,0.315670,-0.637541,-0.125230,0.037744,0.099418,-0.145253,1,2.402956,-2.402956,0.084788,0.047384,1.655621,-1.627439,1.407208,1.968561,-59.029125,1.407208,1.968561,-59.029125,0.042923,0.250000,0.750000,2.000000,1.500000,1.000000,0.000259,1,0,0.117077,0.160000,0.049964,0.063357,0.789444,0,0,0,0,0,0.125000,1,0,0,0,0,0,0,0,0,0,0,1,0.020000,0.000000,0.000000,0.000000,0.000000,0.000000,0.000000,0.000000,0.000000,0.000000,0.000000,0.000000,0.000000,0.000000,0.000000,0.000000,0.000000,0.000000,0.000000,0.000000,0.000000
51956,0.837717,-0.003700,0.009400,-0.546011,14.800000,14.700000,-17.799999,0.098000,-0.232000,-2.215000,23.293018,100291.398438,86.409996,86.180000,0.230000,0.210000,0,1,1,1,3,24,1,24,37.5417731,127.0795323,27.582,0.350000,0.768000,-0.011000,0.003000,0.006000,0.071000,1371,1368,1326,1335,1348.500000,1351.500000,1369.500000,1330.500000,-3.000000,39.000000,1350.000000,1,1,1,1,1,0.000000,0.000000,0,1,1,1,1,15003,0.002000,0,0.311019,-0.647365,-0.097819,0.024368,0.043555,0.127296,1,2.416202,-2.416202,0.146367,0.045573,1.580236,0.709198,1.432787,1.407784,-59.124863,1.432787,1.407784,-59.124863,0.069163,0.250000,0.750000,2.000000,1.500000,1.000000,0.000674,1,0,0.100837,0.170000,0.049265,0.052084,0.788864,1,1,1,1,1,0.128000,0,0,0,0,0,0,0,0,0,0,0,1,0.020000,0.000000,0.000000,0.000000,0.000000,0.000000,0.000000,0.000000,0.000000,0.000000,0.000000,0.000000,0.000000,0.000000,0.000000,0.000000,0.000000,0.000000,0.000000,0.000000,0.000000
52057,0.837562,-0.004300,0.009601,-0.546241,7.000000,-11.800000,2.100000,0.293000,-0.104000,0.242000,23.294264,100290.601563,86.479996,86.180000,0.300000,0.230000,0,1,1,1,3,24,1,24,37.5417731,127.0795322,27.608,0.350000,0.769000,0.010000,-0.006000,-0.014000,0.092000,1446,1419,1358,1377,1402.000000,1398.000000,1432.500000,1367.500000,4.000000,65.000000,1400.000000,1,0,1,1,1,0.000000,0.000000,0,1,1,1,1,15003,0.002000,0,0.308793,-0.656827,-0.115792,0.034584,0.023768,-0.143342,1,2.425677,-2.425677,0.040552,0.042099,1.227934,-1.026361,2.169507,1.501963,-59.189819,2.169507,1.501963,-59.189819,0.074665,0.250000,0.750000,2.000000,1.500000,1.000000,0.000786,1,0,0.105335,0.180000,0.048794,0.030498,0.788473,1,1,1,1,1,0.121000,1,0,0,0,0,0,0,0,0,0,0,1,0.020000,0.000000,0.000000,0.000000,0.000000,0.000000,0.000000,0.000000,0.000000,0.000000,0.000000,0.000000,0.000000,0.000000,0.000000,0.000000,0.000000,0.000000,0.000000,0.000000,0.000000
52151,0.837366,0.001600,0.010301,-0.546543,34.200001,11.000000,-0.400000,-0.170000,-0.073000,-1.538000,23.291107,100290.398438,86.489998,86.180000,0.310000,0.240000,5,1,1,1,3,24,1,24,37.5417731,127.0795322,27.607,0.350000,0.768000,0.005000,-0.008000,0.002000,0.095000,1414,1407,1365,1414,1389.500000,1410.500000,1410.500000,1389.500000,-21.000000,21.000000,1400.000000,1,0,1,1,1,0.000000,0.000000,0,1,1,1,1,15003,0.004000,0,0.306909,-0.664418,-0.116353,0.028546,0.026638,-0.046177,1,2.423563,-2.423563,-0.051121,0.036936,0.854983,-1.342948,2.982534,1.880366,-59.161636,2.982534,1.880366,-59.161636,0.088163,0.250000,0.750000,2.000000,1.500000,1.000000,0.001095,1,0,0.111837,0.200000,0.049248,0.051797,0.788849,1,1,1,1,1,0.126000,1,0,0,0,0,0,0,0,0,0,0,1,0.020000,0.000000,0.000000,0.000000,0.000000,0.000000,0.000000,0.000000,0.000000,0.000000,0.000000,0.000000,0.000000,0.000000,0.000000,0.000000,0.000000,0.000000,0.000000,0.000000,0.000000
52256,0.836448,0.004400,0.014701,-0.547831,-2.400000,-1.500000,4.300000,-0.077000,-0.069000,-0.290000,23.296753,100291.898438,86.369995,86.180000,0.190000,0.240000,1,1,1,1,3,24,1,24,37.5417732,127.0795321,27.630,0.350000,0.769000,0.040000,-0.017000,-0.011000,0.072000,1432,1441,1349,1379,1390.500000,1410.000000,1436.500000,1364.000000,-19.500000,72.500000,1400.000000,1,0,1,1,1,0.000000,0.000000,0,1,1,1,1,15003,0.002000,0,0.311377,-0.672911,-0.118226,0.056172,0.015637,-0.120496,1,2.409474,-2.409474,-0.208058,0.038944,0.460901,-1.336079,3.192760,2.554774,-59.243210,3.192760,2.554774,-59.243210,0.080060,0.250000,0.750000,2.000000,1.500000,1.000000,0.000900,1,0,0.119940,0.200000,0.052614,0.104400,0.791652,1,1,1,1,1,0.124000,1,0,0,0,0,0,0,0,0,0,0,1,0.024000,0.000000,0.000000,0.000000,0.000000,0.000000,0.000000,0.000000,0.000000,0.000000,0.000000,0.000000,0.000000,0.000000,0.000000,0.000000,0.000000,0.000000,0.000000,0.000000,0.000000
52350,0.834574,0.010801,0.019402,-0.550449,16.299999,14.100000,-6.700000,-0.103000,0.047000,-1.334000,23.294632,100292.203125,86.339996,86.180000,0.160000,0.230000,0,1,1,1,3,24,1,24,37.5417732,127.0795321,27.630,0.350000,0.769000,0.040000,-0.017000,-0.011000,0.072000,1388,1437,1370,1404,1379.000000,1420.500000,1412.500000,1387.000000,-41.500000,25.500000,1400.000000,1,0,1,1,1,0.000000,0.000000,0,1,1,1,1,15003,0.001000,0,0.317943,-0.667645,-0.143267,0.083796,0.087678,-0.212117,1,2.384272,-2.384272,-0.292480,0.049035,1.756291,0.196919,3.475519,3.465398,-59.539177,3.475519,3.465398,-59.539177,0.070371,0.250000,0.750000,2.000000,1.500000,1.000000,0.000696,1,0,0.129629,0.200000,0.050666,0.067211,0.790028,0,0,0,0,0,0.124000,1,0,0,0,0,0,0,0,0,0,0,1,0.020000,0.000000,0.000000,0.000000,0.000000,0.000000,0.000000,0.000000,0.000000,0.000000,0.000000,0.000000,0.000000,0.000000,0.000000,0.000000,0.000000,0.000000,0.000000,0.000000,0.000000
52451,0.830059,0.025602,0.024702,-0.556540,4.100000,20.200001,-14.200000,-0.137000,0.033000,-1.543000,23.292616,100289.203125,86.589996,86.180000,0.410000,0.240000,0,1,1,1,3,24,1,24,37.5417732,127.0795320,27.666,0.350000,0.769000,0.068000,-0.028000,-0.036000,0.073000,1353,1464,1377,1405,1365.000000,1434.500000,1408.500000,1391.000000,-69.500000,17.500000,1400.000000,1,0,1,1,1,0.000000,0.000000,0,1,1,1,1,15003,0.001000,0,0.322806,-0.681969,-0.142203,0.097688,0.038158,-0.108551,1,2.355141,-2.355141,-0.307016,0.043069,1.180962,-0.760633,4.372281,4.933968,-60.262993,4.372281,4.933968,-60.262993,0.045054,0.250000,0.750000,2.000000,1.500000,1.000000,0.000286,1,0,0.134946,0.180000,0.050296,0.031646,0.789719,1,1,1,1,1,0.134000,1,0,0,0,0,0,0,0,0,0,0,1,0.020000,0.000000,0.000000,0.000000,0.000000,0.000000,0.000000,0.000000,0.000000,0.000000,0.000000,0.000000,0.000000,0.000000,0.000000,0.000000,0.000000,0.000000,0.000000,0.000000,0.000000
52546,0.824366,0.036503,0.028802,-0.564145,-15.900000,8.700000,-12.700000,0.072000,0.040000,-1.443000,23.293406,100290.203125,86.509995,86.180000,0.330000,0.250000,0,1,1,1,3,24,1,24,37.5417733,127.0795320,27.680,0.350000,0.769000,0.094000,-0.009000,-0.031000,0.065000,1367,1479,1368,1386,1367.500000,1432.500000,1423.000000,1377.000000,-65.000000,46.000000,1400.000000,1,0,1,1,1,0.000000,0.000000,0,1,1,1,1,15003,0.002000,0,0.326072,-0.691885,-0.147504,0.067250,0.008739,-0.040165,1,2.326729,-2.326729,-0.264360,0.039988,1.097183,0.552667,5.335488,6.057712,-61.173210,5.335488,6.057712,-61.173210,0.057834,0.250000,0.750000,2.000000,1.500000,1.000000,0.000471,1,0,0.142166,0.200000,0.049167,0.031418,0.788782,1,1,1,1,1,0.117000,1,0,0,0,0,0,0,0,0,0,0,1,0.020000,0.000000,0.000000,0.000000,0.000000,0.000000,0.000000,0.000000,0.000000,0.000000,0.000000,0.000000,0.000000,0.000000,0.000000,0.000000,0.000000,0.000000,0.000000,0.000000,0.000000
52652,0.817253,0.039703,0.027802,-0.574237,21.700001,-4.400000,-16.500000,0.008000,0.186000,-1.548000,23.295527,100290.898438,86.449997,86.180000,0.270000,0.260000,0,1,1,1,3,24,1,24,37.5417735,127.0795319,27.679,0.350000,0.769000,0.137000,0.000000,-0.008000,0.072000,1353,1459,1410,1378,1381.500000,1418.500000,1406.000000,1394.000000,-37.000000,12.000000,1400.000000,1,0,1,1,1,0.000000,0.000000,0,1,1,1,1,15003,0.002000,0,0.334727,-0.700847,-0.148569,0.150735,0.037063,-0.023784,1,2.298673,-2.298673,-0.276703,0.039088,0.750353,0.141495,5.640286,6.376060,-62.492222,5.640286,6.376060,-62.492222,0.067506,0.250000,0.750000,2.000000,1.500000,1.000000,0.000633,1,0,0.152494,0.220000,0.062465,0.183879,0.799971,1,1,1,1,1,0.124000,0,0,0,0,0,0,0,0,0,0,0,1,0.020000,0.000000,0.000000,0.000000,0.000000,0.000000,0.000000,0.000000,0.000000,0.000000,0.000000,0.000000,0.000000,0.000000,0.000000,0.000000,0.000000,0.000000,0.000000,0.000000,0.000000
52747,0.809961,0.040703,0.022302,-0.584644,25.500000,-5.300000,-10.900000,-0.060000,-0.103000,-1.319000,23.289003,100288.398438,86.659996,86.180000,0.480000,0.290000,0,1,1,1,3,24,1,24,37.5417737,127.0795319,27.680,0.350000,0.769000,0.122000,0.065000,0.012000,0.094000,1349,1449,1425,1377,1387.000000,1413.000000,1399.000000,1401.000000,-26.000000,-2.000000,1400.000000,1,0,1,1,1,0.000000,0.000000,0,1,1,1,1,15003,0.002000,0,0.341561,-0.702953,-0.150918,0.129963,0.083041,0.005986,1,2.279411,-2.279411,-0.182901,0.038824,0.459330,-0.834101,5.864426,6.088563,-63.920181,5.864426,6.088563,-63.920181,0.078779,0.250000,0.750000,2.000000,1.500000,1.000000,0.000866,1,0,0.151221,0.230000,0.057608,0.138326,0.795848,1,1,1,1,1,0.123000,0,0,0,0,0,0,0,0,0,0,0,1,0.020000,0.000000,0.000000,0.000000,0.000000,0.000000,0.000000,0.000000,0.000000,0.000000,0.000000,0.000000,0.000000,0.000000,0.000000,0.000000,0.000000,0.000000,0.000000,0.000000,0.000000
52849,0.801632,0.045402,0.014101,-0.595924,9.600000,-8.200000,-16.799999,0.099000,-0.184000,-0.388000,23.295385,100290.203125,86.509995,86.180000,0.330000,0.290000,12,1,1,1,3,24,1,24,37.5417737,127.0795319,27.680,0.350000,0.769000,0.122000,0.065000,0.012000,0.094000,1347,1470,1428,1355,1387.500000,1412.500000,1408.500000,1391.500000,-25.000000,17.000000,1400.000000,1,0,1,1,1,0.000000,0.000000,0,1,1,1,1,15003,0.005000,0,0.359239,-0.689155,-0.164911,0.221840,0.189214,0.012645,1,2.261802,-2.261802,-0.156208,0.046295,1.771311,1.281536,6.866884,5.779119,-65.557526,6.866884,5.779119,-65.557526,0.089958,0.250000,0.750000,2.000000,1.500000,1.000000,0.001133,1,0,0.160042,0.250000,0.054952,0.123778,0.793610,0,0,0,0,0,0.123000,0,0,0,0,0,0,0,0,0,0,0,1,0.023000,0.000000,0.000000,0.000000,0.000000,0.000000,0.000000,0.000000,0.000000,0.000000,0.000000,0.000000,0.000000,0.000000,0.000000,0.000000,0.000000,0.000000,0.000000,0.000000,0.000000
52955,0.791093,0.050306,0.007901,-0.609572,-28.400000,7.300000,-27.000000,0.127000,0.192000,-1.371000,23.295105,100290.500000,86.479996,86.180000,0.300000,0.290000,32,1,1,1,3,24,1,24,37.5417738,127.0795321,27.724,0.349000,0.769000,0.173000,0.141000,-0.028000,0.102000,1322,1505,1432,1341,1377.000000,1423.000000,1413.500000,1386.500000,-46.000000,27.000000,1400.000000,1,0,1,1,1,0.000000,0.000000,0,1,1,1,1,15003,0.005000,0,0.362271,-0.683665,-0.156332,0.145255,0.180618,0.200276,1,2.259154,-2.259154,0.059120,0.044288,1.593427,-0.046519,7.537569,5.631789,-67.673355,7.537569,5.631789,-67.673355,0.092099,0.250000,0.750000,2.000000,1.500000,1.000000,0.001194,1,0,0.157901,0.250000,0.050036,0.072879,0.789504,1,1,1,1,1,0.130000,0,0,0,0,0,0,0,0,0,0,0,1,0.020000,0.000000,0.000000,0.000000,0.000000,0.000000,0.000000,0.000000,0.000000,0.000000,0.000000,0.000000,0.000000,0.000000,0.000000,0.000000,0.000000,0.000000,0.000000,0.000000,0.000000
53054,0.780450,0.048603,0.010401,-0.623240,-18.500000,0.100000,-23.200001,-0.037000,-0.340000,-0.828000,23.295946,100292.703125,86.299995,86.180000,0.120000,0.260000,0,1,1,1,3,24,1,24,37.5417741,127.0795323,27.728,0.350000,0.769000,0.192000,0.195000,-0.010000,0.114000,1330,1523,1428,1319,1379.000000,1421.000000,1426.500000,1373.500000,-42.000000,53.000000,1400.000000,1,0,1,1,1,0.000000,0.000000,0,1,1,1,1,15003,0.002000,0,0.371295,-0.672276,-0.169777,0.170685,0.188686,-0.016527,1,2.263171,-2.263171,0.036762,0.039131,1.041717,0.473669,7.531743,5.899685,-69.810242,7.531743,5.899685,-69.810242,0.074869,0.250000,0.750000,2.000000,1.500000,1.000000,0.000791,1,0,0.165131,0.240000,0.047902,0.029554,0.787734,1,1,1,1,1,0.123000,1,0,0,0,0,0,0,0,0,0,0,1,0.020000,0.000000,0.000000,0.000000,0.000000,0.000000,0.000000,0.000000,0.000000,0.000000,0.000000,0.000000,0.000000,0.000000,0.000000,0.000000,0.000000,0.000000,0.000000,0.000000,0.000000
53154,0.770743,0.037502,0.022701,-0.635636,-16.299999,-4.000000,-20.900000,0.307000,0.119000,-1.822000,23.295422,100290.500000,86.479996,86.180000,0.300000,0.260000,8,1,1,1,3,24,1,24,37.5417744,127.0795325,27.689,0.350000,0.769000,0.221000,0.182000,0.052000,0.113000,1338,1533,1416,1313,1377.000000,1423.000000,1435.500000,1364.500000,-46.000000,71.000000,1400.000000,1,0,1,1,1,0.000000,0.000000,0,1,1,1,1,15003,0.002000,0,0.384294,-0.661629,-0.164687,0.139464,0.182688,0.038254,1,2.263603,-2.263603,-0.000503,0.036168,0.696857,-0.573996,5.668251,6.372259,-71.853531,5.668251,6.372259,-71.853531,0.057786,0.250000,0.750000,2.000000,1.500000,1.000000,0.000471,1,0,0.162214,0.220000,0.048224,0.043240,0.788000,1,1,1,1,1,0.126000,1,0,0,0,0,0,0,0,0,0,0,1,0.020000,0.000000,0.000000,0.000000,0.000000,0.000000,0.000000,0.000000,0.000000,0.000000,0.000000,0.000000,0.000000,0.000000,0.000000,0.000000,0.000000,0.000000,0.000000,0.000000,0.000000
53253,0.756947,0.033202,0.027802,-0.652040,-33.000000,-9.000000,-33.799999,0.672000,-0.204000,-1.057000,23.287146,100288.000000,86.699997,86.180000,0.520000,0.290000,0,1,1,1,3,24,1,24,37.5417748,127.0795328,27.673,0.350000,0.770000,0.307000,0.233000,0.076000,0.112000,1318,1589,1440,1253,1379.000000,1421.000000,1453.500000,1346.500000,-42.000000,107.000000,1400.000000,1,0,1,1,1,0.000000,0.000000,0,1,1,1,1,15003,0.002000,0,0.401332,-0.645499,-0.153228,0.130839,0.200655,-0.060211,1,2.256514,-2.256514,-0.212627,0.037552,0.456901,-3.123136,4.662945,6.804611,-74.495247,4.662945,6.804611,-74.495247,0.065989,0.250000,0.750000,2.000000,1.500000,1.000000,0.000610,1,0,0.164011,0.230000,0.054711,0.120799,0.793408,1,1,1,1,1,0.120000,0,0,0,0,0,0,0,0,0,0,0,1,0.020000,0.000000,0.000000,0.000000,0.000000,0.000000,0.000000,0.000000,0.000000,0.000000,0.000000,0.000000,0.000000,0.000000,0.000000,0.000000,0.000000,0.000000,0.000000,0.000000,0.000000
53350,0.738564,0.023302,0.037103,-0.672758,-5.100000,1.400000,-39.900002,-0.276000,-0.207000,-0.709000,23.295439,100290.398438,86.489998,86.180000,0.310000,0.290000,3,1,1,1,3,24,1,24,37.5417748,127.0795328,27.673,0.350000,0.770000,0.307000,0.233000,0.076000,0.112000,1268,1596,1479,1257,1373.500000,1426.500000,1432.000000,1368.000000,-53.000000,64.000000,1400.000000,1,0,1,1,1,0.000000,0.000000,0,1,1,1,1,15003,0.001000,0,0.409867,-0.627641,-0.183014,0.064926,0.184712,-0.237222,1,2.226159,-2.226159,-0.368364,0.045440,1.780292,0.287500,2.817842,7.142472,-78.057968,2.817842,7.142472,-78.057968,0.071307,0.250000,0.750000,2.000000,1.500000,1.000000,0.000708,1,0,0.178693,0.250000,0.060587,0.175840,0.798371,0,0,0,0,0,0.120000,0,0,0,0,0,0,0,0,0,0,0,1,0.020000,0.000000,0.000000,0.000000,0.000000,0.000000,0.000000,0.000000,0.000000,0.000000,0.000000,0.000000,0.000000,0.000000,0.000000,0.000000,0.000000,0.000000,0.000000,0.000000,0.000000
53448,0.718734,0.021401,0.041202,-0.693733,-25.700001,11.100000,-30.899998,0.031000,0.163000,-1.952000,23.293352,100288.203125,86.680000,86.180000,0.500000,0.330000,12,1,1,1,3,24,1,24,37.5417751,127.0795331,27.690,0.350000,0.770000,0.238000,0.229000,0.063000,0.110000,1294,1598,1449,1259,1371.500000,1428.500000,1446.000000,1354.000000,-57.000000,92.000000,1400.000000,1,0,1,1,1,0.000000,0.000000,0,1,1,1,1,15003,0.001000,0,0.421584,-0.605200,-0.164803,0.101544,0.288852,0.056164,1,2.191922,-2.191922,-0.330808,0.040198,1.178114,-1.108435,1.917048,7.522995,-81.510887,1.917048,7.522995,-81.510887,0.131215,0.250000,0.750000,2.000000,1.500000,1.000000,0.002422,1,0,0.158785,0.290000,0.050430,0.065859,0.789831,1,1,1,1,1,0.135000,1,0,0,0,0,0,0,0,0,0,0,1,0.020000,0.000000,0.000000,0.000000,0.000000,0.000000,0.000000,0.000000,0.000000,0.000000,0.000000,0.000000,0.000000,0.000000,0.000000,0.000000,0.000000,0.000000,0.000000,0.000000,0.000000
53558,0.701099,0.012002,0.051507,-0.711100,-19.600000,-9.600000,-23.200001,0.089000,-0.257000,-0.204000,23.293001,100288.601563,86.650002,86.180000,0.470000,0.350000,24,1,1,1,3,24,1,24,37.5417752,127.0795331,27.663,0.349000,0.769000,0.047000,0.087000,0.108000,0.115000,1326,1598,1435,1242,1380.500000,1420.000000,1462.000000,1338.500000,-39.500000,123.500000,1400.000000,1,0,1,1,1,0.000000,0.000000,0,1,1,1,1,15003,0.002000,0,0.415617,-0.604241,-0.158319,0.026958,0.147200,0.125552,1,2.157516,-2.157516,-0.294675,0.040574,1.388808,0.033382,-0.078607,7.655455,-84.485367,-0.078607,7.655455,-84.485367,0.156700,0.250000,0.750000,2.000000,1.500000,1.000000,0.003455,1,0,0.153300,0.310000,0.050331,0.078079,0.789749,1,1,1,1,1,0.118000,0,0,0,0,0,0,0,0,0,0,0,1,0.020000,0.000000,0.000000,0.000000,0.000000,0.000000,0.000000,0.000000,0.000000,0.000000,0.000000,0.000000,0.000000,0.000000,0.000000,0.000000,0.000000,0.000000,0.000000,0.000000,0.000000
53647,0.687368,0.008701,0.058806,-0.723872,-4.000000,18.799999,-25.700001,-0.090000,0.046000,-1.243000,23.300856,100290.500000,86.479996,86.180000,0.300000,0.350000,27,1,1,1,3,24,1,24,37.5417753,127.0795334,27.676,0.349000,0.769000,0.097000,0.152000,0.099000,0.106000,1294,1605,1437,1264,1365.500000,1434.500000,1449.500000,1350.500000,-69.000000,99.000000,1400.000000,1,0,1,1,1,0.000000,0.000000,0,1,1,1,1,15003,0.002000,0,0.415785,-0.593989,-0.160443,0.040965,0.199490,0.048392,1,2.130067,-2.130067,-0.346747,0.037087,0.804893,-1.415134,-1.303932,8.093893,-86.647881,-1.303932,8.093893,-86.647881,0.155458,0.250000,0.750000,2.000000,1.500000,1.000000,0.003409,1,0,0.154542,0.310000,0.047793,0.033072,0.787644,1,1,1,1,1,0.125000,0,0,0,0,0,0,0,0,0,0,0,1,0.020000,0.000000,0.000000,0.000000,0.000000,0.000000,0.000000,0.000000,0.000000,0.000000,0.000000,0.000000,0.000000,0.000000,0.000000,0.000000,0.000000,0.000000,0.000000,0.000000,0.000000
53750,0.672833,0.008100,0.067803,-0.736636,4.000000,2.100000,-25.600000,0.367000,0.488000,-1.438000,23.298313,100290.898438,86.449997,86.180000,0.270000,0.360000,0,1,1,1,3,24,1,24,37.5417754,127.0795335,27.652,0.349000,0.768000,0.081000,0.096000,0.120000,0.113000,1316,1595,1418,1271,1367.000000,1433.000000,1455.500000,1344.500000,-66.000000,111.000000,1400.000000,1,0,1,1,1,0.000000,0.000000,0,1,1,1,1,15003,0.002000,0,0.415835,-0.586607,-0.160579,0.021177,0.122715,0.020003,1,2.088690,-2.088690,-0.464415,0.037184,0.624182,-1.686864,-2.340743,8.716662,-88.937050,-2.340743,8.716662,-88.937050,0.162970,0.250000,0.750000,2.000000,1.500000,1.000000,0.003720,1,0,0.167030,0.330000,0.054568,0.132886,0.793288,1,1,1,1,1,0.126000,1,0,0,0,0,0,0,0,0,0,0,1,0.026000,0.000000,0.000000,0.000000,0.000000,0.000000,0.000000,0.000000,0.000000,0.000000,0.000000,0.000000,0.000000,0.000000,0.000000,0.000000,0.000000,0.000000,0.000000,0.000000,0.000000
53847,0.661870,0.009001,0.070107,-0.746279,2.000000,-2.400000,-19.799999,0.041000,0.263000,-0.890000,23.300049,100290.898438,86.449997,86.180000,0.270000,0.340000,0,1,1,1,3,24,1,24,37.5417754,127.0795335,27.652,0.349000,0.768000,0.081000,0.096000,0.120000,0.113000,1322,1566,1422,1290,1372.000000,1428.000000,1444.000000,1356.000000,-56.000000,88.000000,1400.000000,1,0,1,1,1,0.000000,0.000000,0,1,1,1,1,15003,0.002000,0,0.422952,-0.572108,-0.188788,0.117319,0.154964,-0.137874,1,2.033196,-2.033196,-0.583580,0.046156,1.840963,-0.462130,-2.794959,9.006860,-90.792068,-2.794959,9.006860,-90.792068,0.119378,0.250000,0.750000,2.000000,1.500000,1.000000,0.001981,1,0,0.180622,0.300000,0.061541,0.187711,0.799182,0,0,0,0,0,0.126000,1,0,0,0,0,0,0,0,0,0,0,1,0.020000,0.000000,0.000000,0.000000,0.000000,0.000000,0.000000,0.000000,0.000000,0.000000,0.000000,0.000000,0.000000,0.000000,0.000000,0.000000,0.000000,0.000000,0.000000,0.000000,0.000000
53955,0.651863,0.008301,0.065306,-0.755474,-26.000000,-1.300000,-16.600000,0.241000,-0.043000,-1.160000,23.294720,100290.898438,86.449997,86.180000,0.270000,0.340000,0,1,1,1,3,24,1,24,37.5417755,127.0795337,27.688,0.349000,0.767000,0.094000,0.117000,0.077000,0.105000,1344,1561,1410,1285,1377.000000,1423.000000,1452.500000,1347.500000,-46.000000,105.000000,1400.000000,1,0,1,1,1,0.000000,0.000000,0,1,1,1,1,15003,0.002000,0,0.430960,-0.564055,-0.169121,0.150141,0.151256,0.071639,1,1.975105,-1.975105,-0.559362,0.045383,1.583412,0.404980,-2.532212,8.625649,-92.157425,-2.532212,8.625649,-92.157425,0.144074,0.250000,0.750000,2.000000,1.500000,1.000000,0.002925,1,0,0.165926,0.310000,0.048789,0.053819,0.788468,1,1,1,1,1,0.128000,0,0,0,0,0,0,0,0,0,0,0,1,0.020000,0.000000,0.000000,0.000000,0.000000,0.000000,0.000000,0.000000,0.000000,0.000000,0.000000,0.000000,0.000000,0.000000,0.000000,0.000000,0.000000,0.000000,0.000000,0.000000,0.000000
54057,0.645851,0.010501,0.057004,-0.761260,20.299999,-8.000000,-11.100000,0.111000,0.032000,-0.798000,23.297962,100290.898438,86.449997,86.180000,0.270000,0.330000,0,1,1,1,3,24,1,24,37.5417757,127.0795336,27.690,0.348000,0.767000,0.102000,-0.005000,0.082000,0.109000,1343,1520,1420,1316,1381.500000,1418.000000,1431.500000,1368.000000,-36.500000,63.500000,1400.000000,1,0,1,1,1,0.000000,0.000000,0,1,1,1,1,15003,0.002000,0,0.437082,-0.574541,-0.165259,0.113488,0.028906,0.086905,1,1.916309,-1.916309,-0.574220,0.041893,1.229125,1.039685,-1.694664,8.066956,-93.127892,-1.694664,8.066956,-93.127892,0.137078,0.250000,0.750000,2.000000,1.500000,1.000000,0.002649,1,0,0.162922,0.300000,0.048512,0.031514,0.788239,1,1,1,1,1,0.122000,1,0,0,0,0,0,0,0,0,0,0,1,0.020000,0.000000,0.000000,0.000000,0.000000,0.000000,0.000000,0.000000,0.000000,0.000000,0.000000,0.000000,0.000000,0.000000,0.000000,0.000000,0.000000,0.000000,0.000000,0.000000,0.000000
54153,0.643252,0.014401,0.048804,-0.763962,-6.300000,7.100000,1.100000,0.153000,0.123000,-1.390000,23.301416,100292.304688,86.330002,86.180000,0.150000,0.320000,7,1,1,1,3,24,1,24,37.5417758,127.0795337,27.715,0.348000,0.767000,0.086000,0.009000,0.054000,0.103000,1356,1517,1395,1332,1375.500000,1424.500000,1436.500000,1363.500000,-49.000000,73.000000,1400.000000,1,0,1,1,1,0.000000,0.000000,0,1,1,1,1,15003,0.002000,0,0.444730,-0.577380,-0.174753,0.123773,0.029312,-0.001746,1,1.859205,-1.859205,-0.627662,0.036776,0.854999,-1.181376,-0.847877,7.909027,-93.516281,-0.847877,7.909027,-93.516281,0.110664,0.250000,0.750000,2.000000,1.500000,1.000000,0.001725,1,0,0.169336,0.280000,0.049035,0.051882,0.788672,1,1,1,1,1,0.125000,1,0,0,0,0,0,0,0,0,0,0,1,0.020000,0.000000,0.000000,0.000000,0.000000,0.000000,0.000000,0.000000,0.000000,0.000000,0.000000,0.000000,0.000000,0.000000,0.000000,0.000000,0.000000,0.000000,0.000000,0.000000,0.000000
54254,0.643652,0.019602,0.041103,-0.763962,13.100000,-5.900000,7.000000,0.236000,-0.073000,-0.256000,23.295929,100289.304688,86.580002,86.180000,0.400000,0.330000,1,1,1,1,3,25,1,25,37.5417758,127.0795337,27.730,0.348000,0.766000,0.048000,-0.029000,0.045000,0.117000,1364,1489,1398,1349,1381.000000,1419.000000,1426.500000,1373.500000,-38.000000,53.000000,1400.000000,1,0,1,1,1,0.000000,0.000000,0,1,1,1,1,15003,0.002000,0,0.448622,-0.583635,-0.169043,0.091372,-0.016090,0.034082,1,1.794620,-1.794620,-0.658592,0.038564,0.460202,0.733900,0.289927,7.808221,-93.564980,0.289927,7.808221,-93.564980,0.104852,0.250000,0.750000,2.000000,1.500000,1.000000,0.001543,1,0,0.175148,0.280000,0.052429,0.104502,0.791497,1,1,1,1,1,0.122000,1,0,0,0,0,0,0,0,0,0,0,1,0.020000,0.000000,0.000000,0.000000,0.000000,0.000000,0.000000,0.000000,0.000000,0.000000,0.000000,0.000000,0.000000,0.000000,0.000000,0.000000,0.000000,0.000000,0.000000,0.000000,0.000000
54347,0.646649,0.026002,0.034603,-0.761558,-5.800000,6.200000,11.100000,0.048000,-0.063000,-0.730000,23.297297,100289.804688,86.540001,86.180000,0.360000,0.330000,0,1,1,1,3,25,1,25,37.5417758,127.0795337,27.730,0.348000,0.766000,0.048000,-0.029000,0.045000,0.117000,1368,1481,1389,1362,1378.500000,1421.500000,1424.500000,1375.500000,-43.000000,49.000000,1400.000000,1,0,1,1,1,0.000000,0.000000,0,1,1,1,1,15003,0.001000,0,0.462764,-0.583045,-0.189267,0.197835,0.037127,-0.060345,1,1.728242,-1.728242,-0.723425,0.045737,1.732598,0.486623,1.330247,7.926570,-93.133865,1.330247,7.926570,-93.133865,0.107275,0.250000,0.750000,2.000000,1.500000,1.000000,0.001601,1,0,0.182725,0.290000,0.060982,0.170062,0.798707,0,0,0,0,0,0.122000,1,0,0,0,0,0,0,0,0,0,0,1,0.020000,0.000000,0.000000,0.000000,0.000000,0.000000,0.000000,0.000000,0.000000,0.000000,0.000000,0.000000,0.000000,0.000000,0.000000,0.000000,0.000000,0.000000,0.000000,0.000000,0.000000
54448,0.651937,0.032002,0.033802,-0.756843,-3.200000,13.200000,10.600000,0.019000,0.087000,-1.100000,23.298874,100289.898438,86.529999,86.180000,0.350000,0.320000,12,1,1,1,3,25,1,25,37.5417758,127.0795338,27.768,0.348000,0.766000,0.032000,-0.006000,0.008000,0.090000,1362,1491,1371,1376,1366.500000,1433.500000,1426.500000,1373.500000,-67.000000,53.000000,1400.000000,1,0,1,1,1,0.000000,0.000000,0,1,1,1,1,15003,0.001000,0,0.464697,-0.589691,-0.185397,0.146989,-0.001511,0.081270,1,1.662273,-1.662273,-0.622379,0.040655,1.177581,0.886282,2.137846,8.298738,-92.230385,2.137846,8.298738,-92.230385,0.098879,0.250000,0.750000,2.000000,1.500000,1.000000,0.001375,1,0,0.181121,0.280000,0.051055,0.065516,0.790351,1,1,1,1,1,0.134000,0,0,0,0,0,0,0,0,0,0,0,1,0.020000,0.000000,0.000000,0.000000,0.000000,0.000000,0.000000,0.000000,0.000000,0.000000,0.000000,0.000000,0.000000,0.000000,0.000000,0.000000,0.000000,0.000000,0.000000,0.000000,0.000000
54549,0.657571,0.037204,0.034504,-0.751682,16.100000,8.400000,4.600000,0.051000,0.233000,-1.377000,23.300892,100290.703125,86.470001,86.180000,0.290000,0.320000,27,1,1,1,3,25,1,25,37.5417759,127.0795338,27.777,0.348000,0.766000,0.026000,-0.040000,0.004000,0.102000,1355,1490,1375,1380,1365.000000,1435.000000,1422.500000,1377.500000,-70.000000,45.000000,1400.000000,1,0,1,1,1,0.000000,0.000000,0,1,1,1,1,15003,0.002000,0,0.474625,-0.595734,-0.194992,0.157909,0.008235,-0.046301,1,1.599253,-1.599253,-0.639880,0.039042,1.290461,0.253576,2.618115,8.876886,-91.320457,2.618115,8.876886,-91.320457,0.090604,0.250000,0.750000,2.000000,1.500000,1.000000,0.001157,1,0,0.189396,0.280000,0.049013,0.061290,0.788654,1,1,1,1,1,0.119000,1,0,0,0,0,0,0,0,0,0,0,1,0.020000,0.000000,0.000000,0.000000,0.000000,0.000000,0.000000,0.000000,0.000000,0.000000,0.000000,0.000000,0.000000,0.000000,0.000000,0.000000,0.000000,0.000000,0.000000,0.000000,0.000000
54643,0.661565,0.040104,0.035503,-0.747973,-12.800000,13.900000,8.400000,-0.007000,-0.074000,-1.665000,23.295771,100290.898438,86.449997,86.180000,0.270000,0.320000,23,1,1,1,3,25,1,25,37.5417759,127.0795338,27.775,0.347000,0.766000,0.016000,-0.046000,0.013000,0.112000,1358,1503,1370,1369,1364.000000,1436.000000,1430.500000,1369.500000,-72.000000,61.000000,1400.000000,1,0,1,1,1,0.000000,0.000000,0,1,1,1,1,15003,0.001000,0,0.478409,-0.603145,-0.198521,0.093698,-0.056663,0.047963,1,1.544272,-1.544272,-0.541759,0.037895,0.750452,-0.320747,2.508826,9.121833,-90.594810,2.508826,9.121833,-90.594810,0.084764,0.250000,0.750000,2.000000,1.500000,1.000000,0.001012,1,0,0.195236,0.280000,0.048861,0.031948,0.788528,1,1,1,1,1,0.125000,1,0,0,0,0,0,0,0,0,0,0,1,0.020000,0.000000,0.000000,0.000000,0.000000,0.000000,0.000000,0.000000,0.000000,0.000000,0.000000,0.000000,0.000000,0.000000,0.000000,0.000000,0.000000,0.000000,0.000000,0.000000,0.000000
54745,0.664465,0.041404,0.034503,-0.745373,-0.200000,2.400000,3.900000,0.199000,-0.123000,-1.013000,23.297928,100290.898438,86.449997,86.180000,0.270000,0.300000,39,1,1,1,3,25,1,25,37.5417760,127.0795338,27.772,0.347000,0.766000,0.052000,-0.041000,0.022000,0.102000,1351,1501,1391,1357,1371.000000,1429.000000,1426.000000,1374.000000,-58.000000,52.000000,1400.000000,1,0,1,1,1,0.000000,0.000000,0,1,1,1,1,15003,0.001000,0,0.485464,-0.609336,-0.195420,0.058205,-0.032228,0.051762,1,1.489310,-1.489310,-0.524315,0.037569,0.508122,0.626427,2.815223,9.236738,-90.138145,2.815223,9.236738,-90.138145,0.061508,0.250000,0.750000,2.000000,1.500000,1.000000,0.000530,1,0,0.198492,0.260000,0.054999,0.126868,0.793650,1,1,1,1,1,0.123000,1,0,0,0,0,0,0,0,0,0,0,1,0.023000,0.000000,0.000000,0.000000,0.000000,0.000000,0.000000,0.000000,0.000000,0.000000,0.000000,0.000000,0.000000,0.000000,0.000000,0.000000,0.000000,0.000000,0.000000,0.000000,0.000000
54854,0.666033,0.039902,0.032702,-0.744136,-4.700000,-4.600000,0.700000,0.201000,0.000000,-1.488000,23.301977,100292.703125,86.299995,86.180000,0.120000,0.280000,0,1,1,1,3,25,1,25,37.5417760,127.0795338,27.772,0.347000,0.766000,0.052000,-0.041000,0.022000,0.102000,1356,1501,1398,1345,1377.000000,1423.000000,1428.500000,1371.500000,-46.000000,57.000000,1400.000000,1,0,1,1,1,0.000000,0.000000,0,1,1,1,1,15003,0.002000,0,0.492367,-0.611594,-0.189718,0.060375,-0.004426,0.175808,1,1.438713,-1.438713,-0.392076,0.046910,1.700352,0.263873,2.807570,8.891590,-89.868683,2.807570,8.891590,-89.868683,0.065703,0.250000,0.750000,2.000000,1.500000,1.000000,0.000606,1,0,0.194297,0.260000,0.052052,0.094632,0.791183,0,0,0,0,0,0.123000,1,0,0,0,0,0,0,0,0,0,0,1,0.020000,0.000000,0.000000,0.000000,0.000000,0.000000,0.000000,0.000000,0.000000,0.000000,0.000000,0.000000,0.000000,0.000000,0.000000,0.000000,0.000000,0.000000,0.000000,0.000000,0.000000
54955,0.668268,0.035504,0.029803,-0.742475,-6.400000,-7.800000,5.500000,0.176000,0.119000,-0.745000,23.298613,100291.203125,86.430000,86.180000,0.250000,0.280000,0,1,1,1,3,25,1,25,37.5417760,127.0795339,27.784,0.347000,0.766000,0.027000,-0.018000,0.013000,0.102000,1368,1490,1395,1347,1381.500000,1418.500000,1429.000000,1371.000000,-37.000000,58.000000,1400.000000,1,0,1,1,1,0.000000,0.000000,0,1,1,1,1,15003,0.002000,0,0.492596,-0.611999,-0.191946,0.040099,0.055152,0.069046,1,1.398895,-1.398895,-0.381137,0.042793,1.282952,1.238467,2.488890,8.329675,-89.583687,2.488890,8.329675,-89.583687,0.047233,0.250000,0.750000,2.000000,1.500000,1.000000,0.000314,1,0,0.192767,0.240000,0.049000,0.031350,0.788644,1,1,1,1,1,0.131000,1,0,0,0,0,0,0,0,0,0,0,1,0.020000,0.000000,0.000000,0.000000,0.000000,0.000000,0.000000,0.000000,0.000000,0.000000,0.000000,0.000000,0.000000,0.000000,0.000000,0.000000,0.000000,0.000000,0.000000,0.000000,0.000000
55056,0.670851,0.032302,0.025302,-0.740456,-7.800000,-5.600000,8.700000,0.094000,0.039000,-0.649000,23.296455,100291.304688,86.419998,86.180000,0.240000,0.280000,0,1,1,1,3,25,1,25,37.5417760,127.0795340,27.799,0.347000,0.766000,-0.026000,0.001000,0.000000,0.078000,1375,1489,1387,1349,1381.000000,1419.000000,1432.000000,1368.000000,-38.000000,64.000000,1400.000000,1,0,1,1,1,0.000000,0.000000,0,1,1,1,1,15003,0.001000,0,0.492812,-0.609873,-0.194086,0.069476,0.097174,-0.039591,1,1.353772,-1.353772,-0.475322,0.042260,1.333449,-0.966137,2.469844,7.780867,-89.209282,2.469844,7.780867,-89.209282,0.051135,0.250000,0.750000,2.000000,1.500000,1.000000,0.000369,1,0,0.188865,0.240000,0.048418,0.031044,0.788161,1,1,1,1,1,0.120000,0,0,0,0,0,0,0,0,0,0,0,1,0.020000,0.000000,0.000000,0.000000,0.000000,0.000000,0.000000,0.000000,0.000000,0.000000,0.000000,0.000000,0.000000,0.000000,0.000000,0.000000,0.000000,0.000000,0.000000,0.000000,0.000000
55146,0.673145,0.031802,0.023602,-0.738449,-15.600000,7.600000,10.600000,0.029000,0.029000,-1.304000,23.303030,100292.000000,86.360001,86.180000,0.180000,0.260000,0,1,1,1,3,25,1,25,37.5417759,127.0795340,27.818,0.347000,0.767000,-0.033000,-0.022000,-0.015000,0.104000,1420,1545,1434,1402,1427.000000,1473.500000,1482.500000,1418.000000,-46.500000,64.500000,1450.000000,1,0,1,1,1,0.000000,0.000000,0,1,1,1,1,15003,0.002000,0,0.487743,-0.613965,-0.190244,-0.005857,0.032242,0.076052,1,1.312280,-1.312280,-0.405319,0.039147,0.858782,1.278901,2.475519,7.585020,-88.834183,2.475519,7.585020,-88.834183,0.031382,0.250000,0.937500,2.500000,1.500000,1.000000,0.000111,1,0,0.198618,0.230000,0.049273,0.142363,0.986088,1,1,1,1,1,0.126000,1,0,0,0,0,0,0,0,0,0,0,1,0.020000,0.000000,0.000000,0.000000,0.000000,0.000000,0.000000,0.000000,0.000000,0.000000,0.000000,0.000000,0.000000,0.000000,0.000000,0.000000,0.000000,0.000000,0.000000,0.000000,0.000000
55254,0.675441,0.035502,0.024702,-0.736145,15.200001,3.200000,7.600000,0.298000,0.059000,-0.228000,23.296946,100290.203125,86.509995,86.180000,0.330000,0.260000,1,1,1,1,3,25,1,25,37.5417759,127.0795341,27.814,0.348000,0.767000,-0.011000,-0.027000,-0.002000,0.109000,1402,1536,1444,1418,1423.000000,1477.000000,1469.000000,1431.000000,-54.000000,38.000000,1450.000000,1,0,1,1,1,0.000000,0.000000,0,1,1,1,1,15003,0.002000,0,0.488610,-0.615315,-0.186315,0.006447,-0.020200,0.034573,1,1.268313,-1.268313,-0.383677,0.039658,0.460236,1.360566,2.662614,7.946548,-88.320274,2.662614,7.946548,-88.320274,0.022386,0.250000,0.937500,2.500000,1.500000,1.000000,0.000057,1,0,0.187614,0.210000,0.043248,0.085455,0.979877,1,1,1,1,1,0.122000,0,0,0,0,0,0,0,0,0,0,0,1,0.020000,0.000000,0.000000,0.000000,0.000000,0.000000,0.000000,0.000000,0.000000,0.000000,0.000000,0.000000,0.000000,0.000000,0.000000,0.000000,0.000000,0.000000,0.000000,0.000000,0.000000
55347,0.676848,0.046603,0.020801,-0.734352,-4.900000,12.200000,1.300000,0.014000,0.357000,-2.021000,23.296770,100291.500000,86.400002,86.180000,0.220000,0.260000,0,1,1,1,3,25,1,25,37.5417759,127.0795341,27.814,0.348000,0.767000,-0.011000,-0.027000,-0.002000,0.109000,1381,1543,1443,1433,1412.000000,1488.000000,1462.000000,1438.000000,-76.000000,24.000000,1450.000000,1,0,1,1,1,0.000000,0.000000,0,1,1,1,1,15003,0.001000,0,0.489881,-0.615946,-0.187069,0.035759,0.013160,0.009340,1,1.232989,-1.232989,-0.401421,0.047901,1.737478,-1.621838,3.898193,8.578004,-87.954521,3.898193,8.578004,-87.954521,0.034705,0.250000,0.937500,2.500000,1.500000,1.000000,0.000135,1,0,0.185295,0.220000,0.051095,0.138335,0.987981,0,0,0,0,0,0.122000,0,0,0,0,0,0,0,0,0,0,0,1,0.020000,0.000000,0.000000,0.000000,0.000000,0.000000,0.000000,0.000000,0.000000,0.000000,0.000000,0.000000,0.000000,0.000000,0.000000,0.000000,0.000000,0.000000,0.000000,0.000000,0.000000
55447,0.679064,0.057205,0.016102,-0.731669,4.700000,0.200000,12.000000,0.433000,-0.380000,-0.874000,23.297314,100289.898438,86.529999,86.180000,0.350000,0.260000,12,1,1,1,3,25,1,25,37.5417759,127.0795341,27.834,0.348000,0.767000,0.008000,-0.031000,-0.019000,0.103000,1395,1533,1439,1433,1417.000000,1483.000000,1464.000000,1436.000000,-66.000000,28.000000,1450.000000,1,0,1,1,1,0.000000,0.000000,0,1,1,1,1,15003,0.005000,0,0.495758,-0.616898,-0.195109,0.178147,0.035771,-0.111531,1,1.187529,-1.187529,-0.487534,0.043039,1.178555,0.693681,5.143770,9.084960,-87.505150,5.143770,9.084960,-87.505150,0.027350,0.250000,0.937500,2.500000,1.500000,1.000000,0.000085,1,0,0.192650,0.220000,0.043353,0.053232,0.979985,1,1,1,1,1,0.139000,1,0,0,0,0,0,0,0,0,0,0,1,0.020000,0.000000,0.000000,0.000000,0.000000,0.000000,0.000000,0.000000,0.000000,0.000000,0.000000,0.000000,0.000000,0.000000,0.000000,0.000000,0.000000,0.000000,0.000000,0.000000,0.000000
55544,0.685155,0.041703,0.030602,-0.726558,-43.299999,-0.900000,10.800000,0.375000,0.103000,-1.582000,23.292423,100288.203125,86.680000,86.180000,0.500000,0.290000,22,1,1,1,3,25,1,25,37.5417760,127.0795341,27.844,0.347000,0.766000,0.051000,-0.019000,-0.027000,0.072000,1457,1557,1392,1393,1424.500000,1475.000000,1507.000000,1392.500000,-50.500000,114.500000,1450.000000,1,0,1,1,1,0.000000,0.000000,0,1,1,1,1,15003,0.002000,0,0.502590,-0.616692,-0.198077,0.176091,0.064789,-0.163542,1,1.134358,-1.134358,-0.636968,0.040273,0.774757,-0.935352,2.797709,8.911865,-86.750984,2.797709,8.911865,-86.750984,0.057761,0.250000,0.937500,2.500000,1.500000,1.000000,0.000379,1,0,0.192239,0.250000,0.041588,0.023182,0.978181,1,1,1,1,1,0.117000,1,0,0,0,0,0,0,0,0,0,0,1,0.023000,0.000000,0.000000,0.000000,0.000000,0.000000,0.000000,0.000000,0.000000,0.000000,0.000000,0.000000,0.000000,0.000000,0.000000,0.000000,0.000000,0.000000,0.000000,0.000000,0.000000
55643,0.695287,0.027503,0.038205,-0.717189,-11.700000,-0.200000,17.100000,0.251000,0.183000,-2.431000,23.300821,100291.101563,86.430000,86.180000,0.250000,0.290000,23,1,1,1,3,25,1,25,37.5417761,127.0795342,27.881,0.347000,0.766000,0.139000,-0.002000,-0.063000,0.075000,1461,1514,1393,1432,1427.000000,1473.000000,1487.500000,1412.500000,-46.000000,75.000000,1450.000000,1,0,1,1,1,0.000000,0.000000,0,1,1,1,1,15003,0.001000,0,0.523417,-0.614458,-0.205429,0.236976,0.050760,-0.121199,1,1.070572,-1.070572,-0.693169,0.040227,0.854513,-0.931647,0.973637,8.365247,-85.347649,0.973637,8.365247,-85.347649,0.048877,0.250000,0.937500,2.500000,1.500000,1.000000,0.000271,1,0,0.201123,0.250000,0.041545,0.025126,0.978137,1,1,1,1,1,0.122000,1,0,0,0,0,0,0,0,0,0,0,1,0.020000,0.000000,0.000000,0.000000,0.000000,0.000000,0.000000,0.000000,0.000000,0.000000,0.000000,0.000000,0.000000,0.000000,0.000000,0.000000,0.000000,0.000000,0.000000,0.000000,0.000000
55744,0.710145,0.032202,0.037002,-0.702345,-0.100000,11.500000,25.500000,0.082000,-0.208000,-1.666000,23.298525,100290.101563,86.519997,86.180000,0.340000,0.290000,38,1,1,1,3,25,1,25,37.5417762,127.0795343,27.910,0.347000,0.766000,0.131000,0.018000,-0.087000,0.084000,1453,1496,1373,1479,1413.000000,1487.500000,1474.500000,1426.000000,-74.500000,48.500000,1450.000000,1,0,1,1,1,0.000000,0.000000,0,1,1,1,1,15003,0.002000,0,0.545573,-0.611176,-0.218458,0.238199,0.063783,-0.162583,1,0.999983,-0.999983,-0.724555,0.040166,0.483984,-1.990896,1.717859,8.541203,-83.152161,1.717859,8.541203,-83.152161,0.034865,0.250000,0.937500,2.500000,1.500000,1.000000,0.000137,1,0,0.215135,0.250000,0.047519,0.110698,0.984272,1,1,1,1,1,0.122000,1,0,0,0,0,0,0,0,0,0,0,1,0.022000,0.000000,0.000000,0.000000,0.000000,0.000000,0.000000,0.000000,0.000000,0.000000,0.000000,0.000000,0.000000,0.000000,0.000000,0.000000,0.000000,0.000000,0.000000,0.000000,0.000000
55854,0.727969,0.035203,0.044404,-0.683265,16.100000,5.500000,23.400000,-0.158000,-0.654000,-0.814000,23.302118,100291.898438,86.369995,86.180000,0.190000,0.310000,0,1,1,1,3,25,1,25,37.5417762,127.0795343,27.910,0.347000,0.766000,0.131000,0.018000,-0.087000,0.084000,1469,1490,1358,1483,1413.500000,1486.500000,1479.500000,1420.500000,-73.000000,59.000000,1450.000000,1,0,1,1,1,0.000000,0.000000,0,1,1,1,1,15003,0.002000,0,0.572828,-0.599243,-0.238895,0.278778,0.142312,-0.103698,1,0.921992,-0.921992,-0.660789,0.049991,1.702335,0.795826,1.951254,9.208232,-80.247017,1.951254,9.208232,-80.247017,0.050761,0.250000,0.937500,2.500000,1.500000,1.000000,0.000292,1,0,0.229239,0.280000,0.044845,0.076707,0.981516,0,0,0,0,0,0.122000,1,0,0,0,0,0,0,0,0,0,0,1,0.020000,0.000000,0.000000,0.000000,0.000000,0.000000,0.000000,0.000000,0.000000,0.000000,0.000000,0.000000,0.000000,0.000000,0.000000,0.000000,0.000000,0.000000,0.000000,0.000000,0.000000
55958,0.744439,0.026701,0.055603,-0.664835,-50.099998,-8.000000,27.000000,0.030000,0.499000,0.033000,23.303801,100288.703125,86.629997,86.180000,0.450000,0.330000,3,1,1,1,3,25,1,25,37.5417763,127.0795345,27.945,0.347000,0.765000,0.105000,0.082000,-0.118000,0.098000,1493,1472,1353,1482,1423.000000,1477.000000,1482.500000,1417.500000,-54.000000,65.000000,1450.000000,1,0,1,1,1,0.000000,0.000000,0,1,1,1,1,15003,0.002000,0,0.594039,-0.584030,-0.256003,0.242439,0.221292,-0.174810,1,0.849388,-0.849388,-0.728738,0.043812,1.276642,1.890368,0.637180,9.499434,-77.584457,0.637180,9.499434,-77.584457,0.035663,0.250000,0.937500,2.500000,1.500000,1.000000,0.000144,1,0,0.254337,0.290000,0.046733,0.081837,0.983460,1,1,1,1,1,0.132000,1,0,0,0,0,0,0,0,0,0,0,1,0.020000,0.000000,0.000000,0.000000,0.000000,0.000000,0.000000,0.000000,0.000000,0.000000,0.000000,0.000000,0.000000,0.000000,0.000000,0.000000,0.000000,0.000000,0.000000,0.000000,0.000000
56058,0.761234,0.025101,0.052902,-0.645829,37.400002,11.400000,17.200001,0.115000,-0.261000,-1.797000,23.302172,100289.101563,86.599998,86.180000,0.420000,0.350000,1,1,1,1,3,25,1,25,37.5417764,127.0795347,27.996,0.346000,0.765000,0.142000,0.134000,-0.163000,0.100000,1469,1450,1364,1517,1416.500000,1483.500000,1459.500000,1440.500000,-67.000000,19.000000,1450.000000,1,0,1,1,1,0.000000,0.000000,0,1,1,1,1,15003,0.001000,0,0.624363,-0.563627,-0.272118,0.337976,0.284184,-0.192668,1,0.771008,-0.771008,-0.780768,0.046119,1.404426,0.432639,0.910228,9.187415,-74.753296,0.910228,9.187415,-74.753296,0.040573,0.250000,0.937500,2.500000,1.500000,1.000000,0.000187,1,0,0.259427,0.300000,0.042348,0.027687,0.978957,1,1,1,1,1,0.123000,1,0,0,0,0,0,0,0,0,0,0,1,0.020000,0.000000,0.000000,0.000000,0.000000,0.000000,0.000000,0.000000,0.000000,0.000000,0.000000,0.000000,0.000000,0.000000,0.000000,0.000000,0.000000,0.000000,0.000000,0.000000,0.000000
56153,0.775598,0.026603,0.041805,-0.629279,23.700001,-8.700000,27.299999,-0.183000,-0.916000,-1.537000,23.301416,100288.898438,86.619995,86.180000,0.440000,0.360000,7,1,1,1,3,24,1,24,37.5417766,127.0795352,28.021,0.346000,0.765000,0.145000,0.236000,-0.180000,0.110000,1499,1426,1373,1502,1436.000000,1464.000000,1462.500000,1437.500000,-28.000000,25.000000,1450.000000,1,0,1,1,1,0.000000,0.000000,0,1,1,1,1,15003,0.002000,0,0.647245,-0.536584,-0.286456,0.257746,0.310495,-0.165198,1,0.697770,-0.697770,-0.788124,0.040378,0.800630,-1.369234,2.593104,8.207942,-72.108688,2.593104,8.207942,-72.108688,0.036067,0.250000,0.937500,2.500000,1.500000,1.000000,0.000148,1,0,0.283933,0.320000,0.043070,0.040120,0.979695,1,1,1,1,1,0.123000,1,0,0,0,0,0,0,0,0,0,0,1,0.020000,0.000000,0.000000,0.000000,0.000000,0.000000,0.000000,0.000000,0.000000,0.000000,0.000000,0.000000,0.000000,0.000000,0.000000,0.000000,0.000000,0.000000,0.000000,0.000000,0.000000
56256,0.788568,0.014601,0.037103,-0.613653,-2.000000,-4.700000,26.200001,0.120000,-0.208000,-1.922000,23.298174,100288.398438,86.659996,86.180000,0.480000,0.380000,0,1,1,1,3,24,1,24,37.5417767,127.0795355,28.057,0.346000,0.765000,0.156000,0.201000,-0.206000,0.107000,1522,1448,1356,1474,1439.000000,1461.000000,1485.000000,1415.000000,-22.000000,70.000000,1450.000000,1,0,1,1,1,0.000000,0.000000,0,1,1,1,1,15003,0.002000,0,0.673777,-0.511453,-0.295432,0.272725,0.252229,-0.112701,1,0.614971,-0.614971,-0.828794,0.042154,0.509845,-0.270836,2.517349,6.710142,-69.714027,2.517349,6.710142,-69.714027,0.036465,0.250000,0.937500,2.500000,1.500000,1.000000,0.000150,1,0,0.293535,0.330000,0.045712,0.080660,0.982408,1,1,1,1,1,0.125000,1,0,0,0,0,0,0,0,0,0,0,1,0.020000,0.000000,0.000000,0.000000,0.000000,0.000000,0.000000,0.000000,0.000000,0.000000,0.000000,0.000000,0.000000,0.000000,0.000000,0.000000,0.000000,0.000000,0.000000,0.000000,0.000000
56350,0.799798,0.001600,0.036204,-0.599174,33.799999,-6.400000,23.299999,-0.191000,-0.323000,-1.074000,23.299049,100288.203125,86.680000,86.180000,0.500000,0.410000,0,1,1,1,3,24,1,24,37.5417767,127.0795355,28.057,0.346000,0.765000,0.156000,0.201000,-0.206000,0.107000,1526,1428,1363,1482,1444.500000,1455.000000,1477.000000,1422.500000,-10.500000,54.500000,1450.000000,1,0,1,1,1,0.000000,0.000000,0,1,1,1,1,15003,0.005000,0,0.701588,-0.482735,-0.314262,0.315910,0.357818,-0.162568,1,0.533462,-0.533462,-0.873479,0.053366,1.857787,-0.225338,1.673279,5.680027,-67.466347,1.673279,5.680027,-67.466347,0.057050,0.250000,0.750000,2.500000,1.200000,1.000000,0.000456,1,0,0.302950,0.360000,0.054859,0.071194,0.793532,0,0,0,0,0,0.125000,1,0,0,0,0,0,0,0,0,0,0,1,0.020000,0.000000,0.000000,0.000000,0.000000,0.000000,0.000000,0.000000,0.000000,0.000000,0.000000,0.000000,0.000000,0.000000,0.000000,0.000000,0.000000,0.000000,0.000000,0.000000,0.000000
56464,0.813051,-0.005200,0.036302,-0.581036,11.900000,4.900000,16.500000,-0.040000,-0.123000,-2.096000,23.301365,100286.703125,86.799995,86.180000,0.620000,0.430000,0,1,1,1,3,24,1,24,37.5417770,127.0795362,28.120,0.346000,0.765000,0.271000,0.386000,-0.252000,0.106000,1528,1438,1344,1490,1436.000000,1464.000000,1483.000000,1417.000000,-28.000000,66.000000,1450.000000,1,0,1,1,1,0.000000,0.000000,0,1,1,1,1,15003,0.002000,0,0.748638,-0.424027,-0.359019,0.444111,0.478822,-0.287615,1,0.436370,-0.436370,-0.857740,0.048148,1.523639,0.150224,1.310116,5.012756,-64.758003,1.310116,5.012756,-64.758003,0.030462,0.250000,0.750000,2.500000,1.200000,1.000000,0.000130,1,0,0.339538,0.370000,0.053271,0.049573,0.792201,0,0,0,0,0,0.130000,0,0,0,0,0,0,0,0,0,0,0,1,0.020000,0.000000,0.000000,0.000000,0.000000,0.000000,0.000000,0.000000,0.000000,0.000000,0.000000,0.000000,0.000000,0.000000,0.000000,0.000000,0.000000,0.000000,0.000000,0.000000,0.000000
56554,0.823056,-0.012401,0.038203,-0.566539,34.099998,0.000000,22.600000,-0.241000,-0.579000,-1.621000,23.302486,100286.804688,86.799995,86.180000,0.620000,0.480000,4,1,1,1,3,24,1,24,37.5417773,127.0795367,28.150,0.345000,0.765000,0.313000,0.340000,-0.250000,0.100000,1541,1423,1343,1494,1442.000000,1458.500000,1482.000000,1418.500000,-16.500000,63.500000,1450.000000,1,0,1,1,1,0.000000,0.000000,0,1,1,1,1,15003,0.002000,0,0.783640,-0.389374,-0.384627,0.419898,0.412074,-0.230539,1,0.362297,-0.362297,-0.821765,0.039793,1.036108,1.051185,1.373611,4.581830,-62.691669,1.373611,4.581830,-62.691669,0.058475,0.250000,0.750000,2.500000,1.200000,1.000000,0.000480,1,0,0.381525,0.440000,0.053057,0.069610,0.792022,1,1,1,1,1,0.119000,1,0,0,0,0,0,0,0,0,0,0,1,0.021000,0.000000,0.000000,0.000000,0.000000,0.000000,0.000000,0.000000,0.000000,0.000000,0.000000,0.000000,0.000000,0.000000,0.000000,0.000000,0.000000,0.000000,0.000000,0.000000,0.000000
56653,0.833792,-0.019302,0.040404,-0.550260,8.300000,-19.000000,24.500000,-0.127000,-0.043000,0.267000,23.302399,100285.601563,86.900002,86.180000,0.720000,0.520000,0,1,1,1,3,23,1,23,37.5417776,127.0795371,28.154,0.345000,0.765000,0.231000,0.276000,-0.220000,0.097000,1574,1433,1323,1469,1448.500000,1451.000000,1503.500000,1396.000000,-2.500000,107.500000,1450.000000,1,0,1,1,1,0.000000,0.000000,0,1,1,1,1,15003,0.002000,0,0.810776,-0.354869,-0.420453,0.345755,0.355266,-0.420185,1,0.275054,-0.275054,-0.945732,0.040513,0.699122,-1.287024,0.608474,4.534861,-60.356232,0.608474,4.534861,-60.356232,0.063918,0.250000,0.750000,2.500000,1.200000,1.000000,0.000567,1,0,0.396082,0.460000,0.063956,0.175800,0.801245,1,1,1,1,1,0.127000,0,0,0,0,0,0,0,0,0,0,0,1,0.020000,0.000000,0.000000,0.000000,0.000000,0.000000,0.000000,0.000000,0.000000,0.000000,0.000000,0.000000,0.000000,0.000000,0.000000,0.000000,0.000000,0.000000,0.000000,0.000000,0.000000
56750,0.843588,-0.017802,0.039304,-0.535255,15.099999,-16.700001,24.100000,-0.019000,0.282000,0.389000,23.302118,100284.101563,87.019997,86.180000,0.840000,0.570000,0,1,1,1,3,21,1,21,37.5417777,127.0795378,28.219,0.345000,0.766000,0.169000,0.421000,-0.262000,0.114000,1570,1424,1321,1484,1445.500000,1454.000000,1497.000000,1402.500000,-8.500000,94.500000,1450.000000,1,0,1,1,1,0.000000,0.000000,0,1,1,1,1,15003,0.002000,0,0.835866,-0.306989,-0.444439,0.290743,0.469255,-0.199100,1,0.180577,-0.180577,-0.979886,0.040121,0.459421,1.568892,0.625908,4.330133,-58.091858,0.625908,4.330133,-58.091858,0.056668,0.250000,0.750000,2.500000,1.200000,1.000000,0.000450,1,0,0.443332,0.500000,0.054240,0.096228,0.793013,1,1,1,1,1,0.125000,1,0,0,0,0,0,0,0,0,0,0,1,0.020000,0.000000,0.000000,0.000000,0.000000,0.000000,0.000000,0.000000,0.000000,0.000000,0.000000,0.000000,0.000000,0.000000,0.000000,0.000000,0.000000,0.000000,0.000000,0.000000,0.000000
56847,0.852799,-0.020902,0.039005,-0.520361,2.000000,-20.100000,26.500000,-0.203000,0.454000,0.745000,23.297350,100284.898438,86.949997,86.180000,0.770000,0.610000,0,1,1,1,3,21,1,21,37.5417777,127.0795378,28.219,0.345000,0.766000,0.169000,0.421000,-0.262000,0.114000,1589,1431,1312,1468,1450.500000,1449.500000,1510.000000,1390.000000,1.000000,120.000000,1450.000000,1,0,1,1,1,0.000000,0.000000,0,1,1,1,1,15003,0.005000,0,0.864112,-0.259772,-0.468232,0.293416,0.490986,-0.137051,1,0.090727,-0.090727,-0.909437,0.048599,1.655613,2.099358,0.500231,3.935814,-55.954174,0.500231,3.935814,-55.954174,0.093541,0.250000,0.750000,2.500000,1.200000,1.000000,0.001229,1,0,0.456459,0.550000,0.051612,0.063126,0.790816,0,0,0,0,0,0.125000,1,0,0,0,0,0,0,0,0,0,0,1,0.020000,0.000000,0.000000,0.000000,0.000000,0.000000,0.000000,0.000000,0.000000,0.000000,0.000000,0.000000,0.000000,0.000000,0.000000,0.000000,0.000000,0.000000,0.000000,0.000000,0.000000
56957,0.862682,-0.029703,0.041704,-0.503148,-56.500000,-4.300000,15.699999,0.043000,-0.298000,-1.351000,23.300137,100284.203125,87.009995,86.180000,0.830000,0.650000,0,1,1,1,3,22,1,22,37.5417780,127.0795383,28.235,0.344000,0.766000,0.203000,0.367000,-0.245000,0.111000,1594,1469,1279,1458,1436.500000,1463.500000,1531.500000,1368.500000,-27.000000,163.000000,1450.000000,1,0,1,1,1,0.000000,0.000000,0,1,1,1,1,15003,0.002000,0,0.887908,-0.217643,-0.525588,0.215960,0.358334,-0.400290,1,-0.014059,0.014059,-0.989941,0.046528,1.580348,-0.568813,-0.743917,3.568886,-53.675632,-0.743917,3.568886,-53.675632,0.091925,0.250000,0.750000,2.500000,1.200000,1.000000,0.001189,1,0,0.498075,0.590000,0.050554,0.051947,0.789934,1,1,1,1,1,0.127000,0,0,0,0,0,0,0,0,0,0,0,1,0.020000,0.000000,0.000000,0.000000,0.000000,0.000000,0.000000,0.000000,0.000000,0.000000,0.000000,0.000000,0.000000,0.000000,0.000000,0.000000,0.000000,0.000000,0.000000,0.000000,0.000000
57057,0.871006,-0.024200,0.038000,-0.489203,-19.400000,-0.800000,16.200001,0.437000,0.466000,-1.489000,23.300785,100283.101563,87.110001,86.180000,0.930000,0.700000,0,1,1,1,3,22,1,22,37.5417782,127.0795390,28.274,0.344000,0.766000,0.159000,0.428000,-0.256000,0.112000,1561,1432,1307,1499,1434.000000,1465.500000,1496.500000,1403.000000,-31.500000,93.500000,1450.000000,1,0,1,1,1,0.000000,0.000000,0,1,1,1,1,15003,0.002000,0,0.907585,-0.164908,-0.558109,0.203761,0.445314,-0.351863,1,-0.110074,0.110074,-1.029722,0.043815,1.344091,-0.062580,0.101192,3.535194,-51.882977,0.101192,3.535194,-51.882977,0.093345,0.250000,0.750000,2.500000,1.200000,1.000000,0.001226,1,0,0.536655,0.630000,0.050109,0.034962,0.789564,1,1,1,1,1,0.126000,1,0,0,0,0,0,0,0,0,0,0,1,0.020000,0.000000,0.000000,0.000000,0.000000,0.000000,0.000000,0.000000,0.000000,0.000000,0.000000,0.000000,0.000000,0.000000,0.000000,0.000000,0.000000,0.000000,0.000000,0.000000,0.000000
57154,0.877531,-0.014701,0.030601,-0.478317,-26.600000,8.300000,11.500000,0.091000,-0.437000,-2.012000,23.303888,100284.101563,87.019997,86.180000,0.840000,0.740000,8,1,1,1,3,23,1,23,37.5417783,127.0795394,28.326,0.343000,0.766000,0.106000,0.319000,-0.280000,0.113000,1548,1440,1323,1490,1435.500000,1465.000000,1494.000000,1406.500000,-29.500000,87.500000,1450.000000,1,0,1,1,1,0.000000,0.000000,0,1,1,1,1,15003,0.002000,0,0.923975,-0.126505,-0.592849,0.199919,0.395739,-0.161734,1,-0.209305,0.209305,-0.920959,0.037544,0.747913,-0.544059,2.194054,3.329288,-50.218258,2.194054,3.329288,-50.218258,0.113816,0.250000,0.750000,2.500000,1.200000,1.000000,0.001823,1,0,0.586184,0.700000,0.050058,0.046604,0.789522,1,1,1,1,1,0.122000,1,0,0,0,0,0,0,0,0,0,0,1,0.020000,0.000000,0.000000,0.000000,0.000000,0.000000,0.000000,0.000000,0.000000,0.000000,0.000000,0.000000,0.000000,0.000000,0.000000,0.000000,0.000000,0.000000,0.000000,0.000000,0.000000
57257,0.882386,-0.012901,0.025703,-0.469646,-51.500000,-2.300000,11.500000,0.029000,-0.225000,-0.838000,23.301434,100282.203125,87.180000,86.180000,1.000000,0.780000,0,1,1,1,3,23,1,23,37.5417784,127.0795400,28.390,0.343000,0.766000,0.110000,0.387000,-0.312000,0.113000,1537,1410,1362,1490,1449.500000,1450.000000,1473.500000,1426.000000,-0.500000,47.500000,1450.000000,1,0,1,1,1,0.000000,0.000000,0,1,1,1,1,15003,0.002000,0,0.938194,-0.080332,-0.627303,0.194415,0.422614,-0.290891,1,-0.309121,0.309121,-1.008949,0.037294,0.535248,-1.035885,2.069658,2.872823,-49.056885,2.069658,2.872823,-49.056885,0.118594,0.250000,0.750000,2.500000,1.200000,1.000000,0.001980,1,0,0.621406,0.740000,0.049726,0.031677,0.789246,1,1,1,1,1,0.125000,0,0,0,0,0,0,0,0,0,0,0,1,0.021000,0.000000,0.000000,0.000000,0.000000,0.000000,0.000000,0.000000,0.000000,0.000000,0.000000,0.000000,0.000000,0.000000,0.000000,0.000000,0.000000,0.000000,0.000000,0.000000,0.000000
57354,0.885336,-0.013901,0.024101,-0.464119,-44.000000,3.800000,3.700000,0.150000,0.344000,-1.154000,23.302223,100281.804688,87.220001,86.180000,1.040000,0.810000,4,1,1,1,3,23,1,23,37.5417784,127.0795400,28.390,0.343000,0.766000,0.110000,0.387000,-0.312000,0.113000,1552,1466,1326,1456,1439.000000,1461.000000,1509.000000,1391.000000,-22.000000,118.000000,1450.000000,1,0,1,1,1,0.000000,0.000000,0,1,1,1,1,15003,0.001000,0,0.960975,-0.037174,-0.671784,0.302603,0.507281,-0.401435,1,-0.408462,0.408462,-1.092477,0.047364,1.831136,-0.126589,1.932313,2.727341,-48.397476,1.932313,2.727341,-48.397476,0.104836,0.250000,0.750000,2.500000,1.200000,1.000000,0.001525,1,0,0.665164,0.770000,0.063152,0.183290,0.800556,0,0,0,0,0,0.125000,0,0,0,0,0,0,0,0,0,0,0,1,0.020000,0.000000,0.000000,0.000000,0.000000,0.000000,0.000000,0.000000,0.000000,0.000000,0.000000,0.000000,0.000000,0.000000,0.000000,0.000000,0.000000,0.000000,0.000000,0.000000,0.000000
57464,0.886908,-0.016602,0.027003,-0.460856,26.700001,-3.300000,3.100000,-0.288000,-0.292000,-0.499000,23.299454,100280.203125,87.349998,86.180000,1.170000,0.860000,0,1,1,1,3,22,1,22,37.5417786,127.0795406,28.407,0.343000,0.767000,0.131000,0.389000,-0.288000,0.110000,1536,1458,1348,1458,1442.000000,1458.000000,1497.000000,1403.000000,-16.000000,94.000000,1450.000000,1,0,1,1,1,0.000000,0.000000,0,1,1,1,1,15003,0.002000,0,0.974121,0.007746,-0.688107,0.241968,0.433746,-0.143057,1,-0.519673,0.519673,-0.948858,0.047472,1.647887,0.078944,2.004011,2.712788,-47.943275,2.004011,2.712788,-47.943275,0.117375,0.250000,0.750000,2.500000,1.200000,1.000000,0.001937,1,0,0.672625,0.790000,0.050866,0.057134,0.790194,1,1,1,1,1,0.133000,0,0,0,0,0,0,0,0,0,0,0,1,0.020000,0.000000,0.000000,0.000000,0.000000,0.000000,0.000000,0.000000,0.000000,0.000000,0.000000,0.000000,0.000000,0.000000,0.000000,0.000000,0.000000,0.000000,0.000000,0.000000,0.000000
57553,0.887226,-0.016200,0.030901,-0.460014,46.500000,2.000000,-0.100000,-0.100000,0.286000,-0.326000,23.299856,100280.304688,87.339996,86.180000,1.160000,0.920000,4,1,1,1,3,23,1,23,37.5417788,127.0795410,28.473,0.342000,0.767000,0.191000,0.287000,-0.318000,0.108000,1515,1442,1367,1476,1441.000000,1459.000000,1478.500000,1421.500000,-18.000000,57.000000,1450.000000,1,0,1,1,1,0.000000,0.000000,0,1,1,1,1,15003,0.002000,0,0.986612,0.028967,-0.754613,0.216546,0.334459,-0.425464,1,-0.605283,0.605283,-1.012719,0.037563,0.935715,-0.494419,2.008382,3.052573,-47.847946,2.008382,3.052573,-47.847946,0.133405,0.250000,0.625000,2.500000,1.000000,1.000000,0.002974,1,0,0.746595,0.880000,0.060101,0.075907,0.664965,1,1,1,1,1,0.117000,0,0,0,0,0,0,0,0,0,0,0,1,0.023000,0.000000,0.000000,0.000000,0.000000,0.000000,0.000000,0.000000,0.000000,0.000000,0.000000,0.000000,0.000000,0.000000,0.000000,0.000000,0.000000,0.000000,0.000000,0.000000,0.000000
57655,0.887170,-0.005200,0.030002,-0.460436,-8.100000,19.100000,-2.000000,0.050000,-0.242000,-1.953000,23.294018,100278.304688,87.509995,86.180000,1.330000,0.990000,0,1,1,1,3,23,1,23,37.5417791,127.0795416,28.471,0.342000,0.767000,0.182000,0.417000,-0.273000,0.104000,1511,1450,1373,1466,1442.000000,1458.000000,1480.500000,1419.500000,-16.000000,61.000000,1450.000000,1,0,1,1,1,0.000000,0.000000,0,1,1,1,1,15003,0.002000,0,1.006524,0.077874,-0.795362,0.236730,0.451604,-0.219596,1,-0.707854,0.707854,-0.912404,0.036165,0.745992,0.614767,3.401925,3.408985,-47.762791,3.401925,3.408985,-47.762791,0.164136,0.250000,0.625000,2.500000,1.000000,1.000000,0.004512,1,0,0.785864,0.950000,0.057864,0.054022,0.663386,1,1,1,1,1,0.127000,1,0,0,0,0,0,0,0,0,0,0,1,0.022000,0.000000,0.000000,0.000000,0.000000,0.000000,0.000000,0.000000,0.000000,0.000000,0.000000,0.000000,0.000000,0.000000,0.000000,0.000000,0.000000,0.000000,0.000000,0.000000,0.000000
57751,0.886360,0.000600,0.026602,-0.462231,-9.900000,-10.700000,-4.500000,0.000000,0.004000,-0.043000,23.297262,100279.703125,87.389999,86.180000,1.210000,1.020000,0,1,1,1,3,23,1,23,37.5417793,127.0795421,28.508,0.341000,0.767000,0.209000,0.352000,-0.275000,0.102000,1521,1469,1363,1447,1442.000000,1458.000000,1495.000000,1405.000000,-16.000000,90.000000,1450.000000,1,0,1,1,1,0.000000,0.000000,0,1,1,1,1,15003,0.001000,0,1.023937,0.113466,-0.825133,0.237438,0.375743,-0.261049,1,-0.794451,0.794451,-0.921532,0.037919,0.460117,1.078050,3.894080,3.520520,-47.970371,3.894080,3.520520,-47.970371,0.155638,0.250000,0.625000,2.500000,1.000000,1.000000,0.004044,1,0,0.804362,0.960000,0.061026,0.114929,0.665620,1,1,1,1,1,0.124000,1,0,0,0,0,0,0,0,0,0,0,1,0.020000,0.000000,0.000000,0.000000,0.000000,0.000000,0.000000,0.000000,0.000000,0.000000,0.000000,0.000000,0.000000,0.000000,0.000000,0.000000,0.000000,0.000000,0.000000,0.000000,0.000000
57854,0.884573,-0.007901,0.028902,-0.465438,-54.700001,1.800000,-6.200000,0.083000,0.075000,-1.365000,23.299997,100279.500000,87.409996,86.180000,1.230000,1.050000,11,1,1,1,3,23,1,23,37.5417793,127.0795421,28.508,0.341000,0.767000,0.209000,0.352000,-0.275000,0.102000,1546,1513,1330,1410,1438.000000,1461.500000,1529.500000,1370.000000,-23.500000,159.500000,1450.000000,1,0,1,1,1,0.000000,0.000000,0,1,1,1,1,15003,0.002000,0,1.053945,0.155639,-0.875496,0.319795,0.432284,-0.234719,1,-0.884769,0.884769,-0.851622,0.042928,1.632538,-1.553032,3.111091,3.394087,-48.420803,3.111091,3.394087,-48.420803,0.146867,0.250000,0.625000,2.500000,1.000000,1.000000,0.003571,1,0,0.863133,1.010000,0.068685,0.185868,0.671094,0,0,0,0,0,0.124000,1,0,0,0,0,0,0,0,0,0,0,1,0.020000,0.000000,0.000000,0.000000,0.000000,0.000000,0.000000,0.000000,0.000000,0.000000,0.000000,0.000000,0.000000,0.000000,0.000000,0.000000,0.000000,0.000000,0.000000,0.000000,0.000000
57957,0.883436,-0.028201,0.040802,-0.465919,-31.299997,-5.700000,3.400000,0.056000,0.402000,-0.449000,23.299873,100279.203125,87.430000,86.180000,1.250000,1.090000,29,1,1,1,3,23,1,23,37.5417796,127.0795428,28.552,0.340000,0.767000,0.220000,0.488000,-0.283000,0.099000,1564,1503,1305,1428,1434.500000,1465.500000,1533.500000,1366.500000,-31.000000,167.000000,1450.000000,1,0,1,1,1,0.000000,0.000000,0,1,1,1,1,15003,0.002000,0,1.068309,0.209936,-0.921379,0.205523,0.459891,-0.288748,1,-0.972587,0.972587,-0.848252,0.042571,1.668183,0.899179,0.498400,3.631814,-48.626839,0.498400,3.631814,-48.626839,0.143967,0.250000,0.625000,2.500000,1.000000,1.000000,0.003476,1,0,0.906033,1.050000,0.056688,0.092011,0.662559,1,1,1,1,1,0.126000,0,0,0,0,0,0,0,0,0,0,0,1,0.020000,0.000000,0.000000,0.000000,0.000000,0.000000,0.000000,0.000000,0.000000,0.000000,0.000000,0.000000,0.000000,0.000000,0.000000,0.000000,0.000000,0.000000,0.000000,0.000000,0.000000
58058,0.885263,-0.039303,0.051704,-0.460533,-68.400002,1.700000,10.000000,0.290000,0.439000,-1.255000,23.298769,100279.804688,87.379997,86.180000,1.200000,1.130000,0,1,1,1,3,22,1,22,37.5417798,127.0795431,28.560,0.340000,0.767000,0.189000,0.293000,-0.255000,0.103000,1596,1506,1259,1439,1427.500000,1472.500000,1551.000000,1349.000000,-45.000000,202.000000,1450.000000,1,0,1,1,1,0.000000,0.000000,0,1,1,1,1,15003,0.002000,0,1.090959,0.237933,-0.958106,0.187287,0.290621,-0.216965,1,-1.057129,1.057129,-0.775212,0.036884,1.015776,0.269198,-1.570161,3.988650,-48.006451,-1.570161,3.988650,-48.006451,0.139453,0.250000,0.625000,2.500000,1.000000,1.000000,0.003270,1,0,0.940547,1.080000,0.054088,0.036558,0.660738,1,1,1,1,1,0.123000,1,0,0,0,0,0,0,0,0,0,0,1,0.020000,0.000000,0.000000,0.000000,0.000000,0.000000,0.000000,0.000000,0.000000,0.000000,0.000000,0.000000,0.000000,0.000000,0.000000,0.000000,0.000000,0.000000,0.000000,0.000000,0.000000
58161,0.889834,-0.055302,0.065102,-0.448217,-68.400002,-13.400000,11.900000,-0.054000,0.224000,-0.698000,23.301172,100279.703125,87.389999,86.180000,1.210000,1.150000,5,1,1,1,3,23,1,23,37.5417799,127.0795438,28.600,0.339000,0.767000,0.042000,0.450000,-0.260000,0.107000,1642,1502,1229,1427,1435.500000,1464.500000,1572.000000,1328.000000,-29.000000,244.000000,1450.000000,1,0,1,1,1,0.000000,0.000000,0,1,1,1,1,15003,0.002000,0,1.102108,0.296111,-0.996629,0.086481,0.447646,-0.075855,1,-1.124757,1.124757,-0.542516,0.033694,0.696140,1.988400,-4.237100,4.255986,-46.642052,-4.237100,4.255986,-46.642052,0.119831,0.250000,0.625000,2.500000,1.000000,1.000000,0.002415,1,0,0.990169,1.110000,0.053911,0.051239,0.660614,1,1,1,1,1,0.124000,1,0,0,0,0,0,0,0,0,0,0,1,0.022000,0.000000,0.000000,0.000000,0.000000,0.000000,0.000000,0.000000,0.000000,0.000000,0.000000,0.000000,0.000000,0.000000,0.000000,0.000000,0.000000,0.000000,0.000000,0.000000,0.000000
58258,0.897294,-0.051805,0.065607,-0.433446,48.500000,3.700000,27.600000,0.080000,0.084000,-0.460000,23.303205,100279.398438,87.419998,86.180000,1.240000,1.180000,0,1,1,1,3,23,1,23,37.5417797,127.0795440,28.605,0.339000,0.767000,-0.251000,0.211000,-0.224000,0.108000,1575,1405,1279,1542,1427.000000,1473.500000,1490.000000,1410.500000,-46.500000,79.500000,1450.000000,1,0,1,1,1,0.000000,0.000000,0,1,1,1,1,15003,0.002000,0,1.084418,0.324764,-1.021847,-0.191825,0.256816,-0.163387,1,-1.171709,1.171709,-0.403398,0.035720,0.459394,1.199910,-4.390775,4.462339,-44.789642,-4.390775,4.462339,-44.789642,0.131569,0.250000,0.625000,2.500000,1.000000,1.000000,0.002901,1,0,0.998431,1.130000,0.057195,0.109615,0.662915,1,1,1,1,1,0.127000,1,0,0,0,0,0,0,0,0,0,0,1,0.020000,0.000000,0.000000,0.000000,0.000000,0.000000,0.000000,0.000000,0.000000,0.000000,0.000000,0.000000,0.000000,0.000000,0.000000,0.000000,0.000000,0.000000,0.000000,0.000000,0.000000
58354,0.904986,-0.028103,0.052605,-0.421240,-11.300000,-11.800000,14.700000,-0.006000,0.671000,-1.427000,23.301872,100278.101563,87.529999,86.180000,1.350000,1.200000,4,1,1,1,3,23,1,23,37.5417797,127.0795440,28.605,0.339000,0.767000,-0.251000,0.211000,-0.224000,0.108000,1570,1415,1305,1510,1437.500000,1462.500000,1492.500000,1407.500000,-25.000000,85.000000,1450.000000,1,0,1,1,1,0.000000,0.000000,0,1,1,1,1,15003,0.001000,0,1.064014,0.347157,-1.052973,-0.254710,0.217487,-0.115337,1,-1.204823,1.204823,-0.321979,0.041391,1.631722,-0.803252,-1.233061,4.328670,-43.006767,-1.233061,4.328670,-43.006767,0.114617,0.250000,0.625000,2.500000,1.000000,1.000000,0.002181,1,0,1.045383,1.160000,0.066226,0.186218,0.669327,0,0,0,0,0,0.127000,1,0,0,0,0,0,0,0,0,0,0,1,0.020000,0.000000,0.000000,0.000000,0.000000,0.000000,0.000000,0.000000,0.000000,0.000000,0.000000,0.000000,0.000000,0.000000,0.000000,0.000000,0.000000,0.000000,0.000000,0.000000,0.000000
58443,0.909492,-0.019002,0.039104,-0.413442,58.900002,-17.500000,14.800000,0.082000,0.384000,-0.502000,23.303364,100278.500000,87.489998,86.180000,1.310000,1.230000,0,1,1,1,3,24,1,24,37.5417793,127.0795443,28.603,0.338000,0.767000,-0.380000,0.191000,-0.182000,0.091000,1554,1389,1355,1501,1454.500000,1445.000000,1471.500000,1428.000000,9.500000,43.500000,1450.000000,1,0,1,1,1,0.000000,0.000000,0,1,1,1,1,15003,0.002000,0,1.030974,0.369383,-1.060489,-0.288816,0.232778,-0.027801,1,-1.228778,1.228778,-0.226955,0.036941,0.939497,1.932473,0.555216,3.380588,-41.925442,0.555216,3.380588,-41.925442,0.128529,0.250000,0.625000,2.500000,1.000000,1.000000,0.002776,1,0,1.051471,1.180000,0.054601,0.036809,0.661097,1,1,1,1,1,0.133000,1,0,0,0,0,0,0,0,0,0,0,1,0.020000,0.000000,0.000000,0.000000,0.000000,0.000000,0.000000,0.000000,0.000000,0.000000,0.000000,0.000000,0.000000,0.000000,0.000000,0.000000,0.000000,0.000000,0.000000,0.000000,0.000000
58546,0.912237,-0.014101,0.022201,-0.408817,55.500000,-17.000000,5.000000,-0.217000,0.368000,-0.230000,23.302345,100279.601563,87.400002,86.180000,1.220000,1.230000,0,1,1,1,3,23,1,23,37.5417789,127.0795443,28.561,0.338000,0.767000,-0.462000,0.067000,-0.112000,0.074000,1548,1395,1377,1479,1462.500000,1437.000000,1471.500000,1428.000000,25.500000,43.500000,1450.000000,1,0,1,1,1,0.000000,0.000000,0,1,1,1,1,15003,0.002000,0,0.984154,0.376822,-1.081855,-0.378998,0.136274,-0.206742,1,-1.254576,1.254576,-0.331997,0.036410,1.034708,0.976111,1.669246,2.049182,-41.360470,1.669246,2.049182,-41.360470,0.122609,0.250000,0.625000,2.500000,1.000000,1.000000,0.002529,1,0,1.067391,1.190000,0.053578,0.034391,0.660382,1,1,1,1,1,0.116000,1,0,0,0,0,0,0,0,0,0,0,1,0.020000,0.000000,0.000000,0.000000,0.000000,0.000000,0.000000,0.000000,0.000000,0.000000,0.000000,0.000000,0.000000,0.000000,0.000000,0.000000,0.000000,0.000000,0.000000,0.000000,0.000000
58654,0.913285,-0.010801,0.014001,-0.406938,-19.299999,9.300000,-1.700000,-0.068000,0.000000,-1.812000,23.304783,100279.703125,87.389999,86.180000,1.210000,1.220000,3,1,1,1,3,24,1,24,37.5417784,127.0795445,28.559,0.337000,0.767000,-0.478000,0.124000,-0.095000,0.070000,1540,1448,1345,1468,1442.500000,1458.000000,1494.000000,1406.500000,-15.500000,87.500000,1450.000000,1,0,1,1,1,0.000000,0.000000,0,1,1,1,1,15003,0.002000,0,0.932723,0.390245,-1.101042,-0.430903,0.147445,-0.187398,1,-1.290711,1.290711,-0.403400,0.033598,0.746634,-0.712908,2.557045,1.330636,-41.118614,2.557045,1.330636,-41.118614,0.083444,0.250000,0.625000,2.500000,1.000000,1.000000,0.001171,1,0,1.096556,1.180000,0.053756,0.054737,0.660506,1,1,1,1,1,0.123000,1,0,0,0,0,0,0,0,0,0,0,1,0.022000,0.000000,0.000000,0.000000,0.000000,0.000000,0.000000,0.000000,0.000000,0.000000,0.000000,0.000000,0.000000,0.000000,0.000000,0.000000,0.000000,0.000000,0.000000,0.000000,0.000000
58750,0.913151,-0.006500,0.014201,-0.407323,-20.700001,17.100000,0.600000,0.142000,-0.049000,-1.832000,23.304449,100280.500000,87.320000,86.180000,1.140000,1.210000,0,1,1,1,3,24,1,24,37.5417781,127.0795446,28.487,0.337000,0.767000,-0.390000,0.124000,-0.007000,0.061000,1517,1466,1341,1476,1429.000000,1471.000000,1491.500000,1408.500000,-42.000000,83.000000,1450.000000,1,0,1,1,1,0.000000,0.000000,0,1,1,1,1,15003,0.002000,0,0.892766,0.400012,-1.105096,-0.393240,0.124481,-0.092462,1,-1.330134,1.330134,-0.410986,0.035463,0.593484,-1.870057,3.344740,1.486614,-41.163490,3.344740,1.486614,-41.163490,0.069338,0.250000,0.625000,2.500000,1.000000,1.000000,0.000801,1,0,1.110662,1.180000,0.062554,0.157360,0.666705,1,1,1,1,1,0.127000,1,0,0,0,0,0,0,0,0,0,0,1,0.025000,0.000000,0.000000,0.000000,0.000000,0.000000,0.000000,0.000000,0.000000,0.000000,0.000000,0.000000,0.000000,0.000000,0.000000,0.000000,0.000000,0.000000,0.000000,0.000000,0.000000
58847,0.912081,-0.003100,0.017202,-0.409637,-32.799999,3.000000,-4.300000,0.143000,0.542000,-0.385000,23.304924,100279.804688,87.379997,86.180000,1.200000,1.210000,0,1,1,1,3,24,1,24,37.5417781,127.0795446,28.487,0.337000,0.767000,-0.390000,0.124000,-0.007000,0.061000,1533,1481,1334,1452,1433.500000,1466.500000,1507.000000,1393.000000,-33.000000,114.000000,1450.000000,1,0,1,1,1,0.000000,0.000000,0,1,1,1,1,15003,0.005000,0,0.858142,0.414461,-1.126108,-0.318187,0.179396,-0.186103,1,-1.374997,1.374997,-0.497065,0.046339,1.811888,0.381474,3.780735,2.100154,-41.404922,3.780735,2.100154,-41.404922,0.055346,0.250000,0.625000,2.500000,1.000000,1.000000,0.000514,1,0,1.114654,1.170000,0.055698,0.090103,0.661865,0,0,0,0,0,0.127000,1,0,0,0,0,0,0,0,0,0,0,1,0.020000,0.000000,0.000000,0.000000,0.000000,0.000000,0.000000,0.000000,0.000000,0.000000,0.000000,0.000000,0.000000,0.000000,0.000000,0.000000,0.000000,0.000000,0.000000,0.000000,0.000000
58954,0.909813,0.000200,0.019702,-0.414551,10.200000,19.000000,-10.700000,0.089000,0.548000,-2.104000,23.301504,100280.398438,87.330002,86.180000,1.150000,1.200000,11,1,1,1,3,24,1,24,37.5417778,127.0795447,28.443,0.336000,0.766000,-0.337000,0.135000,0.045000,0.052000,1499,1471,1364,1466,1431.500000,1468.500000,1485.000000,1415.000000,-37.000000,70.000000,1450.000000,1,0,1,1,1,0.000000,0.000000,0,1,1,1,1,15003,0.001000,0,0.824354,0.428505,-1.122967,-0.250875,0.231206,-0.064912,1,-1.432183,1.432183,-0.519745,0.040434,1.571813,0.591376,3.745292,2.615911,-41.966091,3.745292,2.615911,-41.966091,0.040084,0.250000,0.625000,2.500000,1.000000,1.000000,0.000269,1,0,1.119916,1.160000,0.058755,0.126214,0.664014,1,1,1,1,1,0.127000,0,0,0,0,0,0,0,0,0,0,0,1,0.020000,0.000000,0.000000,0.000000,0.000000,0.000000,0.000000,0.000000,0.000000,0.000000,0.000000,0.000000,0.000000,0.000000,0.000000,0.000000,0.000000,0.000000,0.000000,0.000000,0.000000
59053,0.906994,0.000700,0.020502,-0.420644,21.799999,-6.600000,-9.500000,-0.223000,-0.014000,-0.651000,23.302591,100281.203125,87.269997,86.180000,1.090000,1.180000,0,1,1,1,3,24,1,24,37.5417775,127.0795449,28.420,0.335000,0.766000,-0.326000,0.115000,0.063000,0.053000,1509,1464,1376,1451,1442.500000,1457.500000,1486.500000,1413.500000,-15.000000,73.000000,1450.000000,1,0,1,1,1,0.000000,0.000000,0,1,1,1,1,15003,0.002000,0,0.788966,0.434256,-1.112692,-0.305312,0.175555,0.002215,1,-1.483344,1.483344,-0.516350,0.037902,1.327325,-0.381495,4.110338,2.819797,-42.739960,4.110338,2.819797,-42.739960,0.029071,0.250000,0.625000,2.500000,1.000000,1.000000,0.000141,1,0,1.110929,1.140000,0.060643,0.127377,0.665349,1,1,1,1,1,0.125000,1,0,0,0,0,0,0,0,0,0,0,1,0.020000,0.000000,0.000000,0.000000,0.000000,0.000000,0.000000,0.000000,0.000000,0.000000,0.000000,0.000000,0.000000,0.000000,0.000000,0.000000,0.000000,0.000000,0.000000,0.000000,0.000000
59153,0.903572,0.003600,0.020402,-0.427934,1.600000,4.500000,-14.700000,-0.046000,-0.032000,-1.975000,23.298630,100280.500000,87.320000,86.180000,1.140000,1.180000,7,1,1,1,3,23,1,23,37.5417773,127.0795452,28.380,0.335000,0.766000,-0.181000,0.220000,0.096000,0.068000,1498,1470,1374,1457,1436.000000,1463.500000,1484.000000,1415.500000,-27.500000,68.500000,1450.000000,1,0,1,1,1,0.000000,0.000000,0,1,1,1,1,15003,0.002000,0,0.771985,0.452722,-1.092152,-0.168989,0.247315,0.093046,1,-1.541532,1.541532,-0.594331,0.034200,0.746302,-1.153741,4.702326,3.044158,-43.711338,4.702326,3.044158,-43.711338,0.050011,0.250000,0.625000,2.500000,1.000000,1.000000,0.000420,1,0,1.089989,1.140000,0.054719,0.054997,0.661179,1,1,1,1,1,0.122000,1,0,0,0,0,0,0,0,0,0,0,1,0.020000,0.000000,0.000000,0.000000,0.000000,0.000000,0.000000,0.000000,0.000000,0.000000,0.000000,0.000000,0.000000,0.000000,0.000000,0.000000,0.000000,0.000000,0.000000,0.000000,0.000000
59258,0.899642,0.003700,0.020701,-0.436121,26.700001,-1.100000,-7.900000,0.140000,0.157000,-1.133000,23.299349,100282.304688,87.169998,86.180000,0.990000,1.150000,0,1,1,1,3,23,1,23,37.5417772,127.0795455,28.342,0.334000,0.765000,-0.183000,0.246000,0.130000,0.071000,1494,1462,1387,1457,1440.500000,1459.500000,1478.000000,1422.000000,-19.000000,56.000000,1450.000000,1,0,1,1,1,0.000000,0.000000,0,1,1,1,1,15003,0.002000,0,0.752338,0.474229,-1.072250,-0.181276,0.251782,0.136715,1,-1.604080,1.604080,-0.576140,0.036051,0.564199,1.226406,4.662470,3.144283,-44.733383,4.662470,3.144283,-44.733383,0.041060,0.250000,0.625000,2.500000,1.000000,1.000000,0.000282,1,0,1.088940,1.130000,0.057860,0.111288,0.663384,1,1,1,1,1,0.127000,0,0,0,0,0,0,0,0,0,0,0,1,0.024000,0.000000,0.000000,0.000000,0.000000,0.000000,0.000000,0.000000,0.000000,0.000000,0.000000,0.000000,0.000000,0.000000,0.000000,0.000000,0.000000,0.000000,0.000000,0.000000,0.000000
59354,0.895728,0.002200,0.020701,-0.444114,9.400000,-4.600000,-0.900000,0.130000,0.106000,-0.233000,23.302732,100283.000000,87.119995,86.180000,0.940000,1.120000,4,1,1,1,3,23,1,23,37.5417772,127.0795455,28.342,0.334000,0.765000,-0.183000,0.246000,0.130000,0.071000,1510,1476,1375,1439,1442.500000,1457.500000,1493.000000,1407.000000,-15.000000,86.000000,1450.000000,1,0,1,1,1,0.000000,0.000000,0,1,1,1,1,15003,0.001000,0,0.739333,0.502925,-1.060135,-0.094070,0.354515,0.201687,1,-1.653262,1.653262,-0.502078,0.044034,1.825472,-1.225137,4.376358,3.208854,-45.729454,4.376358,3.208854,-45.729454,0.021370,0.250000,0.625000,2.500000,1.000000,1.000000,0.000075,1,0,1.058630,1.080000,0.070454,0.219365,0.672371,0,0,0,0,0,0.127000,0,0,0,0,0,0,0,0,0,0,0,1,0.020000,0.000000,0.000000,0.000000,0.000000,0.000000,0.000000,0.000000,0.000000,0.000000,0.000000,0.000000,0.000000,0.000000,0.000000,0.000000,0.000000,0.000000,0.000000,0.000000,0.000000
59464,0.891245,0.003900,0.018601,-0.453123,-12.800000,-2.300000,-7.600000,0.220000,0.025000,-1.167000,23.305134,100282.398438,87.169998,86.180000,0.990000,1.080000,0,1,1,1,3,23,1,23,37.5417771,127.0795459,28.309,0.334000,0.765000,-0.116000,0.300000,0.149000,0.084000,1498,1482,1380,1440,1439.000000,1461.000000,1490.000000,1410.000000,-22.000000,80.000000,1450.000000,1,0,1,1,1,0.000000,0.000000,0,1,1,1,1,15003,0.002000,0,0.726430,0.532440,-1.034873,-0.060663,0.374871,0.170355,1,-1.712101,1.712101,-0.506455,0.041311,1.625905,0.461684,4.489091,3.141377,-46.889717,4.489091,3.141377,-46.889717,0.005489,0.250000,0.625000,2.500000,1.000000,1.000000,0.000005,1,0,1.034511,1.040000,0.066098,0.179138,0.669235,1,1,1,1,1,0.132000,0,0,0,0,0,0,0,0,0,0,0,1,0.020000,0.000000,0.000000,0.000000,0.000000,0.000000,0.000000,0.000000,0.000000,0.000000,0.000000,0.000000,0.000000,0.000000,0.000000,0.000000,0.000000,0.000000,0.000000,0.000000,0.000000
59553,0.887736,0.006400,0.016301,-0.460019,6.200000,-2.100000,-7.300000,-0.277000,-0.081000,-0.049000,23.304695,100283.601563,87.070000,86.180000,0.890000,1.040000,4,1,1,1,3,23,1,23,37.5417771,127.0795464,28.257,0.333000,0.766000,-0.051000,0.359000,0.190000,0.091000,1494,1479,1387,1440,1440.500000,1459.500000,1486.500000,1413.500000,-19.000000,73.000000,1450.000000,1,0,1,1,1,0.000000,0.000000,0,1,1,1,1,15003,0.002000,0,0.723559,0.561277,-0.999001,-0.027899,0.419392,0.252302,1,-1.754703,1.754703,-0.490699,0.035101,0.935712,-0.312345,5.091810,3.141748,-47.760227,5.091810,3.141748,-47.760227,0.001058,0.250000,0.625000,2.500000,1.000000,1.000000,0.000000,1,0,0.998942,1.000000,0.056161,0.076290,0.662189,1,1,1,1,1,0.117000,1,0,0,0,0,0,0,0,0,0,0,1,0.021000,0.000000,0.000000,0.000000,0.000000,0.000000,0.000000,0.000000,0.000000,0.000000,0.000000,0.000000,0.000000,0.000000,0.000000,0.000000,0.000000,0.000000,0.000000,0.000000,0.000000
59653,0.884101,0.009101,0.015402,-0.466953,27.799999,1.400000,-10.800000,-0.068000,0.081000,-0.998000,23.300646,100284.398438,87.000000,86.180000,0.820000,1.010000,0,1,1,1,3,23,1,23,37.5417772,127.0795468,28.225,0.333000,0.766000,-0.003000,0.301000,0.199000,0.093000,1481,1470,1400,1450,1440.500000,1460.000000,1475.500000,1425.000000,-19.500000,50.500000,1450.000000,1,0,1,1,1,0.000000,0.000000,0,1,1,1,1,15003,0.002000,0,0.726490,0.588675,-0.962230,0.013224,0.351098,0.328165,1,-1.800783,1.800783,-0.386593,0.036122,0.697536,1.322627,5.521439,3.093470,-48.618492,5.521439,3.093470,-48.618492,0.005015,0.250000,0.625000,2.500000,1.000000,1.000000,0.000004,1,0,0.984985,0.990000,0.067974,0.193569,0.670582,1,1,1,1,1,0.124000,1,0,0,0,0,0,0,0,0,0,0,1,0.020000,0.000000,0.000000,0.000000,0.000000,0.000000,0.000000,0.000000,0.000000,0.000000,0.000000,0.000000,0.000000,0.000000,0.000000,0.000000,0.000000,0.000000,0.000000,0.000000,0.000000
59751,0.880678,0.008501,0.016801,-0.473342,-5.000000,2.300000,-5.000000,0.128000,0.111000,-1.037000,23.300522,100283.601563,87.070000,86.180000,0.890000,0.980000,0,1,1,1,3,23,1,23,37.5417773,127.0795473,28.175,0.333000,0.766000,0.044000,0.386000,0.231000,0.095000,1491,1485,1379,1445,1435.000000,1465.000000,1488.000000,1412.000000,-30.000000,76.000000,1450.000000,1,0,1,1,1,0.000000,0.000000,0,1,1,1,1,15003,0.002000,0,0.732559,0.623620,-0.926663,0.056457,0.386818,0.234423,1,-1.838260,1.838260,-0.400667,0.035799,0.563305,-0.876727,5.239303,3.295966,-49.425400,5.239303,3.295966,-49.425400,0.002886,0.250000,0.625000,2.500000,1.000000,1.000000,0.000001,1,0,0.947114,0.950000,0.062645,0.149105,0.666769,1,1,1,1,1,0.127000,0,0,0,0,0,0,0,0,0,0,0,1,0.024000,0.000000,0.000000,0.000000,0.000000,0.000000,0.000000,0.000000,0.000000,0.000000,0.000000,0.000000,0.000000,0.000000,0.000000,0.000000,0.000000,0.000000,0.000000,0.000000,0.000000
59854,0.877726,0.007500,0.019301,-0.478714,-14.000000,-0.700000,-1.000000,0.123000,0.020000,-0.919000,23.304449,100286.101563,86.849998,86.180000,0.670000,0.930000,7,1,1,1,3,23,1,23,37.5417773,127.0795473,28.175,0.333000,0.766000,0.044000,0.386000,0.231000,0.095000,1501,1489,1365,1444,1433.000000,1466.500000,1495.000000,1404.500000,-33.500000,90.500000,1450.000000,1,0,1,1,1,0.000000,0.000000,0,1,1,1,1,15003,0.002000,0,0.744878,0.667989,-0.902280,0.170164,0.471545,0.264401,1,-1.879943,1.879943,-0.372892,0.042631,1.730088,0.676069,4.912274,3.520774,-50.143806,4.912274,3.520774,-50.143806,-0.014868,0.250000,0.625000,2.500000,1.000000,1.000000,0.000037,1,0,0.904868,0.890000,0.068209,0.203697,0.670751,0,0,0,0,0,0.127000,0,0,0,0,0,0,0,0,0,0,0,1,0.020000,0.000000,0.000000,0.000000,0.000000,0.000000,0.000000,0.000000,0.000000,0.000000,0.000000,0.000000,0.000000,0.000000,0.000000,0.000000,0.000000,0.000000,0.000000,0.000000,0.000000
59943,0.875861,0.005600,0.021902,-0.482034,-17.200001,8.000000,-8.100000,0.001000,0.060000,-1.645000,23.303169,100286.304688,86.839996,86.180000,0.660000,0.880000,0,1,1,1,3,23,1,23,37.5417775,127.0795479,28.128,0.332000,0.766000,0.101000,0.390000,0.255000,0.100000,1504,1493,1362,1441,1433.000000,1467.000000,1498.500000,1401.500000,-34.000000,97.000000,1450.000000,1,0,1,1,1,0.000000,0.000000,0,1,1,1,1,15003,0.002000,0,0.754135,0.699214,-0.869996,0.149898,0.480363,0.273620,1,-1.910815,1.910815,-0.333494,0.039023,1.341480,-0.480662,4.409194,3.724036,-50.556839,4.409194,3.724036,-50.556839,-0.023143,0.250000,0.625000,2.500000,1.000000,1.000000,0.000090,1,0,0.883143,0.860000,0.054811,0.062957,0.661244,1,1,1,1,1,0.126000,0,0,0,0,0,0,0,0,0,0,0,1,0.020000,0.000000,0.000000,0.000000,0.000000,0.000000,0.000000,0.000000,0.000000,0.000000,0.000000,0.000000,0.000000,0.000000,0.000000,0.000000,0.000000,0.000000,0.000000,0.000000,0.000000
60056,0.874714,0.005901,0.022903,-0.484063,-17.200001,10.600000,-2.600000,0.089000,0.030000,-1.970000,23.303679,100286.898438,86.790001,86.180000,0.610000,0.830000,0,1,1,1,3,23,1,23,37.5417777,127.0795484,28.093,0.332000,0.766000,0.165000,0.410000,0.260000,0.095000,1499,1476,1357,1468,1428.000000,1472.000000,1487.500000,1412.500000,-44.000000,75.000000,1450.000000,1,0,1,1,1,0.000000,0.000000,0,1,1,1,1,15003,0.001000,0,0.776780,0.742368,-0.830905,0.216614,0.456751,0.225268,1,-1.950970,1.950970,-0.354381,0.039454,1.227976,-1.373722,3.929298,3.887020,-50.744637,3.929298,3.887020,-50.744637,-0.034958,0.250000,0.625000,2.500000,1.000000,1.000000,0.000205,1,0,0.844958,0.810000,0.054311,0.036666,0.660894,1,1,1,1,1,0.121000,1,0,0,0,0,0,0,0,0,0,0,1,0.020000,0.000000,0.000000,0.000000,0.000000,0.000000,0.000000,0.000000,0.000000,0.000000,0.000000,0.000000,0.000000,0.000000,0.000000,0.000000,0.000000,0.000000,0.000000,0.000000,0.000000
60152,0.876148,0.003400,0.024101,-0.481427,-16.299999,-15.000001,11.100000,0.079000,0.048000,0.189000,23.304327,100288.000000,86.699997,86.180000,0.520000,0.770000,6,1,1,1,3,23,1,23,37.5417780,127.0795491,28.015,0.331000,0.766000,0.207000,0.504000,0.308000,0.098000,1560,1462,1328,1450,1444.000000,1456.000000,1511.000000,1389.000000,-12.000000,122.000000,1450.000000,1,0,1,1,1,0.000000,0.000000,0,1,1,1,1,15003,0.004000,0,0.802893,0.791179,-0.786888,0.227136,0.476212,0.291347,1,-1.981209,1.981209,-0.282158,0.034013,0.800781,1.854145,3.973470,3.711966,-50.316185,3.973470,3.711966,-50.316185,-0.061379,0.250000,0.625000,2.500000,1.000000,1.000000,0.000633,1,0,0.791379,0.730000,0.054421,0.058134,0.660971,1,1,1,1,1,0.122000,1,0,0,0,0,0,0,0,0,0,0,1,0.020000,0.000000,0.000000,0.000000,0.000000,0.000000,0.000000,0.000000,0.000000,0.000000,0.000000,0.000000,0.000000,0.000000,0.000000,0.000000,0.000000,0.000000,0.000000,0.000000,0.000000
60255,0.881692,-0.007101,0.029503,-0.470849,-50.400002,13.000000,21.500000,0.245000,0.455000,-1.827000,23.299488,100285.398438,86.909996,86.180000,0.730000,0.770000,0,1,1,1,3,23,1,23,37.5417782,127.0795496,28.004,0.331000,0.765000,0.163000,0.366000,0.292000,0.098000,1591,1451,1267,1490,1429.000000,1470.500000,1521.000000,1378.500000,-41.500000,142.500000,1450.000000,1,0,1,1,1,0.000000,0.000000,0,1,1,1,1,15003,0.002000,0,0.830031,0.832088,-0.750563,0.245122,0.394837,0.174724,1,-2.005849,2.005849,-0.293173,0.035722,0.593551,-2.393718,2.872144,3.619291,-49.007790,2.872144,3.619291,-49.007790,-0.043175,0.250000,0.625000,2.500000,1.000000,1.000000,0.000310,1,0,0.773175,0.730000,0.063103,0.158871,0.667096,1,1,1,1,1,0.128000,1,0,0,0,0,0,0,0,0,0,0,1,0.025000,0.000000,0.000000,0.000000,0.000000,0.000000,0.000000,0.000000,0.000000,0.000000,0.000000,0.000000,0.000000,0.000000,0.000000,0.000000,0.000000,0.000000,0.000000,0.000000,0.000000
60348,0.892096,-0.013601,0.032804,-0.450448,18.799999,-2.300000,39.299999,-0.249000,-0.280000,-0.418000,23.301540,100286.898438,86.790001,86.180000,0.610000,0.750000,0,1,1,1,3,23,1,23,37.5417782,127.0795496,28.004,0.331000,0.765000,0.163000,0.366000,0.292000,0.098000,1617,1379,1263,1541,1440.000000,1460.000000,1498.000000,1402.000000,-20.000000,96.000000,1450.000000,1,0,1,1,1,0.000000,0.000000,0,1,1,1,1,15003,0.005000,0,0.855411,0.865843,-0.731103,0.270642,0.317253,0.228657,1,-2.033328,2.033328,-0.242044,0.047866,1.911286,2.223441,2.029892,3.345853,-46.447029,2.029892,3.345853,-46.447029,-0.021692,0.250000,0.625000,2.500000,1.000000,1.000000,0.000079,1,0,0.741692,0.720000,0.056211,0.092050,0.662224,0,0,0,0,0,0.128000,1,0,0,0,0,0,0,0,0,0,0,1,0.020000,0.000000,0.000000,0.000000,0.000000,0.000000,0.000000,0.000000,0.000000,0.000000,0.000000,0.000000,0.000000,0.000000,0.000000,0.000000,0.000000,0.000000,0.000000,0.000000,0.000000
60459,0.906219,-0.010301,0.032204,-0.421455,25.900000,-0.800000,34.200001,-0.144000,0.197000,-0.144000,23.300838,100286.898438,86.790001,86.180000,0.610000,0.730000,0,1,1,1,3,23,1,23,37.5417784,127.0795499,27.933,0.330000,0.765000,0.065000,0.236000,0.342000,0.110000,1615,1370,1263,1553,1439.000000,1461.500000,1492.500000,1408.000000,-22.500000,84.500000,1450.000000,1,0,1,1,1,0.000000,0.000000,0,1,1,1,1,15003,0.002000,0,0.877398,0.895745,-0.683062,0.234564,0.225913,0.351006,1,-2.053020,2.053020,-0.142639,0.043747,1.608087,1.923356,2.845206,3.171458,-42.694832,2.845206,3.171458,-42.694832,-0.003511,0.250000,0.625000,2.500000,1.000000,1.000000,0.000002,1,0,0.703511,0.700000,0.055669,0.065573,0.661844,1,1,1,1,1,0.131000,1,0,0,0,0,0,0,0,0,0,0,1,0.020000,0.000000,0.000000,0.000000,0.000000,0.000000,0.000000,0.000000,0.000000,0.000000,0.000000,0.000000,0.000000,0.000000,0.000000,0.000000,0.000000,0.000000,0.000000,0.000000,0.000000
60556,0.913566,0.001600,0.024802,-0.405930,53.099998,11.800000,5.700000,0.377000,-0.060000,-2.117000,23.298525,100288.101563,86.689995,86.180000,0.510000,0.700000,10,1,1,1,3,23,1,23,37.5417784,127.0795500,27.882,0.330000,0.765000,-0.059000,0.091000,0.357000,0.115000,1518,1382,1348,1552,1433.000000,1467.000000,1450.000000,1450.000000,-34.000000,0.000000,1450.000000,1,0,1,1,1,0.000000,0.000000,0,1,1,1,1,15003,0.005000,0,0.883031,0.912613,-0.627283,0.154761,0.219994,0.474679,1,-2.063930,2.063930,-0.076373,0.038339,1.200550,-1.786244,3.860390,2.824741,-40.636948,3.860390,2.824741,-40.636948,0.028802,0.250000,0.750000,2.500000,1.200000,1.000000,0.000117,1,0,0.631198,0.660000,0.047831,0.064255,0.787675,1,1,1,1,1,0.119000,1,0,0,0,0,0,0,0,0,0,0,1,0.022000,0.000000,0.000000,0.000000,0.000000,0.000000,0.000000,0.000000,0.000000,0.000000,0.000000,0.000000,0.000000,0.000000,0.000000,0.000000,0.000000,0.000000,0.000000,0.000000,0.000000
60643,0.914937,0.021101,0.013601,-0.402816,2.700000,9.700000,-3.500000,-0.068000,-0.537000,-2.288000,23.302837,100288.000000,86.699997,86.180000,0.520000,0.660000,0,1,1,1,3,23,1,23,37.5417784,127.0795498,27.836,0.330000,0.766000,-0.012000,-0.096000,0.358000,0.125000,1488,1421,1378,1513,1433.000000,1467.000000,1454.500000,1445.500000,-34.000000,9.000000,1450.000000,1,0,1,1,1,0.000000,0.000000,0,1,1,1,1,15003,0.001000,0,0.886472,0.898297,-0.584661,0.069797,0.027797,0.490496,1,-2.069225,2.069225,0.032770,0.035391,0.696171,3.426028,6.856980,2.436892,-40.161411,6.856980,2.436892,-40.161411,0.034067,0.250000,0.750000,2.500000,1.200000,1.000000,0.000164,1,0,0.585933,0.620000,0.047188,0.043015,0.787144,1,1,1,1,1,0.123000,0,0,0,0,0,0,0,0,0,0,0,1,0.020000,0.000000,0.000000,0.000000,0.000000,0.000000,0.000000,0.000000,0.000000,0.000000,0.000000,0.000000,0.000000,0.000000,0.000000,0.000000,0.000000,0.000000,0.000000,0.000000,0.000000
60749,0.913057,0.029002,0.007700,-0.406726,-33.799999,-0.300000,-2.600000,-0.030000,-0.361000,-0.476000,23.308308,100290.304688,86.500000,86.180000,0.320000,0.620000,21,1,1,1,3,23,1,23,37.5417785,127.0795499,27.784,0.329000,0.765000,0.061000,0.009000,0.378000,0.126000,1515,1471,1363,1451,1439.000000,1461.000000,1493.000000,1407.000000,-22.000000,86.000000,1450.000000,1,0,1,1,1,0.000000,0.000000,0,1,1,1,1,15003,0.002000,0,0.895426,0.895946,-0.537195,0.037450,-0.010253,0.331919,1,-2.063713,2.063713,-0.005165,0.036317,0.220719,-2.848067,7.698508,2.374833,-40.589832,7.698508,2.374833,-40.589832,0.034516,0.250000,0.750000,2.500000,1.200000,1.000000,0.000167,1,0,0.545484,0.580000,0.056340,0.154317,0.794778,1,1,1,1,1,0.131000,1,0,0,0,0,0,0,0,0,0,0,1,0.022000,0.000000,0.000000,0.000000,0.000000,0.000000,0.000000,0.000000,0.000000,0.000000,0.000000,0.000000,0.000000,0.000000,0.000000,0.000000,0.000000,0.000000,0.000000,0.000000,0.000000
60847,0.909182,0.022802,0.014001,-0.415538,-19.400000,10.600000,-8.200000,0.085000,-0.366000,-0.274000,23.306572,100289.804688,86.540001,86.180000,0.360000,0.570000,33,1,1,1,3,23,1,23,37.5417785,127.0795499,27.784,0.329000,0.765000,0.061000,0.009000,0.378000,0.126000,1493,1507,1355,1445,1424.000000,1476.000000,1500.000000,1400.000000,-52.000000,100.000000,1450.000000,1,0,1,1,1,0.000000,0.000000,0,1,1,1,1,15003,0.001000,0,0.899316,0.893907,-0.509498,0.064826,-0.003934,0.330074,1,-2.067479,2.067479,-0.005589,0.043649,1.593093,1.016255,6.738418,2.726984,-41.610073,6.738418,2.726984,-41.610073,0.011119,0.250000,0.750000,2.500000,1.200000,1.000000,0.000017,1,0,0.518881,0.530000,0.048913,0.070337,0.788571,0,0,0,0,0,0.131000,1,0,0,0,0,0,0,0,0,0,0,1,0.020000,0.000000,0.000000,0.000000,0.000000,0.000000,0.000000,0.000000,0.000000,0.000000,0.000000,0.000000,0.000000,0.000000,0.000000,0.000000,0.000000,0.000000,0.000000,0.000000,0.000000
60958,0.904757,0.016801,0.027202,-0.424727,-23.200001,19.600000,-10.900000,-0.009000,0.219000,-1.640000,23.297981,100288.304688,86.669998,86.180000,0.490000,0.520000,0,1,1,1,3,23,1,23,37.5417788,127.0795499,27.720,0.329000,0.765000,0.154000,0.029000,0.404000,0.124000,1488,1507,1341,1464,1414.500000,1485.500000,1497.500000,1402.500000,-71.000000,95.000000,1450.000000,1,0,1,1,1,0.000000,0.000000,0,1,1,1,1,15003,0.002000,0,0.928618,0.896851,-0.457055,0.207705,0.078654,0.290471,1,-2.071322,2.071322,-0.091329,0.042659,1.517172,-1.393332,5.505851,4.032499,-42.691929,5.505851,4.032499,-42.691929,0.009571,0.250000,0.750000,2.500000,1.200000,1.000000,0.000013,1,0,0.470429,0.480000,0.048773,0.069661,0.788455,0,0,0,0,0,0.122000,0,0,0,0,0,0,0,0,0,0,0,1,0.020000,0.000000,0.000000,0.000000,0.000000,0.000000,0.000000,0.000000,0.000000,0.000000,0.000000,0.000000,0.000000,0.000000,0.000000,0.000000,0.000000,0.000000,0.000000,0.000000,0.000000
61057,0.902457,0.019101,0.032502,-0.429127,26.500000,-5.900000,-2.300000,0.085000,-0.246000,-0.343000,23.300014,100289.398438,86.580002,86.180000,0.400000,0.490000,1,1,1,1,3,23,1,23,37.5417789,127.0795499,27.673,0.328000,0.765000,0.121000,0.021000,0.422000,0.123000,1500,1451,1357,1492,1428.500000,1471.500000,1475.500000,1424.500000,-43.000000,51.000000,1450.000000,1,0,1,1,1,0.000000,0.000000,0,1,1,1,1,15003,0.001000,0,0.939407,0.892040,-0.409063,0.143866,0.047526,0.388236,1,-2.077185,2.077185,-0.044589,0.041188,1.337320,0.649556,5.566317,4.760143,-43.231991,5.566317,4.760143,-43.231991,0.031589,0.250000,0.750000,2.500000,1.200000,1.000000,0.000141,1,0,0.428411,0.460000,0.046696,0.033291,0.786737,1,1,1,1,1,0.125000,0,0,0,0,0,0,0,0,0,0,0,1,0.020000,0.000000,0.000000,0.000000,0.000000,0.000000,0.000000,0.000000,0.000000,0.000000,0.000000,0.000000,0.000000,0.000000,0.000000,0.000000,0.000000,0.000000,0.000000,0.000000,0.000000
61146,0.902767,0.022802,0.032002,-0.428332,28.299999,4.600000,0.400000,0.062000,-0.008000,-1.289000,23.304993,100290.304688,86.500000,86.180000,0.320000,0.470000,0,1,1,1,3,23,1,23,37.5417792,127.0795500,27.611,0.328000,0.765000,0.174000,0.041000,0.440000,0.121000,1509,1432,1346,1512,1427.500000,1472.000000,1470.500000,1429.000000,-44.500000,41.500000,1450.000000,1,0,1,1,1,0.000000,0.000000,0,1,1,1,1,15003,0.002000,0,0.963458,0.894416,-0.356066,0.178881,0.036763,0.415736,1,-2.085524,2.085524,-0.154321,0.037688,0.804733,-1.119862,6.190959,4.951393,-43.173687,6.190959,4.951393,-43.173687,0.054742,0.250000,0.750000,2.500000,1.200000,1.000000,0.000417,1,0,0.395258,0.450000,0.059898,0.178553,0.797786,1,1,1,1,1,0.125000,1,0,0,0,0,0,0,0,0,0,0,1,0.020000,0.000000,0.000000,0.000000,0.000000,0.000000,0.000000,0.000000,0.000000,0.000000,0.000000,0.000000,0.000000,0.000000,0.000000,0.000000,0.000000,0.000000,0.000000,0.000000,0.000000
61255,0.905734,0.014501,0.035401,-0.422116,12.800000,15.299999,10.300000,0.222000,-0.550000,-2.276000,23.299400,100289.398438,86.580002,86.180000,0.400000,0.450000,0,1,1,1,3,23,1,23,37.5417793,127.0795500,27.607,0.327000,0.764000,0.128000,0.002000,0.426000,0.121000,1565,1453,1300,1482,1432.500000,1467.500000,1509.000000,1391.000000,-35.000000,118.000000,1450.000000,1,0,1,1,1,0.000000,0.000000,0,1,1,1,1,15003,0.002000,0,0.984382,0.894436,-0.312937,0.196454,0.067954,0.259519,1,-2.110436,2.110436,-0.380556,0.036147,0.459524,-2.582979,5.176992,4.977699,-42.487785,5.176992,4.977699,-42.487785,0.101978,0.250000,0.750000,2.500000,1.200000,1.000000,0.001466,1,0,0.308022,0.410000,0.048196,0.029952,0.787977,1,1,1,1,1,0.124000,0,0,0,0,0,0,0,0,0,0,0,1,0.021000,0.000000,0.000000,0.000000,0.000000,0.000000,0.000000,0.000000,0.000000,0.000000,0.000000,0.000000,0.000000,0.000000,0.000000,0.000000,0.000000,0.000000,0.000000,0.000000,0.000000
61348,0.908986,0.017102,0.027903,-0.415539,22.299999,-62.500000,18.200001,0.114000,-0.658000,1.926000,23.305117,100292.101563,86.349998,86.180000,0.170000,0.410000,0,1,1,1,3,23,1,23,37.5417793,127.0795500,27.607,0.327000,0.764000,0.128000,0.002000,0.426000,0.121000,1592,1363,1373,1472,1482.500000,1417.500000,1477.500000,1422.500000,65.000000,55.000000,1450.000000,1,0,1,1,1,0.000000,0.000000,0,1,1,1,1,15003,0.005000,0,1.007422,0.904719,-0.297887,0.312645,0.149354,0.098166,1,-2.149759,2.149759,-0.535378,0.048210,1.755917,-2.268651,5.585590,4.460989,-41.687943,5.585590,4.460989,-41.687943,0.097480,0.250000,0.750000,2.500000,1.200000,1.000000,0.001338,1,0,0.302520,0.400000,0.049594,0.067009,0.789136,0,0,0,0,0,0.124000,0,0,0,0,0,0,0,0,0,0,0,1,0.020000,0.000000,0.000000,0.000000,0.000000,0.000000,0.000000,0.000000,0.000000,0.000000,0.000000,0.000000,0.000000,0.000000,0.000000,0.000000,0.000000,0.000000,0.000000,0.000000,0.000000
61449,0.910716,0.020000,-0.010800,-0.412407,42.200001,-26.700001,3.500000,-0.182000,-0.300000,-0.081000,23.303013,100292.601563,86.309998,86.180000,0.130000,0.370000,12,1,1,1,3,23,1,23,37.5417793,127.0795499,27.570,0.327000,0.764000,0.075000,-0.070000,0.472000,0.123000,1559,1352,1404,1485,1481.500000,1418.500000,1455.500000,1444.500000,63.000000,11.000000,1450.000000,1,0,1,1,1,0.000000,0.000000,0,1,1,1,1,15003,0.001000,0,0.993836,0.874253,-0.223979,0.027475,-0.086460,0.360298,1,-2.214708,2.214708,-0.716096,0.041432,1.178367,-0.102889,7.766161,0.407393,-41.399204,7.766161,0.407393,-41.399204,0.106833,0.250000,0.937500,2.500000,1.500000,1.000000,0.001296,1,0,0.223167,0.330000,0.041635,0.053331,0.978228,1,1,1,1,1,0.133000,1,0,0,0,0,0,0,0,0,0,0,1,0.020000,0.000000,0.000000,0.000000,0.000000,0.000000,0.000000,0.000000,0.000000,0.000000,0.000000,0.000000,0.000000,0.000000,0.000000,0.000000,0.000000,0.000000,0.000000,0.000000,0.000000
61543,0.911751,0.029602,-0.017001,-0.409323,-6.900000,6.100000,11.700000,-0.081000,-0.279000,-0.041000,23.302416,100291.500000,86.400002,86.180000,0.220000,0.350000,0,1,1,1,3,23,1,23,37.5417794,127.0795497,27.617,0.327000,0.764000,0.185000,-0.153000,0.359000,0.119000,1527,1426,1350,1498,1438.500000,1462.000000,1476.500000,1424.000000,-23.500000,52.500000,1450.000000,1,0,1,1,1,0.000000,0.000000,0,1,1,1,1,15003,0.002000,0,1.023045,0.860990,-0.180237,0.256481,-0.056496,0.440448,1,-2.283419,2.283419,-0.724943,0.039183,1.094028,0.492390,9.022753,-0.160981,-41.067406,9.022753,-0.160981,-41.067406,0.135423,0.250000,0.937500,2.500000,1.500000,1.000000,0.002083,1,0,0.174577,0.310000,0.041796,0.059647,0.978392,1,1,1,1,1,0.117000,1,0,0,0,0,0,0,0,0,0,0,1,0.020000,0.000000,0.000000,0.000000,0.000000,0.000000,0.000000,0.000000,0.000000,0.000000,0.000000,0.000000,0.000000,0.000000,0.000000,0.000000,0.000000,0.000000,0.000000,0.000000,0.000000
61658,0.913672,0.038303,0.015901,-0.404332,8.600000,27.100000,4.500000,-0.061000,-0.298000,-0.433000,23.303240,100287.898438,86.699997,86.180000,0.520000,0.380000,29,1,1,1,3,23,1,23,37.5417795,127.0795496,27.644,0.326000,0.764000,0.164000,-0.117000,0.293000,0.120000,1536,1517,1351,1596,1443.500000,1556.500000,1526.500000,1473.500000,-113.000000,53.000000,1500.000000,1,0,1,1,1,0.000000,0.000000,0,1,1,1,1,15003,0.002000,0,1.049427,0.851030,-0.162718,0.297716,0.008066,0.304359,1,-2.363926,2.363926,-0.648400,0.041014,1.039419,-0.696876,7.953378,3.160427,-40.023472,7.953378,3.160427,-40.023472,0.176792,0.250000,0.937500,2.500000,1.500000,1.000000,0.003555,1,0,0.163208,0.340000,0.040338,0.024499,0.976906,1,1,1,1,1,0.123000,1,0,0,0,0,0,0,0,0,0,0,1,0.020000,0.000000,0.000000,0.000000,0.000000,0.000000,0.000000,0.000000,0.000000,0.000000,0.000000,0.000000,0.000000,0.000000,0.000000,0.000000,0.000000,0.000000,0.000000,0.000000,0.000000
61747,0.914818,0.056201,0.041201,-0.397808,42.400002,28.799999,7.900000,-0.089000,0.247000,0.289000,23.300926,100289.500000,86.570000,86.180000,0.390000,0.390000,33,1,1,1,3,23,1,23,37.5417797,127.0795495,27.641,0.326000,0.763000,0.163000,-0.112000,0.281000,0.119000,1504,1497,1349,1650,1426.500000,1573.500000,1500.500000,1499.500000,-147.000000,1.000000,1500.000000,1,0,1,1,1,0.000000,0.000000,0,1,1,1,1,15003,0.001000,0,1.069246,0.842202,-0.153074,0.238499,-0.030360,0.157022,1,-2.423527,2.423527,-0.690109,0.039832,0.485037,-0.423882,8.635535,6.732892,-38.860748,8.635535,6.732892,-38.860748,0.197742,0.250000,0.937500,2.500000,1.500000,1.000000,0.004418,1,0,0.152258,0.350000,0.046696,0.110286,0.983422,1,1,1,1,1,0.127000,0,0,0,0,0,0,0,0,0,0,0,1,0.020000,0.000000,0.000000,0.000000,0.000000,0.000000,0.000000,0.000000,0.000000,0.000000,0.000000,0.000000,0.000000,0.000000,0.000000,0.000000,0.000000,0.000000,0.000000,0.000000,0.000000
61868,0.917663,0.072705,0.068905,-0.384526,-45.400002,31.700001,6.900000,0.081000,0.428000,-1.521000,23.300154,100287.601563,86.729996,86.180000,0.550000,0.420000,3,1,1,1,3,24,1,24,37.5417799,127.0795494,27.665,0.326000,0.763000,0.199000,-0.101000,0.213000,0.110000,1532,1536,1298,1634,1415.000000,1585.000000,1534.000000,1466.000000,-170.000000,68.000000,1500.000000,1,0,1,1,1,0.000000,0.000000,0,1,1,1,1,15003,0.010000,0,1.100971,0.837037,-0.151728,0.254399,-0.026765,0.199511,1,-2.505378,2.505378,-0.684322,0.039016,0.219568,1.181014,9.676448,10.011219,-36.952297,9.676448,10.011219,-36.952297,0.238184,0.250000,0.937500,2.500000,1.500000,1.000000,0.006444,1,0,0.141816,0.380000,0.041617,0.017333,0.978210,1,1,1,1,1,0.126000,0,0,0,0,0,0,0,0,0,0,0,1,0.020000,0.000000,0.000000,0.000000,0.000000,0.000000,0.000000,0.000000,0.000000,0.000000,0.000000,0.000000,0.000000,0.000000,0.000000,0.000000,0.000000,0.000000,0.000000,0.000000,0.000000
61958,0.922538,0.063503,0.079203,-0.372315,-34.500000,-23.600000,10.900000,-0.221000,0.437000,-0.014000,23.300734,100289.601563,86.559998,86.180000,0.380000,0.420000,0,1,1,1,3,24,1,24,37.5417799,127.0795494,27.665,0.326000,0.763000,0.199000,-0.101000,0.213000,0.110000,1593,1515,1312,1580,1452.500000,1547.500000,1554.000000,1446.000000,-95.000000,108.000000,1500.000000,1,0,1,1,1,0.000000,0.000000,0,1,1,1,1,15003,0.001000,0,1.125407,0.838787,-0.147029,0.247677,0.034958,0.099529,1,-2.573337,2.573337,-0.774891,0.048202,1.570531,-1.825108,8.448176,10.915696,-35.391796,8.448176,10.915696,-35.391796,0.236190,0.250000,0.937500,2.500000,1.500000,1.000000,0.006333,1,0,0.143810,0.380000,0.042131,0.039854,0.978735,0,0,0,0,0,0.126000,0,0,0,0,0,0,0,0,0,0,0,1,0.020000,0.000000,0.000000,0.000000,0.000000,0.000000,0.000000,0.000000,0.000000,0.000000,0.000000,0.000000,0.000000,0.000000,0.000000,0.000000,0.000000,0.000000,0.000000,0.000000,0.000000
62060,0.928138,0.040202,0.077203,-0.361915,-64.199997,-30.000002,4.400000,0.247000,0.541000,-0.825000,23.300383,100288.898438,86.619995,86.180000,0.440000,0.430000,3,1,1,1,3,23,1,23,37.5417799,127.0795493,27.701,0.326000,0.763000,0.111000,-0.072000,0.151000,0.116000,1580,1478,1371,1571,1475.500000,1524.500000,1529.000000,1471.000000,-49.000000,58.000000,1500.000000,1,0,1,1,1,0.000000,0.000000,0,1,1,1,1,15003,0.005000,0,1.137802,0.835645,-0.164207,0.122091,-0.007075,-0.110953,1,-2.662452,2.662452,-1.034059,0.042603,1.173653,-0.920205,6.586672,9.958331,-34.302616,6.586672,9.958331,-34.302616,0.236542,0.250000,0.937500,2.500000,1.500000,1.000000,0.006330,1,0,0.153458,0.390000,0.045444,0.072915,0.982132,1,1,1,1,1,0.125000,1,0,0,0,0,0,0,0,0,0,0,1,0.020000,0.000000,0.000000,0.000000,0.000000,0.000000,0.000000,0.000000,0.000000,0.000000,0.000000,0.000000,0.000000,0.000000,0.000000,0.000000,0.000000,0.000000,0.000000,0.000000,0.000000
62152,0.931347,0.029601,0.059503,-0.358018,-40.299999,-24.400000,1.000000,0.368000,0.845000,-0.911000,23.304449,100289.703125,86.549995,86.180000,0.370000,0.430000,6,1,1,1,3,23,1,23,37.5417799,127.0795494,27.756,0.325000,0.763000,0.012000,-0.006000,0.081000,0.125000,1590,1510,1376,1525,1483.000000,1517.500000,1550.000000,1450.500000,-34.500000,99.500000,1500.000000,1,0,1,1,1,0.000000,0.000000,0,1,1,1,1,15003,0.001000,0,1.144310,0.837103,-0.151455,0.070520,-0.014024,0.277692,1,-2.754119,2.754119,-0.903263,0.039621,0.744716,-1.619737,6.338735,7.424007,-33.994724,6.338735,7.424007,-33.994724,0.247299,0.250000,0.937500,2.500000,1.500000,1.000000,0.006942,1,0,0.142701,0.390000,0.042262,0.036377,0.978869,1,1,1,1,1,0.124000,1,0,0,0,0,0,0,0,0,0,0,1,0.020000,0.000000,0.000000,0.000000,0.000000,0.000000,0.000000,0.000000,0.000000,0.000000,0.000000,0.000000,0.000000,0.000000,0.000000,0.000000,0.000000,0.000000,0.000000,0.000000,0.000000
62255,0.931173,0.027602,0.038103,-0.361528,-0.400000,-25.799999,-1.200000,0.094000,0.575000,-0.338000,23.302750,100289.898438,86.529999,86.180000,0.350000,0.410000,0,1,1,1,3,23,1,23,37.5417797,127.0795494,27.825,0.325000,0.763000,-0.083000,-0.028000,0.008000,0.067000,1547,1496,1434,1523,1490.500000,1509.500000,1521.500000,1478.500000,-19.000000,43.000000,1500.000000,1,0,1,1,1,0.000000,0.000000,0,1,1,1,1,15003,0.002000,0,1.133339,0.830396,-0.154186,-0.026245,-0.013388,0.093596,1,-2.851139,2.851139,-0.979310,0.039746,0.458879,-0.398031,6.884635,5.149365,-34.575729,6.884635,5.149365,-34.575729,0.225369,0.250000,0.937500,2.500000,1.500000,1.000000,0.005764,1,0,0.144631,0.370000,0.042396,0.023635,0.979006,1,1,1,1,1,0.125000,1,0,0,0,0,0,0,0,0,0,0,1,0.021000,0.000000,0.000000,0.000000,0.000000,0.000000,0.000000,0.000000,0.000000,0.000000,0.000000,0.000000,0.000000,0.000000,0.000000,0.000000,0.000000,0.000000,0.000000,0.000000,0.000000
62348,0.928620,0.026401,0.028301,-0.369008,6.900000,-4.100000,-9.800000,-0.055000,-1.012000,-1.362000,23.302557,100289.000000,86.610001,86.180000,0.430000,0.400000,0,1,1,1,3,23,1,23,37.5417797,127.0795494,27.825,0.325000,0.763000,-0.083000,-0.028000,0.008000,0.067000,1535,1514,1436,1515,1485.500000,1514.500000,1524.500000,1475.500000,-29.000000,49.000000,1500.000000,1,0,1,1,1,0.000000,0.000000,0,1,1,1,1,15003,0.005000,0,1.134102,0.832877,-0.163860,0.028880,0.054553,-0.073536,1,-2.951001,2.951001,-1.135310,0.051863,1.755977,-0.028697,7.275038,4.126953,-35.555740,7.275038,4.126953,-35.555740,0.207655,0.250000,0.937500,2.500000,1.500000,1.000000,0.004888,1,0,0.152345,0.360000,0.043571,0.053608,0.980209,0,0,0,0,0,0.125000,1,0,0,0,0,0,0,0,0,0,0,1,0.020000,0.000000,0.000000,0.000000,0.000000,0.000000,0.000000,0.000000,0.000000,0.000000,0.000000,0.000000,0.000000,0.000000,0.000000,0.000000,0.000000,0.000000,0.000000,0.000000,0.000000
62459,0.924447,0.023901,0.030702,-0.379319,-5.100000,4.100000,-9.100000,0.208000,0.604000,-0.769000,23.300436,100286.500000,86.820000,86.180000,0.640000,0.420000,0,1,1,1,3,23,1,23,37.5417795,127.0795494,27.898,0.325000,0.763000,-0.120000,-0.007000,-0.062000,0.092000,1529,1545,1414,1512,1471.500000,1528.500000,1537.000000,1463.000000,-57.000000,74.000000,1500.000000,1,0,1,1,1,0.000000,0.000000,0,1,1,1,1,15003,0.001000,0,1.117233,0.835573,-0.195577,0.025114,0.123622,-0.179652,1,-3.088650,3.088650,-1.244770,0.047520,1.632852,-1.262592,6.659391,4.342098,-36.913265,6.659391,4.342098,-36.913265,0.195381,0.250000,0.937500,2.500000,1.500000,1.000000,0.004295,1,0,0.184619,0.380000,0.050688,0.121562,0.987557,0,0,0,0,0,0.132000,0,0,0,0,0,0,0,0,0,0,0,1,0.020000,0.000000,0.000000,0.000000,0.000000,0.000000,0.000000,0.000000,0.000000,0.000000,0.000000,0.000000,0.000000,0.000000,0.000000,0.000000,0.000000,0.000000,0.000000,0.000000,0.000000
62556,0.920166,0.017501,0.039603,-0.389128,-17.200001,10.400000,-11.900000,0.241000,1.098000,-1.580000,23.303276,100287.601563,86.729996,86.180000,0.550000,0.460000,10,1,1,1,3,24,1,24,37.5417793,127.0795495,27.955,0.324000,0.763000,-0.175000,0.019000,-0.107000,0.097000,1527,1568,1398,1507,1462.500000,1537.500000,1547.500000,1452.500000,-75.000000,95.000000,1500.000000,1,0,1,1,1,0.000000,0.000000,0,1,1,1,1,15003,0.005000,0,1.087106,0.832726,-0.220796,-0.105171,0.090757,-0.194727,1,-3.205601,3.205601,-1.311307,0.043796,1.201885,-2.144069,5.611480,5.062266,-37.949318,5.611480,5.062266,-37.949318,0.210318,0.250000,0.937500,2.500000,1.500000,1.000000,0.005012,1,0,0.209682,0.420000,0.044062,0.051962,0.980712,1,1,1,1,1,0.119000,1,0,0,0,0,0,0,0,0,0,0,1,0.021000,0.000000,0.000000,0.000000,0.000000,0.000000,0.000000,0.000000,0.000000,0.000000,0.000000,0.000000,0.000000,0.000000,0.000000,0.000000,0.000000,0.000000,0.000000,0.000000,0.000000
62655,0.915362,0.014701,0.045103,-0.399827,-4.700000,0.000000,-9.100000,0.204000,-0.550000,-1.065000,23.301172,100286.000000,86.860001,86.180000,0.680000,0.490000,3,1,1,1,3,24,1,24,37.5417791,127.0795496,28.027,0.324000,0.762000,-0.108000,0.042000,-0.167000,0.116000,1525,1560,1411,1504,1468.000000,1532.000000,1542.500000,1457.500000,-64.000000,85.000000,1500.000000,1,0,1,1,1,0.000000,0.000000,0,1,1,1,1,15003,0.002000,0,1.066938,0.831416,-0.256557,-0.141910,0.021077,-0.262291,1,-3.336563,3.336563,-1.404186,0.040584,0.745541,-0.222285,4.901125,5.654544,-39.368587,4.901125,5.654544,-39.368587,0.202196,0.250000,0.937500,2.500000,1.500000,1.000000,0.004636,1,0,0.247804,0.450000,0.043289,0.036661,0.979920,1,1,1,1,1,0.124000,1,0,0,0,0,0,0,0,0,0,0,1,0.023000,0.000000,0.000000,0.000000,0.000000,0.000000,0.000000,0.000000,0.000000,0.000000,0.000000,0.000000,0.000000,0.000000,0.000000,0.000000,0.000000,0.000000,0.000000,0.000000,0.000000
62749,0.911185,0.007501,0.047004,-0.409238,16.200001,-5.300000,-10.200000,0.084000,0.141000,-1.153000,23.304327,100285.101563,86.939995,86.180000,0.760000,0.540000,0,1,1,1,3,24,1,24,37.5417789,127.0795498,28.128,0.324000,0.762000,-0.143000,0.059000,-0.249000,0.120000,1553,1568,1390,1488,1471.500000,1528.000000,1560.500000,1439.000000,-56.500000,121.500000,1500.000000,1,0,1,1,1,0.000000,0.000000,0,1,1,1,1,15003,0.002000,0,1.045986,0.835792,-0.299510,-0.197949,0.001397,-0.291678,1,-3.470429,3.470429,-1.419420,0.040317,0.508342,-1.014084,3.857255,5.677223,-40.597126,3.857255,5.677223,-40.597126,0.209499,0.250000,0.937500,2.500000,1.500000,1.000000,0.004978,1,0,0.290501,0.500000,0.043005,0.024746,0.979629,1,1,1,1,1,0.125000,1,0,0,0,0,0,0,0,0,0,0,1,0.022000,0.000000,0.000000,0.000000,0.000000,0.000000,0.000000,0.000000,0.000000,0.000000,0.000000,0.000000,0.000000,0.000000,0.000000,0.000000,0.000000,0.000000,0.000000,0.000000,0.000000
62849,0.908179,0.003800,0.044104,-0.416236,-15.800000,-12.300000,-6.000000,0.274000,0.288000,-0.155000,23.301628,100284.804688,86.959999,86.180000,0.780000,0.580000,12,1,1,1,3,24,1,24,37.5417789,127.0795498,28.128,0.324000,0.762000,-0.143000,0.059000,-0.249000,0.120000,1570,1537,1393,1500,1481.500000,1518.500000,1553.500000,1446.500000,-37.000000,107.000000,1500.000000,1,0,1,1,1,0.000000,0.000000,0,1,1,1,1,15003,0.001000,0,1.027627,0.836075,-0.351197,-0.139349,0.020076,-0.276546,1,-3.610551,3.610551,-1.364171,0.049348,1.791188,0.963091,3.327484,5.206805,-41.547855,3.327484,5.206805,-41.547855,0.203651,0.250000,0.750000,2.500000,1.200000,1.000000,0.005781,1,0,0.336349,0.540000,0.059113,0.128855,0.797120,0,0,0,0,0,0.125000,1,0,0,0,0,0,0,0,0,0,0,1,0.023000,0.000000,0.000000,0.000000,0.000000,0.000000,0.000000,0.000000,0.000000,0.000000,0.000000,0.000000,0.000000,0.000000,0.000000,0.000000,0.000000,0.000000,0.000000,0.000000,0.000000
62955,0.906553,0.000700,0.040702,-0.420125,27.799999,-3.100000,-8.500000,0.135000,-0.948000,-1.214000,23.303064,100283.304688,87.089996,86.180000,0.910000,0.630000,32,1,1,1,3,24,1,24,37.5417785,127.0795499,28.252,0.323000,0.762000,-0.270000,-0.008000,-0.342000,0.116000,1549,1512,1411,1528,1480.000000,1520.000000,1530.500000,1469.500000,-40.000000,61.000000,1500.000000,1,0,1,1,1,0.000000,0.000000,0,1,1,1,1,15003,0.001000,0,0.991660,0.835638,-0.405438,-0.171705,0.008724,-0.312346,1,-3.754275,3.754275,-1.359575,0.046194,1.570515,0.333793,2.854403,4.779469,-42.099770,2.854403,4.779469,-42.099770,0.204591,0.250000,0.750000,2.500000,1.200000,1.000000,0.005874,1,0,0.385409,0.590000,0.052778,0.070990,0.791789,1,1,1,1,1,0.128000,0,0,0,0,0,0,0,0,0,0,0,1,0.020000,0.000000,0.000000,0.000000,0.000000,0.000000,0.000000,0.000000,0.000000,0.000000,0.000000,0.000000,0.000000,0.000000,0.000000,0.000000,0.000000,0.000000,0.000000,0.000000,0.000000
63058,0.904843,0.000800,0.036002,-0.424220,12.500000,0.200000,-7.400000,-0.066000,0.841000,-1.372000,23.301943,100283.000000,87.119995,86.180000,0.940000,0.700000,0,1,1,1,3,23,1,23,37.5417781,127.0795495,28.322,0.323000,0.762000,-0.299000,-0.206000,-0.363000,0.109000,1557,1511,1411,1521,1484.000000,1516.000000,1534.000000,1466.000000,-32.000000,68.000000,1500.000000,1,0,1,1,1,0.000000,0.000000,0,1,1,1,1,15003,0.002000,0,0.947756,0.802582,-0.467991,-0.296986,-0.230948,-0.472334,1,-3.896701,3.896701,-1.483439,0.043346,1.254754,-0.701454,2.965289,4.436815,-42.655296,2.965289,4.436815,-42.655296,0.191354,0.250000,0.750000,2.500000,1.200000,1.000000,0.005152,1,0,0.438646,0.630000,0.050257,0.030065,0.789687,1,1,1,1,1,0.121000,0,0,0,0,0,0,0,0,0,0,0,1,0.020000,0.000000,0.000000,0.000000,0.000000,0.000000,0.000000,0.000000,0.000000,0.000000,0.000000,0.000000,0.000000,0.000000,0.000000,0.000000,0.000000,0.000000,0.000000,0.000000,0.000000
63151,0.903085,-0.001400,0.034903,-0.428040,24.700001,-2.800000,-7.900000,0.243000,0.723000,-1.235000,23.301119,100281.601563,87.229996,86.180000,1.050000,0.770000,4,1,1,1,3,23,1,23,37.5417777,127.0795495,28.405,0.323000,0.762000,-0.365000,-0.075000,-0.398000,0.112000,1554,1515,1410,1522,1482.000000,1518.500000,1534.500000,1466.000000,-36.500000,68.500000,1500.000000,1,0,1,1,1,0.000000,0.000000,0,1,1,1,1,15003,0.005000,0,0.906399,0.797030,-0.533669,-0.329526,-0.119896,-0.380242,1,-4.041333,4.041333,-1.479936,0.037446,0.745511,1.175731,2.798384,4.213762,-43.113121,2.798384,4.213762,-43.113121,0.208665,0.250000,0.750000,2.500000,1.200000,1.000000,0.006128,1,0,0.521335,0.730000,0.049928,0.045403,0.789414,1,1,1,1,1,0.128000,1,0,0,0,0,0,0,0,0,0,0,1,0.020000,0.000000,0.000000,0.000000,0.000000,0.000000,0.000000,0.000000,0.000000,0.000000,0.000000,0.000000,0.000000,0.000000,0.000000,0.000000,0.000000,0.000000,0.000000,0.000000,0.000000
63254,0.900781,-0.002100,0.035203,-0.432839,-28.200001,-0.700000,-4.000000,0.509000,0.638000,-1.005000,23.302872,100280.398438,87.330002,86.180000,1.150000,0.830000,0,1,1,1,3,23,1,23,37.5417772,127.0795492,28.532,0.322000,0.762000,-0.365000,-0.225000,-0.478000,0.112000,1571,1542,1383,1504,1477.000000,1523.000000,1556.500000,1443.500000,-46.000000,113.000000,1500.000000,1,0,1,1,1,0.000000,0.000000,0,1,1,1,1,15003,0.002000,0,0.859112,0.772716,-0.606487,-0.352447,-0.218579,-0.576783,1,-4.192212,4.192212,-1.528587,0.037081,0.457943,-2.139068,2.663633,4.235353,-43.806347,2.663633,4.235353,-43.806347,0.193058,0.250000,0.750000,2.500000,1.200000,1.000000,0.005249,1,0,0.596942,0.790000,0.049441,0.029102,0.789010,1,1,1,1,1,0.122000,1,0,0,0,0,0,0,0,0,0,0,1,0.020000,0.000000,0.000000,0.000000,0.000000,0.000000,0.000000,0.000000,0.000000,0.000000,0.000000,0.000000,0.000000,0.000000,0.000000,0.000000,0.000000,0.000000,0.000000,0.000000,0.000000
63350,0.898593,-0.003600,0.035304,-0.437345,-23.000000,-6.400000,-5.900000,0.052000,0.422000,-0.188000,23.300066,100280.101563,87.360001,86.180000,1.180000,0.900000,4,1,1,1,3,23,1,23,37.5417772,127.0795492,28.532,0.322000,0.762000,-0.365000,-0.225000,-0.478000,0.112000,1578,1541,1390,1491,1484.000000,1516.000000,1559.500000,1440.500000,-32.000000,119.000000,1500.000000,1,0,1,1,1,0.000000,0.000000,0,1,1,1,1,15003,0.005000,0,0.828245,0.752390,-0.683645,-0.317049,-0.219808,-0.622096,1,-4.335778,4.335778,-1.529851,0.045832,1.734481,-1.478590,2.598900,4.261209,-44.274586,2.598900,4.261209,-44.274586,0.187833,0.250000,0.750000,2.500000,1.200000,1.000000,0.004907,1,0,0.672167,0.860000,0.061109,0.168014,0.798815,0,0,0,0,0,0.122000,1,0,0,0,0,0,0,0,0,0,0,1,0.020000,0.000000,0.000000,0.000000,0.000000,0.000000,0.000000,0.000000,0.000000,0.000000,0.000000,0.000000,0.000000,0.000000,0.000000,0.000000,0.000000,0.000000,0.000000,0.000000,0.000000
63443,0.896321,-0.005200,0.036001,-0.441911,8.700000,-1.300000,-10.300000,0.143000,-0.475000,-1.471000,23.301767,100279.000000,87.449997,86.180000,1.270000,0.960000,0,1,1,1,3,23,1,23,37.5417768,127.0795488,28.628,0.322000,0.762000,-0.363000,-0.298000,-0.511000,0.113000,1552,1529,1408,1511,1480.000000,1520.000000,1540.500000,1459.500000,-40.000000,81.000000,1500.000000,1,0,1,1,1,0.000000,0.000000,0,1,1,1,1,15003,0.001000,0,0.783779,0.716966,-0.752248,-0.309771,-0.292702,-0.506228,1,-4.487971,4.487971,-1.480813,0.039698,1.394253,-0.545300,2.175307,4.329434,-44.858372,2.175307,4.329434,-44.858372,0.182360,0.250000,0.625000,2.500000,1.000000,1.000000,0.005536,1,0,0.737640,0.920000,0.063516,0.132519,0.667390,1,1,1,1,1,0.133000,1,0,0,0,0,0,0,0,0,0,0,1,0.020000,0.000000,0.000000,0.000000,0.000000,0.000000,0.000000,0.000000,0.000000,0.000000,0.000000,0.000000,0.000000,0.000000,0.000000,0.000000,0.000000,0.000000,0.000000,0.000000,0.000000
63548,0.894364,-0.007601,0.038303,-0.445632,-16.600000,5.100000,-5.500000,0.129000,0.637000,-1.038000,23.300978,100277.000000,87.619995,86.180000,1.440000,1.040000,3,1,1,1,3,23,1,23,37.5417763,127.0795485,28.740,0.322000,0.763000,-0.444000,-0.254000,-0.563000,0.119000,1567,1545,1383,1505,1475.000000,1525.000000,1556.000000,1444.000000,-50.000000,112.000000,1500.000000,1,0,1,1,1,0.000000,0.000000,0,1,1,1,1,15003,0.002000,0,0.729056,0.693697,-0.831707,-0.383922,-0.236269,-0.625669,1,-4.631781,4.631781,-1.535867,0.036770,0.935809,-0.161554,1.811230,4.597263,-45.280609,1.811230,4.597263,-45.280609,0.178813,0.250000,0.625000,2.500000,1.000000,1.000000,0.005350,1,0,0.821187,1.000000,0.058831,0.076073,0.664068,1,1,1,1,1,0.118000,0,0,0,0,0,0,0,0,0,0,0,1,0.021000,0.000000,0.000000,0.000000,0.000000,0.000000,0.000000,0.000000,0.000000,0.000000,0.000000,0.000000,0.000000,0.000000,0.000000,0.000000,0.000000,0.000000,0.000000,0.000000,0.000000
63643,0.892704,-0.009201,0.040205,-0.448752,19.799999,-3.000000,-4.700000,-0.062000,-0.591000,-0.645000,23.297594,100276.203125,87.689995,86.180000,1.510000,1.110000,13,1,1,1,3,23,1,23,37.5417758,127.0795479,28.847,0.322000,0.763000,-0.427000,-0.443000,-0.598000,0.116000,1557,1528,1405,1511,1481.000000,1519.500000,1542.500000,1458.000000,-38.500000,84.500000,1500.000000,1,0,1,1,1,0.000000,0.000000,0,1,1,1,1,15003,0.002000,0,0.682887,0.650516,-0.911721,-0.392189,-0.429102,-0.611253,1,-4.782943,4.782943,-1.541069,0.035820,0.771913,1.502810,1.353105,4.694163,-45.762081,1.353105,4.694163,-45.762081,0.175428,0.250000,0.625000,2.500000,1.000000,1.000000,0.005168,1,0,0.894572,1.070000,0.055417,0.035490,0.661667,1,1,1,1,1,0.126000,1,0,0,0,0,0,0,0,0,0,0,1,0.021000,0.000000,0.000000,0.000000,0.000000,0.000000,0.000000,0.000000,0.000000,0.000000,0.000000,0.000000,0.000000,0.000000,0.000000,0.000000,0.000000,0.000000,0.000000,0.000000,0.000000
63746,0.890732,-0.011700,0.041101,-0.452516,-7.600000,-6.900000,-2.900000,0.087000,-0.028000,-0.154000,23.300575,100276.304688,87.680000,86.180000,1.500000,1.180000,30,1,1,1,3,23,1,23,37.5417753,127.0795473,28.934,0.322000,0.763000,-0.483000,-0.409000,-0.607000,0.117000,1574,1547,1389,1491,1481.500000,1519.000000,1560.500000,1440.000000,-37.500000,120.500000,1500.000000,1,0,1,1,1,0.000000,0.000000,0,1,1,1,1,15003,0.002000,0,0.632105,0.610107,-0.993928,-0.467297,-0.419163,-0.604353,1,-4.933549,4.933549,-1.486484,0.035854,0.484892,-0.056178,0.797069,4.745096,-46.258465,0.797069,4.745096,-46.258465,0.174312,0.250000,0.625000,2.500000,1.000000,1.000000,0.005062,1,0,0.965688,1.140000,0.062957,0.159298,0.666992,1,1,1,1,1,0.125000,1,0,0,0,0,0,0,0,0,0,0,1,0.020000,0.000000,0.000000,0.000000,0.000000,0.000000,0.000000,0.000000,0.000000,0.000000,0.000000,0.000000,0.000000,0.000000,0.000000,0.000000,0.000000,0.000000,0.000000,0.000000,0.000000
63868,0.888491,-0.011301,0.040704,-0.456947,-6.800000,-1.900000,-0.900000,0.136000,0.067000,0.017000,23.304941,100276.703125,87.639999,86.180000,1.460000,1.260000,3,1,1,1,3,22,1,22,37.5417747,127.0795465,29.014,0.321000,0.763000,-0.538000,-0.533000,-0.609000,0.112000,1552,1538,1405,1504,1478.500000,1521.000000,1545.000000,1454.500000,-42.500000,90.500000,1500.000000,1,0,1,1,1,0.000000,0.000000,0,1,1,1,1,15003,0.009000,0,0.563301,0.547923,-1.094510,-0.542810,-0.539037,-0.586320,1,-5.112069,5.112069,-1.419766,0.034241,0.219410,2.591922,0.367403,4.718011,-46.843060,0.367403,4.718011,-46.843060,0.132763,0.250000,0.625000,2.500000,1.000000,1.000000,0.002962,1,0,1.087237,1.220000,0.054785,0.025454,0.661225,1,1,1,1,1,0.126000,1,0,0,0,0,0,0,0,0,0,0,1,0.022000,0.000000,0.000000,0.000000,0.000000,0.000000,0.000000,0.000000,0.000000,0.000000,0.000000,0.000000,0.000000,0.000000,0.000000,0.000000,0.000000,0.000000,0.000000,0.000000,0.000000
63958,0.886495,-0.011101,0.041404,-0.460749,-17.799999,8.200000,-3.100000,0.249000,-0.160000,-1.824000,23.301031,100274.601563,87.820000,86.180000,1.640000,1.330000,0,1,1,1,3,22,1,22,37.5417747,127.0795465,29.014,0.321000,0.763000,-0.538000,-0.533000,-0.609000,0.112000,1555,1553,1391,1502,1473.000000,1527.500000,1554.000000,1446.500000,-54.500000,107.500000,1500.000000,1,0,1,1,1,0.000000,0.000000,0,1,1,1,1,15003,0.001000,0,0.513703,0.496524,-1.152503,-0.510516,-0.556107,-0.517325,1,-5.240027,5.240027,-1.343590,0.042380,1.517067,-0.184497,0.239292,4.794365,-47.319267,0.239292,4.794365,-47.319267,0.131031,0.250000,0.625000,2.500000,1.000000,1.000000,0.002885,1,0,1.118969,1.250000,0.054828,0.054800,0.661256,0,0,0,0,0,0.126000,1,0,0,0,0,0,0,0,0,0,0,1,0.020000,0.000000,0.000000,0.000000,0.000000,0.000000,0.000000,0.000000,0.000000,0.000000,0.000000,0.000000,0.000000,0.000000,0.000000,0.000000,0.000000,0.000000,0.000000,0.000000,0.000000
64060,0.884682,-0.013001,0.042804,-0.464043,-20.400000,1.900000,0.500000,0.324000,0.066000,-1.433000,23.296614,100272.703125,87.979996,86.180000,1.800000,1.410000,3,1,1,1,3,23,1,23,37.5417741,127.0795457,29.156,0.321000,0.763000,-0.494000,-0.603000,-0.669000,0.114000,1554,1529,1409,1508,1481.500000,1518.500000,1541.500000,1458.500000,-37.000000,83.000000,1500.000000,1,0,1,1,1,0.000000,0.000000,0,1,1,1,1,15003,0.005000,0,0.456017,0.431087,-1.250469,-0.522427,-0.615035,-0.672985,1,-5.371417,5.371417,-1.322937,0.036658,1.170179,-0.305448,0.323460,4.826886,-47.764801,0.323460,4.826886,-47.764801,0.126979,0.250000,0.625000,2.500000,1.000000,1.000000,0.002698,1,0,1.243021,1.370000,0.058653,0.106513,0.663942,1,1,1,1,1,0.122000,0,0,0,0,0,0,0,0,0,0,0,1,0.020000,0.000000,0.000000,0.000000,0.000000,0.000000,0.000000,0.000000,0.000000,0.000000,0.000000,0.000000,0.000000,0.000000,0.000000,0.000000,0.000000,0.000000,0.000000,0.000000,0.000000
64152,0.883341,-0.012901,0.042502,-0.466622,21.100000,7.700000,-3.600000,-0.105000,-0.253000,-1.666000,23.297735,100272.398438,88.000000,86.180000,1.820000,1.480000,6,1,1,1,3,24,1,24,37.5417734,127.0795448,29.252,0.321000,0.763000,-0.555000,-0.673000,-0.673000,0.107000,1550,1533,1403,1515,1476.500000,1524.000000,1541.500000,1459.000000,-47.500000,82.500000,1500.000000,1,0,1,1,1,0.000000,0.000000,0,1,1,1,1,15003,0.001000,0,0.399239,0.366154,-1.325679,-0.493561,-0.657065,-0.570670,1,-5.493791,5.493791,-1.214614,0.033614,0.743943,1.604787,0.473327,4.679744,-48.143837,0.473327,4.679744,-48.143837,0.124473,0.250000,0.625000,2.500000,1.000000,1.000000,0.002606,1,0,1.315527,1.440000,0.053783,0.053366,0.660525,1,1,1,1,1,0.126000,1,0,0,0,0,0,0,0,0,0,0,1,0.020000,0.000000,0.000000,0.000000,0.000000,0.000000,0.000000,0.000000,0.000000,0.000000,0.000000,0.000000,0.000000,0.000000,0.000000,0.000000,0.000000,0.000000,0.000000,0.000000,0.000000
64255,0.882476,-0.013701,0.043504,-0.468140,-20.900000,1.200000,0.300000,0.263000,0.665000,-0.566000,23.299734,100272.203125,88.019997,86.180000,1.840000,1.530000,0,1,1,1,3,23,1,23,37.5417726,127.0795440,29.414,0.321000,0.763000,-0.645000,-0.604000,-0.742000,0.111000,1556,1535,1397,1513,1476.500000,1524.000000,1545.500000,1455.000000,-47.500000,90.500000,1500.000000,1,0,1,1,1,0.000000,0.000000,0,1,1,1,1,15003,0.002000,0,0.326941,0.303399,-1.415608,-0.641289,-0.625243,-0.710594,1,-5.611603,5.611603,-1.103446,0.033631,0.458552,0.985064,0.439295,4.821925,-48.308571,0.439295,4.821925,-48.308571,0.078623,0.250000,0.625000,2.500000,1.000000,1.000000,0.001040,1,0,1.411377,1.490000,0.053809,0.034821,0.660543,1,1,1,1,1,0.125000,0,0,0,0,0,0,0,0,0,0,0,1,0.021000,0.000000,0.000000,0.000000,0.000000,0.000000,0.000000,0.000000,0.000000,0.000000,0.000000,0.000000,0.000000,0.000000,0.000000,0.000000,0.000000,0.000000,0.000000,0.000000,0.000000
64348,0.881754,-0.013401,0.045403,-0.469329,19.600000,8.900000,-3.600000,-0.301000,-0.289000,-1.076000,23.303310,100271.203125,88.099998,86.180000,1.920000,1.600000,0,1,1,1,3,23,1,23,37.5417726,127.0795440,29.414,0.321000,0.763000,-0.645000,-0.604000,-0.742000,0.111000,1554,1540,1395,1511,1474.500000,1525.500000,1547.000000,1453.000000,-51.000000,94.000000,1500.000000,1,0,1,1,1,0.000000,0.000000,0,1,1,1,1,15003,0.005000,0,0.269848,0.245749,-1.489655,-0.572902,-0.607016,-0.762478,1,-5.717341,5.717341,-1.148875,0.045423,1.754131,0.580961,0.358356,5.053294,-48.490391,0.358356,5.053294,-48.490391,0.081922,0.250000,0.625000,2.500000,1.000000,1.000000,0.001127,1,0,1.448078,1.530000,0.055262,0.078808,0.661559,0,0,0,0,0,0.125000,0,0,0,0,0,0,0,0,0,0,0,1,0.020000,0.000000,0.000000,0.000000,0.000000,0.000000,0.000000,0.000000,0.000000,0.000000,0.000000,0.000000,0.000000,0.000000,0.000000,0.000000,0.000000,0.000000,0.000000,0.000000,0.000000
64449,0.880634,-0.013401,0.048502,-0.471118,-8.800000,9.100000,-0.200000,0.411000,0.921000,-1.516000,23.302608,100271.601563,88.070000,86.180000,1.890000,1.660000,12,1,1,1,3,24,1,24,37.5417720,127.0795430,29.562,0.320000,0.762000,-0.570000,-0.746000,-0.788000,0.108000,1557,1558,1380,1505,1468.500000,1531.500000,1557.500000,1442.500000,-63.000000,115.000000,1500.000000,1,0,1,1,1,0.000000,0.000000,0,1,1,1,1,15003,0.001000,0,0.211000,0.162944,-1.580160,-0.484378,-0.709330,-0.682532,1,-5.826560,5.826560,-1.018041,0.037470,1.176809,0.547102,0.045946,5.230396,-48.726715,0.045946,5.230396,-48.726715,0.049482,0.250000,0.625000,2.500000,1.000000,1.000000,0.000411,1,0,1.570518,1.620000,0.056204,0.077759,0.662220,1,1,1,1,1,0.133000,1,0,0,0,0,0,0,0,0,0,0,1,0.020000,0.000000,0.000000,0.000000,0.000000,0.000000,0.000000,0.000000,0.000000,0.000000,0.000000,0.000000,0.000000,0.000000,0.000000,0.000000,0.000000,0.000000,0.000000,0.000000,0.000000
64543,0.878448,-0.013901,0.050803,-0.474926,7.000000,4.600000,-10.400000,0.117000,0.560000,-1.065000,23.301487,100270.601563,88.150002,86.180000,1.970000,1.730000,0,1,1,1,3,24,1,24,37.5417714,127.0795418,29.595,0.320000,0.762000,-0.599000,-0.824000,-0.709000,0.105000,1546,1558,1403,1493,1474.500000,1525.500000,1552.000000,1448.000000,-51.000000,104.000000,1500.000000,1,0,1,1,1,0.000000,0.000000,0,1,1,1,1,15003,0.002000,0,0.151690,0.083691,-1.657687,-0.499992,-0.773711,-0.705168,1,-5.920982,5.920982,-0.971438,0.034719,1.086353,1.654957,-0.370311,5.491775,-49.188496,-0.370311,5.491775,-49.188496,0.034213,0.250000,0.625000,2.500000,1.000000,1.000000,0.000197,1,0,1.655787,1.690000,0.055551,0.086628,0.661762,1,1,1,1,1,0.116000,1,0,0,0,0,0,0,0,0,0,0,1,0.020000,0.000000,0.000000,0.000000,0.000000,0.000000,0.000000,0.000000,0.000000,0.000000,0.000000,0.000000,0.000000,0.000000,0.000000,0.000000,0.000000,0.000000,0.000000,0.000000,0.000000
64659,0.874332,-0.014901,0.053702,-0.482118,14.500000,1.600000,-7.500000,-0.185000,-0.514000,-0.672000,23.301382,100270.000000,88.209999,86.180000,2.030000,1.790000,31,1,1,1,3,23,1,23,37.5417708,127.0795407,29.678,0.320000,0.763000,-0.593000,-0.764000,-0.702000,0.109000,1542,1567,1405,1485,1473.500000,1526.000000,1554.500000,1445.000000,-52.500000,109.500000,1500.000000,1,0,1,1,1,0.000000,0.000000,0,1,1,1,1,15003,0.002000,0,0.076487,-0.005043,-1.744219,-0.615755,-0.774133,-0.724861,1,-6.028312,6.028312,-0.956685,0.036139,1.038719,0.076329,-0.875915,5.903069,-49.988987,-0.875915,5.903069,-49.988987,0.026091,0.250000,0.625000,2.500000,1.000000,1.000000,0.000115,1,0,1.723909,1.750000,0.052792,0.035784,0.659834,1,1,1,1,1,0.124000,1,0,0,0,0,0,0,0,0,0,0,1,0.020000,0.000000,0.000000,0.000000,0.000000,0.000000,0.000000,0.000000,0.000000,0.000000,0.000000,0.000000,0.000000,0.000000,0.000000,0.000000,0.000000,0.000000,0.000000,0.000000,0.000000
64747,0.869882,-0.015601,0.054905,-0.489946,7.300000,0.900000,-16.100000,-0.178000,-0.486000,-0.705000,23.298559,100270.304688,88.180000,86.180000,2.000000,1.840000,33,1,1,1,3,22,1,22,37.5417703,127.0795393,29.703,0.319000,0.763000,-0.577000,-0.868000,-0.636000,0.108000,1531,1579,1418,1471,1474.500000,1525.000000,1555.000000,1444.500000,-50.500000,110.500000,1500.000000,1,0,1,1,1,0.000000,0.000000,0,1,1,1,1,15003,0.001000,0,0.016432,-0.091104,-1.807355,-0.596519,-0.848666,-0.625455,1,-6.112742,6.112742,-0.883119,0.034666,0.484931,0.964720,-0.802915,6.035480,-50.827477,-0.802915,6.035480,-50.827477,0.012607,0.250000,0.625000,2.500000,1.000000,1.000000,0.000027,1,0,1.787393,1.800000,0.061107,0.160818,0.665677,1,1,1,1,1,0.125000,1,0,0,0,0,0,0,0,0,0,0,1,0.020000,0.000000,0.000000,0.000000,0.000000,0.000000,0.000000,0.000000,0.000000,0.000000,0.000000,0.000000,0.000000,0.000000,0.000000,0.000000,0.000000,0.000000,0.000000,0.000000,0.000000
64865,0.863027,-0.017201,0.056302,-0.501716,14.900000,-1.100000,-9.200000,-0.126000,0.218000,-0.343000,23.300575,100268.804688,88.309998,86.180000,2.130000,1.910000,0,1,1,1,3,23,1,23,37.5417697,127.0795383,29.739,0.319000,0.763000,-0.595000,-0.730000,-0.588000,0.104000,1533,1582,1419,1466,1476.000000,1524.000000,1557.500000,1442.500000,-48.000000,115.000000,1500.000000,1,0,1,1,1,0.000000,0.000000,0,1,1,1,1,15003,0.010000,0,-0.058005,-0.185471,-1.880808,-0.625441,-0.747534,-0.565472,1,-6.213647,6.213647,-0.802584,0.035317,0.219841,2.378431,-1.062175,6.109607,-52.108879,-1.062175,6.109607,-52.108879,0.008420,0.250000,0.625000,2.500000,1.000000,1.000000,0.000012,1,0,1.841580,1.850000,0.054296,0.081923,0.660883,1,1,1,1,1,0.128000,0,0,0,0,0,0,0,0,0,0,0,1,0.020000,0.000000,0.000000,0.000000,0.000000,0.000000,0.000000,0.000000,0.000000,0.000000,0.000000,0.000000,0.000000,0.000000,0.000000,0.000000,0.000000,0.000000,0.000000,0.000000,0.000000
64958,0.857446,-0.016901,0.057003,-0.511127,13.300000,3.700000,-11.300000,0.164000,0.318000,-2.001000,23.299400,100269.703125,88.229996,86.180000,2.050000,1.940000,0,1,1,1,3,23,1,23,37.5417697,127.0795383,29.739,0.319000,0.763000,-0.595000,-0.730000,-0.588000,0.104000,1522,1584,1422,1471,1472.000000,1527.500000,1553.000000,1446.500000,-55.500000,106.500000,1500.000000,1,0,1,1,1,0.000000,0.000000,0,1,1,1,1,15003,0.001000,0,-0.115358,-0.251937,-1.929069,-0.591638,-0.668908,-0.498003,1,-6.285592,6.285592,-0.736207,0.042311,1.569709,1.047689,-1.087695,6.238125,-53.178173,-1.087695,6.238125,-53.178173,-0.013933,0.250000,0.625000,2.500000,1.000000,1.000000,0.000033,1,0,1.903933,1.890000,0.053922,0.058600,0.660622,0,0,0,0,0,0.128000,0,0,0,0,0,0,0,0,0,0,0,1,0.020000,0.000000,0.000000,0.000000,0.000000,0.000000,0.000000,0.000000,0.000000,0.000000,0.000000,0.000000,0.000000,0.000000,0.000000,0.000000,0.000000,0.000000,0.000000,0.000000,0.000000
65060,0.851611,-0.015700,0.057201,-0.520807,3.100000,4.100000,-11.800000,-0.107000,0.024000,-1.694000,23.299559,100269.203125,88.269997,86.180000,2.090000,1.970000,3,1,1,1,3,23,1,23,37.5417693,127.0795370,29.725,0.319000,0.763000,-0.474000,-0.825000,-0.487000,0.100000,1523,1589,1426,1461,1474.500000,1525.000000,1556.000000,1443.500000,-50.500000,112.500000,1500.000000,1,0,1,1,1,0.000000,0.000000,0,1,1,1,1,15003,0.005000,0,-0.158942,-0.342896,-1.970452,-0.458117,-0.749235,-0.464665,1,-6.354906,6.354906,-0.691250,0.036373,1.170959,-0.844584,-0.951086,6.310806,-54.303226,-0.951086,6.310806,-54.303226,-0.042952,0.250000,0.625000,2.500000,1.000000,1.000000,0.000309,1,0,1.972952,1.930000,0.058196,0.107202,0.663620,1,1,1,1,1,0.122000,1,0,0,0,0,0,0,0,0,0,0,1,0.020000,0.000000,0.000000,0.000000,0.000000,0.000000,0.000000,0.000000,0.000000,0.000000,0.000000,0.000000,0.000000,0.000000,0.000000,0.000000,0.000000,0.000000,0.000000,0.000000,0.000000
65152,0.846361,-0.014601,0.057104,-0.529338,-3.200000,0.000000,-8.200000,0.328000,0.440000,-1.275000,23.303152,100270.804688,88.139999,86.180000,1.960000,1.990000,6,1,1,1,3,23,1,23,37.5417689,127.0795360,29.705,0.319000,0.763000,-0.560000,-0.685000,-0.395000,0.101000,1518,1595,1426,1461,1472.000000,1528.000000,1556.500000,1443.500000,-56.000000,113.000000,1500.000000,1,0,1,1,1,0.000000,0.000000,0,1,1,1,1,15003,0.001000,0,-0.214639,-0.410494,-1.999555,-0.546695,-0.671653,-0.306248,1,-6.415703,6.415703,-0.559720,0.033382,0.743949,1.658425,-0.736893,6.395600,-55.290089,-0.736893,6.395600,-55.290089,-0.050376,0.250000,0.625000,2.500000,1.000000,1.000000,0.000427,1,0,2.000376,1.950000,0.053411,0.053478,0.660265,1,1,1,1,1,0.127000,1,0,0,0,0,0,0,0,0,0,0,1,0.020000,0.000000,0.000000,0.000000,0.000000,0.000000,0.000000,0.000000,0.000000,0.000000,0.000000,0.000000,0.000000,0.000000,0.000000,0.000000,0.000000,0.000000,0.000000,0.000000,0.000000
65254,0.840921,-0.014300,0.055501,-0.538114,19.900000,4.500000,-11.100000,0.102000,0.124000,-1.105000,23.298367,100268.898438,88.299995,86.180000,2.120000,2.010000,0,1,1,1,3,23,1,23,37.5417685,127.0795349,29.729,0.318000,0.763000,-0.425000,-0.714000,-0.358000,0.100000,1509,1590,1440,1461,1474.500000,1525.500000,1549.500000,1450.500000,-51.000000,99.000000,1500.000000,1,0,1,1,1,0.000000,0.000000,0,1,1,1,1,15003,0.002000,0,-0.262086,-0.489344,-2.027362,-0.474686,-0.708850,-0.267753,1,-6.466938,6.466938,-0.413260,0.033453,0.458554,1.689163,-0.765213,6.296100,-56.425217,-0.765213,6.296100,-56.425217,-0.060606,0.250000,0.625000,2.500000,1.000000,1.000000,0.000618,1,0,2.030606,1.970000,0.053524,0.034850,0.660345,1,1,1,1,1,0.124000,1,0,0,0,0,0,0,0,0,0,0,1,0.024000,0.000000,0.000000,0.000000,0.000000,0.000000,0.000000,0.000000,0.000000,0.000000,0.000000,0.000000,0.000000,0.000000,0.000000,0.000000,0.000000,0.000000,0.000000,0.000000,0.000000
65346,0.836554,-0.011501,0.053603,-0.545135,2.500000,5.300000,-9.400000,0.108000,0.355000,-1.481000,23.301996,100271.101563,88.110001,86.180000,1.930000,1.990000,0,1,1,1,3,23,1,23,37.5417685,127.0795349,29.729,0.318000,0.763000,-0.425000,-0.714000,-0.358000,0.100000,1510,1595,1434,1461,1472.000000,1528.000000,1552.500000,1447.500000,-56.000000,105.000000,1500.000000,1,0,1,1,1,0.000000,0.000000,0,1,1,1,1,15003,0.002000,0,-0.302392,-0.548233,-2.040848,-0.428194,-0.624815,-0.139645,1,-6.497716,6.497716,-0.290955,0.045182,1.757019,1.133789,-0.392056,6.297181,-57.357853,-0.392056,6.297181,-57.357853,-0.077152,0.250000,0.625000,2.500000,1.000000,1.000000,0.001000,1,0,2.037152,1.960000,0.054705,0.075208,0.661169,0,0,0,0,0,0.124000,1,0,0,0,0,0,0,0,0,0,0,1,0.020000,0.000000,0.000000,0.000000,0.000000,0.000000,0.000000,0.000000,0.000000,0.000000,0.000000,0.000000,0.000000,0.000000,0.000000,0.000000,0.000000,0.000000,0.000000,0.000000,0.000000
65443,0.832097,-0.009901,0.053406,-0.551964,12.800000,3.300000,-11.100000,-0.182000,-0.118000,-1.301000,23.297070,100269.804688,88.220001,86.180000,2.040000,2.000000,0,1,1,1,3,22,1,22,37.5417679,127.0795338,29.729,0.318000,0.763000,-0.608000,-0.743000,-0.311000,0.105000,1501,1593,1443,1463,1472.000000,1528.000000,1547.000000,1453.000000,-56.000000,94.000000,1500.000000,1,0,1,1,1,0.000000,0.000000,0,1,1,1,1,15003,0.005000,0,-0.377790,-0.636185,-2.059235,-0.572976,-0.643463,-0.187025,1,-6.523817,6.523817,-0.180314,0.040229,1.571094,2.959687,-0.269618,6.437743,-58.520420,-0.269618,6.437743,-58.520420,-0.103045,0.250000,0.625000,2.500000,1.000000,1.000000,0.001777,1,0,2.063045,1.960000,0.058467,0.125250,0.663811,1,1,1,1,1,0.131000,0,0,0,0,0,0,0,0,0,0,0,1,0.020000,0.000000,0.000000,0.000000,0.000000,0.000000,0.000000,0.000000,0.000000,0.000000,0.000000,0.000000,0.000000,0.000000,0.000000,0.000000,0.000000,0.000000,0.000000,0.000000,0.000000
65543,0.827521,-0.007600,0.052601,-0.558914,0.200000,-1.700000,-12.100000,0.090000,0.289000,-0.636000,23.297613,100270.703125,88.150002,86.180000,1.970000,2.000000,8,1,1,1,3,22,1,22,37.5417676,127.0795332,29.752,0.318000,0.763000,-0.339000,-0.470000,-0.297000,0.101000,1510,1604,1439,1448,1474.500000,1526.000000,1557.000000,1443.500000,-51.500000,113.500000,1500.000000,1,0,1,1,1,0.000000,0.000000,0,1,1,1,1,15003,0.002000,0,-0.398466,-0.672096,-2.080723,-0.353958,-0.410133,-0.393340,1,-6.542748,6.542748,-0.271790,0.034495,0.934985,0.525103,-0.128452,6.603625,-59.445358,-0.128452,6.603625,-59.445358,-0.124430,0.250000,0.625000,2.500000,1.000000,1.000000,0.002601,1,0,2.084430,1.960000,0.055192,0.076018,0.661510,1,1,1,1,1,0.117000,1,0,0,0,0,0,0,0,0,0,0,1,0.020000,0.000000,0.000000,0.000000,0.000000,0.000000,0.000000,0.000000,0.000000,0.000000,0.000000,0.000000,0.000000,0.000000,0.000000,0.000000,0.000000,0.000000,0.000000,0.000000,0.000000
65656,0.822471,-0.004800,0.050404,-0.566549,-15.600000,3.300000,-12.500000,0.016000,0.040000,-1.369000,23.298613,100271.500000,88.080002,86.180000,1.900000,1.990000,36,1,1,1,3,23,1,23,37.5417671,127.0795322,29.739,0.318000,0.764000,-0.519000,-0.609000,-0.244000,0.110000,1504,1605,1446,1445,1475.000000,1525.000000,1554.500000,1445.500000,-50.000000,109.000000,1500.000000,1,0,1,1,1,0.000000,0.000000,0,1,1,1,1,15003,0.002000,0,-0.456705,-0.743791,-2.088084,-0.504995,-0.526667,-0.180381,1,-6.570520,6.570520,-0.190858,0.035792,1.041633,1.171748,0.080542,6.615605,-60.607826,0.080542,6.615605,-60.607826,-0.138993,0.250000,0.625000,2.500000,1.000000,1.000000,0.003254,1,0,2.088993,1.950000,0.052432,0.037671,0.659584,1,1,1,1,1,0.127000,1,0,0,0,0,0,0,0,0,0,0,1,0.020000,0.000000,0.000000,0.000000,0.000000,0.000000,0.000000,0.000000,0.000000,0.000000,0.000000,0.000000,0.000000,0.000000,0.000000,0.000000,0.000000,0.000000,0.000000,0.000000,0.000000
65757,0.818132,-0.003400,0.047902,-0.573022,-5.700000,-2.100000,-10.500000,0.057000,0.368000,-0.982000,23.298857,100272.804688,87.970001,86.180000,1.790000,1.950000,8,1,1,1,3,24,1,24,37.5417669,127.0795315,29.683,0.318000,0.764000,-0.350000,-0.451000,-0.161000,0.099000,1504,1604,1446,1446,1475.000000,1525.000000,1554.000000,1446.000000,-50.000000,108.000000,1500.000000,1,0,1,1,1,0.000000,0.000000,0,1,1,1,1,15003,0.002000,0,-0.492480,-0.796862,-2.075405,-0.385425,-0.430891,-0.117517,1,-6.588053,6.588053,-0.130346,0.032340,0.622985,1.141894,0.205651,6.609981,-61.725204,0.205651,6.609981,-61.725204,-0.173662,0.250000,0.625000,2.500000,1.000000,1.000000,0.005084,1,0,2.083662,1.910000,0.051744,0.040951,0.659105,1,1,1,1,1,0.126000,0,0,0,0,0,0,0,0,0,0,0,1,0.020000,0.000000,0.000000,0.000000,0.000000,0.000000,0.000000,0.000000,0.000000,0.000000,0.000000,0.000000,0.000000,0.000000,0.000000,0.000000,0.000000,0.000000,0.000000,0.000000,0.000000
65846,0.814536,-0.001400,0.044202,-0.578425,11.600000,-1.700000,-8.300000,0.191000,0.291000,-0.315000,23.294474,100271.101563,88.110001,86.180000,1.930000,1.940000,0,1,1,1,3,24,1,24,37.5417669,127.0795315,29.683,0.318000,0.764000,-0.350000,-0.451000,-0.161000,0.099000,1501,1591,1457,1450,1479.000000,1520.500000,1546.000000,1453.500000,-41.500000,92.500000,1500.000000,1,0,1,1,1,0.000000,0.000000,0,1,1,1,1,15003,0.002000,0,-0.523662,-0.829479,-2.072181,-0.339207,-0.343423,-0.026600,1,-6.596383,6.596383,-0.055796,0.046625,1.919830,0.238611,0.642596,6.449470,-62.567192,0.642596,6.449470,-62.567192,-0.179852,0.250000,0.625000,2.500000,1.000000,1.000000,0.005440,1,0,2.079852,1.900000,0.053926,0.091000,0.660625,0,0,0,0,0,0.126000,0,0,0,0,0,0,0,0,0,0,0,1,0.020000,0.000000,0.000000,0.000000,0.000000,0.000000,0.000000,0.000000,0.000000,0.000000,0.000000,0.000000,0.000000,0.000000,0.000000,0.000000,0.000000,0.000000,0.000000,0.000000,0.000000
65957,0.810741,-0.000300,0.040102,-0.584030,-9.600000,1.100000,-10.500000,0.049000,0.585000,-2.152000,23.297384,100271.304688,88.099998,86.180000,1.920000,1.940000,20,1,1,1,3,24,1,24,37.5417666,127.0795312,29.714,0.318000,0.764000,-0.300000,-0.237000,-0.166000,0.101000,1505,1591,1452,1452,1478.500000,1521.500000,1548.000000,1452.000000,-43.000000,96.000000,1500.000000,1,0,1,1,1,0.000000,0.000000,0,1,1,1,1,15003,0.002000,0,-0.553088,-0.850062,-2.048163,-0.276981,-0.157732,0.095718,1,-6.590349,6.590349,0.135433,0.038782,1.459592,1.873599,1.100801,6.108603,-63.578625,1.100801,6.108603,-63.578625,-0.158589,0.250000,0.625000,2.500000,1.000000,1.000000,0.004218,1,0,2.058589,1.900000,0.056737,0.112373,0.662594,0,0,0,0,0,0.125000,0,0,0,0,0,0,0,0,0,0,0,1,0.020000,0.000000,0.000000,0.000000,0.000000,0.000000,0.000000,0.000000,0.000000,0.000000,0.000000,0.000000,0.000000,0.000000,0.000000,0.000000,0.000000,0.000000,0.000000,0.000000,0.000000
66057,0.808070,0.001800,0.036503,-0.587951,-16.500000,2.000000,-10.700000,-0.132000,0.353000,-1.069000,23.295227,100271.203125,88.099998,86.180000,1.920000,1.940000,20,1,1,1,3,24,1,24,37.5417664,127.0795307,29.684,0.318000,0.764000,-0.298000,-0.300000,-0.109000,0.101000,1505,1598,1451,1446,1478.000000,1522.000000,1551.500000,1448.500000,-44.000000,103.000000,1500.000000,1,0,1,1,1,0.000000,0.000000,0,1,1,1,1,15003,0.002000,0,-0.580449,-0.884366,-2.046904,-0.264786,-0.159040,-0.130162,1,-6.576852,6.576852,0.082393,0.036488,1.222299,-2.003888,1.612713,5.980678,-64.343399,1.612713,5.980678,-64.343399,-0.153186,0.250000,0.625000,2.500000,1.000000,1.000000,0.003944,1,0,2.053186,1.900000,0.054535,0.079468,0.661051,1,1,1,1,1,0.122000,1,0,0,0,0,0,0,0,0,0,0,1,0.020000,0.000000,0.000000,0.000000,0.000000,0.000000,0.000000,0.000000,0.000000,0.000000,0.000000,0.000000,0.000000,0.000000,0.000000,0.000000,0.000000,0.000000,0.000000,0.000000,0.000000
66150,0.806169,0.001500,0.036603,-0.590550,-12.600000,3.300000,-9.800000,-0.048000,0.161000,-1.602000,23.299295,100272.601563,87.989998,86.180000,1.810000,1.930000,27,1,1,1,3,23,1,23,37.5417664,127.0795304,29.679,0.318000,0.764000,-0.144000,-0.191000,-0.096000,0.107000,1506,1595,1449,1450,1477.500000,1522.500000,1550.500000,1449.500000,-45.000000,101.000000,1500.000000,1,0,1,1,1,0.000000,0.000000,0,1,1,1,1,15003,0.002000,0,-0.587578,-0.905522,-2.033552,-0.109795,-0.097384,-0.139894,1,-6.575457,6.575457,-0.035585,0.033808,0.856427,-0.753711,1.452139,6.031650,-65.111679,1.452139,6.031650,-65.111679,-0.147808,0.250000,0.625000,2.500000,1.000000,1.000000,0.003682,1,0,2.037808,1.890000,0.051982,0.039223,0.659270,1,1,1,1,1,0.126000,1,0,0,0,0,0,0,0,0,0,0,1,0.020000,0.000000,0.000000,0.000000,0.000000,0.000000,0.000000,0.000000,0.000000,0.000000,0.000000,0.000000,0.000000,0.000000,0.000000,0.000000,0.000000,0.000000,0.000000,0.000000,0.000000
66244,0.804472,0.003700,0.034903,-0.592953,10.100000,3.900000,-5.600000,-0.150000,-0.108000,-0.782000,23.294598,100272.203125,88.019997,86.180000,1.840000,1.910000,35,1,1,1,3,23,1,23,37.5417663,127.0795302,29.656,0.318000,0.764000,-0.144000,-0.164000,-0.065000,0.104000,1502,1583,1452,1463,1477.000000,1523.000000,1542.500000,1457.500000,-46.000000,85.000000,1500.000000,1,0,1,1,1,0.000000,0.000000,0,1,1,1,1,15003,0.001000,0,-0.595936,-0.924168,-2.018612,-0.124418,-0.126135,-0.097849,1,-6.581638,6.581638,-0.105806,0.034098,0.510499,-1.705060,1.516308,6.056177,-65.646660,1.516308,6.056177,-65.646660,-0.164271,0.250000,0.625000,2.500000,1.000000,1.000000,0.004507,1,0,2.034271,1.870000,0.060571,0.164293,0.665298,1,1,1,1,1,0.125000,1,0,0,0,0,0,0,0,0,0,0,1,0.022000,0.000000,0.000000,0.000000,0.000000,0.000000,0.000000,0.000000,0.000000,0.000000,0.000000,0.000000,0.000000,0.000000,0.000000,0.000000,0.000000,0.000000,0.000000,0.000000,0.000000
66348,0.803117,0.001900,0.034601,-0.594813,3.400000,-5.200000,-2.500000,-0.084000,-0.008000,0.113000,23.294159,100272.601563,87.989998,86.180000,1.810000,1.900000,0,1,1,1,3,23,1,23,37.5417663,127.0795302,29.656,0.318000,0.764000,-0.144000,-0.164000,-0.065000,0.104000,1516,1590,1446,1448,1481.000000,1519.000000,1553.000000,1447.000000,-38.000000,106.000000,1500.000000,1,0,1,1,1,0.000000,0.000000,0,1,1,1,1,15003,0.005000,0,-0.599176,-0.928669,-2.020061,0.053622,0.042762,-0.182315,1,-6.600922,6.600922,-0.209115,0.045860,1.857851,-0.244155,1.268119,5.955169,-66.261108,1.268119,5.955169,-66.261108,-0.149350,0.250000,0.625000,2.500000,1.000000,1.000000,0.003751,1,0,2.019350,1.870000,0.054073,0.088897,0.660728,0,0,0,0,0,0.125000,1,0,0,0,0,0,0,0,0,0,0,1,0.020000,0.000000,0.000000,0.000000,0.000000,0.000000,0.000000,0.000000,0.000000,0.000000,0.000000,0.000000,0.000000,0.000000,0.000000,0.000000,0.000000,0.000000,0.000000,0.000000,0.000000
66463,0.802554,0.001800,0.033402,-0.595640,-13.600000,-4.900000,-1.100000,-0.049000,0.022000,-0.819000,23.293879,100272.500000,88.000000,86.180000,1.820000,1.880000,0,1,1,1,3,23,1,23,37.5417663,127.0795299,29.646,0.318000,0.764000,-0.079000,-0.126000,-0.059000,0.113000,1523,1584,1443,1450,1483.000000,1517.000000,1553.500000,1446.500000,-34.000000,107.000000,1500.000000,1,0,1,1,1,0.000000,0.000000,0,1,1,1,1,15003,0.002000,0,-0.608487,-0.951143,-2.006631,-0.015154,-0.026770,-0.209247,1,-6.634608,6.634608,-0.372705,0.042336,1.582963,-0.424519,1.004802,5.844994,-66.694954,1.004802,5.844994,-66.694954,-0.154071,0.250000,0.625000,2.500000,1.000000,1.000000,0.003993,1,0,2.004071,1.850000,0.053763,0.063832,0.660511,0,0,0,0,0,0.132000,0,0,0,0,0,0,0,0,0,0,0,1,0.020000,0.000000,0.000000,0.000000,0.000000,0.000000,0.000000,0.000000,0.000000,0.000000,0.000000,0.000000,0.000000,0.000000,0.000000,0.000000,0.000000,0.000000,0.000000,0.000000,0.000000
66557,0.802282,0.002000,0.034204,-0.595961,12.500000,0.000000,-1.800000,-0.165000,-0.246000,-0.188000,23.295403,100272.398438,88.000000,86.180000,1.820000,1.870000,9,1,1,1,3,23,1,23,37.5417663,127.0795298,29.644,0.318000,0.765000,-0.017000,-0.078000,-0.060000,0.118000,1513,1581,1445,1462,1479.000000,1521.500000,1547.000000,1453.500000,-42.500000,93.500000,1500.000000,1,0,1,1,1,0.000000,0.000000,0,1,1,1,1,15003,0.005000,0,-0.597370,-0.958020,-1.978424,0.070498,0.032220,-0.171764,1,-6.677484,6.677484,-0.524755,0.037183,1.302405,0.167035,0.825886,5.966017,-66.994507,0.825886,5.966017,-66.994507,-0.156137,0.250000,0.625000,2.500000,1.000000,1.000000,0.004096,1,0,1.986137,1.830000,0.054911,0.080026,0.661313,1,1,1,1,1,0.118000,1,0,0,0,0,0,0,0,0,0,0,1,0.023000,0.000000,0.000000,0.000000,0.000000,0.000000,0.000000,0.000000,0.000000,0.000000,0.000000,0.000000,0.000000,0.000000,0.000000,0.000000,0.000000,0.000000,0.000000,0.000000,0.000000
66655,0.802091,0.003000,0.035004,-0.596168,0.000000,2.300000,-4.600000,0.059000,0.286000,-1.342000,23.293211,100272.203125,88.019997,86.180000,1.840000,1.860000,3,1,1,1,3,23,1,23,37.5417665,127.0795298,29.641,0.318000,0.765000,0.045000,-0.018000,-0.053000,0.091000,1508,1577,1444,1471,1476.000000,1524.000000,1542.500000,1457.500000,-48.000000,85.000000,1500.000000,1,0,1,1,1,0.000000,0.000000,0,1,1,1,1,15003,0.002000,0,-0.585143,-0.962246,-1.959495,0.059131,0.025527,-0.002632,1,-6.727431,6.727431,-0.475780,0.033705,0.697323,0.520242,0.936738,5.978136,-67.130638,0.936738,5.978136,-67.130638,-0.147446,0.250000,0.625000,2.500000,1.000000,1.000000,0.003657,1,0,1.967446,1.820000,0.053927,0.051758,0.660626,1,1,1,1,1,0.127000,0,0,0,0,0,0,0,0,0,0,0,1,0.023000,0.000000,0.000000,0.000000,0.000000,0.000000,0.000000,0.000000,0.000000,0.000000,0.000000,0.000000,0.000000,0.000000,0.000000,0.000000,0.000000,0.000000,0.000000,0.000000,0.000000
66749,0.802566,0.004200,0.034503,-0.595549,-15.800000,-6.300000,3.200000,0.041000,-0.093000,-0.845000,23.297630,100273.304688,87.930000,86.180000,1.750000,1.840000,0,1,1,1,3,23,1,23,37.5417667,127.0795298,29.633,0.318000,0.765000,0.098000,0.025000,-0.052000,0.079000,1508,1566,1447,1479,1477.500000,1522.500000,1537.000000,1463.000000,-45.000000,74.000000,1500.000000,1,0,1,1,1,0.000000,0.000000,0,1,1,1,1,15003,0.002000,0,-0.565711,-0.961033,-1.943914,0.121093,0.056087,-0.015452,1,-6.771760,6.771760,-0.439160,0.033445,0.507255,0.299820,1.025608,5.975152,-67.239891,1.025608,5.975152,-67.239891,-0.152050,0.250000,0.625000,2.500000,1.000000,1.000000,0.003890,1,0,1.952050,1.800000,0.053511,0.036076,0.660335,1,1,1,1,1,0.125000,0,0,0,0,0,0,0,0,0,0,0,1,0.022000,0.000000,0.000000,0.000000,0.000000,0.000000,0.000000,0.000000,0.000000,0.000000,0.000000,0.000000,0.000000,0.000000,0.000000,0.000000,0.000000,0.000000,0.000000,0.000000,0.000000
66849,0.802949,0.003100,0.032802,-0.595136,8.000000,-0.400000,-1.800000,0.041000,0.625000,-1.768000,23.296648,100272.804688,87.970001,86.180000,1.790000,1.830000,12,1,1,1,3,23,1,23,37.5417667,127.0795298,29.633,0.318000,0.765000,0.098000,0.025000,-0.052000,0.079000,1513,1565,1450,1472,1481.500000,1518.500000,1539.000000,1461.000000,-37.000000,78.000000,1500.000000,1,0,1,1,1,0.000000,0.000000,0,1,1,1,1,15003,0.001000,0,-0.550408,-0.950042,-1.926488,0.199796,0.164416,0.042812,1,-6.814965,6.814965,-0.415519,0.043006,1.787438,-0.640758,1.195907,5.737391,-67.239563,1.195907,5.737391,-67.239563,-0.145817,0.250000,0.625000,2.500000,1.000000,1.000000,0.003550,1,0,1.935817,1.790000,0.060852,0.153228,0.665497,0,0,0,0,0,0.125000,0,0,0,0,0,0,0,0,0,0,0,1,0.023000,0.000000,0.000000,0.000000,0.000000,0.000000,0.000000,0.000000,0.000000,0.000000,0.000000,0.000000,0.000000,0.000000,0.000000,0.000000,0.000000,0.000000,0.000000,0.000000,0.000000
66955,0.803445,0.000700,0.031702,-0.594534,-10.700000,-4.300000,0.600000,0.257000,-0.081000,-0.935000,23.295351,100270.898438,88.129997,86.180000,1.950000,1.840000,32,1,1,1,3,23,1,23,37.5417669,127.0795299,29.633,0.318000,0.766000,0.159000,0.079000,-0.054000,0.086000,1529,1577,1434,1460,1481.500000,1518.500000,1553.000000,1447.000000,-37.000000,106.000000,1500.000000,1,0,1,1,1,0.000000,0.000000,0,1,1,1,1,15003,0.001000,0,-0.522665,-0.941581,-1.920350,0.239248,0.187566,-0.055898,1,-6.861066,6.861066,-0.447654,0.040675,1.569753,-0.289551,0.883145,5.459600,-67.282524,0.883145,5.459600,-67.282524,-0.125540,0.250000,0.625000,2.500000,1.000000,1.000000,0.002649,1,0,1.925540,1.800000,0.054529,0.084926,0.661046,1,1,1,1,1,0.128000,0,0,0,0,0,0,0,0,0,0,0,1,0.020000,0.000000,0.000000,0.000000,0.000000,0.000000,0.000000,0.000000,0.000000,0.000000,0.000000,0.000000,0.000000,0.000000,0.000000,0.000000,0.000000,0.000000,0.000000,0.000000,0.000000
67047,0.804530,-0.002700,0.032401,-0.593022,18.299999,6.000000,6.900000,-0.418000,-0.543000,-0.759000,23.295666,100273.203125,87.939995,86.180000,1.760000,1.830000,38,1,1,1,3,23,1,23,37.5417672,127.0795299,29.647,0.318000,0.766000,0.222000,0.070000,-0.082000,0.082000,1528,1559,1438,1475,1483.000000,1517.000000,1543.500000,1456.500000,-34.000000,87.000000,1500.000000,1,0,1,1,1,0.000000,0.000000,0,1,1,1,1,15003,0.002000,0,-0.488871,-0.938359,-1.913431,0.295416,0.156856,-0.110285,1,-6.904927,6.904927,-0.502822,0.035825,1.014647,0.311920,0.559292,5.191288,-67.231277,0.559292,5.191288,-67.231277,-0.126319,0.250000,0.625000,2.500000,1.000000,1.000000,0.002688,1,0,1.916319,1.790000,0.052445,0.035994,0.659592,1,1,1,1,1,0.119000,0,0,0,0,0,0,0,0,0,0,0,1,0.020000,0.000000,0.000000,0.000000,0.000000,0.000000,0.000000,0.000000,0.000000,0.000000,0.000000,0.000000,0.000000,0.000000,0.000000,0.000000,0.000000,0.000000,0.000000,0.000000,0.000000
67154,0.806265,-0.003800,0.034303,-0.590547,-7.800000,-0.700000,5.800000,0.244000,-0.070000,-1.387000,23.293018,100271.101563,88.110001,86.180000,1.930000,1.820000,7,1,1,1,3,24,1,24,37.5417675,127.0795301,29.686,0.319000,0.767000,0.265000,0.108000,-0.113000,0.085000,1532,1571,1422,1475,1477.000000,1523.000000,1551.500000,1448.500000,-46.000000,103.000000,1500.000000,1,0,1,1,1,0.000000,0.000000,0,1,1,1,1,15003,0.002000,0,-0.449513,-0.926826,-1.900860,0.313813,0.167613,-0.046542,1,-6.956877,6.956877,-0.433090,0.033101,0.745131,1.077257,0.265493,5.145887,-67.014755,0.265493,5.145887,-67.014755,-0.127180,0.250000,0.625000,2.500000,1.000000,1.000000,0.002723,1,0,1.907180,1.780000,0.052961,0.054243,0.659952,1,1,1,1,1,0.130000,1,0,0,0,0,0,0,0,0,0,0,1,0.020000,0.000000,0.000000,0.000000,0.000000,0.000000,0.000000,0.000000,0.000000,0.000000,0.000000,0.000000,0.000000,0.000000,0.000000,0.000000,0.000000,0.000000,0.000000,0.000000,0.000000
67255,0.807568,-0.007401,0.038803,-0.588450,-3.500000,-0.200000,3.200000,-0.092000,-0.087000,-1.345000,23.292582,100271.203125,88.099998,86.180000,1.920000,1.830000,0,1,1,1,3,24,1,24,37.5417678,127.0795303,29.689,0.319000,0.767000,0.235000,0.167000,-0.104000,0.092000,1539,1578,1414,1469,1476.500000,1523.500000,1558.500000,1441.500000,-47.000000,117.000000,1500.000000,1,0,1,1,1,0.000000,0.000000,0,1,1,1,1,15003,0.002000,0,-0.418233,-0.911454,-1.896868,0.285611,0.192981,-0.118096,1,-7.001430,7.001430,-0.469920,0.033067,0.457797,-0.449038,-0.788547,5.274461,-66.790192,-0.788547,5.274461,-66.790192,-0.112838,0.250000,0.625000,2.500000,1.000000,1.000000,0.002144,1,0,1.902838,1.790000,0.052908,0.034775,0.659914,1,1,1,1,1,0.123000,1,0,0,0,0,0,0,0,0,0,0,1,0.021000,0.000000,0.000000,0.000000,0.000000,0.000000,0.000000,0.000000,0.000000,0.000000,0.000000,0.000000,0.000000,0.000000,0.000000,0.000000,0.000000,0.000000,0.000000,0.000000,0.000000
67348,0.808986,-0.010701,0.042905,-0.586162,1.400000,2.900000,4.400000,0.188000,0.129000,-1.847000,23.296350,100272.304688,88.009995,86.180000,1.830000,1.840000,0,1,1,1,3,24,1,24,37.5417678,127.0795303,29.689,0.319000,0.767000,0.235000,0.167000,-0.104000,0.092000,1540,1571,1417,1472,1478.500000,1521.500000,1555.500000,1444.500000,-43.000000,111.000000,1500.000000,1,0,1,1,1,0.000000,0.000000,0,1,1,1,1,15003,0.005000,0,-0.388149,-0.890721,-1.904541,0.350657,0.257574,-0.166289,1,-7.047791,7.047791,-0.526175,0.044913,1.753554,1.042150,-1.278207,5.445165,-66.540863,-1.278207,5.445165,-66.540863,-0.102328,0.250000,0.625000,2.500000,1.000000,1.000000,0.001760,1,0,1.902328,1.800000,0.054452,0.078788,0.660992,0,0,0,0,0,0.123000,1,0,0,0,0,0,0,0,0,0,0,1,0.020000,0.000000,0.000000,0.000000,0.000000,0.000000,0.000000,0.000000,0.000000,0.000000,0.000000,0.000000,0.000000,0.000000,0.000000,0.000000,0.000000,0.000000,0.000000,0.000000,0.000000
67459,0.810363,-0.018801,0.050504,-0.583445,-3.000000,5.200000,-0.500000,-0.070000,0.328000,-2.036000,23.292528,100270.500000,88.159996,86.180000,1.980000,1.860000,0,1,1,1,3,24,1,24,37.5417682,127.0795306,29.757,0.319000,0.767000,0.353000,0.207000,-0.171000,0.094000,1545,1580,1406,1469,1475.500000,1524.500000,1562.500000,1437.500000,-49.000000,125.000000,1500.000000,1,0,1,1,1,0.000000,0.000000,0,1,1,1,1,15003,0.001000,0,-0.333269,-0.862824,-1.901915,0.402453,0.301886,-0.075123,1,-7.103525,7.103525,-0.450244,0.040403,1.624549,1.405619,-2.326946,5.581452,-66.174332,-2.326946,5.581452,-66.174332,-0.087063,0.250000,0.625000,2.500000,1.000000,1.000000,0.001260,1,0,1.907063,1.820000,0.064645,0.178425,0.668196,0,0,0,0,0,0.132000,1,0,0,0,0,0,0,0,0,0,0,1,0.020000,0.000000,0.000000,0.000000,0.000000,0.000000,0.000000,0.000000,0.000000,0.000000,0.000000,0.000000,0.000000,0.000000,0.000000,0.000000,0.000000,0.000000,0.000000,0.000000,0.000000
67555,0.811927,-0.023601,0.056702,-0.580519,-21.299999,0.000000,8.100000,0.120000,0.290000,-0.588000,23.291721,100269.703125,88.229996,86.180000,2.050000,1.890000,9,1,1,1,3,24,1,24,37.5417686,127.0795308,29.785,0.319000,0.768000,0.351000,0.186000,-0.184000,0.086000,1566,1591,1384,1459,1475.000000,1525.000000,1578.500000,1421.500000,-50.000000,157.000000,1500.000000,1,0,1,1,1,0.000000,0.000000,0,1,1,1,1,15003,0.005000,0,-0.291629,-0.851151,-1.914739,0.395304,0.218682,-0.132525,1,-7.143011,7.143011,-0.414443,0.036739,1.175607,0.085538,-2.894917,5.760859,-65.843384,-2.894917,5.760859,-65.843384,-0.067245,0.250000,0.625000,2.500000,1.000000,1.000000,0.000760,1,0,1.917245,1.850000,0.055090,0.076364,0.661439,1,1,1,1,1,0.116000,1,0,0,0,0,0,0,0,0,0,0,1,0.020000,0.000000,0.000000,0.000000,0.000000,0.000000,0.000000,0.000000,0.000000,0.000000,0.000000,0.000000,0.000000,0.000000,0.000000,0.000000,0.000000,0.000000,0.000000,0.000000,0.000000
67644,0.813444,-0.026301,0.062003,-0.577731,-26.100000,4.700000,8.100000,0.400000,0.210000,-1.171000,23.290108,100270.398438,88.169998,86.180000,1.990000,1.910000,13,1,1,1,3,23,1,23,37.5417690,127.0795312,29.767,0.319000,0.768000,0.293000,0.293000,-0.149000,0.094000,1558,1595,1379,1468,1468.500000,1531.500000,1576.500000,1423.500000,-63.000000,153.000000,1500.000000,1,0,1,1,1,0.000000,0.000000,0,1,1,1,1,15003,0.001000,0,-0.259374,-0.825114,-1.923399,0.318662,0.320699,-0.190493,1,-7.181135,7.181135,-0.461301,0.034118,0.774812,1.315226,-3.394721,6.235620,-65.539963,-3.394721,6.235620,-65.539963,-0.054286,0.250000,0.625000,2.500000,1.000000,1.000000,0.000496,1,0,1.924286,1.870000,0.052576,0.033887,0.659684,1,1,1,1,1,0.127000,1,0,0,0,0,0,0,0,0,0,0,1,0.023000,0.000000,0.000000,0.000000,0.000000,0.000000,0.000000,0.000000,0.000000,0.000000,0.000000,0.000000,0.000000,0.000000,0.000000,0.000000,0.000000,0.000000,0.000000,0.000000,0.000000
67756,0.815971,-0.027502,0.066906,-0.573550,-31.399998,6.700000,-0.500000,0.146000,0.519000,-1.144000,23.291634,100270.304688,88.180000,86.180000,2.000000,1.940000,39,1,1,1,3,23,1,23,37.5417694,127.0795317,29.818,0.318000,0.768000,0.334000,0.365000,-0.180000,0.093000,1560,1599,1377,1464,1468.500000,1531.500000,1579.500000,1420.500000,-63.000000,159.000000,1500.000000,1,0,1,1,1,0.000000,0.000000,0,1,1,1,1,15003,0.002000,0,-0.212808,-0.784998,-1.940924,0.355223,0.386962,-0.105646,1,-7.226727,7.226727,-0.314530,0.034468,0.460330,0.911283,-3.557771,6.628521,-64.973358,-3.557771,6.628521,-64.973358,-0.032838,0.250000,0.625000,2.500000,1.000000,1.000000,0.000180,1,0,1.932838,1.900000,0.061099,0.162120,0.665672,1,1,1,1,1,0.124000,0,0,0,0,0,0,0,0,0,0,0,1,0.020000,0.000000,0.000000,0.000000,0.000000,0.000000,0.000000,0.000000,0.000000,0.000000,0.000000,0.000000,0.000000,0.000000,0.000000,0.000000,0.000000,0.000000,0.000000,0.000000,0.000000
67865,0.818670,-0.028202,0.067806,-0.569549,11.100000,-9.100000,0.300000,-0.019000,-0.159000,-0.338000,23.293720,100270.804688,88.139999,86.180000,1.960000,1.960000,0,1,1,1,3,24,1,24,37.5417698,127.0795321,29.781,0.318000,0.768000,0.260000,0.317000,-0.114000,0.098000,1562,1574,1395,1469,1478.500000,1521.500000,1568.000000,1432.000000,-43.000000,136.000000,1500.000000,1,0,1,1,1,0.000000,0.000000,0,1,1,1,1,15003,0.010000,0,-0.175288,-0.750620,-1.950710,0.269615,0.339341,-0.122903,1,-7.257394,7.257394,-0.266579,0.035073,0.219480,-0.352633,-3.941583,6.685494,-64.399345,-3.941583,6.685494,-64.399345,-0.023121,0.250000,0.625000,2.500000,1.000000,1.000000,0.000090,1,0,1.943121,1.920000,0.054230,0.083365,0.660837,1,1,1,1,1,0.127000,0,0,0,0,0,0,0,0,0,0,0,1,0.020000,0.000000,0.000000,0.000000,0.000000,0.000000,0.000000,0.000000,0.000000,0.000000,0.000000,0.000000,0.000000,0.000000,0.000000,0.000000,0.000000,0.000000,0.000000,0.000000,0.000000
67961,0.821182,-0.031003,0.065407,-0.566057,2.100000,-4.400000,11.600000,-0.017000,0.081000,-0.141000,23.301294,100272.601563,87.989998,86.180000,1.810000,1.950000,7,1,1,1,3,24,1,24,37.5417698,127.0795321,29.781,0.318000,0.768000,0.260000,0.317000,-0.114000,0.098000,1571,1574,1383,1472,1477.000000,1523.000000,1572.500000,1427.500000,-46.000000,145.000000,1500.000000,1,0,1,1,1,0.000000,0.000000,0,1,1,1,1,15003,0.002000,0,-0.150008,-0.717239,-1.956111,0.288641,0.400586,-0.110172,1,-7.281916,7.281916,-0.264084,0.039344,1.551544,0.580215,-4.042162,6.268328,-63.855747,-4.042162,6.268328,-63.855747,-0.049208,0.250000,0.625000,2.500000,1.000000,1.000000,0.000403,1,0,1.959208,1.910000,0.062951,0.164241,0.666987,1,1,1,1,1,0.127000,0,0,0,0,0,0,0,0,0,0,0,1,0.020000,0.000000,0.000000,0.000000,0.000000,0.000000,0.000000,0.000000,0.000000,0.000000,0.000000,0.000000,0.000000,0.000000,0.000000,0.000000,0.000000,0.000000,0.000000,0.000000,0.000000
68053,0.823898,-0.033204,0.061907,-0.562367,-16.200001,-6.500000,10.300000,0.291000,0.185000,-0.876000,23.294510,100272.101563,88.029999,86.180000,1.850000,1.940000,0,1,1,1,3,24,1,24,37.5417702,127.0795328,29.758,0.318000,0.768000,0.255000,0.535000,-0.083000,0.096000,1582,1574,1377,1467,1479.500000,1520.500000,1578.000000,1422.000000,-41.000000,156.000000,1500.000000,1,0,1,1,1,0.000000,0.000000,0,1,1,1,1,15003,0.002000,0,-0.112842,-0.656993,-1.956292,0.285303,0.567680,-0.065906,1,-7.304536,7.304536,-0.245990,0.036040,0.938465,0.371727,-3.809638,5.858405,-63.163151,-3.809638,5.858405,-63.163151,-0.045706,0.250000,0.625000,2.500000,1.000000,1.000000,0.000352,1,0,1.955706,1.910000,0.053300,0.035084,0.660188,1,1,1,1,1,0.124000,1,0,0,0,0,0,0,0,0,0,0,1,0.020000,0.000000,0.000000,0.000000,0.000000,0.000000,0.000000,0.000000,0.000000,0.000000,0.000000,0.000000,0.000000,0.000000,0.000000,0.000000,0.000000,0.000000,0.000000,0.000000,0.000000
68153,0.827353,-0.035302,0.059204,-0.557436,7.800000,3.700000,6.900000,0.109000,0.040000,-2.421000,23.290564,100270.304688,88.180000,86.180000,2.000000,1.960000,15,1,1,1,3,24,1,24,37.5417703,127.0795332,29.767,0.318000,0.768000,0.046000,0.348000,-0.088000,0.096000,1572,1550,1389,1490,1480.500000,1520.000000,1561.000000,1439.500000,-39.500000,121.500000,1500.000000,1,0,1,1,1,0.000000,0.000000,0,1,1,1,1,15003,0.002000,0,-0.098866,-0.624489,-1.956217,0.101594,0.394009,-0.098431,1,-7.325660,7.325660,-0.237746,0.034052,0.775892,-1.020467,-3.906458,5.416101,-62.341534,-3.906458,5.416101,-62.341534,-0.036951,0.250000,0.625000,2.500000,1.000000,1.000000,0.000230,1,0,1.956951,1.920000,0.052452,0.034274,0.659597,1,1,1,1,1,0.126000,1,0,0,0,0,0,0,0,0,0,0,1,0.020000,0.000000,0.000000,0.000000,0.000000,0.000000,0.000000,0.000000,0.000000,0.000000,0.000000,0.000000,0.000000,0.000000,0.000000,0.000000,0.000000,0.000000,0.000000,0.000000,0.000000
68246,0.830781,-0.037204,0.058606,-0.552254,-7.300000,4.100000,1.900000,0.225000,0.433000,-2.416000,23.290039,100269.898438,88.209999,86.180000,2.030000,1.970000,22,1,1,1,3,24,1,24,37.5417705,127.0795339,29.746,0.318000,0.768000,0.121000,0.503000,-0.051000,0.097000,1580,1556,1380,1484,1480.000000,1520.000000,1568.000000,1432.000000,-40.000000,136.000000,1500.000000,1,0,1,1,1,0.000000,0.000000,0,1,1,1,1,15003,0.001000,0,-0.077800,-0.579153,-1.952665,0.176378,0.506786,0.016596,1,-7.351010,7.351010,-0.251872,0.033690,0.220340,4.240300,-4.085560,5.160486,-61.512398,-4.085560,5.160486,-61.512398,-0.033554,0.250000,0.625000,2.500000,1.000000,1.000000,0.000188,1,0,1.963554,1.930000,0.060775,0.160241,0.665442,1,1,1,1,1,0.129000,0,0,0,0,0,0,0,0,0,0,0,1,0.020000,0.000000,0.000000,0.000000,0.000000,0.000000,0.000000,0.000000,0.000000,0.000000,0.000000,0.000000,0.000000,0.000000,0.000000,0.000000,0.000000,0.000000,0.000000,0.000000,0.000000
68344,0.834774,-0.038703,0.058105,-0.546148,23.299999,3.200000,7.400000,-0.165000,0.114000,-1.387000,23.289810,100270.101563,88.199997,86.180000,2.020000,1.990000,34,1,1,1,3,24,1,24,37.5417705,127.0795339,29.746,0.318000,0.768000,0.121000,0.503000,-0.051000,0.097000,1580,1542,1381,1498,1480.500000,1520.000000,1561.000000,1439.500000,-39.500000,121.500000,1500.000000,1,0,1,1,1,0.000000,0.000000,0,1,1,1,1,15003,0.001000,0,-0.058844,-0.530015,-1.943374,0.191041,0.492876,0.150834,1,-7.367978,7.367978,-0.117490,0.040619,1.592095,1.486099,-4.121867,4.974781,-60.565392,-4.121867,4.974781,-60.565392,0.002443,0.250000,0.625000,2.500000,1.000000,1.000000,0.000001,1,0,1.947557,1.950000,0.054073,0.081877,0.660728,0,0,0,0,0,0.129000,0,0,0,0,0,0,0,0,0,0,0,1,0.021000,0.000000,0.000000,0.000000,0.000000,0.000000,0.000000,0.000000,0.000000,0.000000,0.000000,0.000000,0.000000,0.000000,0.000000,0.000000,0.000000,0.000000,0.000000,0.000000,0.000000
68454,0.839566,-0.036703,0.056704,-0.539042,-14.900000,7.700000,5.500000,0.013000,-0.415000,-2.028000,23.289162,100271.304688,88.099998,86.180000,1.920000,1.980000,8,1,1,1,3,23,1,23,37.5417706,127.0795345,29.736,0.317000,0.768000,0.011000,0.416000,-0.030000,0.092000,1578,1551,1370,1500,1474.000000,1525.500000,1564.500000,1435.000000,-51.500000,129.500000,1500.000000,1,0,1,1,1,0.000000,0.000000,0,1,1,1,1,15003,0.001000,0,-0.052892,-0.485733,-1.951024,0.080286,0.450592,0.060318,1,-7.374511,7.374511,-0.010343,0.036175,1.272276,0.591968,-3.778064,4.966254,-59.401249,-3.778064,4.966254,-59.401249,-0.012010,0.250000,0.625000,2.500000,1.000000,1.000000,0.000024,1,0,1.952010,1.940000,0.057879,0.118197,0.663397,1,1,1,1,1,0.129000,1,0,0,0,0,0,0,0,0,0,0,1,0.020000,0.000000,0.000000,0.000000,0.000000,0.000000,0.000000,0.000000,0.000000,0.000000,0.000000,0.000000,0.000000,0.000000,0.000000,0.000000,0.000000,0.000000,0.000000,0.000000,0.000000
68545,0.842979,-0.035003,0.055305,-0.533950,31.299997,-8.100000,12.500000,0.136000,0.109000,-0.681000,23.292038,100270.304688,88.180000,86.180000,2.000000,1.970000,0,1,1,1,3,23,1,23,37.5417706,127.0795350,29.714,0.317000,0.768000,-0.064000,0.433000,0.002000,0.096000,1586,1550,1365,1500,1475.500000,1525.000000,1568.000000,1432.500000,-49.500000,135.500000,1500.000000,1,0,1,1,1,0.000000,0.000000,0,1,1,1,1,15003,0.002000,0,-0.046057,-0.443913,-1.946225,0.080621,0.469702,0.067442,1,-7.371348,7.371348,0.061367,0.033889,1.149766,0.552054,-3.757005,4.950157,-58.350567,-3.757005,4.950157,-58.350567,-0.017156,0.250000,0.625000,2.500000,1.000000,1.000000,0.000049,1,0,1.947155,1.930000,0.054222,0.093371,0.660831,1,1,1,1,1,0.117000,1,0,0,0,0,0,0,0,0,0,0,1,0.020000,0.000000,0.000000,0.000000,0.000000,0.000000,0.000000,0.000000,0.000000,0.000000,0.000000,0.000000,0.000000,0.000000,0.000000,0.000000,0.000000,0.000000,0.000000,0.000000,0.000000
68647,0.846862,-0.030902,0.051204,-0.528439,27.700001,-9.400000,4.900000,-0.033000,0.433000,-0.354000,23.289881,100271.304688,88.099998,86.180000,1.920000,1.960000,17,1,1,1,3,23,1,23,37.5417706,127.0795356,29.672,0.317000,0.768000,-0.065000,0.424000,0.046000,0.090000,1578,1524,1392,1507,1485.000000,1515.500000,1551.000000,1449.500000,-30.500000,101.500000,1500.000000,1,0,1,1,1,0.000000,0.000000,0,1,1,1,1,15003,0.002000,0,-0.046631,-0.401588,-1.942362,-0.039858,0.433005,0.041028,1,-7.362060,7.362060,0.120230,0.033586,0.777379,0.950035,-3.388000,4.935532,-57.294132,-3.388000,4.935532,-57.294132,-0.024204,0.250000,0.625000,2.500000,1.000000,1.000000,0.000099,1,0,1.944204,1.920000,0.051644,0.035601,0.659035,1,1,1,1,1,0.123000,1,0,0,0,0,0,0,0,0,0,0,1,0.023000,0.000000,0.000000,0.000000,0.000000,0.000000,0.000000,0.000000,0.000000,0.000000,0.000000,0.000000,0.000000,0.000000,0.000000,0.000000,0.000000,0.000000,0.000000,0.000000,0.000000
68746,0.850138,-0.028101,0.046802,-0.523723,28.600000,-16.799999,2.600000,-0.085000,0.344000,0.269000,23.288864,100270.804688,88.139999,86.180000,1.960000,1.960000,30,1,1,1,3,23,1,23,37.5417705,127.0795361,29.683,0.317000,0.768000,-0.145000,0.415000,0.039000,0.086000,1580,1521,1402,1497,1491.000000,1509.000000,1550.500000,1449.500000,-18.000000,101.000000,1500.000000,1,0,1,1,1,0.000000,0.000000,0,1,1,1,1,15003,0.002000,0,-0.052390,-0.362917,-1.931949,-0.097447,0.427553,0.101441,1,-7.346376,7.346376,0.199016,0.034163,0.484957,0.167084,-3.036512,4.658422,-56.451107,-3.036512,4.658422,-56.451107,-0.015967,0.250000,0.625000,2.500000,1.000000,1.000000,0.000043,1,0,1.935967,1.920000,0.060340,0.161719,0.665134,1,1,1,1,1,0.126000,1,0,0,0,0,0,0,0,0,0,0,1,0.020000,0.000000,0.000000,0.000000,0.000000,0.000000,0.000000,0.000000,0.000000,0.000000,0.000000,0.000000,0.000000,0.000000,0.000000,0.000000,0.000000,0.000000,0.000000,0.000000,0.000000
68868,0.853159,-0.024202,0.040203,-0.519536,28.799999,-7.900000,5.500000,0.083000,-0.122000,-1.502000,23.293879,100271.703125,88.059998,86.180000,1.880000,1.940000,3,1,1,1,3,23,1,23,37.5417704,127.0795367,29.649,0.317000,0.768000,-0.156000,0.431000,0.066000,0.086000,1573,1512,1408,1507,1490.500000,1509.500000,1542.500000,1457.500000,-19.000000,85.000000,1500.000000,1,0,1,1,1,0.000000,0.000000,0,1,1,1,1,15003,0.010000,0,-0.061167,-0.310662,-1.916340,-0.110726,0.438714,0.055890,1,-7.317271,7.317271,0.223795,0.033082,0.219407,-1.504705,-2.466865,4.245127,-55.549000,-2.466865,4.245127,-55.549000,-0.017253,0.250000,0.625000,2.500000,1.000000,1.000000,0.000050,1,0,1.917253,1.900000,0.052932,0.025579,0.659931,1,1,1,1,1,0.126000,0,0,0,0,0,0,0,0,0,0,0,1,0.022000,0.000000,0.000000,0.000000,0.000000,0.000000,0.000000,0.000000,0.000000,0.000000,0.000000,0.000000,0.000000,0.000000,0.000000,0.000000,0.000000,0.000000,0.000000,0.000000,0.000000
68958,0.854844,-0.021401,0.035502,-0.517227,27.600000,-6.800000,1.900000,-0.004000,-0.235000,-0.885000,23.293896,100272.804688,87.970001,86.180000,1.790000,1.920000,0,1,1,1,3,23,1,23,37.5417704,127.0795367,29.649,0.317000,0.768000,-0.156000,0.431000,0.066000,0.086000,1563,1520,1411,1507,1487.000000,1513.500000,1541.500000,1459.000000,-26.500000,82.500000,1500.000000,1,0,1,1,1,0.000000,0.000000,0,1,1,1,1,15003,0.001000,0,-0.068754,-0.269907,-1.911970,-0.062165,0.431785,0.027127,1,-7.298497,7.298497,0.193677,0.041367,1.517104,0.661882,-1.660931,3.922594,-54.926285,-1.660931,3.922594,-54.926285,-0.024648,0.250000,0.625000,2.500000,1.000000,1.000000,0.000102,1,0,1.914648,1.890000,0.053180,0.055017,0.660104,0,0,0,0,0,0.126000,0,0,0,0,0,0,0,0,0,0,0,1,0.020000,0.000000,0.000000,0.000000,0.000000,0.000000,0.000000,0.000000,0.000000,0.000000,0.000000,0.000000,0.000000,0.000000,0.000000,0.000000,0.000000,0.000000,0.000000,0.000000,0.000000
69057,0.856424,-0.019101,0.032201,-0.514914,15.499999,-3.300000,5.900000,0.116000,0.065000,-1.074000,23.289513,100271.000000,88.119995,86.180000,1.940000,1.920000,0,1,1,1,3,23,1,23,37.5417703,127.0795373,29.630,0.316000,0.768000,-0.139000,0.415000,0.081000,0.080000,1566,1521,1407,1506,1486.500000,1513.500000,1543.500000,1456.500000,-27.000000,87.000000,1500.000000,1,0,1,1,1,0.000000,0.000000,0,1,1,1,1,15003,0.002000,0,-0.073877,-0.230047,-1.889800,-0.050491,0.464150,0.200246,1,-7.276145,7.276145,0.298049,0.038160,1.177778,0.960453,-1.447997,3.688759,-54.291378,-1.447997,3.688759,-54.291378,-0.019168,0.250000,0.625000,2.500000,1.000000,1.000000,0.000062,1,0,1.899168,1.880000,0.052904,0.034761,0.659912,1,1,1,1,1,0.123000,0,0,0,0,0,0,0,0,0,0,0,1,0.020000,0.000000,0.000000,0.000000,0.000000,0.000000,0.000000,0.000000,0.000000,0.000000,0.000000,0.000000,0.000000,0.000000,0.000000,0.000000,0.000000,0.000000,0.000000,0.000000,0.000000
69152,0.857565,-0.016201,0.030102,-0.513239,19.299999,6.700000,1.400000,0.280000,0.390000,-1.937000,23.294422,100271.500000,88.080002,86.180000,1.900000,1.920000,7,1,1,1,3,24,1,24,37.5417702,127.0795378,29.581,0.316000,0.767000,-0.080000,0.418000,0.127000,0.087000,1553,1524,1407,1516,1480.000000,1520.000000,1538.500000,1461.500000,-40.000000,77.000000,1500.000000,1,0,1,1,1,0.000000,0.000000,0,1,1,1,1,15003,0.002000,0,-0.074506,-0.189501,-1.871173,-0.021656,0.447586,0.274813,1,-7.239914,7.239914,0.463927,0.033074,0.743937,0.862783,-1.172035,3.565878,-53.788754,-1.172035,3.565878,-53.788754,0.007604,0.250000,0.625000,2.500000,1.000000,1.000000,0.000010,1,0,1.872396,1.880000,0.052918,0.053474,0.659921,1,1,1,1,1,0.126000,1,0,0,0,0,0,0,0,0,0,0,1,0.020000,0.000000,0.000000,0.000000,0.000000,0.000000,0.000000,0.000000,0.000000,0.000000,0.000000,0.000000,0.000000,0.000000,0.000000,0.000000,0.000000,0.000000,0.000000,0.000000,0.000000
69254,0.857872,-0.012701,0.028002,-0.512943,18.100000,3.400000,-2.600000,-0.001000,-0.139000,-1.532000,23.288408,100272.304688,88.009995,86.180000,1.830000,1.890000,1,1,1,1,3,23,1,23,37.5417701,127.0795382,29.588,0.316000,0.767000,-0.088000,0.290000,0.115000,0.080000,1552,1524,1418,1506,1485.000000,1515.000000,1538.000000,1462.000000,-30.000000,76.000000,1500.000000,1,0,1,1,1,0.000000,0.000000,0,1,1,1,1,15003,0.002000,0,-0.078357,-0.161658,-1.856949,-0.040006,0.311379,0.142949,1,-7.192898,7.192898,0.499105,0.034801,0.535158,0.976214,-1.230765,3.495542,-53.571743,-1.230765,3.495542,-53.571743,-0.001451,0.250000,0.625000,2.500000,1.000000,1.000000,0.000000,1,0,1.861451,1.860000,0.056144,0.109912,0.662178,1,1,1,1,1,0.124000,1,0,0,0,0,0,0,0,0,0,0,1,0.024000,0.000000,0.000000,0.000000,0.000000,0.000000,0.000000,0.000000,0.000000,0.000000,0.000000,0.000000,0.000000,0.000000,0.000000,0.000000,0.000000,0.000000,0.000000,0.000000,0.000000
69346,0.857378,-0.010901,0.027302,-0.513847,5.200000,-4.000000,3.000000,0.218000,-0.293000,-1.166000,23.290739,100273.398438,87.919998,86.180000,1.740000,1.860000,0,1,1,1,3,23,1,23,37.5417701,127.0795382,29.588,0.316000,0.767000,-0.088000,0.290000,0.115000,0.080000,1561,1533,1412,1495,1486.500000,1514.000000,1547.000000,1453.500000,-27.500000,93.500000,1500.000000,1,0,1,1,1,0.000000,0.000000,0,1,1,1,1,15003,0.002000,0,-0.080335,-0.134284,-1.839400,-0.011349,0.302932,0.219447,1,-7.144810,7.144810,0.573705,0.046215,1.856194,0.383795,-0.762768,3.482455,-53.358955,-0.762768,3.482455,-53.358955,-0.019548,0.250000,0.625000,2.500000,1.000000,1.000000,0.000064,1,0,1.849548,1.830000,0.054537,0.084353,0.661052,0,0,0,0,0,0.124000,1,0,0,0,0,0,0,0,0,0,0,1,0.020000,0.000000,0.000000,0.000000,0.000000,0.000000,0.000000,0.000000,0.000000,0.000000,0.000000,0.000000,0.000000,0.000000,0.000000,0.000000,0.000000,0.000000,0.000000,0.000000,0.000000
69443,0.856764,-0.009301,0.026602,-0.514938,-3.500000,-8.300000,-4.400000,0.267000,0.016000,-0.463000,23.287865,100272.304688,88.009995,86.180000,1.830000,1.850000,0,1,1,1,3,23,1,23,37.5417701,127.0795387,29.577,0.315000,0.766000,-0.058000,0.347000,0.116000,0.086000,1565,1540,1409,1487,1487.000000,1513.500000,1552.500000,1448.000000,-26.500000,104.500000,1500.000000,1,0,1,1,1,0.000000,0.000000,0,1,1,1,1,15003,0.002000,0,-0.082940,-0.099356,-1.820476,-0.049761,0.361660,0.198964,1,-7.083442,7.083442,0.625779,0.039250,1.398755,-0.564567,-0.643440,3.444158,-53.246239,-0.643440,3.444158,-53.246239,-0.021025,0.250000,0.625000,2.500000,1.000000,1.000000,0.000074,1,0,1.831025,1.810000,0.054676,0.067353,0.661149,1,1,1,1,1,0.132000,1,0,0,0,0,0,0,0,0,0,0,1,0.020000,0.000000,0.000000,0.000000,0.000000,0.000000,0.000000,0.000000,0.000000,0.000000,0.000000,0.000000,0.000000,0.000000,0.000000,0.000000,0.000000,0.000000,0.000000,0.000000,0.000000
69544,0.855779,-0.009901,0.026902,-0.516547,20.799999,-1.700000,3.800000,-0.091000,-0.542000,-0.535000,23.290600,100273.500000,87.909996,86.180000,1.730000,1.830000,1,1,1,1,3,23,1,23,37.5417702,127.0795392,29.555,0.315000,0.766000,0.041000,0.315000,0.127000,0.092000,1553,1534,1419,1494,1486.000000,1514.000000,1543.500000,1456.500000,-28.000000,87.000000,1500.000000,1,0,1,1,1,0.000000,0.000000,0,1,1,1,1,15003,0.002000,0,-0.070479,-0.070353,-1.805063,0.091133,0.353850,0.100461,1,-7.024117,7.024117,0.560306,0.036683,0.939534,-0.443610,-0.697970,3.444728,-53.212429,-0.697970,3.444728,-53.212429,-0.010860,0.250000,0.625000,2.500000,1.000000,1.000000,0.000020,1,0,1.810860,1.800000,0.054227,0.036335,0.660835,1,1,1,1,1,0.119000,1,0,0,0,0,0,0,0,0,0,0,1,0.020000,0.000000,0.000000,0.000000,0.000000,0.000000,0.000000,0.000000,0.000000,0.000000,0.000000,0.000000,0.000000,0.000000,0.000000,0.000000,0.000000,0.000000,0.000000,0.000000,0.000000
69659,0.854272,-0.009701,0.026802,-0.519044,-16.900000,-1.900000,-0.500000,0.071000,-0.059000,-0.545000,23.289759,100273.601563,87.900002,86.180000,1.720000,1.810000,30,1,1,1,3,23,1,23,37.5417703,127.0795395,29.524,0.315000,0.766000,0.093000,0.268000,0.141000,0.096000,1563,1554,1404,1480,1483.500000,1517.000000,1558.500000,1442.000000,-33.500000,116.500000,1500.000000,1,0,1,1,1,0.000000,0.000000,0,1,1,1,1,15003,0.002000,0,-0.055631,-0.042931,-1.784509,0.158038,0.298543,0.071997,1,-6.961924,6.961924,0.493409,0.035853,1.011519,-0.993942,-0.853299,3.409504,-53.336342,-0.853299,3.409504,-53.336342,-0.017552,0.250000,0.625000,2.500000,1.000000,1.000000,0.000052,1,0,1.787552,1.770000,0.052644,0.035679,0.659731,1,1,1,1,1,0.125000,1,0,0,0,0,0,0,0,0,0,0,1,0.020000,0.000000,0.000000,0.000000,0.000000,0.000000,0.000000,0.000000,0.000000,0.000000,0.000000,0.000000,0.000000,0.000000,0.000000,0.000000,0.000000,0.000000,0.000000,0.000000,0.000000
69747,0.853134,-0.008600,0.027001,-0.520921,13.400000,-3.000000,-4.000000,0.011000,0.208000,-0.391000,23.294754,100274.601563,87.820000,86.180000,1.640000,1.780000,32,1,1,1,3,23,1,23,37.5417705,127.0795399,29.504,0.315000,0.765000,0.147000,0.285000,0.150000,0.095000,1550,1540,1419,1491,1484.500000,1515.500000,1545.000000,1455.000000,-31.000000,90.000000,1500.000000,1,0,1,1,1,0.000000,0.000000,0,1,1,1,1,15003,0.001000,0,-0.036417,-0.018017,-1.765651,0.169293,0.279845,0.141897,1,-6.918480,6.918480,0.471288,0.034458,0.460279,1.333648,-0.930467,3.462949,-53.488453,-0.930467,3.462949,-53.488453,-0.039753,0.250000,0.625000,2.500000,1.000000,1.000000,0.000264,1,0,1.779753,1.740000,0.061109,0.162333,0.665679,1,1,1,1,1,0.125000,1,0,0,0,0,0,0,0,0,0,0,1,0.020000,0.000000,0.000000,0.000000,0.000000,0.000000,0.000000,0.000000,0.000000,0.000000,0.000000,0.000000,0.000000,0.000000,0.000000,0.000000,0.000000,0.000000,0.000000,0.000000,0.000000
69865,0.851847,-0.008800,0.028702,-0.522929,4.400000,9.200000,4.900000,0.161000,0.093000,-0.709000,23.293106,100273.804688,87.889999,86.180000,1.710000,1.770000,1,1,1,1,3,24,1,24,37.5417707,127.0795403,29.484,0.314000,0.765000,0.180000,0.262000,0.150000,0.095000,1547,1549,1409,1495,1478.000000,1522.000000,1548.000000,1452.000000,-44.000000,96.000000,1500.000000,1,0,1,1,1,0.000000,0.000000,0,1,1,1,1,15003,0.010000,0,-0.012265,0.011138,-1.745257,0.178919,0.254263,0.146074,1,-6.863711,6.863711,0.476647,0.035067,0.219477,0.970192,-1.122049,3.581049,-53.581097,-1.122049,3.581049,-53.581097,-0.016796,0.250000,0.625000,2.500000,1.000000,1.000000,0.000047,1,0,1.756796,1.740000,0.054220,0.083405,0.660831,1,1,1,1,1,0.126000,0,0,0,0,0,0,0,0,0,0,0,1,0.020000,0.000000,0.000000,0.000000,0.000000,0.000000,0.000000,0.000000,0.000000,0.000000,0.000000,0.000000,0.000000,0.000000,0.000000,0.000000,0.000000,0.000000,0.000000,0.000000,0.000000
69958,0.850991,-0.009001,0.029803,-0.524256,-26.400000,5.300000,-2.500000,0.256000,0.568000,-1.468000,23.286409,100273.203125,87.939995,86.180000,1.760000,1.770000,0,1,1,1,3,24,1,24,37.5417707,127.0795403,29.484,0.314000,0.765000,0.180000,0.262000,0.150000,0.095000,1555,1564,1401,1480,1478.000000,1522.000000,1559.500000,1440.500000,-44.000000,119.000000,1500.000000,1,0,1,1,1,0.000000,0.000000,0,1,1,1,1,15003,0.001000,0,0.005118,0.034917,-1.724757,0.208882,0.257372,0.243244,1,-6.813353,6.813353,0.573046,0.042099,1.569235,-0.595146,-1.212936,3.644542,-53.550884,-1.212936,3.644542,-53.550884,-0.006508,0.250000,0.625000,2.500000,1.000000,1.000000,0.000007,1,0,1.736508,1.730000,0.053595,0.058529,0.660394,0,0,0,0,0,0.126000,0,0,0,0,0,0,0,0,0,0,0,1,0.020000,0.000000,0.000000,0.000000,0.000000,0.000000,0.000000,0.000000,0.000000,0.000000,0.000000,0.000000,0.000000,0.000000,0.000000,0.000000,0.000000,0.000000,0.000000,0.000000,0.000000
70057,0.850546,-0.010401,0.031902,-0.524829,4.300000,3.300000,-0.600000,0.013000,-0.054000,-1.201000,23.293703,100274.804688,87.799995,86.180000,1.620000,1.760000,0,1,1,1,3,23,1,23,37.5417710,127.0795407,29.469,0.314000,0.765000,0.225000,0.301000,0.144000,0.090000,1547,1546,1413,1494,1480.000000,1520.000000,1546.500000,1453.500000,-40.000000,93.000000,1500.000000,1,0,1,1,1,0.000000,0.000000,0,1,1,1,1,15003,0.002000,0,0.029800,0.061712,-1.714489,0.213548,0.277031,0.110679,1,-6.762033,6.762033,0.513933,0.038462,1.178434,-0.871471,-1.280921,3.839821,-53.485783,-1.280921,3.839821,-53.485783,0.019800,0.250000,0.625000,2.500000,1.000000,1.000000,0.000066,1,0,1.720200,1.740000,0.053324,0.035251,0.660205,1,1,1,1,1,0.123000,0,0,0,0,0,0,0,0,0,0,0,1,0.020000,0.000000,0.000000,0.000000,0.000000,0.000000,0.000000,0.000000,0.000000,0.000000,0.000000,0.000000,0.000000,0.000000,0.000000,0.000000,0.000000,0.000000,0.000000,0.000000,0.000000
70152,0.850557,-0.010501,0.033102,-0.524735,12.200000,4.400000,-0.300000,0.131000,0.388000,-1.643000,23.287689,100273.101563,87.949997,86.180000,1.770000,1.750000,7,1,1,1,3,23,1,23,37.5417712,127.0795410,29.470,0.314000,0.765000,0.230000,0.173000,0.127000,0.088000,1552,1542,1404,1502,1478.000000,1522.000000,1547.000000,1453.000000,-44.000000,94.000000,1500.000000,1,0,1,1,1,0.000000,0.000000,0,1,1,1,1,15003,0.002000,0,0.059671,0.077210,-1.701242,0.285750,0.189373,0.191654,1,-6.708267,6.708267,0.606690,0.033273,0.743937,0.854059,-1.730189,3.881512,-53.296017,-1.730189,3.881512,-53.296017,0.008058,0.250000,0.625000,2.500000,1.000000,1.000000,0.000011,1,0,1.701942,1.710000,0.053236,0.053496,0.660144,1,1,1,1,1,0.126000,1,0,0,0,0,0,0,0,0,0,0,1,0.020000,0.000000,0.000000,0.000000,0.000000,0.000000,0.000000,0.000000,0.000000,0.000000,0.000000,0.000000,0.000000,0.000000,0.000000,0.000000,0.000000,0.000000,0.000000,0.000000,0.000000
70257,0.851028,-0.012200,0.034901,-0.523817,-19.600000,2.600000,3.800000,0.247000,0.307000,-1.363000,23.290442,100273.898438,87.879997,86.180000,1.700000,1.750000,3,1,1,1,3,23,1,23,37.5417716,127.0795412,29.465,0.313000,0.765000,0.278000,0.126000,0.119000,0.084000,1565,1553,1392,1490,1478.500000,1521.500000,1559.000000,1441.000000,-43.000000,118.000000,1500.000000,1,0,1,1,1,0.000000,0.000000,0,1,1,1,1,15003,0.002000,0,0.091410,0.088732,-1.690267,0.291105,0.131572,0.137786,1,-6.644011,6.644011,0.660803,0.033166,0.562393,0.473270,-1.879992,3.880361,-52.991093,-1.879992,3.880361,-52.991093,0.020839,0.250000,0.625000,2.500000,1.000000,1.000000,0.000073,1,0,1.689161,1.710000,0.053065,0.038484,0.660024,1,1,1,1,1,0.125000,1,0,0,0,0,0,0,0,0,0,0,1,0.020000,0.000000,0.000000,0.000000,0.000000,0.000000,0.000000,0.000000,0.000000,0.000000,0.000000,0.000000,0.000000,0.000000,0.000000,0.000000,0.000000,0.000000,0.000000,0.000000,0.000000
70346,0.851651,-0.013201,0.035602,-0.522732,-21.700001,2.000000,3.900000,0.256000,0.567000,-0.720000,23.288284,100273.101563,87.949997,86.180000,1.770000,1.760000,0,1,1,1,3,23,1,23,37.5417716,127.0795412,29.465,0.313000,0.765000,0.278000,0.126000,0.119000,0.084000,1573,1553,1387,1487,1480.000000,1520.000000,1563.000000,1437.000000,-40.000000,126.000000,1500.000000,1,0,1,1,1,0.000000,0.000000,0,1,1,1,1,15003,0.002000,0,0.119297,0.099996,-1.682298,0.343277,0.126332,0.088634,1,-6.587953,6.587953,0.614635,0.046433,1.859754,0.291178,-2.018988,3.877722,-52.765057,-2.018988,3.877722,-52.765057,0.035144,0.250000,0.625000,2.500000,1.000000,1.000000,0.000208,1,0,1.684856,1.720000,0.054791,0.084915,0.661230,0,0,0,0,0,0.125000,1,0,0,0,0,0,0,0,0,0,0,1,0.020000,0.000000,0.000000,0.000000,0.000000,0.000000,0.000000,0.000000,0.000000,0.000000,0.000000,0.000000,0.000000,0.000000,0.000000,0.000000,0.000000,0.000000,0.000000,0.000000,0.000000
70443,0.852467,-0.013601,0.036303,-0.521341,-28.500000,3.700000,-3.500000,0.187000,0.222000,-1.894000,23.289337,100275.398438,87.750000,86.180000,1.570000,1.740000,0,1,1,1,3,23,1,23,37.5417719,127.0795415,29.446,0.313000,0.765000,0.281000,0.192000,0.119000,0.088000,1571,1561,1383,1486,1477.000000,1523.500000,1566.000000,1434.500000,-46.500000,131.500000,1500.000000,1,0,1,1,1,0.000000,0.000000,0,1,1,1,1,15003,0.001000,0,0.157002,0.122970,-1.681249,0.378716,0.179476,0.043174,1,-6.525056,6.525056,0.588942,0.037041,1.387192,-1.586790,-2.246557,3.959942,-52.393593,-2.246557,3.959942,-52.393593,0.019631,0.250000,0.625000,2.500000,1.000000,1.000000,0.000064,1,0,1.680369,1.700000,0.059266,0.133175,0.664375,1,1,1,1,1,0.131000,1,0,0,0,0,0,0,0,0,0,0,1,0.020000,0.000000,0.000000,0.000000,0.000000,0.000000,0.000000,0.000000,0.000000,0.000000,0.000000,0.000000,0.000000,0.000000,0.000000,0.000000,0.000000,0.000000,0.000000,0.000000,0.000000
70547,0.853922,-0.013600,0.036901,-0.518913,-28.200001,-0.900000,3.400000,0.209000,-0.330000,-1.136000,23.286568,100273.304688,87.930000,86.180000,1.750000,1.730000,3,1,1,1,3,24,1,24,37.5417722,127.0795418,29.431,0.313000,0.765000,0.276000,0.187000,0.117000,0.087000,1574,1548,1384,1494,1479.000000,1521.000000,1561.000000,1439.000000,-42.000000,122.000000,1500.000000,1,0,1,1,1,0.000000,0.000000,0,1,1,1,1,15003,0.002000,0,0.185465,0.141042,-1.668523,0.332881,0.198042,0.127240,1,-6.466748,6.466748,0.627378,0.034734,0.935587,0.888334,-2.342293,3.997220,-51.898502,-2.342293,3.997220,-51.898502,0.022741,0.250000,0.625000,2.500000,1.000000,1.000000,0.000087,1,0,1.667259,1.690000,0.055575,0.076590,0.661778,1,1,1,1,1,0.119000,1,0,0,0,0,0,0,0,0,0,0,1,0.020000,0.000000,0.000000,0.000000,0.000000,0.000000,0.000000,0.000000,0.000000,0.000000,0.000000,0.000000,0.000000,0.000000,0.000000,0.000000,0.000000,0.000000,0.000000,0.000000,0.000000
70659,0.855648,-0.014001,0.037202,-0.516029,8.300000,-0.700000,-2.500000,0.229000,0.399000,-1.942000,23.288391,100274.703125,87.809998,86.180000,1.630000,1.720000,30,1,1,1,3,23,1,23,37.5417725,127.0795419,29.430,0.313000,0.764000,0.266000,0.083000,0.112000,0.085000,1562,1530,1404,1504,1483.000000,1517.000000,1546.000000,1454.000000,-34.000000,92.000000,1500.000000,1,0,1,1,1,0.000000,0.000000,0,1,1,1,1,15003,0.002000,0,0.221065,0.149707,-1.654180,0.304108,0.100980,0.157516,1,-6.396805,6.396805,0.656413,0.035900,1.011490,0.399791,-2.390247,3.896036,-51.392078,-2.390247,3.896036,-51.392078,0.023261,0.250000,0.625000,2.500000,1.000000,1.000000,0.000091,1,0,1.656739,1.680000,0.052682,0.034713,0.659757,1,1,1,1,1,0.124000,1,0,0,0,0,0,0,0,0,0,0,1,0.020000,0.000000,0.000000,0.000000,0.000000,0.000000,0.000000,0.000000,0.000000,0.000000,0.000000,0.000000,0.000000,0.000000,0.000000,0.000000,0.000000,0.000000,0.000000,0.000000,0.000000
70747,0.856968,-0.014801,0.036803,-0.513841,-11.400000,-10.600000,4.000000,0.074000,-0.063000,-0.721000,23.289196,100274.601563,87.820000,86.180000,1.640000,1.720000,32,1,1,1,3,23,1,23,37.5417728,127.0795420,29.458,0.312000,0.764000,0.307000,0.058000,0.078000,0.077000,1585,1538,1387,1490,1486.000000,1514.000000,1561.500000,1438.500000,-28.000000,123.000000,1500.000000,1,0,1,1,1,0.000000,0.000000,0,1,1,1,1,15003,0.001000,0,0.252911,0.153839,-1.646440,0.340649,0.058937,0.058336,1,-6.341938,6.341938,0.543706,0.034495,0.460286,-1.195738,-2.590520,3.815650,-51.020279,-2.590520,3.815650,-51.020279,0.030809,0.250000,0.625000,2.500000,1.000000,1.000000,0.000158,1,0,1.649191,1.680000,0.061139,0.161964,0.665700,1,1,1,1,1,0.126000,1,0,0,0,0,0,0,0,0,0,0,1,0.020000,0.000000,0.000000,0.000000,0.000000,0.000000,0.000000,0.000000,0.000000,0.000000,0.000000,0.000000,0.000000,0.000000,0.000000,0.000000,0.000000,0.000000,0.000000,0.000000,0.000000
70865,0.858784,-0.014801,0.036104,-0.510850,-31.200001,5.700000,1.100000,0.139000,-0.287000,-1.405000,23.287392,100274.101563,87.860001,86.180000,1.680000,1.710000,1,1,1,1,3,24,1,24,37.5417732,127.0795420,29.452,0.312000,0.764000,0.291000,0.011000,0.072000,0.075000,1575,1554,1376,1495,1475.500000,1524.500000,1564.500000,1435.500000,-49.000000,129.000000,1500.000000,1,0,1,1,1,0.000000,0.000000,0,1,1,1,1,15003,0.010000,0,0.293636,0.156061,-1.640511,0.323658,0.024055,0.030290,1,-6.285017,6.285017,0.428703,0.035094,0.219477,-1.259758,-2.674165,3.753400,-50.409386,-2.674165,3.753400,-50.409386,0.023874,0.250000,0.625000,2.500000,1.000000,1.000000,0.000096,1,0,1.646126,1.670000,0.054264,0.083362,0.660861,1,1,1,1,1,0.126000,0,0,0,0,0,0,0,0,0,0,0,1,0.020000,0.000000,0.000000,0.000000,0.000000,0.000000,0.000000,0.000000,0.000000,0.000000,0.000000,0.000000,0.000000,0.000000,0.000000,0.000000,0.000000,0.000000,0.000000,0.000000,0.000000
70958,0.860252,-0.014501,0.035402,-0.508431,5.200000,-6.000000,2.500000,0.059000,-0.274000,-0.331000,23.287916,100272.101563,88.029999,86.180000,1.850000,1.720000,0,1,1,1,3,24,1,24,37.5417732,127.0795420,29.452,0.312000,0.764000,0.291000,0.011000,0.072000,0.075000,1579,1530,1390,1500,1484.500000,1515.000000,1554.500000,1445.000000,-30.500000,109.500000,1500.000000,1,0,1,1,1,0.000000,0.000000,0,1,1,1,1,15003,0.001000,0,0.325889,0.159069,-1.644811,0.356198,0.031968,-0.055694,1,-6.248618,6.248618,0.345135,0.042119,1.569282,-0.500492,-2.602775,3.753631,-49.942768,-2.602775,3.753631,-49.942768,0.028464,0.250000,0.625000,2.500000,1.000000,1.000000,0.000136,1,0,1.641536,1.670000,0.053628,0.058521,0.660417,0,0,0,0,0,0.126000,0,0,0,0,0,0,0,0,0,0,0,1,0.020000,0.000000,0.000000,0.000000,0.000000,0.000000,0.000000,0.000000,0.000000,0.000000,0.000000,0.000000,0.000000,0.000000,0.000000,0.000000,0.000000,0.000000,0.000000,0.000000,0.000000
71060,0.861885,-0.014101,0.035704,-0.505650,18.900000,-5.700000,4.500000,0.114000,-0.381000,-0.926000,23.288338,100273.398438,87.919998,86.180000,1.740000,1.730000,3,1,1,1,3,23,1,23,37.5417735,127.0795421,29.445,0.312000,0.764000,0.242000,0.050000,0.061000,0.076000,1577,1544,1376,1503,1476.500000,1523.500000,1560.500000,1439.500000,-47.000000,121.000000,1500.000000,1,0,1,1,1,0.000000,0.000000,0,1,1,1,1,15003,0.005000,0,0.353490,0.167621,-1.637752,0.329394,0.103131,0.033834,1,-6.218202,6.218202,0.292400,0.036246,1.170915,-0.402448,-2.694628,3.880722,-49.502113,-2.694628,3.880722,-49.502113,0.055465,0.250000,0.625000,2.500000,1.000000,1.000000,0.000515,1,0,1.634536,1.690000,0.057994,0.107224,0.663478,1,1,1,1,1,0.124000,1,0,0,0,0,0,0,0,0,0,0,1,0.020000,0.000000,0.000000,0.000000,0.000000,0.000000,0.000000,0.000000,0.000000,0.000000,0.000000,0.000000,0.000000,0.000000,0.000000,0.000000,0.000000,0.000000,0.000000,0.000000,0.000000
71152,0.863388,-0.014802,0.035804,-0.503051,-35.299999,0.100000,2.800000,0.020000,-0.388000,-0.819000,23.288776,100272.804688,87.970001,86.180000,1.790000,1.750000,6,1,1,1,3,23,1,23,37.5417737,127.0795421,29.455,0.312000,0.764000,0.249000,0.040000,0.051000,0.075000,1583,1549,1375,1493,1479.000000,1521.000000,1566.000000,1434.000000,-42.000000,132.000000,1500.000000,1,0,1,1,1,0.000000,0.000000,0,1,1,1,1,15003,0.002000,0,0.378448,0.170360,-1.644682,0.256899,0.068635,-0.115062,1,-6.195810,6.195810,0.136078,0.033284,0.743930,-2.131354,-2.818534,3.976055,-49.132130,-2.818534,3.976055,-49.132130,0.069678,0.250000,0.625000,2.500000,1.000000,1.000000,0.000817,1,0,1.640322,1.710000,0.053254,0.053493,0.660156,1,1,1,1,1,0.125000,1,0,0,0,0,0,0,0,0,0,0,1,0.020000,0.000000,0.000000,0.000000,0.000000,0.000000,0.000000,0.000000,0.000000,0.000000,0.000000,0.000000,0.000000,0.000000,0.000000,0.000000,0.000000,0.000000,0.000000,0.000000,0.000000
71257,0.864855,-0.015501,0.035402,-0.500532,6.200000,8.100000,-0.600000,0.106000,0.452000,-2.487000,23.288864,100273.398438,87.919998,86.180000,1.740000,1.750000,0,1,1,1,3,23,1,23,37.5417740,127.0795421,29.470,0.311000,0.764000,0.297000,-0.010000,0.034000,0.071000,1582,1529,1383,1506,1482.500000,1517.500000,1555.500000,1444.500000,-35.000000,111.000000,1500.000000,1,0,1,1,1,0.000000,0.000000,0,1,1,1,1,15003,0.002000,0,0.413226,0.170010,-1.645450,0.317270,0.008296,0.024500,1,-6.186892,6.186892,0.054504,0.033196,0.622158,-0.493050,-2.875150,3.858099,-48.577103,-2.875150,3.858099,-48.577103,0.068171,0.250000,0.625000,2.500000,1.000000,1.000000,0.000782,1,0,1.641829,1.710000,0.053113,0.040551,0.660058,1,1,1,1,1,0.127000,1,0,0,0,0,0,0,0,0,0,0,1,0.021000,0.000000,0.000000,0.000000,0.000000,0.000000,0.000000,0.000000,0.000000,0.000000,0.000000,0.000000,0.000000,0.000000,0.000000,0.000000,0.000000,0.000000,0.000000,0.000000,0.000000
71354,0.866545,-0.016901,0.035802,-0.497526,29.799999,-4.100000,10.300000,0.192000,0.084000,-0.876000,23.285147,100271.601563,88.070000,86.180000,1.890000,1.770000,4,1,1,1,3,23,1,23,37.5417740,127.0795421,29.470,0.311000,0.764000,0.297000,-0.010000,0.034000,0.071000,1574,1508,1398,1520,1486.000000,1514.000000,1541.000000,1459.000000,-28.000000,82.000000,1500.000000,1,0,1,1,1,0.000000,0.000000,0,1,1,1,1,15003,0.001000,0,0.443491,0.169865,-1.649885,0.327918,-0.002917,0.077234,1,-6.177806,6.177806,0.134313,0.044064,1.880348,-0.295823,-2.915988,3.812945,-48.031689,-2.915988,3.812945,-48.031689,0.086192,0.250000,0.625000,2.500000,1.000000,1.000000,0.001228,1,0,1.643808,1.730000,0.070502,0.229839,0.672406,0,0,0,0,0,0.127000,1,0,0,0,0,0,0,0,0,0,0,1,0.020000,0.000000,0.000000,0.000000,0.000000,0.000000,0.000000,0.000000,0.000000,0.000000,0.000000,0.000000,0.000000,0.000000,0.000000,0.000000,0.000000,0.000000,0.000000,0.000000,0.000000
71463,0.867925,-0.019101,0.036101,-0.495014,9.100000,3.100000,0.300000,0.147000,0.049000,-1.804000,23.285463,100273.304688,87.930000,86.180000,1.750000,1.760000,0,1,1,1,3,23,1,23,37.5417743,127.0795419,29.467,0.311000,0.764000,0.222000,-0.086000,0.032000,0.072000,1573,1526,1387,1513,1480.000000,1519.500000,1549.500000,1450.000000,-39.500000,99.500000,1500.000000,1,0,1,1,1,0.000000,0.000000,0,1,1,1,1,15003,0.002000,0,0.471585,0.156671,-1.643044,0.323106,-0.044103,0.100460,1,-6.157032,6.157032,0.185492,0.042269,1.520344,0.056767,-3.348740,3.678071,-47.464836,-3.348740,3.678071,-47.464836,0.073972,0.250000,0.625000,2.500000,1.000000,1.000000,0.000920,1,0,1.646028,1.720000,0.054529,0.059562,0.661046,0,0,0,0,0,0.127000,1,0,0,0,0,0,0,0,0,0,0,1,0.020000,0.000000,0.000000,0.000000,0.000000,0.000000,0.000000,0.000000,0.000000,0.000000,0.000000,0.000000,0.000000,0.000000,0.000000,0.000000,0.000000,0.000000,0.000000,0.000000,0.000000
71557,0.869069,-0.020102,0.036403,-0.492939,-21.200001,-5.800000,7.200000,0.206000,0.405000,-0.386000,23.284901,100272.203125,88.019997,86.180000,1.840000,1.780000,9,1,1,1,3,23,1,23,37.5417746,127.0795418,29.464,0.311000,0.763000,0.218000,-0.069000,0.036000,0.069000,1593,1537,1374,1496,1483.500000,1516.500000,1565.000000,1435.000000,-33.000000,130.000000,1500.000000,1,0,1,1,1,0.000000,0.000000,0,1,1,1,1,15003,0.005000,0,0.489975,0.146076,-1.657556,0.233792,-0.106753,0.064849,1,-6.136685,6.136685,0.258077,0.037408,1.301380,2.210081,-3.644465,3.656322,-47.021904,-3.644465,3.656322,-47.021904,0.086956,0.250000,0.625000,2.500000,1.000000,1.000000,0.001270,1,0,1.653044,1.740000,0.055303,0.079335,0.661588,1,1,1,1,1,0.121000,1,0,0,0,0,0,0,0,0,0,0,1,0.023000,0.000000,0.000000,0.000000,0.000000,0.000000,0.000000,0.000000,0.000000,0.000000,0.000000,0.000000,0.000000,0.000000,0.000000,0.000000,0.000000,0.000000,0.000000,0.000000,0.000000
71652,0.870050,-0.019401,0.036502,-0.491228,29.400000,4.500000,1.200000,-0.047000,-0.030000,-0.989000,23.283901,100272.601563,87.989998,86.180000,1.810000,1.780000,0,1,1,1,3,23,1,23,37.5417748,127.0795417,29.475,0.311000,0.763000,0.182000,-0.075000,0.014000,0.063000,1566,1523,1394,1517,1480.000000,1520.000000,1544.500000,1455.500000,-40.000000,89.000000,1500.000000,1,0,1,1,1,0.000000,0.000000,0,1,1,1,1,15003,0.002000,0,0.511120,0.137955,-1.660118,0.218830,-0.089541,0.061864,1,-6.104943,6.104943,0.355113,0.035836,0.699050,-0.347346,-3.850669,3.623241,-46.631401,-3.850669,3.623241,-46.631401,0.087327,0.250000,0.625000,2.500000,1.000000,1.000000,0.001263,1,0,1.652673,1.740000,0.068675,0.208159,0.671087,1,1,1,1,1,0.125000,0,0,0,0,0,0,0,0,0,0,0,1,0.020000,0.000000,0.000000,0.000000,0.000000,0.000000,0.000000,0.000000,0.000000,0.000000,0.000000,0.000000,0.000000,0.000000,0.000000,0.000000,0.000000,0.000000,0.000000,0.000000,0.000000
71750,0.871129,-0.018301,0.037001,-0.489316,-0.600000,-4.200000,5.200000,0.155000,0.032000,-0.730000,23.284147,100272.304688,88.009995,86.180000,1.830000,1.780000,0,1,1,1,3,24,1,24,37.5417750,127.0795417,29.504,0.310000,0.764000,0.186000,-0.075000,-0.015000,0.055000,1580,1535,1379,1506,1479.500000,1520.500000,1557.500000,1442.500000,-41.000000,115.000000,1500.000000,1,0,1,1,1,0.000000,0.000000,0,1,1,1,1,15003,0.002000,0,0.530634,0.129479,-1.670346,0.174651,-0.086454,-0.081340,1,-6.071452,6.071452,0.294362,0.035544,0.535103,-3.006670,-3.467384,3.774036,-46.305786,-3.467384,3.774036,-46.305786,0.068251,0.250000,0.625000,2.500000,1.000000,1.000000,0.000776,1,0,1.661749,1.730000,0.062367,0.149914,0.666572,1,1,1,1,1,0.126000,1,0,0,0,0,0,0,0,0,0,0,1,0.023000,0.000000,0.000000,0.000000,0.000000,0.000000,0.000000,0.000000,0.000000,0.000000,0.000000,0.000000,0.000000,0.000000,0.000000,0.000000,0.000000,0.000000,0.000000,0.000000,0.000000
71850,0.872279,-0.018202,0.037303,-0.487244,17.400000,-4.400000,4.700000,0.051000,-0.260000,-0.756000,23.289915,100273.101563,87.949997,86.180000,1.770000,1.770000,12,1,1,1,3,24,1,24,37.5417750,127.0795417,29.504,0.310000,0.764000,0.186000,-0.075000,-0.015000,0.055000,1578,1525,1387,1511,1482.500000,1518.000000,1551.500000,1449.000000,-35.500000,102.500000,1500.000000,1,0,1,1,1,0.000000,0.000000,0,1,1,1,1,15003,0.005000,0,0.547265,0.119259,-1.692776,0.167936,-0.120675,-0.153716,1,-6.046705,6.046705,0.235221,0.043561,1.815518,2.328682,-3.515675,3.875047,-45.827232,-3.515675,3.875047,-45.827232,0.041396,0.250000,0.625000,2.500000,1.000000,1.000000,0.000286,1,0,1.688604,1.730000,0.061216,0.155349,0.665755,0,0,0,0,0,0.126000,1,0,0,0,0,0,0,0,0,0,0,1,0.023000,0.000000,0.000000,0.000000,0.000000,0.000000,0.000000,0.000000,0.000000,0.000000,0.000000,0.000000,0.000000,0.000000,0.000000,0.000000,0.000000,0.000000,0.000000,0.000000,0.000000
71958,0.873236,-0.020101,0.037702,-0.485420,8.300000,-14.700000,-1.600000,0.153000,0.271000,-0.109000,23.287426,100273.203125,87.939995,86.180000,1.760000,1.770000,34,1,1,1,3,24,1,24,37.5417751,127.0795416,29.518,0.310000,0.764000,0.161000,-0.075000,-0.016000,0.055000,1593,1528,1382,1497,1487.500000,1512.500000,1560.500000,1439.500000,-25.000000,121.000000,1500.000000,1,0,1,1,1,0.000000,0.000000,0,1,1,1,1,15003,0.002000,0,0.567305,0.112335,-1.700342,0.162501,-0.119106,-0.045712,1,-6.023694,6.023694,0.259625,0.040912,1.593904,1.402604,-3.583345,3.891232,-45.324184,-3.583345,3.891232,-45.324184,0.034094,0.250000,0.625000,2.500000,1.000000,1.000000,0.000195,1,0,1.695906,1.730000,0.054580,0.081375,0.661082,0,0,0,0,0,0.124000,0,0,0,0,0,0,0,0,0,0,0,1,0.020000,0.000000,0.000000,0.000000,0.000000,0.000000,0.000000,0.000000,0.000000,0.000000,0.000000,0.000000,0.000000,0.000000,0.000000,0.000000,0.000000,0.000000,0.000000,0.000000,0.000000
72055,0.874040,-0.021101,0.037802,-0.483922,-19.200001,3.900000,8.800000,0.102000,0.771000,-1.149000,23.286251,100274.500000,87.830002,86.180000,1.650000,1.750000,0,1,1,1,3,24,1,24,37.5417753,127.0795414,29.532,0.310000,0.764000,0.129000,-0.118000,-0.025000,0.062000,1582,1525,1389,1504,1485.500000,1514.500000,1553.500000,1446.500000,-29.000000,107.000000,1500.000000,1,0,1,1,1,0.000000,0.000000,0,1,1,1,1,15003,0.002000,0,0.581741,0.099745,-1.702275,0.156993,-0.137419,0.028047,1,-5.995593,5.995593,0.325244,0.034031,1.036951,0.408601,-3.709960,3.744930,-45.015644,-3.709960,3.744930,-45.015644,0.008170,0.250000,0.625000,2.500000,1.000000,1.000000,0.000011,1,0,1.701830,1.710000,0.054449,0.083406,0.660990,1,1,1,1,1,0.125000,1,0,0,0,0,0,0,0,0,0,0,1,0.020000,0.000000,0.000000,0.000000,0.000000,0.000000,0.000000,0.000000,0.000000,0.000000,0.000000,0.000000,0.000000,0.000000,0.000000,0.000000,0.000000,0.000000,0.000000,0.000000,0.000000
72148,0.874796,-0.022602,0.038204,-0.482453,-18.100000,-5.600000,9.400000,-0.022000,0.471000,-0.108000,23.287304,100273.398438,87.919998,86.180000,1.740000,1.740000,0,1,1,1,3,24,1,24,37.5417754,127.0795411,29.543,0.310000,0.764000,0.112000,-0.167000,-0.026000,0.076000,1597,1543,1366,1495,1481.500000,1519.000000,1570.000000,1430.500000,-37.500000,139.500000,1500.000000,1,0,1,1,1,0.000000,0.000000,0,1,1,1,1,15003,0.005000,0,0.590492,0.080883,-1.709766,0.109011,-0.183665,-0.021156,1,-5.959508,5.959508,0.420239,0.035699,0.700682,0.940861,-4.144231,3.674042,-44.736046,-4.144231,3.674042,-44.736046,0.000824,0.250000,0.625000,2.500000,1.000000,1.000000,0.000000,1,0,1.699176,1.700000,0.061548,0.166443,0.665990,1,1,1,1,1,0.128000,1,0,0,0,0,0,0,0,0,0,0,1,0.020000,0.000000,0.000000,0.000000,0.000000,0.000000,0.000000,0.000000,0.000000,0.000000,0.000000,0.000000,0.000000,0.000000,0.000000,0.000000,0.000000,0.000000,0.000000,0.000000,0.000000
72256,0.875472,-0.023902,0.038503,-0.481140,-11.500000,-5.800000,4.000000,0.204000,0.054000,-0.688000,23.290144,100272.203125,88.019997,86.180000,1.840000,1.760000,0,1,1,1,3,24,1,24,37.5417755,127.0795409,29.550,0.310000,0.764000,0.055000,-0.177000,-0.029000,0.086000,1591,1539,1373,1497,1482.000000,1518.000000,1565.000000,1435.000000,-36.000000,130.000000,1500.000000,1,0,1,1,1,0.000000,0.000000,0,1,1,1,1,15003,0.002000,0,0.597210,0.059463,-1.713116,0.045445,-0.191791,-0.031340,1,-5.913827,5.913827,0.431474,0.035235,0.457012,0.865345,-4.533260,3.686169,-44.430595,-4.533260,3.686169,-44.430595,-0.000110,0.250000,0.625000,2.500000,1.000000,1.000000,0.000000,1,0,1.710110,1.710000,0.056974,0.106303,0.662760,1,1,1,1,1,0.124000,1,0,0,0,0,0,0,0,0,0,0,1,0.022000,0.000000,0.000000,0.000000,0.000000,0.000000,0.000000,0.000000,0.000000,0.000000,0.000000,0.000000,0.000000,0.000000,0.000000,0.000000,0.000000,0.000000,0.000000,0.000000,0.000000
72354,0.875906,-0.024503,0.038005,-0.480358,-13.400000,8.500000,8.200000,0.221000,-0.212000,-1.414000,23.285883,100272.000000,88.040001,86.180000,1.860000,1.780000,4,1,1,1,3,24,1,24,37.5417755,127.0795409,29.550,0.310000,0.764000,0.055000,-0.177000,-0.029000,0.086000,1579,1540,1376,1505,1477.500000,1522.500000,1559.500000,1440.500000,-45.000000,119.000000,1500.000000,1,0,1,1,1,0.000000,0.000000,0,1,1,1,1,15003,0.001000,0,0.600260,0.039255,-1.719205,0.021302,-0.239362,-0.040004,1,-5.873667,5.873667,0.428454,0.041480,1.678340,1.432722,-4.406695,3.624094,-44.176727,-4.406695,3.624094,-44.176727,0.022273,0.250000,0.625000,2.500000,1.000000,1.000000,0.000082,1,0,1.717727,1.740000,0.066369,0.192422,0.669429,0,0,0,0,0,0.124000,1,0,0,0,0,0,0,0,0,0,0,1,0.020000,0.000000,0.000000,0.000000,0.000000,0.000000,0.000000,0.000000,0.000000,0.000000,0.000000,0.000000,0.000000,0.000000,0.000000,0.000000,0.000000,0.000000,0.000000,0.000000,0.000000
72463,0.876191,-0.024603,0.037804,-0.479850,0.300000,-9.000000,-0.300000,0.164000,0.274000,-0.107000,23.280886,100269.898438,88.209999,86.180000,2.030000,1.810000,0,1,1,1,3,24,1,24,37.5417755,127.0795405,29.556,0.309000,0.764000,0.017000,-0.218000,-0.027000,0.094000,1582,1537,1385,1496,1483.500000,1516.500000,1559.500000,1440.500000,-33.000000,119.000000,1500.000000,1,0,1,1,1,0.000000,0.000000,0,1,1,1,1,15003,0.002000,0,0.599334,0.013038,-1.736797,-0.032133,-0.250087,-0.184235,1,-5.834825,5.834825,0.307136,0.042334,1.574589,0.031710,-4.198222,3.732501,-43.973232,-4.198222,3.732501,-43.973232,0.015105,0.250000,0.625000,2.500000,1.000000,1.000000,0.000038,1,0,1.724895,1.740000,0.054081,0.061561,0.660733,0,0,0,0,0,0.129000,1,0,0,0,0,0,0,0,0,0,0,1,0.020000,0.000000,0.000000,0.000000,0.000000,0.000000,0.000000,0.000000,0.000000,0.000000,0.000000,0.000000,0.000000,0.000000,0.000000,0.000000,0.000000,0.000000,0.000000,0.000000,0.000000
72558,0.876285,-0.024102,0.038504,-0.479647,-1.300000,2.800000,-4.600000,-0.073000,-0.275000,-1.561000,23.285217,100271.703125,88.059998,86.180000,1.880000,1.820000,9,1,1,1,3,23,1,23,37.5417755,127.0795402,29.572,0.309000,0.764000,-0.008000,-0.214000,-0.044000,0.094000,1573,1539,1387,1501,1480.000000,1520.000000,1556.000000,1444.000000,-40.000000,112.000000,1500.000000,1,0,1,1,1,0.000000,0.000000,0,1,1,1,1,15003,0.004000,0,0.601150,-0.006418,-1.741325,-0.030448,-0.237748,-0.105375,1,-5.811692,5.811692,0.237722,0.037101,1.273952,0.514966,-3.979788,3.895960,-43.862541,-3.979788,3.895960,-43.862541,0.041378,0.250000,0.625000,2.500000,1.000000,1.000000,0.000288,1,0,1.738622,1.780000,0.055053,0.079307,0.661413,1,1,1,1,1,0.121000,1,0,0,0,0,0,0,0,0,0,0,1,0.023000,0.000000,0.000000,0.000000,0.000000,0.000000,0.000000,0.000000,0.000000,0.000000,0.000000,0.000000,0.000000,0.000000,0.000000,0.000000,0.000000,0.000000,0.000000,0.000000,0.000000
72654,0.876253,-0.023501,0.039802,-0.479629,2.200000,-3.000000,2.900000,0.347000,0.654000,-0.205000,23.283499,100271.898438,88.049995,86.180000,1.870000,1.830000,1,1,1,1,3,24,1,24,37.5417755,127.0795399,29.589,0.309000,0.765000,-0.023000,-0.230000,-0.053000,0.092000,1578,1544,1383,1495,1480.500000,1519.500000,1561.000000,1439.000000,-39.000000,122.000000,1500.000000,1,0,1,1,1,0.000000,0.000000,0,1,1,1,1,15003,0.002000,0,0.600233,-0.030006,-1.750719,-0.019925,-0.240876,-0.044161,1,-5.787024,5.787024,0.292433,0.035681,0.748671,0.210803,-3.785460,4.052225,-43.697899,-3.785460,4.052225,-43.697899,0.033775,0.250000,0.625000,2.500000,1.000000,1.000000,0.000189,1,0,1.746225,1.780000,0.067625,0.201331,0.670331,1,1,1,1,1,0.126000,1,0,0,0,0,0,0,0,0,0,0,1,0.020000,0.000000,0.000000,0.000000,0.000000,0.000000,0.000000,0.000000,0.000000,0.000000,0.000000,0.000000,0.000000,0.000000,0.000000,0.000000,0.000000,0.000000,0.000000,0.000000,0.000000
72751,0.876037,-0.023201,0.041202,-0.479920,-15.800000,6.900000,-3.900000,-0.073000,0.036000,-1.838000,23.284147,100271.398438,88.089996,86.180000,1.910000,1.830000,0,1,1,1,3,23,1,23,37.5417755,127.0795395,29.611,0.309000,0.765000,-0.037000,-0.217000,-0.068000,0.092000,1572,1549,1382,1497,1477.000000,1523.000000,1560.500000,1439.500000,-46.000000,121.000000,1500.000000,1,0,1,1,1,0.000000,0.000000,0,1,1,1,1,15003,0.002000,0,0.595746,-0.054536,-1.758179,-0.056838,-0.236103,0.024824,1,-5.753281,5.753281,0.415967,0.035870,0.460105,1.722071,-3.816540,4.101529,-43.572266,-3.816540,4.101529,-43.572266,0.026015,0.250000,0.625000,2.500000,1.000000,1.000000,0.000113,1,0,1.753985,1.780000,0.057674,0.116130,0.663252,1,1,1,1,1,0.125000,1,0,0,0,0,0,0,0,0,0,0,1,0.020000,0.000000,0.000000,0.000000,0.000000,0.000000,0.000000,0.000000,0.000000,0.000000,0.000000,0.000000,0.000000,0.000000,0.000000,0.000000,0.000000,0.000000,0.000000,0.000000,0.000000
72850,0.875715,-0.022103,0.042306,-0.480463,-5.500000,9.800000,4.600000,0.032000,0.103000,-1.656000,23.289354,100272.304688,88.009995,86.180000,1.830000,1.830000,12,1,1,1,3,23,1,23,37.5417755,127.0795395,29.611,0.309000,0.765000,-0.037000,-0.217000,-0.068000,0.092000,1566,1543,1385,1506,1475.500000,1524.500000,1554.500000,1445.500000,-49.000000,109.000000,1500.000000,1,0,1,1,1,0.000000,0.000000,0,1,1,1,1,15003,0.005000,0,0.588649,-0.077237,-1.758612,-0.093113,-0.220415,0.061331,1,-5.709633,5.709633,0.460642,0.042097,1.666754,-1.215466,-3.641557,4.241793,-43.548435,-3.641557,4.241793,-43.548435,0.032688,0.250000,0.625000,2.500000,1.000000,1.000000,0.000178,1,0,1.757312,1.790000,0.060364,0.141770,0.665151,0,0,0,0,0,0.125000,1,0,0,0,0,0,0,0,0,0,0,1,0.022000,0.000000,0.000000,0.000000,0.000000,0.000000,0.000000,0.000000,0.000000,0.000000,0.000000,0.000000,0.000000,0.000000,0.000000,0.000000,0.000000,0.000000,0.000000,0.000000,0.000000
72954,0.875266,-0.023102,0.043403,-0.481136,21.299999,-7.400000,2.300000,-0.082000,0.123000,-0.182000,23.285480,100271.804688,88.049995,86.180000,1.870000,1.830000,30,1,1,1,3,23,1,23,37.5417754,127.0795391,29.641,0.309000,0.765000,-0.089000,-0.268000,-0.082000,0.091000,1573,1538,1395,1495,1484.000000,1516.500000,1555.500000,1445.000000,-32.500000,110.500000,1500.000000,1,0,1,1,1,0.000000,0.000000,0,1,1,1,1,15003,0.002000,0,0.576105,-0.112869,-1.761766,-0.151687,-0.320051,0.049436,1,-5.655733,5.655733,0.530808,0.040602,1.591746,-1.039963,-3.862201,4.222020,-43.586964,-3.862201,4.222020,-43.586964,0.028126,0.250000,0.625000,2.500000,1.000000,1.000000,0.000133,1,0,1.761874,1.790000,0.054182,0.080358,0.660803,1,1,1,1,1,0.122000,0,0,0,0,0,0,0,0,0,0,0,1,0.020000,0.000000,0.000000,0.000000,0.000000,0.000000,0.000000,0.000000,0.000000,0.000000,0.000000,0.000000,0.000000,0.000000,0.000000,0.000000,0.000000,0.000000,0.000000,0.000000,0.000000
73048,0.874331,-0.024001,0.043102,-0.482817,11.900000,5.700000,-5.600000,0.088000,0.372000,-1.662000,23.286356,100270.703125,88.150002,86.180000,1.970000,1.850000,38,1,1,1,3,23,1,23,37.5417752,127.0795387,29.656,0.308000,0.764000,-0.148000,-0.297000,-0.083000,0.088000,1557,1548,1402,1494,1479.500000,1521.000000,1552.500000,1448.000000,-41.500000,104.500000,1500.000000,1,0,1,1,1,0.000000,0.000000,0,1,1,1,1,15003,0.002000,0,0.563264,-0.141410,-1.785604,-0.129006,-0.285702,-0.153671,1,-5.607476,5.607476,0.486065,0.035792,1.041529,0.740392,-4.155281,4.219812,-43.748203,-4.155281,4.219812,-43.748203,0.031827,0.250000,0.625000,2.500000,1.000000,1.000000,0.000171,1,0,1.778173,1.810000,0.052197,0.034822,0.659420,1,1,1,1,1,0.126000,0,0,0,0,0,0,0,0,0,0,0,1,0.020000,0.000000,0.000000,0.000000,0.000000,0.000000,0.000000,0.000000,0.000000,0.000000,0.000000,0.000000,0.000000,0.000000,0.000000,0.000000,0.000000,0.000000,0.000000,0.000000,0.000000
73148,0.873232,-0.025801,0.043002,-0.484718,-26.799999,-5.000000,-0.700000,0.268000,0.197000,-1.066000,23.283411,100270.101563,88.199997,86.180000,2.020000,1.890000,1,1,1,1,3,23,1,23,37.5417751,127.0795383,29.672,0.308000,0.764000,-0.166000,-0.251000,-0.084000,0.087000,1576,1564,1383,1476,1479.500000,1520.000000,1570.000000,1429.500000,-40.500000,140.500000,1500.000000,1,0,1,1,1,0.000000,0.000000,0,1,1,1,1,15003,0.005000,0,0.543704,-0.170682,-1.798403,-0.203494,-0.266223,-0.094504,1,-5.554826,5.554826,0.513203,0.035546,0.700677,-1.512258,-4.489266,4.117914,-44.000164,-4.489266,4.117914,-44.000164,0.045386,0.250000,0.625000,2.500000,1.000000,1.000000,0.000344,1,0,1.794614,1.840000,0.061294,0.166434,0.665810,1,1,1,1,1,0.127000,1,0,0,0,0,0,0,0,0,0,0,1,0.020000,0.000000,0.000000,0.000000,0.000000,0.000000,0.000000,0.000000,0.000000,0.000000,0.000000,0.000000,0.000000,0.000000,0.000000,0.000000,0.000000,0.000000,0.000000,0.000000,0.000000
73258,0.871761,-0.025702,0.042203,-0.487434,-7.700000,8.100000,-7.700000,-0.001000,0.387000,-2.201000,23.287304,100271.398438,88.089996,86.180000,1.910000,1.890000,1,1,1,1,3,23,1,23,37.5417749,127.0795380,29.685,0.308000,0.763000,-0.189000,-0.205000,-0.085000,0.086000,1559,1560,1395,1486,1477.000000,1523.000000,1559.500000,1440.500000,-46.000000,119.000000,1500.000000,1,0,1,1,1,0.000000,0.000000,0,1,1,1,1,15003,0.002000,0,0.523732,-0.195676,-1.811063,-0.194498,-0.220638,-0.053175,1,-5.501943,5.501943,0.496397,0.035117,0.457003,0.921184,-4.516840,4.041147,-44.279118,-4.516840,4.041147,-44.279118,0.042943,0.250000,0.625000,2.500000,1.000000,1.000000,0.000309,1,0,1.807057,1.850000,0.056780,0.106337,0.662624,1,1,1,1,1,0.125000,1,0,0,0,0,0,0,0,0,0,0,1,0.023000,0.000000,0.000000,0.000000,0.000000,0.000000,0.000000,0.000000,0.000000,0.000000,0.000000,0.000000,0.000000,0.000000,0.000000,0.000000,0.000000,0.000000,0.000000,0.000000,0.000000
73353,0.870530,-0.025301,0.043702,-0.489517,28.400000,-0.200000,1.500000,-0.291000,-0.433000,-0.427000,23.278326,100269.500000,88.250000,86.180000,2.070000,1.920000,7,1,1,1,3,23,1,23,37.5417749,127.0795380,29.685,0.308000,0.763000,-0.189000,-0.205000,-0.085000,0.086000,1548,1546,1406,1500,1477.000000,1523.000000,1547.000000,1453.000000,-46.000000,94.000000,1500.000000,1,0,1,1,1,0.000000,0.000000,0,1,1,1,1,15003,0.002000,0,0.506357,-0.214603,-1.823980,-0.190510,-0.198647,-0.079034,1,-5.456601,5.456601,0.487166,0.041897,1.728014,-0.149147,-4.390262,4.216034,-44.524643,-4.390262,4.216034,-44.524643,0.060045,0.250000,0.625000,2.500000,1.000000,1.000000,0.000598,1,0,1.819955,1.880000,0.067036,0.199147,0.669908,0,0,0,0,0,0.125000,1,0,0,0,0,0,0,0,0,0,0,1,0.020000,0.000000,0.000000,0.000000,0.000000,0.000000,0.000000,0.000000,0.000000,0.000000,0.000000,0.000000,0.000000,0.000000,0.000000,0.000000,0.000000,0.000000,0.000000,0.000000,0.000000
73444,0.869261,-0.024702,0.045503,-0.491635,-6.900000,9.900000,-6.600000,0.200000,0.314000,-2.172000,23.286076,100270.703125,88.150002,86.180000,1.970000,1.940000,13,1,1,1,3,23,1,23,37.5417746,127.0795377,29.725,0.308000,0.763000,-0.260000,-0.211000,-0.104000,0.086000,1553,1564,1391,1492,1472.000000,1528.000000,1558.500000,1441.500000,-56.000000,117.000000,1500.000000,1,0,1,1,1,0.000000,0.000000,0,1,1,1,1,15003,0.001000,0,0.475136,-0.239424,-1.847071,-0.316895,-0.266303,-0.210484,1,-5.419103,5.419103,0.355992,0.037310,1.429739,0.735306,-4.259132,4.536710,-44.854836,-4.259132,4.536710,-44.854836,0.058232,0.250000,0.625000,2.500000,1.000000,1.000000,0.000570,1,0,1.841768,1.900000,0.054669,0.092902,0.661144,1,1,1,1,1,0.129000,1,0,0,0,0,0,0,0,0,0,0,1,0.023000,0.000000,0.000000,0.000000,0.000000,0.000000,0.000000,0.000000,0.000000,0.000000,0.000000,0.000000,0.000000,0.000000,0.000000,0.000000,0.000000,0.000000,0.000000,0.000000,0.000000
73546,0.867117,-0.023900,0.045901,-0.495410,27.900000,-5.900000,-1.900000,0.048000,0.213000,-0.860000,23.283026,100269.398438,88.259995,86.180000,2.080000,1.960000,29,1,1,1,3,23,1,23,37.5417743,127.0795373,29.740,0.308000,0.763000,-0.284000,-0.263000,-0.094000,0.082000,1549,1550,1413,1488,1481.000000,1519.000000,1549.500000,1450.500000,-38.000000,99.000000,1500.000000,1,0,1,1,1,0.000000,0.000000,0,1,1,1,1,15003,0.002000,0,0.446998,-0.267468,-1.861913,-0.327632,-0.269116,-0.027008,1,-5.377237,5.377237,0.492261,0.035955,1.018115,-0.227839,-4.100821,4.593866,-45.299339,-4.100821,4.593866,-45.299339,0.062142,0.250000,0.625000,2.500000,1.000000,1.000000,0.000650,1,0,1.857858,1.920000,0.052668,0.038742,0.659747,1,1,1,1,1,0.132000,0,0,0,0,0,0,0,0,0,0,0,1,0.020000,0.000000,0.000000,0.000000,0.000000,0.000000,0.000000,0.000000,0.000000,0.000000,0.000000,0.000000,0.000000,0.000000,0.000000,0.000000,0.000000,0.000000,0.000000,0.000000,0.000000
73643,0.865159,-0.023802,0.044703,-0.498934,29.600000,-1.200000,-2.600000,0.086000,-0.149000,-1.119000,23.287601,100271.601563,88.070000,86.180000,1.890000,1.950000,40,1,1,1,3,23,1,23,37.5417740,127.0795369,29.746,0.307000,0.762000,-0.260000,-0.272000,-0.079000,0.083000,1541,1550,1421,1488,1481.000000,1519.000000,1545.500000,1454.500000,-38.000000,91.000000,1500.000000,1,0,1,1,1,0.000000,0.000000,0,1,1,1,1,15003,0.002000,0,0.417737,-0.298610,-1.873666,-0.291838,-0.289027,-0.041012,1,-5.330018,5.330018,0.496549,0.034536,0.460352,1.433639,-3.913940,4.453121,-45.871357,-3.913940,4.453121,-45.871357,0.041811,0.250000,0.625000,2.500000,1.000000,1.000000,0.000292,1,0,1.868189,1.910000,0.061464,0.165207,0.665931,1,1,1,1,1,0.115000,1,0,0,0,0,0,0,0,0,0,0,1,0.020000,0.000000,0.000000,0.000000,0.000000,0.000000,0.000000,0.000000,0.000000,0.000000,0.000000,0.000000,0.000000,0.000000,0.000000,0.000000,0.000000,0.000000,0.000000,0.000000,0.000000
73748,0.862924,-0.023401,0.043501,-0.502914,-7.100000,3.000000,-2.000000,0.039000,0.098000,-0.822000,23.284376,100270.304688,88.180000,86.180000,2.000000,1.960000,1,1,1,1,3,23,1,23,37.5417736,127.0795366,29.750,0.307000,0.762000,-0.345000,-0.210000,-0.066000,0.079000,1550,1574,1402,1474,1476.000000,1524.000000,1562.000000,1438.000000,-48.000000,124.000000,1500.000000,1,0,1,1,1,0.000000,0.000000,0,1,1,1,1,15003,0.002000,0,0.380635,-0.324847,-1.884343,-0.362841,-0.236209,-0.032083,1,-5.275159,5.275159,0.575956,0.034469,0.216995,1.585291,-3.909775,4.370890,-46.425858,-3.909775,4.370890,-46.425858,0.032840,0.250000,0.625000,2.500000,1.000000,1.000000,0.000181,1,0,1.877160,1.910000,0.056941,0.106314,0.662737,1,1,1,1,1,0.125000,1,0,0,0,0,0,0,0,0,0,0,1,0.020000,0.000000,0.000000,0.000000,0.000000,0.000000,0.000000,0.000000,0.000000,0.000000,0.000000,0.000000,0.000000,0.000000,0.000000,0.000000,0.000000,0.000000,0.000000,0.000000,0.000000
73855,0.860529,-0.022701,0.042501,-0.507117,8.900000,-1.800000,-12.700000,-0.016000,0.177000,-0.475000,23.281237,100269.500000,88.250000,86.180000,2.070000,1.990000,0,1,1,1,3,24,1,24,37.5417733,127.0795363,29.769,0.307000,0.762000,-0.311000,-0.232000,-0.051000,0.078000,1543,1567,1419,1471,1481.000000,1519.000000,1555.000000,1445.000000,-38.000000,110.000000,1500.000000,1,0,1,1,1,0.000000,0.000000,0,1,1,1,1,15003,0.001000,0,0.342907,-0.352950,-1.895353,-0.358366,-0.256861,-0.038091,1,-5.211365,5.211365,0.589258,0.033249,0.216630,0.191683,-3.754830,4.327256,-46.985809,-3.754830,4.327256,-46.985809,0.058658,0.250000,0.625000,2.500000,1.000000,1.000000,0.000572,1,0,1.891342,1.950000,0.065552,0.185596,0.668844,1,1,1,1,1,0.122000,0,0,0,0,0,0,0,0,0,0,0,1,0.020000,0.000000,0.000000,0.000000,0.000000,0.000000,0.000000,0.000000,0.000000,0.000000,0.000000,0.000000,0.000000,0.000000,0.000000,0.000000,0.000000,0.000000,0.000000,0.000000,0.000000
73956,0.857862,-0.022202,0.042503,-0.511637,-1.500000,4.200000,-6.900000,-0.054000,0.081000,-0.949000,23.282429,100270.000000,88.209999,86.180000,2.030000,2.000000,0,1,1,1,3,24,1,24,37.5417733,127.0795363,29.769,0.307000,0.762000,-0.311000,-0.232000,-0.051000,0.078000,1543,1574,1415,1468,1479.000000,1521.000000,1558.500000,1441.500000,-42.000000,117.000000,1500.000000,1,0,1,1,1,0.000000,0.000000,0,1,1,1,1,15003,0.001000,0,0.306626,-0.378923,-1.890089,-0.360656,-0.245394,0.148838,1,-5.139657,5.139657,0.779546,0.040330,1.414960,0.507282,-3.875278,4.216964,-47.658302,-3.875278,4.216964,-47.658302,0.066315,0.250000,0.625000,2.500000,1.000000,1.000000,0.000740,1,0,1.893685,1.960000,0.053101,0.050660,0.660050,1,1,1,1,1,0.122000,0,0,0,0,0,0,0,0,0,0,0,1,0.020000,0.000000,0.000000,0.000000,0.000000,0.000000,0.000000,0.000000,0.000000,0.000000,0.000000,0.000000,0.000000,0.000000,0.000000,0.000000,0.000000,0.000000,0.000000,0.000000,0.000000
74057,0.855253,-0.020701,0.041503,-0.516132,6.900000,1.000000,-11.900000,-0.002000,0.217000,-0.928000,23.285234,100272.203125,88.019997,86.180000,1.840000,1.990000,0,1,1,1,3,24,1,24,37.5417729,127.0795359,29.758,0.307000,0.761000,-0.381000,-0.265000,-0.017000,0.079000,1536,1572,1426,1467,1481.000000,1519.500000,1554.000000,1446.500000,-38.500000,107.500000,1500.000000,1,0,1,1,1,0.000000,0.000000,0,1,1,1,1,15003,0.002000,0,0.267562,-0.407458,-1.900884,-0.399917,-0.277521,0.045776,1,-5.060744,5.060744,0.823105,0.038622,1.277968,-0.321105,-3.836860,4.096846,-48.331074,-3.836860,4.096846,-48.331074,0.070604,0.250000,0.625000,2.500000,1.000000,1.000000,0.000840,1,0,1.899396,1.970000,0.052684,0.036653,0.659759,1,1,1,1,1,0.127000,0,0,0,0,0,0,0,0,0,0,0,1,0.020000,0.000000,0.000000,0.000000,0.000000,0.000000,0.000000,0.000000,0.000000,0.000000,0.000000,0.000000,0.000000,0.000000,0.000000,0.000000,0.000000,0.000000,0.000000,0.000000,0.000000
74149,0.852873,-0.020002,0.040703,-0.520145,8.800000,2.900000,-9.100000,0.409000,-0.089000,-2.364000,23.283218,100271.601563,88.070000,86.180000,1.890000,1.990000,0,1,1,1,3,24,1,24,37.5417725,127.0795357,29.800,0.306000,0.761000,-0.350000,-0.126000,-0.058000,0.077000,1528,1569,1428,1475,1478.000000,1522.000000,1548.500000,1451.500000,-44.000000,97.000000,1500.000000,1,0,1,1,1,0.000000,0.000000,0,1,1,1,1,15003,0.002000,0,0.231394,-0.421084,-1.909198,-0.363202,-0.151561,0.065931,1,-4.979001,4.979001,0.926560,0.035422,0.857793,-0.247454,-3.772764,4.022815,-49.057487,-3.772764,4.022815,-49.057487,0.058086,0.250000,0.625000,2.500000,1.000000,1.000000,0.000560,1,0,1.901914,1.960000,0.066539,0.200419,0.669551,1,1,1,1,1,0.126000,1,0,0,0,0,0,0,0,0,0,0,1,0.020000,0.000000,0.000000,0.000000,0.000000,0.000000,0.000000,0.000000,0.000000,0.000000,0.000000,0.000000,0.000000,0.000000,0.000000,0.000000,0.000000,0.000000,0.000000,0.000000,0.000000
74258,0.850063,-0.019201,0.040903,-0.524739,3.400000,-5.500000,-4.500000,-0.090000,0.025000,-0.029000,23.284410,100269.500000,88.250000,86.180000,2.070000,2.010000,1,1,1,1,3,24,1,24,37.5417721,127.0795354,29.804,0.306000,0.761000,-0.367000,-0.242000,-0.031000,0.076000,1543,1577,1420,1460,1481.500000,1518.500000,1560.000000,1440.000000,-37.000000,120.000000,1500.000000,1,0,1,1,1,0.000000,0.000000,0,1,1,1,1,15003,0.002000,0,0.188087,-0.449067,-1.917162,-0.407151,-0.251670,0.007327,1,-4.871716,4.871716,1.036207,0.035485,0.484755,-0.091809,-3.210882,4.038554,-49.886612,-3.210882,4.038554,-49.886612,0.052956,0.250000,0.625000,2.500000,1.000000,1.000000,0.000470,1,0,1.907044,1.960000,0.057648,0.124553,0.663234,1,1,1,1,1,0.124000,0,0,0,0,0,0,0,0,0,0,0,1,0.022000,0.000000,0.000000,0.000000,0.000000,0.000000,0.000000,0.000000,0.000000,0.000000,0.000000,0.000000,0.000000,0.000000,0.000000,0.000000,0.000000,0.000000,0.000000,0.000000,0.000000
74354,0.847645,-0.017001,0.040702,-0.528728,9.400000,8.300000,-8.700000,0.269000,0.442000,-1.676000,23.285007,100269.703125,88.229996,86.180000,2.050000,2.020000,8,1,1,1,3,24,1,24,37.5417721,127.0795354,29.804,0.306000,0.761000,-0.367000,-0.242000,-0.031000,0.076000,1520,1575,1427,1478,1473.500000,1526.500000,1547.500000,1452.500000,-53.000000,95.000000,1500.000000,1,0,1,1,1,0.000000,0.000000,0,1,1,1,1,15003,0.008000,0,0.148974,-0.474473,-1.924021,-0.385720,-0.258514,0.032648,1,-4.766891,4.766891,1.080871,0.042975,1.776806,-1.786242,-2.936557,4.138646,-50.626461,-2.936557,4.138646,-50.626461,0.059770,0.250000,0.625000,2.500000,1.000000,1.000000,0.000591,1,0,1.920230,1.980000,0.068759,0.209296,0.671148,0,0,0,0,0,0.124000,0,0,0,0,0,0,0,0,0,0,0,1,0.020000,0.000000,0.000000,0.000000,0.000000,0.000000,0.000000,0.000000,0.000000,0.000000,0.000000,0.000000,0.000000,0.000000,0.000000,0.000000,0.000000,0.000000,0.000000,0.000000,0.000000
74446,0.845449,-0.015801,0.041202,-0.532231,6.900000,2.000000,-4.500000,0.187000,0.010000,-0.605000,23.282955,100270.203125,88.189995,86.180000,2.010000,2.010000,8,1,1,1,3,24,1,24,37.5417718,127.0795351,29.834,0.306000,0.760000,-0.271000,-0.179000,-0.022000,0.076000,1531,1574,1424,1470,1477.500000,1522.000000,1552.500000,1447.000000,-44.500000,105.500000,1500.000000,1,0,1,1,1,0.000000,0.000000,0,1,1,1,1,15003,0.001000,0,0.130377,-0.487074,-1.931514,-0.276886,-0.167226,-0.014012,1,-4.669930,4.669930,1.069655,0.035314,0.937269,-1.071192,-2.698263,4.265048,-51.254028,-2.698263,4.265048,-51.254028,0.040861,0.250000,0.625000,2.500000,1.000000,1.000000,0.000280,1,0,1.929139,1.970000,0.056502,0.078177,0.662429,1,1,1,1,1,0.139000,1,0,0,0,0,0,0,0,0,0,0,1,0.020000,0.000000,0.000000,0.000000,0.000000,0.000000,0.000000,0.000000,0.000000,0.000000,0.000000,0.000000,0.000000,0.000000,0.000000,0.000000,0.000000,0.000000,0.000000,0.000000,0.000000
74543,0.843208,-0.014400,0.041300,-0.535805,19.200001,5.300000,-4.600000,0.061000,-0.021000,-1.985000,23.283009,100269.804688,88.220001,86.180000,2.040000,2.020000,0,1,1,1,3,23,1,23,37.5417713,127.0795349,29.866,0.306000,0.760000,-0.413000,-0.151000,-0.034000,0.075000,1521,1568,1434,1476,1477.500000,1522.000000,1544.500000,1455.000000,-44.500000,89.500000,1500.000000,1,0,1,1,1,0.000000,0.000000,0,1,1,1,1,15003,0.002000,0,0.082411,-0.503272,-1.941984,-0.436378,-0.125633,-0.105585,1,-4.568676,4.568676,0.995869,0.036625,1.033685,-0.125007,-2.479356,4.438717,-51.894291,-2.479356,4.438717,-51.894291,0.044635,0.250000,0.625000,2.500000,1.000000,1.000000,0.000335,1,0,1.935365,1.980000,0.053931,0.034319,0.660628,1,1,1,1,1,0.109000,1,0,0,0,0,0,0,0,0,0,0,1,0.020000,0.000000,0.000000,0.000000,0.000000,0.000000,0.000000,0.000000,0.000000,0.000000,0.000000,0.000000,0.000000,0.000000,0.000000,0.000000,0.000000,0.000000,0.000000,0.000000,0.000000
74643,0.840941,-0.012801,0.040902,-0.539426,1.100000,5.500000,-7.300000,0.256000,0.381000,-2.166000,23.283428,100271.000000,88.119995,86.180000,1.940000,2.010000,15,1,1,1,3,22,1,22,37.5417709,127.0795346,29.861,0.305000,0.760000,-0.348000,-0.218000,-0.018000,0.078000,1517,1572,1433,1478,1475.000000,1525.000000,1544.500000,1455.500000,-50.000000,89.000000,1500.000000,1,0,1,1,1,0.000000,0.000000,0,1,1,1,1,15003,0.002000,0,0.044224,-0.528976,-1.948059,-0.368414,-0.196446,0.049895,1,-4.465069,4.465069,1.099598,0.034536,0.538635,1.948003,-2.448913,4.384178,-52.569267,-2.448913,4.384178,-52.569267,0.022719,0.250000,0.625000,2.500000,1.000000,1.000000,0.000087,1,0,1.947281,1.970000,0.053737,0.027516,0.660493,1,1,1,1,1,0.130000,0,0,0,0,0,0,0,0,0,0,0,1,0.023000,0.000000,0.000000,0.000000,0.000000,0.000000,0.000000,0.000000,0.000000,0.000000,0.000000,0.000000,0.000000,0.000000,0.000000,0.000000,0.000000,0.000000,0.000000,0.000000,0.000000
74747,0.838524,-0.011200,0.039501,-0.543316,18.299999,1.900000,-7.200000,0.210000,0.104000,-1.382000,23.283691,100269.804688,88.220001,86.180000,2.040000,2.000000,33,1,1,1,3,23,1,23,37.5417706,127.0795344,29.896,0.305000,0.760000,-0.310000,-0.187000,-0.044000,0.083000,1517,1572,1439,1472,1478.000000,1522.000000,1544.500000,1455.500000,-44.000000,89.000000,1500.000000,1,0,1,1,1,0.000000,0.000000,0,1,1,1,1,15003,0.002000,0,0.008826,-0.550623,-1.949954,-0.322894,-0.177212,-0.006247,1,-4.345689,4.345689,1.152892,0.034363,0.456811,1.251766,-2.091236,4.382357,-53.280918,-2.091236,4.382357,-53.280918,0.018157,0.250000,0.625000,2.500000,1.000000,1.000000,0.000055,1,0,1.941843,1.960000,0.058505,0.124866,0.663838,1,1,1,1,1,0.120000,1,0,0,0,0,0,0,0,0,0,0,1,0.020000,0.000000,0.000000,0.000000,0.000000,0.000000,0.000000,0.000000,0.000000,0.000000,0.000000,0.000000,0.000000,0.000000,0.000000,0.000000,0.000000,0.000000,0.000000,0.000000,0.000000
74865,0.836016,-0.009600,0.037901,-0.547310,21.100000,6.100000,-2.600000,0.030000,0.379000,-1.137000,23.281641,100270.101563,88.199997,86.180000,2.020000,1.990000,0,1,1,1,3,23,1,23,37.5417702,127.0795341,29.868,0.305000,0.760000,-0.360000,-0.144000,0.004000,0.073000,1513,1569,1438,1480,1475.500000,1524.500000,1541.000000,1459.000000,-49.000000,82.000000,1500.000000,1,0,1,1,1,0.000000,0.000000,0,1,1,1,1,15003,0.010000,0,-0.034004,-0.570970,-1.948006,-0.352960,-0.138374,0.028528,1,-4.204924,4.204924,1.196382,0.034994,0.219833,-0.632648,-1.858265,4.404191,-54.050411,-1.858265,4.404191,-54.050411,0.000420,0.250000,0.625000,2.500000,1.000000,1.000000,0.000000,1,0,1.949580,1.950000,0.053736,0.079068,0.660492,1,1,1,1,1,0.125000,0,0,0,0,0,0,0,0,0,0,0,1,0.020000,0.000000,0.000000,0.000000,0.000000,0.000000,0.000000,0.000000,0.000000,0.000000,0.000000,0.000000,0.000000,0.000000,0.000000,0.000000,0.000000,0.000000,0.000000,0.000000,0.000000
74958,0.834250,-0.009901,0.037302,-0.550033,5.700000,-3.200000,-2.300000,0.070000,0.237000,-1.120000,23.280149,100270.703125,88.150002,86.180000,1.970000,1.980000,0,1,1,1,3,23,1,23,37.5417702,127.0795341,29.868,0.305000,0.760000,-0.360000,-0.144000,0.004000,0.073000,1531,1581,1428,1460,1479.500000,1520.500000,1556.000000,1444.000000,-41.000000,112.000000,1500.000000,1,0,1,1,1,0.000000,0.000000,0,1,1,1,1,15003,0.001000,0,-0.064168,-0.582068,-1.942017,-0.291249,-0.097566,0.053028,1,-4.089481,4.089481,1.220267,0.039370,1.551445,0.862777,-1.816643,4.294488,-54.565536,-1.816643,4.294488,-54.565536,-0.002153,0.250000,0.625000,2.500000,1.000000,1.000000,0.000001,1,0,1.942153,1.940000,0.062992,0.165556,0.667016,0,0,0,0,0,0.125000,0,0,0,0,0,0,0,0,0,0,0,1,0.020000,0.000000,0.000000,0.000000,0.000000,0.000000,0.000000,0.000000,0.000000,0.000000,0.000000,0.000000,0.000000,0.000000,0.000000,0.000000,0.000000,0.000000,0.000000,0.000000,0.000000
75057,0.832539,-0.008400,0.036102,-0.552726,2.500000,-2.400000,-5.700000,-0.010000,0.297000,-0.213000,23.280413,100270.601563,88.150002,86.180000,1.970000,1.980000,0,1,1,1,3,23,1,23,37.5417700,127.0795339,29.841,0.305000,0.760000,-0.248000,-0.118000,0.040000,0.069000,1530,1576,1432,1462,1481.000000,1519.000000,1553.000000,1447.000000,-38.000000,106.000000,1500.000000,1,0,1,1,1,0.000000,0.000000,0,1,1,1,1,15003,0.002000,0,-0.086299,-0.594058,-1.942057,-0.218873,-0.057485,-0.027334,1,-3.977628,3.977628,1.152460,0.038405,1.178580,-0.904992,-1.473440,4.357596,-55.148827,-1.473440,4.357596,-55.148827,-0.001564,0.250000,0.625000,2.500000,1.000000,1.000000,0.000000,1,0,1.941564,1.940000,0.053234,0.035237,0.660142,1,1,1,1,1,0.124000,1,0,0,0,0,0,0,0,0,0,0,1,0.020000,0.000000,0.000000,0.000000,0.000000,0.000000,0.000000,0.000000,0.000000,0.000000,0.000000,0.000000,0.000000,0.000000,0.000000,0.000000,0.000000,0.000000,0.000000,0.000000,0.000000
75152,0.831070,-0.008301,0.037403,-0.554847,14.100000,-0.800000,0.700000,0.259000,-0.075000,-0.533000,23.280115,100270.898438,88.129997,86.180000,1.950000,1.980000,6,1,1,1,3,23,1,23,37.5417697,127.0795339,29.880,0.305000,0.760000,-0.217000,-0.071000,0.006000,0.066000,1523,1571,1434,1472,1478.500000,1521.500000,1547.000000,1453.000000,-43.000000,94.000000,1500.000000,1,0,1,1,1,0.000000,0.000000,0,1,1,1,1,15003,0.002000,0,-0.107500,-0.601661,-1.942395,-0.197510,-0.045066,-0.016062,1,-3.864432,3.864432,1.121487,0.033233,0.743932,1.888003,-1.600302,4.400555,-55.682190,-1.600302,4.400555,-55.682190,-0.002394,0.250000,0.625000,2.500000,1.000000,1.000000,0.000001,1,0,1.942394,1.940000,0.053174,0.053501,0.660100,1,1,1,1,1,0.125000,1,0,0,0,0,0,0,0,0,0,0,1,0.020000,0.000000,0.000000,0.000000,0.000000,0.000000,0.000000,0.000000,0.000000,0.000000,0.000000,0.000000,0.000000,0.000000,0.000000,0.000000,0.000000,0.000000,0.000000,0.000000,0.000000
75254,0.829494,-0.008001,0.038004,-0.557163,-22.100000,1.700000,-6.800000,-0.010000,0.193000,-1.347000,23.276329,100270.101563,88.199997,86.180000,2.020000,1.980000,0,1,1,1,3,23,1,23,37.5417695,127.0795338,29.864,0.305000,0.760000,-0.213000,-0.065000,0.046000,0.065000,1527,1589,1424,1460,1475.500000,1524.500000,1558.000000,1442.000000,-49.000000,116.000000,1500.000000,1,0,1,1,1,0.000000,0.000000,0,1,1,1,1,15003,0.002000,0,-0.128539,-0.608046,-1.939232,-0.188248,-0.044109,0.031783,1,-3.748976,3.748976,1.147850,0.034940,0.535169,-0.237504,-1.719084,4.420823,-56.153553,-1.719084,4.420823,-56.153553,-0.002348,0.250000,0.625000,2.500000,1.000000,1.000000,0.000001,1,0,1.942348,1.940000,0.056374,0.109910,0.662339,1,1,1,1,1,0.124000,0,0,0,0,0,0,0,0,0,0,0,1,0.024000,0.000000,0.000000,0.000000,0.000000,0.000000,0.000000,0.000000,0.000000,0.000000,0.000000,0.000000,0.000000,0.000000,0.000000,0.000000,0.000000,0.000000,0.000000,0.000000,0.000000
75346,0.828348,-0.008100,0.037002,-0.558932,4.700000,1.200000,0.400000,0.168000,0.085000,-1.173000,23.272278,100269.000000,88.290001,86.180000,2.110000,1.970000,0,1,1,1,3,23,1,23,37.5417695,127.0795338,29.864,0.305000,0.760000,-0.213000,-0.065000,0.046000,0.065000,1521,1574,1435,1470,1478.000000,1522.000000,1547.500000,1452.500000,-44.000000,95.000000,1500.000000,1,0,1,1,1,0.000000,0.000000,0,1,1,1,1,15003,0.002000,0,-0.144102,-0.610287,-1.936987,-0.146051,0.000628,0.011768,1,-3.647303,3.647303,1.126334,0.046324,1.856306,0.505747,-1.670524,4.305673,-56.603519,-1.670524,4.305673,-56.603519,-0.018171,0.250000,0.625000,2.500000,1.000000,1.000000,0.000055,1,0,1.938171,1.920000,0.054714,0.084329,0.661176,0,0,0,0,0,0.124000,0,0,0,0,0,0,0,0,0,0,0,1,0.020000,0.000000,0.000000,0.000000,0.000000,0.000000,0.000000,0.000000,0.000000,0.000000,0.000000,0.000000,0.000000,0.000000,0.000000,0.000000,0.000000,0.000000,0.000000,0.000000,0.000000
75458,0.827013,-0.007700,0.035501,-0.561009,-3.300000,-3.700000,-2.300000,0.063000,0.223000,-1.627000,23.281132,100271.203125,88.099998,86.180000,1.920000,1.960000,15,1,1,1,3,23,1,23,37.5417694,127.0795337,29.851,0.305000,0.760000,-0.146000,-0.048000,0.068000,0.074000,1533,1569,1434,1463,1483.500000,1516.000000,1551.000000,1448.500000,-32.500000,102.500000,1500.000000,1,0,1,1,1,0.000000,0.000000,0,1,1,1,1,15003,0.001000,0,-0.162773,-0.619587,-1.919141,-0.132829,-0.040608,0.081416,1,-3.514108,3.514108,1.124771,0.040912,1.627036,-2.277270,-1.623494,4.120598,-57.077499,-1.623494,4.120598,-57.077499,-0.000573,0.250000,0.625000,2.500000,1.000000,1.000000,0.000000,1,0,1.920573,1.920000,0.059209,0.133118,0.664335,1,1,1,1,1,0.132000,0,0,0,0,0,0,0,0,0,0,0,1,0.020000,0.000000,0.000000,0.000000,0.000000,0.000000,0.000000,0.000000,0.000000,0.000000,0.000000,0.000000,0.000000,0.000000,0.000000,0.000000,0.000000,0.000000,0.000000,0.000000,0.000000
75547,0.826386,-0.006801,0.033604,-0.562059,5.300000,2.400000,-3.600000,0.007000,0.237000,-0.992000,23.281115,100272.804688,87.970001,86.180000,1.790000,1.950000,3,1,1,1,3,23,1,23,37.5417692,127.0795336,29.848,0.305000,0.760000,-0.136000,-0.043000,0.052000,0.070000,1528,1569,1432,1471,1480.000000,1520.000000,1548.500000,1451.500000,-40.000000,97.000000,1500.000000,1,0,1,1,1,0.000000,0.000000,0,1,1,1,1,15003,0.002000,0,-0.174348,-0.622949,-1.917507,-0.106835,0.003552,-0.047685,1,-3.424842,3.424842,0.957760,0.034708,0.935643,-0.203197,-1.493246,4.066438,-57.488731,-1.493246,4.066438,-57.488731,-0.007949,0.250000,0.625000,2.500000,1.000000,1.000000,0.000011,1,0,1.917949,1.910000,0.055533,0.076591,0.661749,1,1,1,1,1,0.119000,1,0,0,0,0,0,0,0,0,0,0,1,0.020000,0.000000,0.000000,0.000000,0.000000,0.000000,0.000000,0.000000,0.000000,0.000000,0.000000,0.000000,0.000000,0.000000,0.000000,0.000000,0.000000,0.000000,0.000000,0.000000,0.000000
75659,0.825734,-0.008100,0.033201,-0.563023,3.800000,-3.100000,0.200000,0.137000,0.048000,-1.331000,23.279905,100271.703125,88.059998,86.180000,1.880000,1.940000,30,1,1,1,3,23,1,23,37.5417692,127.0795336,29.844,0.305000,0.760000,-0.066000,-0.003000,0.067000,0.085000,1526,1570,1433,1470,1479.500000,1520.000000,1548.000000,1451.500000,-40.500000,96.500000,1500.000000,1,0,1,1,1,0.000000,0.000000,0,1,1,1,1,15003,0.002000,0,-0.178111,-0.622283,-1.912767,-0.007318,0.049740,0.059412,1,-3.316125,3.316125,1.014156,0.035898,1.011585,0.689078,-1.619246,3.884162,-57.886673,-1.619246,3.884162,-57.886673,-0.014729,0.250000,0.625000,2.500000,1.000000,1.000000,0.000037,1,0,1.914729,1.900000,0.052716,0.035672,0.659781,1,1,1,1,1,0.125000,0,0,0,0,0,0,0,0,0,0,0,1,0.020000,0.000000,0.000000,0.000000,0.000000,0.000000,0.000000,0.000000,0.000000,0.000000,0.000000,0.000000,0.000000,0.000000,0.000000,0.000000,0.000000,0.000000,0.000000,0.000000,0.000000
75747,0.825404,-0.008601,0.033704,-0.563471,2.800000,5.400000,-0.700000,0.027000,0.056000,-1.321000,23.284164,100272.500000,88.000000,86.180000,1.820000,1.910000,32,1,1,1,3,23,1,23,37.5417691,127.0795336,29.843,0.304000,0.760000,-0.041000,0.001000,0.067000,0.099000,1528,1568,1429,1474,1478.500000,1521.000000,1548.000000,1451.500000,-42.500000,96.500000,1500.000000,1,0,1,1,1,0.000000,0.000000,0,1,1,1,1,15003,0.001000,0,-0.178679,-0.621658,-1.900108,-0.009582,0.015556,0.056289,1,-3.228234,3.228234,0.903760,0.034493,0.460285,-0.330215,-1.674572,3.900610,-58.130039,-1.674572,3.900610,-58.130039,-0.039659,0.250000,0.625000,2.500000,1.000000,1.000000,0.000263,1,0,1.909659,1.870000,0.061165,0.162318,0.665719,1,1,1,1,1,0.125000,0,0,0,0,0,0,0,0,0,0,0,1,0.020000,0.000000,0.000000,0.000000,0.000000,0.000000,0.000000,0.000000,0.000000,0.000000,0.000000,0.000000,0.000000,0.000000,0.000000,0.000000,0.000000,0.000000,0.000000,0.000000,0.000000
75865,0.825277,-0.009001,0.035303,-0.563552,14.100000,3.700000,-1.700000,0.291000,0.143000,-1.356000,23.281851,100272.203125,88.019997,86.180000,1.840000,1.910000,1,1,1,1,3,23,1,23,37.5417692,127.0795336,29.849,0.304000,0.760000,0.002000,0.043000,0.066000,0.105000,1525,1564,1431,1480,1478.000000,1522.000000,1544.500000,1455.500000,-44.000000,89.000000,1500.000000,1,0,1,1,1,0.000000,0.000000,0,1,1,1,1,15003,0.010000,0,-0.176074,-0.617722,-1.889616,0.027372,0.045359,0.048760,1,-3.119293,3.119293,0.889125,0.035094,0.219479,-1.848488,-1.919766,4.012863,-58.322384,-1.919766,4.012863,-58.322384,-0.014421,0.250000,0.625000,2.500000,1.000000,1.000000,0.000035,1,0,1.894421,1.880000,0.054265,0.083399,0.660861,1,1,1,1,1,0.126000,0,0,0,0,0,0,0,0,0,0,0,1,0.020000,0.000000,0.000000,0.000000,0.000000,0.000000,0.000000,0.000000,0.000000,0.000000,0.000000,0.000000,0.000000,0.000000,0.000000,0.000000,0.000000,0.000000,0.000000,0.000000,0.000000
75958,0.825346,-0.010001,0.036902,-0.563331,-8.200000,-2.100000,0.000000,-0.020000,-0.142000,-0.486000,23.280729,100271.804688,88.049995,86.180000,1.870000,1.910000,0,1,1,1,3,23,1,23,37.5417692,127.0795336,29.849,0.304000,0.760000,0.002000,0.043000,0.066000,0.105000,1541,1576,1420,1464,1480.500000,1520.000000,1558.500000,1442.000000,-39.500000,116.500000,1500.000000,1,0,1,1,1,0.000000,0.000000,0,1,1,1,1,15003,0.001000,0,-0.172414,-0.613608,-1.881726,0.066270,0.051562,0.055704,1,-3.034399,3.034399,0.894638,0.042120,1.569250,-0.723183,-2.208988,4.065470,-58.431667,-2.208988,4.065470,-58.431667,-0.015903,0.250000,0.625000,2.500000,1.000000,1.000000,0.000043,1,0,1.885903,1.870000,0.053629,0.058524,0.660417,0,0,0,0,0,0.126000,0,0,0,0,0,0,0,0,0,0,0,1,0.020000,0.000000,0.000000,0.000000,0.000000,0.000000,0.000000,0.000000,0.000000,0.000000,0.000000,0.000000,0.000000,0.000000,0.000000,0.000000,0.000000,0.000000,0.000000,0.000000,0.000000
76060,0.825680,-0.010001,0.036704,-0.562855,-23.900000,1.600000,-4.100000,0.362000,0.371000,-1.394000,23.277187,100271.203125,88.099998,86.180000,1.920000,1.900000,3,1,1,1,3,23,1,23,37.5417692,127.0795337,29.851,0.304000,0.760000,0.038000,0.049000,0.060000,0.101000,1528,1557,1437,1478,1482.500000,1517.500000,1542.500000,1457.500000,-35.000000,85.000000,1500.000000,1,0,1,1,1,0.000000,0.000000,0,1,1,1,1,15003,0.005000,0,-0.170189,-0.607354,-1.872714,0.018488,0.091825,0.088665,1,-2.945592,2.945592,0.910317,0.036247,1.170827,-0.394546,-2.024488,4.087205,-58.467453,-2.024488,4.087205,-58.467453,-0.013497,0.250000,0.625000,2.500000,1.000000,1.000000,0.000031,1,0,1.873497,1.860000,0.057994,0.107220,0.663478,1,1,1,1,1,0.124000,1,0,0,0,0,0,0,0,0,0,0,1,0.020000,0.000000,0.000000,0.000000,0.000000,0.000000,0.000000,0.000000,0.000000,0.000000,0.000000,0.000000,0.000000,0.000000,0.000000,0.000000,0.000000,0.000000,0.000000,0.000000,0.000000
76152,0.825963,-0.010501,0.036503,-0.562443,-3.000000,0.700000,-7.000000,-0.039000,0.035000,-1.058000,23.278257,100272.304688,88.009995,86.180000,1.830000,1.900000,6,1,1,1,3,23,1,23,37.5417693,127.0795338,29.866,0.304000,0.760000,0.064000,0.065000,0.031000,0.088000,1539,1570,1424,1467,1481.500000,1518.500000,1554.500000,1445.500000,-37.000000,109.000000,1500.000000,1,0,1,1,1,0.000000,0.000000,0,1,1,1,1,15003,0.002000,0,-0.162812,-0.601927,-1.872642,0.067433,0.082770,-0.020836,1,-2.860599,2.860599,0.847706,0.033284,0.743949,-2.051348,-2.071495,4.094148,-58.553848,-2.071495,4.094148,-58.553848,-0.013261,0.250000,0.625000,2.500000,1.000000,1.000000,0.000030,1,0,1.873261,1.860000,0.053254,0.053492,0.660156,1,1,1,1,1,0.125000,1,0,0,0,0,0,0,0,0,0,0,1,0.020000,0.000000,0.000000,0.000000,0.000000,0.000000,0.000000,0.000000,0.000000,0.000000,0.000000,0.000000,0.000000,0.000000,0.000000,0.000000,0.000000,0.000000,0.000000,0.000000,0.000000
76257,0.826374,-0.011401,0.037603,-0.561750,16.400000,-0.500000,2.600000,-0.042000,-0.044000,-0.654000,23.279572,100273.304688,87.930000,86.180000,1.750000,1.890000,3,1,1,1,3,23,1,23,37.5417694,127.0795339,29.880,0.304000,0.760000,0.088000,0.104000,0.005000,0.088000,1539,1563,1423,1474,1481.000000,1518.500000,1551.000000,1448.500000,-37.500000,102.500000,1500.000000,1,0,1,1,1,0.000000,0.000000,0,1,1,1,1,15003,0.002000,0,-0.151498,-0.591555,-1.873367,0.112045,0.124711,0.007801,1,-2.774283,2.774283,0.859062,0.033174,0.562391,0.792225,-2.214449,4.136536,-58.572887,-2.214449,4.136536,-58.572887,-0.024677,0.250000,0.625000,2.500000,1.000000,1.000000,0.000103,1,0,1.874677,1.850000,0.053079,0.038484,0.660034,1,1,1,1,1,0.125000,1,0,0,0,0,0,0,0,0,0,0,1,0.020000,0.000000,0.000000,0.000000,0.000000,0.000000,0.000000,0.000000,0.000000,0.000000,0.000000,0.000000,0.000000,0.000000,0.000000,0.000000,0.000000,0.000000,0.000000,0.000000,0.000000
76347,0.826899,-0.012401,0.038905,-0.560867,-6.200000,1.800000,5.200000,0.130000,0.110000,-1.464000,23.278694,100272.101563,88.029999,86.180000,1.850000,1.900000,1,1,1,1,3,23,1,23,37.5417694,127.0795339,29.880,0.304000,0.760000,0.088000,0.104000,0.005000,0.088000,1543,1570,1411,1476,1477.000000,1523.000000,1556.500000,1443.500000,-46.000000,113.000000,1500.000000,1,0,1,1,1,0.000000,0.000000,0,1,1,1,1,15003,0.002000,0,-0.137857,-0.578333,-1.874004,0.192248,0.172071,-0.020369,1,-2.700789,2.700789,0.829764,0.046442,1.859914,0.617637,-2.480807,4.110260,-58.611629,-2.480807,4.110260,-58.611629,-0.013279,0.250000,0.625000,2.500000,1.000000,1.000000,0.000030,1,0,1.873279,1.860000,0.054804,0.084917,0.661238,0,0,0,0,0,0.125000,1,0,0,0,0,0,0,0,0,0,0,1,0.020000,0.000000,0.000000,0.000000,0.000000,0.000000,0.000000,0.000000,0.000000,0.000000,0.000000,0.000000,0.000000,0.000000,0.000000,0.000000,0.000000,0.000000,0.000000,0.000000,0.000000
76446,0.827673,-0.014301,0.040704,-0.559550,-4.400000,-1.800000,5.600000,0.216000,0.215000,-0.869000,23.274593,100270.304688,88.180000,86.180000,2.000000,1.910000,11,1,1,1,3,23,1,23,37.5417696,127.0795341,29.881,0.303000,0.760000,0.152000,0.151000,0.014000,0.091000,1551,1571,1407,1472,1479.000000,1521.500000,1561.000000,1439.500000,-42.500000,121.500000,1500.000000,1,0,1,1,1,0.000000,0.000000,0,1,1,1,1,15003,0.002000,0,-0.121208,-0.564705,-1.867524,0.172964,0.155530,0.091163,1,-2.614453,2.614453,0.903940,0.037548,1.177798,1.472077,-2.878281,4.134889,-58.481438,-2.878281,4.134889,-58.481438,0.002076,0.250000,0.625000,2.500000,1.000000,1.000000,0.000001,1,0,1.867924,1.870000,0.056290,0.078698,0.662280,1,1,1,1,1,0.133000,1,0,0,0,0,0,0,0,0,0,0,1,0.020000,0.000000,0.000000,0.000000,0.000000,0.000000,0.000000,0.000000,0.000000,0.000000,0.000000,0.000000,0.000000,0.000000,0.000000,0.000000,0.000000,0.000000,0.000000,0.000000,0.000000
76556,0.828759,-0.015601,0.041603,-0.557840,-10.600000,-4.000000,0.000000,0.078000,0.186000,-0.931000,23.274733,100270.000000,88.209999,86.180000,2.030000,1.920000,35,1,1,1,3,23,1,23,37.5417698,127.0795342,29.882,0.303000,0.760000,0.157000,0.139000,0.012000,0.086000,1557,1567,1408,1468,1482.500000,1517.500000,1562.000000,1438.000000,-35.000000,124.000000,1500.000000,1,0,1,1,1,0.000000,0.000000,0,1,1,1,1,15003,0.002000,0,-0.098063,-0.549550,-1.871652,0.256323,0.167750,0.005465,1,-2.513892,2.513892,0.907863,0.038695,1.458436,-0.037700,-3.304547,4.131007,-58.284416,-3.304547,4.131007,-58.284416,0.008535,0.250000,0.625000,2.500000,1.000000,1.000000,0.000012,1,0,1.871465,1.880000,0.053604,0.067742,0.660400,1,1,1,1,1,0.117000,1,0,0,0,0,0,0,0,0,0,0,1,0.020000,0.000000,0.000000,0.000000,0.000000,0.000000,0.000000,0.000000,0.000000,0.000000,0.000000,0.000000,0.000000,0.000000,0.000000,0.000000,0.000000,0.000000,0.000000,0.000000,0.000000
76643,0.829648,-0.016901,0.042202,-0.556432,13.800000,-4.500000,4.300000,-0.116000,-0.148000,-0.016000,23.281763,100272.000000,88.040001,86.180000,1.860000,1.920000,24,1,1,1,3,23,1,23,37.5417700,127.0795344,29.874,0.303000,0.760000,0.166000,0.118000,0.017000,0.082000,1556,1559,1412,1473,1484.000000,1516.000000,1557.500000,1442.500000,-32.000000,115.000000,1500.000000,1,0,1,1,1,0.000000,0.000000,0,1,1,1,1,15003,0.002000,0,-0.081810,-0.540163,-1.871715,0.207142,0.143119,0.094205,1,-2.428815,2.428815,1.001336,0.034653,0.749423,0.528375,-3.814731,4.116552,-58.119823,-3.814731,4.116552,-58.119823,0.006679,0.250000,0.625000,2.500000,1.000000,1.000000,0.000008,1,0,1.873321,1.880000,0.053484,0.037437,0.660316,1,1,1,1,1,0.125000,1,0,0,0,0,0,0,0,0,0,0,1,0.020000,0.000000,0.000000,0.000000,0.000000,0.000000,0.000000,0.000000,0.000000,0.000000,0.000000,0.000000,0.000000,0.000000,0.000000,0.000000,0.000000,0.000000,0.000000,0.000000,0.000000
76748,0.831165,-0.017301,0.042303,-0.554144,-24.600000,-2.600000,1.000000,0.158000,0.000000,-0.577000,23.276627,100271.398438,88.089996,86.180000,1.910000,1.910000,0,1,1,1,3,23,1,23,37.5417702,127.0795345,29.869,0.303000,0.760000,0.176000,0.143000,0.014000,0.083000,1558,1572,1398,1472,1478.000000,1522.000000,1565.000000,1435.000000,-44.000000,130.000000,1500.000000,1,0,1,1,1,0.000000,0.000000,0,1,1,1,1,15003,0.002000,0,-0.057403,-0.524833,-1.869743,0.226997,0.148776,0.088174,1,-2.319644,2.319644,1.083097,0.034457,0.535068,1.954465,-3.893169,4.050799,-57.882164,-3.893169,4.050799,-57.882164,0.004730,0.250000,0.625000,2.500000,1.000000,1.000000,0.000004,1,0,1.865270,1.870000,0.060579,0.149990,0.665303,1,1,1,1,1,0.124000,1,0,0,0,0,0,0,0,0,0,0,1,0.024000,0.000000,0.000000,0.000000,0.000000,0.000000,0.000000,0.000000,0.000000,0.000000,0.000000,0.000000,0.000000,0.000000,0.000000,0.000000,0.000000,0.000000,0.000000,0.000000,0.000000
76849,0.832644,-0.017701,0.042002,-0.551929,5.300000,6.800000,0.000000,0.280000,0.035000,-2.237000,23.272331,100268.804688,88.309998,86.180000,2.130000,1.940000,12,1,1,1,3,23,1,23,37.5417702,127.0795345,29.869,0.303000,0.760000,0.176000,0.143000,0.014000,0.083000,1544,1556,1408,1492,1476.000000,1524.000000,1550.000000,1450.000000,-48.000000,100.000000,1500.000000,1,0,1,1,1,0.000000,0.000000,0,1,1,1,1,15003,0.001000,0,-0.033032,-0.510664,-1.866825,0.242624,0.132730,-0.001737,1,-2.214196,2.214196,1.000062,0.043098,1.836492,-1.540044,-3.825973,4.044496,-57.580368,-3.825973,4.044496,-57.580368,0.035265,0.250000,0.625000,2.500000,1.000000,1.000000,0.000208,1,0,1.864735,1.900000,0.060618,0.161035,0.665331,0,0,0,0,0,0.124000,1,0,0,0,0,0,0,0,0,0,0,1,0.023000,0.000000,0.000000,0.000000,0.000000,0.000000,0.000000,0.000000,0.000000,0.000000,0.000000,0.000000,0.000000,0.000000,0.000000,0.000000,0.000000,0.000000,0.000000,0.000000,0.000000
76955,0.834150,-0.019601,0.042703,-0.549533,12.100000,-4.200000,6.500000,-0.062000,0.108000,0.234000,23.281834,100271.703125,88.059998,86.180000,1.880000,1.940000,32,1,1,1,3,23,1,23,37.5417705,127.0795347,29.871,0.303000,0.760000,0.194000,0.156000,0.008000,0.083000,1558,1554,1405,1483,1481.500000,1518.500000,1556.000000,1444.000000,-37.000000,112.000000,1500.000000,1,0,1,1,1,0.000000,0.000000,0,1,1,1,1,15003,0.001000,0,-0.013573,-0.495806,-1.878404,0.178931,0.118872,-0.104126,1,-2.114683,2.114683,0.896394,0.040376,1.570122,0.943807,-4.105754,3.984943,-57.237576,-4.105754,3.984943,-57.237576,0.026058,0.250000,0.625000,2.500000,1.000000,1.000000,0.000114,1,0,1.873942,1.900000,0.053998,0.085532,0.660675,1,1,1,1,1,0.129000,0,0,0,0,0,0,0,0,0,0,0,1,0.020000,0.000000,0.000000,0.000000,0.000000,0.000000,0.000000,0.000000,0.000000,0.000000,0.000000,0.000000,0.000000,0.000000,0.000000,0.000000,0.000000,0.000000,0.000000,0.000000,0.000000
77054,0.835649,-0.020701,0.043703,-0.547132,-29.500000,1.200000,0.000000,0.146000,-0.141000,-1.056000,23.277046,100271.601563,88.070000,86.180000,1.890000,1.910000,0,1,1,1,3,23,1,23,37.5417706,127.0795349,29.913,0.303000,0.759000,0.198000,0.144000,-0.032000,0.078000,1569,1576,1388,1466,1478.500000,1521.000000,1572.500000,1427.000000,-42.500000,145.500000,1500.000000,1,0,1,1,1,0.000000,0.000000,0,1,1,1,1,15003,0.002000,0,0.011669,-0.480329,-1.883894,0.222128,0.148751,-0.011023,1,-2.023402,2.023402,0.968123,0.035571,1.014533,0.003468,-4.368124,3.969210,-56.947304,-4.368124,3.969210,-56.947304,-0.013659,0.250000,0.625000,2.500000,1.000000,1.000000,0.000031,1,0,1.883659,1.870000,0.052032,0.036085,0.659305,1,1,1,1,1,0.123000,0,0,0,0,0,0,0,0,0,0,0,1,0.020000,0.000000,0.000000,0.000000,0.000000,0.000000,0.000000,0.000000,0.000000,0.000000,0.000000,0.000000,0.000000,0.000000,0.000000,0.000000,0.000000,0.000000,0.000000,0.000000,0.000000
77153,0.837398,-0.021903,0.044205,-0.544363,0.000000,-6.300000,3.400000,-0.002000,0.025000,-0.247000,23.278046,100272.203125,88.019997,86.180000,1.840000,1.910000,7,1,1,1,3,23,1,23,37.5417709,127.0795350,29.913,0.302000,0.759000,0.203000,0.115000,-0.004000,0.073000,1566,1555,1398,1481,1482.000000,1518.000000,1560.500000,1439.500000,-36.000000,121.000000,1500.000000,1,0,1,1,1,0.000000,0.000000,0,1,1,1,1,15003,0.002000,0,0.035922,-0.470065,-1.887092,0.251082,0.135402,0.032820,1,-1.918973,1.918973,1.087733,0.032791,0.696097,0.536978,-4.844927,3.878633,-56.571434,-4.844927,3.878633,-56.571434,-0.018241,0.250000,0.625000,2.500000,1.000000,1.000000,0.000056,1,0,1.888241,1.870000,0.052465,0.051340,0.659606,1,1,1,1,1,0.125000,1,0,0,0,0,0,0,0,0,0,0,1,0.020000,0.000000,0.000000,0.000000,0.000000,0.000000,0.000000,0.000000,0.000000,0.000000,0.000000,0.000000,0.000000,0.000000,0.000000,0.000000,0.000000,0.000000,0.000000,0.000000,0.000000
77254,0.839245,-0.022501,0.044902,-0.541429,-16.700001,-3.100000,8.700000,0.011000,0.049000,-0.249000,23.276678,100271.398438,88.089996,86.180000,1.910000,1.910000,0,1,1,1,3,23,1,23,37.5417711,127.0795352,29.927,0.302000,0.758000,0.189000,0.114000,-0.015000,0.068000,1578,1564,1384,1475,1481.000000,1519.500000,1571.000000,1429.500000,-38.500000,141.500000,1500.000000,1,0,1,1,1,0.000000,0.000000,0,1,1,1,1,15003,0.002000,0,0.057490,-0.459351,-1.890322,0.212314,0.116716,-0.056344,1,-1.808920,1.808920,1.058989,0.034505,0.534364,-1.251229,-5.047040,3.929415,-56.253468,-5.047040,3.929415,-56.253468,-0.014857,0.250000,0.625000,2.500000,1.000000,1.000000,0.000037,1,0,1.884857,1.870000,0.055480,0.105079,0.661712,1,1,1,1,1,0.123000,1,0,0,0,0,0,0,0,0,0,0,1,0.023000,0.000000,0.000000,0.000000,0.000000,0.000000,0.000000,0.000000,0.000000,0.000000,0.000000,0.000000,0.000000,0.000000,0.000000,0.000000,0.000000,0.000000,0.000000,0.000000,0.000000
77346,0.840970,-0.021702,0.044104,-0.538845,16.200001,-4.800000,0.500000,0.089000,0.069000,-0.448000,23.279150,100272.000000,88.040001,86.180000,1.860000,1.910000,0,1,1,1,3,23,1,23,37.5417711,127.0795352,29.927,0.302000,0.758000,0.189000,0.114000,-0.015000,0.068000,1561,1547,1406,1486,1483.500000,1516.500000,1554.000000,1446.000000,-33.000000,108.000000,1500.000000,1,0,1,1,1,0.000000,0.000000,0,1,1,1,1,15003,0.002000,0,0.077016,-0.448834,-1.895068,0.233284,0.121739,-0.102313,1,-1.715710,1.715710,1.010395,0.045927,1.855451,-0.899863,-5.070750,3.923399,-55.857338,-5.070750,3.923399,-55.857338,-0.022224,0.250000,0.625000,2.500000,1.000000,1.000000,0.000083,1,0,1.892224,1.870000,0.054128,0.083994,0.660766,0,0,0,0,0,0.123000,1,0,0,0,0,0,0,0,0,0,0,1,0.020000,0.000000,0.000000,0.000000,0.000000,0.000000,0.000000,0.000000,0.000000,0.000000,0.000000,0.000000,0.000000,0.000000,0.000000,0.000000,0.000000,0.000000,0.000000,0.000000,0.000000
77446,0.842852,-0.022601,0.044403,-0.535833,-9.000000,-1.000000,8.300000,0.261000,0.588000,-1.601000,23.276978,100271.203125,88.099998,86.180000,1.920000,1.900000,11,1,1,1,3,23,1,23,37.5417713,127.0795354,29.941,0.302000,0.758000,0.157000,0.149000,-0.013000,0.077000,1565,1551,1393,1491,1479.000000,1521.000000,1558.000000,1442.000000,-42.000000,116.000000,1500.000000,1,0,1,1,1,0.000000,0.000000,0,1,1,1,1,15003,0.002000,0,0.092990,-0.433824,-1.894047,0.216595,0.139647,-0.016959,1,-1.614216,1.614216,1.041291,0.037251,1.177797,0.541478,-5.045394,3.855515,-55.406040,-5.045394,3.855515,-55.406040,-0.035942,0.250000,0.625000,2.500000,1.000000,1.000000,0.000217,1,0,1.895942,1.860000,0.055816,0.078690,0.661947,1,1,1,1,1,0.134000,0,0,0,0,0,0,0,0,0,0,0,1,0.020000,0.000000,0.000000,0.000000,0.000000,0.000000,0.000000,0.000000,0.000000,0.000000,0.000000,0.000000,0.000000,0.000000,0.000000,0.000000,0.000000,0.000000,0.000000,0.000000,0.000000
77543,0.844707,-0.022103,0.043906,-0.532967,-6.700000,4.900000,8.900000,0.046000,0.046000,-1.541000,23.273699,100269.703125,88.229996,86.180000,2.050000,1.920000,22,1,1,1,3,23,1,23,37.5417714,127.0795355,29.974,0.302000,0.757000,0.150000,0.098000,-0.045000,0.073000,1565,1556,1388,1492,1476.500000,1524.000000,1560.500000,1440.000000,-47.500000,120.500000,1500.000000,1,0,1,1,1,0.000000,0.000000,0,1,1,1,1,15003,0.002000,0,0.109987,-0.423986,-1.909370,0.226764,0.144006,-0.229030,1,-1.519426,1.519426,0.856074,0.034267,0.771555,-0.456885,-5.270071,3.950881,-55.054134,-5.270071,3.950881,-55.054134,-0.026228,0.250000,0.625000,2.500000,1.000000,1.000000,0.000116,1,0,1.906228,1.880000,0.052861,0.034941,0.659882,1,1,1,1,1,0.121000,1,0,0,0,0,0,0,0,0,0,0,1,0.023000,0.000000,0.000000,0.000000,0.000000,0.000000,0.000000,0.000000,0.000000,0.000000,0.000000,0.000000,0.000000,0.000000,0.000000,0.000000,0.000000,0.000000,0.000000,0.000000,0.000000
77643,0.846370,-0.022002,0.043704,-0.530344,3.800000,-5.100000,0.200000,0.013000,0.252000,-0.704000,23.276117,100271.000000,88.119995,86.180000,1.940000,1.930000,23,1,1,1,3,23,1,23,37.5417716,127.0795357,29.986,0.301000,0.757000,0.133000,0.107000,-0.038000,0.077000,1566,1547,1399,1488,1482.500000,1517.500000,1556.500000,1443.500000,-35.000000,113.000000,1500.000000,1,0,1,1,1,0.000000,0.000000,0,1,1,1,1,15003,0.002000,0,0.127279,-0.412245,-1.912395,0.168023,0.124168,-0.038524,1,-1.436166,1.436166,0.828376,0.034085,0.800663,0.354876,-5.437099,3.939554,-54.601753,-5.437099,3.939554,-54.601753,-0.022674,0.250000,0.625000,2.500000,1.000000,1.000000,0.000087,1,0,1.912674,1.890000,0.052699,0.036002,0.659769,1,1,1,1,1,0.122000,1,0,0,0,0,0,0,0,0,0,0,1,0.020000,0.000000,0.000000,0.000000,0.000000,0.000000,0.000000,0.000000,0.000000,0.000000,0.000000,0.000000,0.000000,0.000000,0.000000,0.000000,0.000000,0.000000,0.000000,0.000000,0.000000
77748,0.848128,-0.021801,0.042701,-0.527617,17.600000,-2.800000,-0.100000,-0.223000,-0.285000,-0.710000,23.281219,100270.898438,88.129997,86.180000,1.950000,1.930000,0,1,1,1,3,23,1,23,37.5417718,127.0795358,29.999,0.301000,0.757000,0.153000,0.101000,-0.030000,0.076000,1563,1542,1405,1489,1484.000000,1515.500000,1552.500000,1447.000000,-31.500000,105.500000,1500.000000,1,0,1,1,1,0.000000,0.000000,0,1,1,1,1,15003,0.002000,0,0.147361,-0.401637,-1.916266,0.167513,0.119173,-0.023305,1,-1.351345,1.351345,0.801685,0.033973,0.508873,1.260272,-5.400496,3.914517,-54.207855,-5.400496,3.914517,-54.207855,-0.024708,0.250000,0.625000,2.500000,1.000000,1.000000,0.000102,1,0,1.914708,1.890000,0.060080,0.154321,0.664950,1,1,1,1,1,0.122000,1,0,0,0,0,0,0,0,0,0,0,1,0.022000,0.000000,0.000000,0.000000,0.000000,0.000000,0.000000,0.000000,0.000000,0.000000,0.000000,0.000000,0.000000,0.000000,0.000000,0.000000,0.000000,0.000000,0.000000,0.000000,0.000000
77849,0.849744,-0.021101,0.041602,-0.525127,-0.600000,3.700000,9.700000,0.065000,0.662000,-1.134000,23.278046,100271.101563,88.110001,86.180000,1.930000,1.930000,12,1,1,1,3,23,1,23,37.5417718,127.0795358,29.999,0.301000,0.757000,0.153000,0.101000,-0.030000,0.076000,1567,1548,1389,1496,1478.000000,1522.000000,1557.500000,1442.500000,-44.000000,115.000000,1500.000000,1,0,1,1,1,0.000000,0.000000,0,1,1,1,1,15003,0.001000,0,0.163134,-0.390012,-1.909511,0.144544,0.113217,0.069720,1,-1.266297,1.266297,0.888337,0.042661,1.839292,0.519724,-5.365160,3.828624,-53.725254,-5.365160,3.828624,-53.725254,-0.021467,0.250000,0.625000,2.500000,1.000000,1.000000,0.000077,1,0,1.911467,1.890000,0.059975,0.159716,0.664876,0,0,0,0,0,0.122000,1,0,0,0,0,0,0,0,0,0,0,1,0.023000,0.000000,0.000000,0.000000,0.000000,0.000000,0.000000,0.000000,0.000000,0.000000,0.000000,0.000000,0.000000,0.000000,0.000000,0.000000,0.000000,0.000000,0.000000,0.000000,0.000000
77955,0.851166,-0.021002,0.041403,-0.522840,-20.400000,-4.200000,7.700000,0.275000,0.126000,-1.344000,23.278309,100271.601563,88.070000,86.180000,1.890000,1.920000,32,1,1,1,3,23,1,23,37.5417719,127.0795359,30.006,0.301000,0.757000,0.143000,0.105000,-0.033000,0.079000,1578,1553,1380,1488,1479.000000,1520.500000,1565.500000,1434.000000,-41.500000,131.500000,1500.000000,1,0,1,1,1,0.000000,0.000000,0,1,1,1,1,15003,0.001000,0,0.182915,-0.379040,-1.914965,0.167601,0.115672,0.031644,1,-1.166808,1.166808,0.956518,0.040109,1.570166,-0.789605,-4.939807,3.820802,-53.200321,-4.939807,3.820802,-53.200321,-0.037911,0.250000,0.625000,2.500000,1.000000,1.000000,0.000242,1,0,1.917911,1.880000,0.053577,0.085436,0.660382,1,1,1,1,1,0.130000,0,0,0,0,0,0,0,0,0,0,0,1,0.020000,0.000000,0.000000,0.000000,0.000000,0.000000,0.000000,0.000000,0.000000,0.000000,0.000000,0.000000,0.000000,0.000000,0.000000,0.000000,0.000000,0.000000,0.000000,0.000000,0.000000
78054,0.852579,-0.021702,0.042104,-0.520448,13.400000,1.200000,-0.600000,0.073000,-0.102000,-0.696000,23.276890,100271.804688,88.049995,86.180000,1.870000,1.930000,0,1,1,1,3,23,1,23,37.5417721,127.0795361,30.023,0.301000,0.757000,0.143000,0.114000,-0.049000,0.084000,1567,1544,1393,1495,1480.000000,1519.500000,1555.500000,1444.000000,-39.500000,111.500000,1500.000000,1,0,1,1,1,0.000000,0.000000,0,1,1,1,1,15003,0.002000,0,0.198506,-0.367719,-1.925015,0.107899,0.103417,-0.074469,1,-1.074220,1.074220,0.922041,0.035368,1.014554,-0.169499,-4.765879,3.941612,-52.719269,-4.765879,3.941612,-52.719269,-0.023268,0.250000,0.625000,2.500000,1.000000,1.000000,0.000091,1,0,1.923268,1.900000,0.051705,0.036097,0.659077,1,1,1,1,1,0.122000,1,0,0,0,0,0,0,0,0,0,0,1,0.020000,0.000000,0.000000,0.000000,0.000000,0.000000,0.000000,0.000000,0.000000,0.000000,0.000000,0.000000,0.000000,0.000000,0.000000,0.000000,0.000000,0.000000,0.000000,0.000000,0.000000
78153,0.853692,-0.021602,0.041705,-0.518656,21.400000,0.400000,-2.600000,-0.122000,-0.053000,-1.135000,23.274874,100270.500000,88.159996,86.180000,1.980000,1.940000,7,1,1,1,3,23,1,23,37.5417723,127.0795362,30.029,0.301000,0.757000,0.129000,0.109000,-0.044000,0.081000,1558,1539,1406,1497,1482.000000,1518.000000,1548.500000,1451.500000,-36.000000,97.000000,1500.000000,1,0,1,1,1,0.000000,0.000000,0,1,1,1,1,15003,0.002000,0,0.217381,-0.356681,-1.924081,0.173905,0.136940,-0.032619,1,-0.983592,0.983592,0.892428,0.032649,0.696089,-0.714638,-4.440671,3.898814,-52.394558,-4.440671,3.898814,-52.394558,-0.025215,0.250000,0.625000,2.500000,1.000000,1.000000,0.000107,1,0,1.925215,1.900000,0.052239,0.051366,0.659449,1,1,1,1,1,0.126000,1,0,0,0,0,0,0,0,0,0,0,1,0.020000,0.000000,0.000000,0.000000,0.000000,0.000000,0.000000,0.000000,0.000000,0.000000,0.000000,0.000000,0.000000,0.000000,0.000000,0.000000,0.000000,0.000000,0.000000,0.000000,0.000000
78254,0.854736,-0.022901,0.042402,-0.516822,-26.600000,-1.000000,7.200000,0.140000,0.411000,-1.485000,23.278538,100271.898438,88.049995,86.180000,1.870000,1.940000,0,1,1,1,3,23,1,23,37.5417724,127.0795363,30.034,0.301000,0.756000,0.115000,0.092000,-0.041000,0.077000,1584,1556,1376,1483,1480.000000,1519.500000,1570.000000,1429.500000,-39.500000,140.500000,1500.000000,1,0,1,1,1,0.000000,0.000000,0,1,1,1,1,15003,0.002000,0,0.230407,-0.348315,-1.931948,0.137135,0.102067,-0.143090,1,-0.896321,0.896321,0.778841,0.034383,0.534363,-3.074069,-4.497801,3.948768,-52.160702,-4.497801,3.948768,-52.160702,-0.015127,0.250000,0.625000,2.500000,1.000000,1.000000,0.000038,1,0,1.925127,1.910000,0.055280,0.105125,0.661572,1,1,1,1,1,0.123000,0,0,0,0,0,0,0,0,0,0,0,1,0.023000,0.000000,0.000000,0.000000,0.000000,0.000000,0.000000,0.000000,0.000000,0.000000,0.000000,0.000000,0.000000,0.000000,0.000000,0.000000,0.000000,0.000000,0.000000,0.000000,0.000000
78346,0.855548,-0.023201,0.042802,-0.515429,7.700000,-4.900000,2.300000,0.037000,0.624000,-0.998000,23.269087,100269.203125,88.269997,86.180000,2.090000,1.960000,0,1,1,1,3,23,1,23,37.5417724,127.0795363,30.034,0.301000,0.756000,0.115000,0.092000,-0.041000,0.077000,1574,1546,1392,1489,1483.000000,1517.500000,1560.000000,1440.500000,-34.500000,119.500000,1500.000000,1,0,1,1,1,0.000000,0.000000,0,1,1,1,1,15003,0.002000,0,0.242959,-0.339106,-1.943877,0.131888,0.100449,-0.142289,1,-0.828686,0.828686,0.776087,0.045832,1.855422,0.160873,-4.577520,3.983968,-51.843929,-4.577520,3.983968,-51.843929,-0.028092,0.250000,0.625000,2.500000,1.000000,1.000000,0.000133,1,0,1.938092,1.910000,0.053972,0.084022,0.660657,0,0,0,0,0,0.123000,0,0,0,0,0,0,0,0,0,0,0,1,0.020000,0.000000,0.000000,0.000000,0.000000,0.000000,0.000000,0.000000,0.000000,0.000000,0.000000,0.000000,0.000000,0.000000,0.000000,0.000000,0.000000,0.000000,0.000000,0.000000,0.000000
78446,0.856252,-0.024001,0.042703,-0.514231,7.800000,4.800000,-1.800000,0.162000,-0.023000,-1.437000,23.276958,100271.804688,88.049995,86.180000,1.870000,1.950000,11,1,1,1,3,23,1,23,37.5417725,127.0795364,30.043,0.301000,0.756000,0.095000,0.079000,-0.048000,0.081000,1560,1549,1397,1494,1478.500000,1521.500000,1554.500000,1445.500000,-43.000000,109.000000,1500.000000,1,0,1,1,1,0.000000,0.000000,0,1,1,1,1,15003,0.002000,0,0.249635,-0.335662,-1.943453,0.083735,0.052169,-0.040536,1,-0.749393,0.749393,0.798581,0.037186,1.177762,1.485578,-4.730215,3.891839,-51.519161,-4.730215,3.891839,-51.519161,-0.035147,0.250000,0.625000,2.500000,1.000000,1.000000,0.000207,1,0,1.945147,1.910000,0.055710,0.078707,0.661873,1,1,1,1,1,0.139000,1,0,0,0,0,0,0,0,0,0,0,1,0.020000,0.000000,0.000000,0.000000,0.000000,0.000000,0.000000,0.000000,0.000000,0.000000,0.000000,0.000000,0.000000,0.000000,0.000000,0.000000,0.000000,0.000000,0.000000,0.000000,0.000000
78573,0.857087,-0.024402,0.042304,-0.512852,18.000000,2.000000,-1.500000,-0.074000,0.359000,-1.771000,23.269455,100271.304688,88.099998,86.180000,1.920000,1.940000,9,1,1,1,3,23,1,23,37.5417727,127.0795364,30.041,0.300000,0.757000,0.098000,0.075000,-0.043000,0.080000,1565,1558,1391,1487,1478.000000,1522.500000,1561.500000,1439.000000,-44.500000,122.500000,1500.000000,1,0,1,1,1,0.000000,0.000000,0,1,1,1,1,15003,0.005000,0,0.260358,-0.328690,-1.939379,0.059044,0.071042,0.081586,1,-0.638812,0.638812,0.937410,0.036916,1.324629,1.335722,-4.432458,3.743244,-51.160793,-4.432458,3.743244,-51.160793,-0.042059,0.250000,0.625000,2.500000,1.000000,1.000000,0.000297,1,0,1.942059,1.900000,0.054425,0.080869,0.660974,1,1,1,1,1,0.116000,1,0,0,0,0,0,0,0,0,0,0,1,0.023000,0.000000,0.000000,0.000000,0.000000,0.000000,0.000000,0.000000,0.000000,0.000000,0.000000,0.000000,0.000000,0.000000,0.000000,0.000000,0.000000,0.000000,0.000000,0.000000,0.000000
78648,0.857399,-0.023803,0.042305,-0.512359,17.900000,2.300000,-1.600000,-0.336000,-0.202000,-0.873000,23.270279,100270.804688,88.139999,86.180000,1.960000,1.940000,33,1,1,1,3,23,1,23,37.5417728,127.0795365,30.038,0.300000,0.757000,0.083000,0.064000,-0.031000,0.080000,1556,1547,1401,1496,1478.500000,1521.500000,1551.500000,1448.500000,-43.000000,103.000000,1500.000000,1,0,1,1,1,0.000000,0.000000,0,1,1,1,1,15003,0.002000,0,0.270487,-0.324861,-1.942851,0.083222,0.058143,0.057625,1,-0.564055,0.564055,1.016265,0.034217,0.860554,0.047863,-4.286828,3.704926,-51.010967,-4.286828,3.704926,-51.010967,-0.046731,0.250000,0.625000,2.500000,1.000000,1.000000,0.000368,1,0,1.946730,1.900000,0.052777,0.038363,0.659823,1,1,1,1,1,0.124000,0,0,0,0,0,0,0,0,0,0,0,1,0.020000,0.000000,0.000000,0.000000,0.000000,0.000000,0.000000,0.000000,0.000000,0.000000,0.000000,0.000000,0.000000,0.000000,0.000000,0.000000,0.000000,0.000000,0.000000,0.000000,0.000000
78757,0.857843,-0.023001,0.042602,-0.511626,-18.000000,-7.200000,0.400000,0.175000,0.076000,-0.662000,23.275259,100272.703125,87.979996,86.180000,1.800000,1.930000,8,1,1,1,3,23,1,23,37.5417729,127.0795365,30.030,0.300000,0.757000,0.089000,0.043000,-0.027000,0.074000,1576,1556,1387,1481,1481.500000,1518.500000,1566.000000,1434.000000,-37.000000,132.000000,1500.000000,1,0,1,1,1,0.000000,0.000000,0,1,1,1,1,15003,0.002000,0,0.283538,-0.320777,-1.940645,0.093864,0.042836,-0.016039,1,-0.446822,0.446822,1.066388,0.032376,0.508858,0.341377,-4.253653,3.714356,-50.783733,-4.253653,3.714356,-50.783733,-0.053269,0.250000,0.625000,2.500000,1.000000,1.000000,0.000478,1,0,1.943269,1.890000,0.051802,0.036858,0.659145,1,1,1,1,1,0.122000,0,0,0,0,0,0,0,0,0,0,0,1,0.020000,0.000000,0.000000,0.000000,0.000000,0.000000,0.000000,0.000000,0.000000,0.000000,0.000000,0.000000,0.000000,0.000000,0.000000,0.000000,0.000000,0.000000,0.000000,0.000000,0.000000
78849,0.857989,-0.022102,0.042204,-0.511453,11.600000,2.300000,-4.700000,-0.038000,-0.152000,-0.959000,23.274206,100271.203125,88.099998,86.180000,1.920000,1.940000,12,1,1,1,3,23,1,23,37.5417729,127.0795365,30.030,0.300000,0.757000,0.089000,0.043000,-0.027000,0.074000,1560,1551,1396,1492,1478.000000,1521.500000,1555.500000,1444.000000,-43.500000,111.500000,1500.000000,1,0,1,1,1,0.000000,0.000000,0,1,1,1,1,15003,0.001000,0,0.291589,-0.318462,-1.940542,0.074611,0.004418,-0.089311,1,-0.352110,0.352110,0.983275,0.042274,1.788415,-0.265244,-4.319286,3.762723,-50.712772,-4.319286,3.762723,-50.712772,-0.042181,0.250000,0.625000,2.500000,1.000000,1.000000,0.000297,1,0,1.942181,1.900000,0.059628,0.154414,0.664631,0,0,0,0,0,0.122000,0,0,0,0,0,0,0,0,0,0,0,1,0.023000,0.000000,0.000000,0.000000,0.000000,0.000000,0.000000,0.000000,0.000000,0.000000,0.000000,0.000000,0.000000,0.000000,0.000000,0.000000,0.000000,0.000000,0.000000,0.000000,0.000000
78955,0.858137,-0.022101,0.042002,-0.511222,2.100000,2.400000,5.400000,0.003000,0.181000,-1.239000,23.276958,100272.203125,88.019997,86.180000,1.840000,1.910000,32,1,1,1,3,23,1,23,37.5417730,127.0795365,30.032,0.300000,0.757000,0.066000,0.029000,-0.024000,0.074000,1565,1543,1398,1494,1481.500000,1518.500000,1554.000000,1446.000000,-37.000000,108.000000,1500.000000,1,0,1,1,1,0.000000,0.000000,0,1,1,1,1,15003,0.001000,0,0.302392,-0.316100,-1.938696,0.120824,0.035592,-0.038659,1,-0.249842,0.249842,0.971174,0.040058,1.569481,-0.773415,-4.562211,3.753138,-50.652740,-4.562211,3.753138,-50.652740,-0.071488,0.250000,0.625000,2.500000,1.000000,1.000000,0.000860,1,0,1.941488,1.870000,0.053520,0.085184,0.660341,1,1,1,1,1,0.128000,0,0,0,0,0,0,0,0,0,0,0,1,0.020000,0.000000,0.000000,0.000000,0.000000,0.000000,0.000000,0.000000,0.000000,0.000000,0.000000,0.000000,0.000000,0.000000,0.000000,0.000000,0.000000,0.000000,0.000000,0.000000,0.000000
79043,0.857960,-0.022102,0.041803,-0.511536,6.600000,4.300000,-1.400000,0.166000,0.150000,-2.075000,23.272156,100270.304688,88.180000,86.180000,2.000000,1.920000,34,1,1,1,3,23,1,23,37.5417731,127.0795365,30.024,0.300000,0.758000,0.073000,0.036000,-0.005000,0.078000,1557,1551,1399,1494,1478.000000,1522.500000,1554.000000,1446.500000,-44.500000,107.500000,1500.000000,1,0,1,1,1,0.000000,0.000000,0,1,1,1,1,15003,0.002000,0,0.305005,-0.316383,-1.934127,0.031947,0.026043,0.012483,1,-0.165664,0.165664,0.974826,0.035324,1.016968,0.999722,-4.577273,3.783128,-50.642155,-4.577273,3.783128,-50.642155,-0.056985,0.250000,0.625000,2.500000,1.000000,1.000000,0.000548,1,0,1.936985,1.880000,0.051592,0.035169,0.658999,1,1,1,1,1,0.125000,1,0,0,0,0,0,0,0,0,0,0,1,0.020000,0.000000,0.000000,0.000000,0.000000,0.000000,0.000000,0.000000,0.000000,0.000000,0.000000,0.000000,0.000000,0.000000,0.000000,0.000000,0.000000,0.000000,0.000000,0.000000,0.000000
79147,0.857969,-0.021802,0.041703,-0.511541,-6.600000,5.300000,-3.400000,0.202000,-0.137000,-2.206000,23.275293,100271.304688,88.099998,86.180000,1.920000,1.930000,0,1,1,1,3,23,1,23,37.5417732,127.0795365,30.029,0.300000,0.758000,0.050000,0.017000,-0.009000,0.072000,1556,1554,1397,1493,1476.500000,1523.500000,1555.000000,1445.000000,-47.000000,110.000000,1500.000000,1,0,1,1,1,0.000000,0.000000,0,1,1,1,1,15003,0.002000,0,0.312795,-0.316958,-1.930125,0.033955,-0.015568,0.033835,1,-0.062230,0.062230,1.003558,0.034566,0.747082,-0.502090,-4.358408,3.661292,-50.541664,-4.358408,3.661292,-50.541664,-0.038974,0.250000,0.625000,2.500000,1.000000,1.000000,0.000252,1,0,1.928974,1.890000,0.065472,0.197381,0.668787,1,1,1,1,1,0.124000,0,0,0,0,0,0,0,0,0,0,0,1,0.020000,0.000000,0.000000,0.000000,0.000000,0.000000,0.000000,0.000000,0.000000,0.000000,0.000000,0.000000,0.000000,0.000000,0.000000,0.000000,0.000000,0.000000,0.000000,0.000000,0.000000
79255,0.857825,-0.022601,0.042101,-0.511715,15.200001,-5.700000,5.000000,0.106000,0.455000,-0.568000,23.271683,100269.398438,88.259995,86.180000,2.080000,1.960000,0,1,1,1,3,23,1,23,37.5417732,127.0795366,30.022,0.300000,0.758000,0.047000,0.012000,-0.002000,0.072000,1562,1547,1400,1491,1481.000000,1519.000000,1554.500000,1445.500000,-38.000000,109.000000,1500.000000,1,0,1,1,1,0.000000,0.000000,0,1,1,1,1,15003,0.002000,0,0.319952,-0.316569,-1.934964,0.033908,-0.006298,0.005581,1,0.051489,-0.051489,1.106563,0.034616,0.458569,-0.028141,-4.332005,3.577051,-50.440445,-4.332005,3.577051,-50.440445,-0.015899,0.250000,0.625000,2.500000,1.000000,1.000000,0.000042,1,0,1.925899,1.910000,0.055750,0.110794,0.661901,1,1,1,1,1,0.123000,1,0,0,0,0,0,0,0,0,0,0,1,0.021000,0.000000,0.000000,0.000000,0.000000,0.000000,0.000000,0.000000,0.000000,0.000000,0.000000,0.000000,0.000000,0.000000,0.000000,0.000000,0.000000,0.000000,0.000000,0.000000,0.000000
79348,0.857588,-0.023202,0.042504,-0.512053,-31.600000,0.100000,-2.300000,0.084000,-0.282000,-0.950000,23.267368,100268.703125,88.320000,86.180000,2.140000,1.990000,1,1,1,1,3,23,1,23,37.5417732,127.0795366,30.022,0.300000,0.758000,0.047000,0.012000,-0.002000,0.072000,1575,1567,1381,1477,1478.000000,1522.000000,1571.000000,1429.000000,-44.000000,142.000000,1500.000000,1,0,1,1,1,0.000000,0.000000,0,1,1,1,1,15003,0.005000,0,0.321181,-0.319003,-1.931595,-0.005673,-0.048463,0.028461,1,0.156220,-0.156220,1.128655,0.044678,1.753361,-2.348558,-4.253709,3.572815,-50.356277,-4.253709,3.572815,-50.356277,-0.003390,0.250000,0.625000,2.500000,1.000000,1.000000,0.000002,1,0,1.933390,1.930000,0.054070,0.078841,0.660726,0,0,0,0,0,0.123000,1,0,0,0,0,0,0,0,0,0,0,1,0.020000,0.000000,0.000000,0.000000,0.000000,0.000000,0.000000,0.000000,0.000000,0.000000,0.000000,0.000000,0.000000,0.000000,0.000000,0.000000,0.000000,0.000000,0.000000,0.000000,0.000000
79448,0.857619,-0.022601,0.042701,-0.512011,28.100000,6.400000,4.500000,-0.226000,-0.191000,-1.056000,23.273996,100271.101563,88.110001,86.180000,1.930000,1.980000,12,1,1,1,3,23,1,23,37.5417733,127.0795366,30.031,0.300000,0.759000,0.019000,0.006000,-0.015000,0.085000,1552,1542,1405,1502,1478.500000,1522.000000,1547.000000,1453.500000,-43.500000,93.500000,1500.000000,1,0,1,1,1,0.000000,0.000000,0,1,1,1,1,15003,0.005000,0,0.323568,-0.319381,-1.941103,-0.008145,-0.018516,-0.102774,1,0.258482,-0.258482,0.974704,0.036968,1.176716,2.010272,-4.069850,3.709158,-50.353329,-4.069850,3.709158,-50.353329,0.000129,0.250000,0.625000,2.500000,1.000000,1.000000,0.000000,1,0,1.939871,1.940000,0.055395,0.077890,0.661652,1,1,1,1,1,0.138000,1,0,0,0,0,0,0,0,0,0,0,1,0.020000,0.000000,0.000000,0.000000,0.000000,0.000000,0.000000,0.000000,0.000000,0.000000,0.000000,0.000000,0.000000,0.000000,0.000000,0.000000,0.000000,0.000000,0.000000,0.000000,0.000000
79558,0.857491,-0.022302,0.043705,-0.512154,-4.700000,-3.500000,2.900000,0.090000,0.598000,-0.576000,23.272488,100270.304688,88.180000,86.180000,2.000000,1.990000,36,1,1,1,3,23,1,23,37.5417733,127.0795366,30.033,0.300000,0.759000,0.020000,-0.002000,-0.015000,0.074000,1574,1556,1389,1482,1481.500000,1519.000000,1565.000000,1435.500000,-37.500000,129.500000,1500.000000,1,0,1,1,1,0.000000,0.000000,0,1,1,1,1,15003,0.002000,0,0.330754,-0.319606,-1.942229,0.004590,-0.006432,-0.001967,1,0.370202,-0.370202,1.000800,0.036020,1.038978,-0.708625,-4.027128,3.850281,-50.165829,-4.027128,3.850281,-50.165829,0.007821,0.250000,0.625000,2.500000,1.000000,1.000000,0.000010,1,0,1.942179,1.950000,0.052640,0.034010,0.659728,1,1,1,1,1,0.117000,1,0,0,0,0,0,0,0,0,0,0,1,0.020000,0.000000,0.000000,0.000000,0.000000,0.000000,0.000000,0.000000,0.000000,0.000000,0.000000,0.000000,0.000000,0.000000,0.000000,0.000000,0.000000,0.000000,0.000000,0.000000,0.000000
79644,0.857559,-0.022402,0.043703,-0.512035,-14.800000,3.600000,-3.400000,0.350000,-0.124000,-2.460000,23.275154,100270.703125,88.150002,86.180000,1.970000,1.980000,23,1,1,1,3,23,1,23,37.5417733,127.0795365,30.037,0.300000,0.758000,-0.004000,-0.011000,-0.015000,0.108000,1561,1558,1394,1488,1477.500000,1523.000000,1559.500000,1441.000000,-45.500000,118.500000,1500.000000,1,0,1,1,1,0.000000,0.000000,0,1,1,1,1,15003,0.001000,0,0.330990,-0.323222,-1.949898,0.000862,-0.016700,-0.080954,1,0.452445,-0.452445,0.947732,0.034061,0.854165,1.300624,-4.011420,3.833301,-50.148003,-4.011420,3.833301,-50.148003,-0.008558,0.250000,0.625000,2.500000,1.000000,1.000000,0.000012,1,0,1.948557,1.940000,0.052477,0.037105,0.659615,1,1,1,1,1,0.122000,0,0,0,0,0,0,0,0,0,0,0,1,0.020000,0.000000,0.000000,0.000000,0.000000,0.000000,0.000000,0.000000,0.000000,0.000000,0.000000,0.000000,0.000000,0.000000,0.000000,0.000000,0.000000,0.000000,0.000000,0.000000,0.000000
79750,0.857333,-0.023401,0.043102,-0.512420,-18.299999,-5.700000,0.900000,0.118000,-0.193000,-0.191000,23.273926,100271.500000,88.080002,86.180000,1.900000,1.980000,0,1,1,1,3,24,1,24,37.5417733,127.0795365,30.046,0.300000,0.758000,-0.018000,-0.006000,-0.013000,0.099000,1572,1565,1387,1475,1479.500000,1520.000000,1568.500000,1431.000000,-40.500000,137.500000,1500.000000,1,0,1,1,1,0.000000,0.000000,0,1,1,1,1,15003,0.002000,0,0.328555,-0.326509,-1.952896,-0.034739,-0.026641,-0.037956,1,0.551546,-0.551546,0.887759,0.034114,0.564857,-1.222762,-4.135931,3.779446,-50.136990,-4.135931,3.779446,-50.136990,-0.004401,0.250000,0.625000,2.500000,1.000000,1.000000,0.000003,1,0,1.954401,1.950000,0.060662,0.162095,0.665362,1,1,1,1,1,0.125000,1,0,0,0,0,0,0,0,0,0,0,1,0.025000,0.000000,0.000000,0.000000,0.000000,0.000000,0.000000,0.000000,0.000000,0.000000,0.000000,0.000000,0.000000,0.000000,0.000000,0.000000,0.000000,0.000000,0.000000,0.000000,0.000000
79850,0.857235,-0.022401,0.042002,-0.512721,12.900000,4.900000,-1.200000,0.250000,0.216000,-1.993000,23.270771,100270.304688,88.180000,86.180000,2.000000,1.980000,12,1,1,1,3,24,1,24,37.5417733,127.0795365,30.046,0.300000,0.758000,-0.018000,-0.006000,-0.013000,0.099000,1552,1547,1405,1497,1478.500000,1522.000000,1549.500000,1451.000000,-43.500000,98.500000,1500.000000,1,0,1,1,1,0.000000,0.000000,0,1,1,1,1,15003,0.005000,0,0.326050,-0.328999,-1.958507,-0.007674,-0.016777,-0.073282,1,0.635735,-0.635735,0.847647,0.042699,1.820023,1.774714,-3.967589,3.764766,-50.143322,-3.967589,3.764766,-50.143322,-0.018831,0.250000,0.625000,2.500000,1.000000,1.000000,0.000059,1,0,1.958830,1.940000,0.059742,0.157356,0.664711,0,0,0,0,0,0.125000,1,0,0,0,0,0,0,0,0,0,0,1,0.023000,0.000000,0.000000,0.000000,0.000000,0.000000,0.000000,0.000000,0.000000,0.000000,0.000000,0.000000,0.000000,0.000000,0.000000,0.000000,0.000000,0.000000,0.000000,0.000000,0.000000
79955,0.856869,-0.021402,0.042403,-0.513341,10.600000,5.700000,-3.700000,0.208000,0.047000,-1.718000,23.274347,100271.000000,88.119995,86.180000,1.940000,1.970000,31,1,1,1,3,24,1,24,37.5417733,127.0795365,30.051,0.300000,0.758000,-0.028000,-0.040000,-0.018000,0.093000,1546,1552,1404,1498,1475.000000,1525.000000,1549.000000,1451.000000,-50.000000,98.000000,1500.000000,1,0,1,1,1,0.000000,0.000000,0,1,1,1,1,15003,0.005000,0,0.321691,-0.335953,-1.964159,-0.022927,-0.037732,-0.109501,1,0.723595,-0.723595,0.778895,0.040397,1.593023,-1.309911,-3.634508,3.883521,-50.121040,-3.634508,3.883521,-50.121040,-0.032990,0.250000,0.625000,2.500000,1.000000,1.000000,0.000183,1,0,1.962990,1.930000,0.053800,0.087685,0.660537,1,1,1,1,1,0.127000,0,0,0,0,0,0,0,0,0,0,0,1,0.020000,0.000000,0.000000,0.000000,0.000000,0.000000,0.000000,0.000000,0.000000,0.000000,0.000000,0.000000,0.000000,0.000000,0.000000,0.000000,0.000000,0.000000,0.000000,0.000000,0.000000
80044,0.856562,-0.020801,0.042903,-0.513837,-14.100000,5.900000,-2.800000,0.247000,0.845000,-1.868000,23.271629,100270.703125,88.150002,86.180000,1.970000,1.980000,34,1,1,1,3,24,1,24,37.5417732,127.0795364,30.055,0.300000,0.758000,-0.051000,-0.023000,-0.019000,0.086000,1557,1559,1393,1491,1475.000000,1525.000000,1558.000000,1442.000000,-50.000000,116.000000,1500.000000,1,0,1,1,1,0.000000,0.000000,0,1,1,1,1,15003,0.001000,0,0.319371,-0.337316,-1.966146,-0.005574,0.007048,-0.125010,1,0.786891,-0.786891,0.667332,0.035465,1.041504,0.544422,-3.516496,3.978362,-50.211880,-3.516496,3.978362,-50.211880,-0.023993,0.250000,0.625000,2.500000,1.000000,1.000000,0.000097,1,0,1.963993,1.940000,0.051630,0.035323,0.659025,1,1,1,1,1,0.124000,0,0,0,0,0,0,0,0,0,0,0,1,0.020000,0.000000,0.000000,0.000000,0.000000,0.000000,0.000000,0.000000,0.000000,0.000000,0.000000,0.000000,0.000000,0.000000,0.000000,0.000000,0.000000,0.000000,0.000000,0.000000,0.000000
80148,0.856214,-0.020600,0.043101,-0.514408,-25.799999,0.700000,-2.900000,0.317000,0.603000,-1.601000,23.270210,100268.898438,88.299995,86.180000,2.120000,2.020000,0,1,1,1,3,24,1,24,37.5417732,127.0795364,30.058,0.300000,0.758000,-0.051000,-0.050000,-0.019000,0.090000,1566,1567,1391,1476,1478.500000,1521.500000,1566.500000,1433.500000,-43.000000,133.000000,1500.000000,1,0,1,1,1,0.000000,0.000000,0,1,1,1,1,15003,0.005000,0,0.316331,-0.344348,-1.969122,-0.027366,-0.023033,-0.033264,1,0.856996,-0.856996,0.645934,0.035294,0.700685,-1.525808,-3.426713,3.999052,-50.219521,-3.426713,3.999052,-50.219521,-0.002494,0.250000,0.625000,2.500000,1.000000,1.000000,0.000001,1,0,1.972494,1.970000,0.060920,0.166978,0.665545,1,1,1,1,1,0.125000,1,0,0,0,0,0,0,0,0,0,0,1,0.020000,0.000000,0.000000,0.000000,0.000000,0.000000,0.000000,0.000000,0.000000,0.000000,0.000000,0.000000,0.000000,0.000000,0.000000,0.000000,0.000000,0.000000,0.000000,0.000000,0.000000
80258,0.855939,-0.020001,0.042702,-0.514923,-24.600000,1.000000,-5.900000,-0.019000,-0.057000,-1.058000,23.272507,100271.500000,88.080002,86.180000,1.900000,2.000000,7,1,1,1,3,24,1,24,37.5417731,127.0795363,30.066,0.300000,0.758000,-0.081000,-0.052000,-0.025000,0.086000,1561,1565,1397,1477,1479.000000,1521.000000,1563.000000,1437.000000,-42.000000,126.000000,1500.000000,1,0,1,1,1,0.000000,0.000000,0,1,1,1,1,15003,0.001000,0,0.307950,-0.351801,-1.976998,-0.072063,-0.041495,-0.063009,1,0.924108,-0.924108,0.594724,0.033076,0.456229,0.870149,-3.415368,3.946407,-50.275410,-3.415368,3.946407,-50.275410,-0.017524,0.250000,0.625000,2.500000,1.000000,1.000000,0.000052,1,0,1.977525,1.960000,0.052921,0.034299,0.659924,1,1,1,1,1,0.122000,1,0,0,0,0,0,0,0,0,0,0,1,0.020000,0.000000,0.000000,0.000000,0.000000,0.000000,0.000000,0.000000,0.000000,0.000000,0.000000,0.000000,0.000000,0.000000,0.000000,0.000000,0.000000,0.000000,0.000000,0.000000,0.000000
80350,0.855671,-0.020002,0.043004,-0.515343,11.500000,-4.200000,2.300000,-0.099000,-0.437000,0.101000,23.266685,100269.000000,88.290001,86.180000,2.110000,2.000000,12,1,1,1,3,24,1,24,37.5417731,127.0795363,30.066,0.300000,0.758000,-0.081000,-0.052000,-0.025000,0.086000,1560,1551,1405,1484,1482.500000,1517.500000,1555.500000,1444.500000,-35.000000,111.000000,1500.000000,1,0,1,1,1,0.000000,0.000000,0,1,1,1,1,15003,0.005000,0,0.301700,-0.354498,-1.980519,-0.059235,-0.016931,-0.070384,1,0.978143,-0.978143,0.582225,0.041306,1.664029,0.885257,-3.438671,3.976367,-50.356907,-3.438671,3.976367,-50.356907,-0.021010,0.250000,0.625000,2.500000,1.000000,1.000000,0.000074,1,0,1.981010,1.960000,0.059142,0.140786,0.664287,0,0,0,0,0,0.122000,1,0,0,0,0,0,0,0,0,0,0,1,0.023000,0.000000,0.000000,0.000000,0.000000,0.000000,0.000000,0.000000,0.000000,0.000000,0.000000,0.000000,0.000000,0.000000,0.000000,0.000000,0.000000,0.000000,0.000000,0.000000,0.000000
80459,0.855562,-0.019601,0.044203,-0.515437,-22.500000,-3.800000,-1.800000,0.054000,0.358000,-0.261000,23.271717,100270.101563,88.199997,86.180000,2.020000,2.010000,35,1,1,1,3,24,1,24,37.5417730,127.0795363,30.070,0.300000,0.759000,-0.047000,-0.025000,-0.015000,0.085000,1568,1566,1386,1479,1477.000000,1522.500000,1567.000000,1432.500000,-45.500000,134.500000,1500.000000,1,0,1,1,1,0.000000,0.000000,0,1,1,1,1,15003,0.002000,0,0.298940,-0.358375,-1.980626,-0.035004,-0.016976,-0.019463,1,1.042190,-1.042190,0.574785,0.038349,1.330959,0.252172,-3.750352,4.145041,-50.348949,-3.750352,4.145041,-50.348949,-0.010530,0.250000,0.625000,2.500000,1.000000,1.000000,0.000019,1,0,1.980530,1.970000,0.053454,0.056830,0.660296,1,1,1,1,1,0.135000,0,0,0,0,0,0,0,0,0,0,0,1,0.020000,0.000000,0.000000,0.000000,0.000000,0.000000,0.000000,0.000000,0.000000,0.000000,0.000000,0.000000,0.000000,0.000000,0.000000,0.000000,0.000000,0.000000,0.000000,0.000000,0.000000
80544,0.855316,-0.019200,0.044801,-0.515809,16.400000,2.800000,1.700000,-0.217000,0.105000,-0.694000,23.278765,100271.601563,88.070000,86.180000,1.890000,2.000000,34,1,1,1,3,24,1,24,37.5417729,127.0795362,30.082,0.300000,0.759000,-0.096000,-0.082000,-0.025000,0.087000,1549,1554,1405,1492,1477.000000,1523.000000,1551.500000,1448.500000,-46.000000,103.000000,1500.000000,1,0,1,1,1,0.000000,0.000000,0,1,1,1,1,15003,0.001000,0,0.291641,-0.366932,-1.980477,-0.071785,-0.047714,0.097763,1,1.095961,-1.095961,0.706035,0.035183,1.037655,0.226469,-3.403510,4.148574,-50.290375,-3.403510,4.148574,-50.290375,-0.024439,0.250000,0.625000,2.500000,1.000000,1.000000,0.000101,1,0,1.984439,1.960000,0.051475,0.032079,0.658918,1,1,1,1,1,0.117000,1,0,0,0,0,0,0,0,0,0,0,1,0.020000,0.000000,0.000000,0.000000,0.000000,0.000000,0.000000,0.000000,0.000000,0.000000,0.000000,0.000000,0.000000,0.000000,0.000000,0.000000,0.000000,0.000000,0.000000,0.000000,0.000000
80658,0.854884,-0.019202,0.044504,-0.516551,-18.000000,-5.300000,-2.400000,0.370000,0.091000,-0.443000,23.269911,100270.804688,88.139999,86.180000,1.960000,1.970000,12,1,1,1,3,24,1,24,37.5417728,127.0795361,30.092,0.300000,0.759000,-0.078000,-0.032000,-0.030000,0.085000,1565,1564,1396,1476,1480.500000,1520.000000,1564.500000,1436.000000,-39.500000,128.500000,1500.000000,1,0,1,1,1,0.000000,0.000000,0,1,1,1,1,15003,0.002000,0,0.284950,-0.370854,-1.980573,-0.016228,0.007027,-0.009256,1,1.176851,-1.176851,0.715940,0.033219,0.723028,0.382639,-3.564964,4.087226,-50.344002,-3.564964,4.087226,-50.344002,-0.053292,0.250000,0.625000,2.500000,1.000000,1.000000,0.000478,1,0,1.983292,1.930000,0.053150,0.053876,0.660084,1,1,1,1,1,0.125000,0,0,0,0,0,0,0,0,0,0,0,1,0.020000,0.000000,0.000000,0.000000,0.000000,0.000000,0.000000,0.000000,0.000000,0.000000,0.000000,0.000000,0.000000,0.000000,0.000000,0.000000,0.000000,0.000000,0.000000,0.000000,0.000000
80749,0.854561,-0.019401,0.043803,-0.517137,-2.100000,-7.300000,-6.500000,0.031000,-0.104000,-0.271000,23.269262,100269.304688,88.269997,86.180000,2.090000,1.980000,1,1,1,1,3,24,1,24,37.5417728,127.0795360,30.081,0.300000,0.760000,-0.085000,-0.048000,-0.011000,0.076000,1564,1558,1405,1473,1484.500000,1515.500000,1561.000000,1439.000000,-31.000000,122.000000,1500.000000,1,0,1,1,1,0.000000,0.000000,0,1,1,1,1,15003,0.001000,0,0.277787,-0.376438,-1.983120,-0.096406,-0.059807,0.018659,1,1.245540,-1.245540,0.780982,0.034787,0.457409,0.887882,-3.555500,4.012554,-50.341759,-3.555500,4.012554,-50.341759,-0.050292,0.250000,0.625000,2.500000,1.000000,1.000000,0.000424,1,0,1.980292,1.930000,0.056333,0.109004,0.662310,1,1,1,1,1,0.124000,0,0,0,0,0,0,0,0,0,0,0,1,0.020000,0.000000,0.000000,0.000000,0.000000,0.000000,0.000000,0.000000,0.000000,0.000000,0.000000,0.000000,0.000000,0.000000,0.000000,0.000000,0.000000,0.000000,0.000000,0.000000,0.000000
80849,0.854265,-0.018601,0.042803,-0.517739,0.700000,1.000000,4.000000,0.287000,0.205000,-1.360000,23.266720,100269.500000,88.250000,86.180000,2.070000,1.980000,12,1,1,1,3,24,1,24,37.5417728,127.0795360,30.081,0.300000,0.760000,-0.085000,-0.048000,-0.011000,0.076000,1553,1555,1402,1490,1477.500000,1522.500000,1554.000000,1446.000000,-45.000000,108.000000,1500.000000,1,0,1,1,1,0.000000,0.000000,0,1,1,1,1,15003,0.001000,0,0.268124,-0.383292,-1.974145,-0.092064,-0.072701,0.037681,1,1.323180,-1.323180,0.789563,0.040997,1.639739,-0.070396,-3.586915,3.927211,-50.398243,-3.586915,3.927211,-50.398243,-0.036684,0.250000,0.625000,2.500000,1.000000,1.000000,0.000225,1,0,1.976684,1.940000,0.059018,0.141052,0.664200,0,0,0,0,0,0.124000,0,0,0,0,0,0,0,0,0,0,0,1,0.021000,0.000000,0.000000,0.000000,0.000000,0.000000,0.000000,0.000000,0.000000,0.000000,0.000000,0.000000,0.000000,0.000000,0.000000,0.000000,0.000000,0.000000,0.000000,0.000000,0.000000
80955,0.853634,-0.018801,0.042202,-0.518821,11.100000,-3.000000,-4.200000,0.068000,-0.010000,-0.316000,23.273682,100271.804688,88.049995,86.180000,1.870000,1.970000,32,1,1,1,3,24,1,24,37.5417727,127.0795359,30.080,0.300000,0.760000,-0.087000,-0.063000,-0.011000,0.082000,1553,1556,1408,1484,1480.500000,1520.000000,1554.500000,1446.000000,-39.500000,108.500000,1500.000000,1,0,1,1,1,0.000000,0.000000,0,1,1,1,1,15003,0.001000,0,0.264418,-0.388048,-1.973884,-0.029655,-0.022717,0.007210,1,1.407723,-1.407723,0.787601,0.040008,1.570225,0.041631,-3.484856,3.850028,-50.464886,-3.484856,3.850028,-50.464886,-0.046827,0.250000,0.625000,2.500000,1.000000,1.000000,0.000369,1,0,1.976827,1.930000,0.053702,0.089196,0.660469,1,1,1,1,1,0.128000,1,0,0,0,0,0,0,0,0,0,0,1,0.020000,0.000000,0.000000,0.000000,0.000000,0.000000,0.000000,0.000000,0.000000,0.000000,0.000000,0.000000,0.000000,0.000000,0.000000,0.000000,0.000000,0.000000,0.000000,0.000000,0.000000
81054,0.853099,-0.018902,0.041405,-0.519760,1.300000,-3.800000,1.100000,0.216000,0.203000,-1.089000,23.268579,100269.804688,88.220001,86.180000,2.040000,1.990000,0,1,1,1,3,23,1,23,37.5417726,127.0795359,30.083,0.299000,0.760000,-0.103000,-0.053000,-0.018000,0.077000,1554,1557,1406,1483,1480.000000,1520.000000,1555.500000,1444.500000,-40.000000,111.000000,1500.000000,1,0,1,1,1,0.000000,0.000000,0,1,1,1,1,15003,0.002000,0,0.252846,-0.395363,-1.974586,-0.083454,-0.058646,-0.067908,1,1.480121,-1.480121,0.687131,0.035702,1.245579,-0.499726,-3.665032,3.750469,-50.589424,-3.665032,3.750469,-50.589424,-0.026076,0.250000,0.625000,2.500000,1.000000,1.000000,0.000114,1,0,1.976076,1.950000,0.057123,0.116230,0.662865,1,1,1,1,1,0.122000,0,0,0,0,0,0,0,0,0,0,0,1,0.020000,0.000000,0.000000,0.000000,0.000000,0.000000,0.000000,0.000000,0.000000,0.000000,0.000000,0.000000,0.000000,0.000000,0.000000,0.000000,0.000000,0.000000,0.000000,0.000000,0.000000
81153,0.852451,-0.018701,0.040102,-0.520931,-6.500000,5.600000,-7.900000,0.077000,0.079000,-2.082000,23.270981,100269.304688,88.269997,86.180000,2.090000,2.010000,7,1,1,1,3,23,1,23,37.5417725,127.0795358,30.067,0.299000,0.760000,-0.097000,-0.045000,0.006000,0.072000,1545,1563,1413,1480,1479.000000,1521.500000,1554.000000,1446.500000,-42.500000,107.500000,1500.000000,1,0,1,1,1,0.000000,0.000000,0,1,1,1,1,15003,0.002000,0,0.242337,-0.401032,-1.973601,-0.068426,-0.037079,0.016601,1,1.546880,-1.546880,0.683586,0.032575,0.696090,-0.611343,-3.512871,3.598845,-50.777969,-3.512871,3.598845,-50.777969,-0.003909,0.250000,0.625000,2.500000,1.000000,1.000000,0.000003,1,0,1.973909,1.970000,0.052121,0.051388,0.659367,1,1,1,1,1,0.125000,1,0,0,0,0,0,0,0,0,0,0,1,0.020000,0.000000,0.000000,0.000000,0.000000,0.000000,0.000000,0.000000,0.000000,0.000000,0.000000,0.000000,0.000000,0.000000,0.000000,0.000000,0.000000,0.000000,0.000000,0.000000,0.000000
81254,0.851462,-0.018001,0.039203,-0.522638,-12.900000,5.000000,-3.200000,-0.013000,0.028000,-2.020000,23.273926,100271.804688,88.049995,86.180000,1.870000,1.990000,0,1,1,1,3,23,1,23,37.5417724,127.0795357,30.059,0.299000,0.760000,-0.067000,-0.052000,0.009000,0.078000,1561,1566,1403,1469,1482.000000,1517.500000,1563.500000,1436.000000,-35.500000,127.500000,1500.000000,1,0,1,1,1,0.000000,0.000000,0,1,1,1,1,15003,0.002000,0,0.236389,-0.406892,-1.974921,-0.066614,-0.050778,0.006278,1,1.617718,-1.617718,0.700548,0.032578,0.561601,-0.866864,-3.328361,3.501022,-51.001080,-3.328361,3.501022,-51.001080,-0.026291,0.250000,0.625000,2.500000,1.000000,1.000000,0.000116,1,0,1.976291,1.950000,0.052124,0.038155,0.659369,1,1,1,1,1,0.124000,1,0,0,0,0,0,0,0,0,0,0,1,0.020000,0.000000,0.000000,0.000000,0.000000,0.000000,0.000000,0.000000,0.000000,0.000000,0.000000,0.000000,0.000000,0.000000,0.000000,0.000000,0.000000,0.000000,0.000000,0.000000,0.000000
81346,0.850660,-0.018601,0.039003,-0.523937,9.300000,5.100000,-4.500000,0.114000,0.438000,-1.662000,23.268806,100269.703125,88.229996,86.180000,2.050000,2.000000,0,1,1,1,3,23,1,23,37.5417724,127.0795357,30.059,0.299000,0.760000,-0.067000,-0.052000,0.009000,0.078000,1544,1557,1416,1484,1480.000000,1520.500000,1550.500000,1450.000000,-40.500000,100.500000,1500.000000,1,0,1,1,1,0.000000,0.000000,0,1,1,1,1,15003,0.002000,0,0.230492,-0.411613,-1.971772,-0.065969,-0.052537,0.038123,1,1.680538,-1.680538,0.730307,0.045866,1.858913,-0.435988,-3.282910,3.448191,-51.113426,-3.282910,3.448191,-51.113426,-0.024639,0.250000,0.625000,2.500000,1.000000,1.000000,0.000102,1,0,1.974639,1.950000,0.053925,0.084634,0.660624,0,0,0,0,0,0.124000,1,0,0,0,0,0,0,0,0,0,0,1,0.020000,0.000000,0.000000,0.000000,0.000000,0.000000,0.000000,0.000000,0.000000,0.000000,0.000000,0.000000,0.000000,0.000000,0.000000,0.000000,0.000000,0.000000,0.000000,0.000000,0.000000
81443,0.849929,-0.018401,0.037801,-0.525218,-22.200001,-3.300000,-6.500000,0.221000,0.661000,-1.357000,23.272032,100272.203125,88.019997,86.180000,1.840000,1.980000,0,1,1,1,3,23,1,23,37.5417723,127.0795356,30.064,0.299000,0.760000,-0.092000,-0.043000,0.000000,0.073000,1556,1567,1409,1468,1482.500000,1517.500000,1561.500000,1438.500000,-35.000000,123.000000,1500.000000,1,0,1,1,1,0.000000,0.000000,0,1,1,1,1,15003,0.001000,0,0.219461,-0.419507,-1.973588,-0.034557,-0.052142,-0.037586,1,1.751666,-1.751666,0.647168,0.036735,1.395154,-1.235682,-3.547192,3.342135,-51.352985,-3.547192,3.342135,-51.352985,-0.035465,0.250000,0.625000,2.500000,1.000000,1.000000,0.000210,1,0,1.975464,1.940000,0.058776,0.134525,0.664029,1,1,1,1,1,0.132000,0,0,0,0,0,0,0,0,0,0,0,1,0.020000,0.000000,0.000000,0.000000,0.000000,0.000000,0.000000,0.000000,0.000000,0.000000,0.000000,0.000000,0.000000,0.000000,0.000000,0.000000,0.000000,0.000000,0.000000,0.000000,0.000000
81544,0.849372,-0.017802,0.037703,-0.526145,-5.300000,0.400000,2.300000,0.359000,0.323000,-1.557000,23.271437,100270.500000,88.159996,86.180000,1.980000,1.970000,0,1,1,1,3,23,1,23,37.5417723,127.0795355,30.059,0.299000,0.760000,-0.067000,-0.062000,0.001000,0.078000,1550,1560,1406,1485,1478.000000,1522.500000,1555.000000,1445.500000,-44.500000,109.500000,1500.000000,1,0,1,1,1,0.000000,0.000000,0,1,1,1,1,15003,0.002000,0,0.210081,-0.428622,-1.971355,-0.052206,-0.045036,0.016843,1,1.811893,-1.811893,0.648470,0.036485,0.939592,0.384679,-3.354498,3.312190,-51.505001,-3.354498,3.312190,-51.505001,-0.044388,0.250000,0.625000,2.500000,1.000000,1.000000,0.000331,1,0,1.974388,1.930000,0.053898,0.036463,0.660606,1,1,1,1,1,0.118000,1,0,0,0,0,0,0,0,0,0,0,1,0.020000,0.000000,0.000000,0.000000,0.000000,0.000000,0.000000,0.000000,0.000000,0.000000,0.000000,0.000000,0.000000,0.000000,0.000000,0.000000,0.000000,0.000000,0.000000,0.000000,0.000000
81659,0.849079,-0.018102,0.038504,-0.526549,-6.300000,3.000000,1.500000,0.122000,0.366000,-1.126000,23.270578,100271.304688,88.099998,86.180000,1.920000,1.960000,30,1,1,1,3,23,1,23,37.5417722,127.0795354,30.044,0.299000,0.760000,-0.057000,-0.044000,0.023000,0.081000,1555,1564,1404,1478,1479.500000,1521.000000,1559.500000,1441.000000,-41.500000,118.500000,1500.000000,1,0,1,1,1,0.000000,0.000000,0,1,1,1,1,15003,0.002000,0,0.204427,-0.435019,-1.965496,-0.050452,-0.025808,0.017050,1,1.883433,-1.883433,0.639158,0.035738,1.013804,-0.091678,-3.100327,3.459573,-51.559029,-3.100327,3.459573,-51.559029,-0.048435,0.250000,0.625000,2.500000,1.000000,1.000000,0.000395,1,0,1.968435,1.920000,0.052492,0.036729,0.659625,1,1,1,1,1,0.126000,1,0,0,0,0,0,0,0,0,0,0,1,0.020000,0.000000,0.000000,0.000000,0.000000,0.000000,0.000000,0.000000,0.000000,0.000000,0.000000,0.000000,0.000000,0.000000,0.000000,0.000000,0.000000,0.000000,0.000000,0.000000,0.000000
81758,0.848655,-0.018801,0.039503,-0.527134,-5.500000,4.200000,-3.000000,0.037000,0.230000,-1.188000,23.273014,100272.304688,88.009995,86.180000,1.830000,1.940000,0,1,1,1,3,23,1,23,37.5417722,127.0795353,30.050,0.299000,0.760000,-0.046000,-0.068000,0.008000,0.088000,1547,1565,1406,1482,1476.500000,1523.500000,1556.000000,1444.000000,-47.000000,112.000000,1500.000000,1,0,1,1,1,0.000000,0.000000,0,1,1,1,1,15003,0.002000,0,0.199654,-0.444244,-1.963653,-0.003983,-0.045203,-0.014290,1,1.947104,-1.947104,0.596076,0.034369,0.460325,-0.179371,-3.482074,3.462016,-51.667171,-3.482074,3.462016,-51.667171,-0.052994,0.250000,0.625000,2.500000,1.000000,1.000000,0.000469,1,0,1.962994,1.910000,0.061013,0.163010,0.665611,1,1,1,1,1,0.124000,0,0,0,0,0,0,0,0,0,0,0,1,0.020000,0.000000,0.000000,0.000000,0.000000,0.000000,0.000000,0.000000,0.000000,0.000000,0.000000,0.000000,0.000000,0.000000,0.000000,0.000000,0.000000,0.000000,0.000000,0.000000,0.000000
81865,0.848503,-0.019002,0.039605,-0.527364,18.200001,3.400000,-0.700000,0.114000,0.579000,-1.724000,23.269262,100270.398438,88.169998,86.180000,1.990000,1.940000,1,1,1,1,3,23,1,23,37.5417721,127.0795352,30.048,0.299000,0.761000,-0.024000,-0.045000,0.023000,0.097000,1541,1549,1417,1494,1479.000000,1521.500000,1545.000000,1455.500000,-42.500000,89.500000,1500.000000,1,0,1,1,1,0.000000,0.000000,0,1,1,1,1,15003,0.010000,0,0.197808,-0.451048,-1.958719,-0.016340,-0.040758,0.012257,1,2.012711,-2.012711,0.615679,0.035001,0.219478,-2.210610,-3.643297,3.446815,-51.794952,-3.643297,3.446815,-51.794952,-0.070618,0.250000,0.625000,2.500000,1.000000,1.000000,0.000839,1,0,1.960618,1.890000,0.054112,0.083482,0.660755,1,1,1,1,1,0.126000,0,0,0,0,0,0,0,0,0,0,0,1,0.020000,0.000000,0.000000,0.000000,0.000000,0.000000,0.000000,0.000000,0.000000,0.000000,0.000000,0.000000,0.000000,0.000000,0.000000,0.000000,0.000000,0.000000,0.000000,0.000000,0.000000
81947,0.848374,-0.018902,0.040003,-0.527546,1.400000,5.500000,-1.200000,-0.132000,-0.160000,-0.848000,23.270227,100270.203125,88.189995,86.180000,2.010000,1.950000,40,1,1,1,3,23,1,23,37.5417721,127.0795352,30.048,0.299000,0.761000,-0.024000,-0.045000,0.023000,0.097000,1550,1561,1409,1480,1479.500000,1520.500000,1555.500000,1444.500000,-41.000000,111.000000,1500.000000,1,0,1,1,1,0.000000,0.000000,0,1,1,1,1,15003,0.002000,0,0.196998,-0.453962,-1.954790,-0.004370,-0.035703,-0.066456,1,2.060347,-2.060347,0.532804,0.038230,1.329220,-0.998457,-3.469100,3.504673,-51.790913,-3.469100,3.504673,-51.790913,-0.045521,0.250000,0.625000,2.500000,1.000000,1.000000,0.000349,1,0,1.955521,1.910000,0.053511,0.058547,0.660335,1,1,1,1,1,0.126000,0,0,0,0,0,0,0,0,0,0,0,1,0.020000,0.000000,0.000000,0.000000,0.000000,0.000000,0.000000,0.000000,0.000000,0.000000,0.000000,0.000000,0.000000,0.000000,0.000000,0.000000,0.000000,0.000000,0.000000,0.000000,0.000000
82057,0.848063,-0.018201,0.040403,-0.528039,-3.700000,0.600000,4.900000,0.291000,0.094000,-1.206000,23.275276,100272.203125,88.019997,86.180000,1.840000,1.940000,0,1,1,1,3,23,1,23,37.5417721,127.0795351,30.047,0.299000,0.761000,-0.038000,-0.070000,0.013000,0.093000,1553,1560,1405,1482,1479.000000,1521.000000,1556.500000,1443.500000,-42.000000,113.000000,1500.000000,1,0,1,1,1,0.000000,0.000000,0,1,1,1,1,15003,0.002000,0,0.194437,-0.463086,-1.947567,-0.007441,-0.045194,0.057233,1,2.117204,-2.117204,0.566402,0.038422,1.178444,1.255611,-3.692334,3.443954,-51.878300,-3.692334,3.443954,-51.878300,-0.041625,0.250000,0.625000,2.500000,1.000000,1.000000,0.000292,1,0,1.951625,1.910000,0.053260,0.035259,0.660160,1,1,1,1,1,0.123000,0,0,0,0,0,0,0,0,0,0,0,1,0.020000,0.000000,0.000000,0.000000,0.000000,0.000000,0.000000,0.000000,0.000000,0.000000,0.000000,0.000000,0.000000,0.000000,0.000000,0.000000,0.000000,0.000000,0.000000,0.000000,0.000000
82153,0.848119,-0.018400,0.040801,-0.527912,11.100000,-4.600000,5.300000,-0.099000,-0.095000,-0.338000,23.265089,100269.601563,88.239998,86.180000,2.060000,1.960000,7,1,1,1,3,23,1,23,37.5417721,127.0795351,30.051,0.299000,0.761000,-0.018000,-0.050000,0.003000,0.094000,1557,1552,1408,1483,1482.500000,1517.500000,1554.500000,1445.500000,-35.000000,109.000000,1500.000000,1,0,1,1,1,0.000000,0.000000,0,1,1,1,1,15003,0.002000,0,0.192165,-0.469429,-1.946375,-0.024074,-0.056076,0.026822,1,2.174739,-2.174739,0.597955,0.033255,0.745089,1.810210,-3.951390,3.458400,-51.917957,-3.951390,3.458400,-51.917957,-0.027997,0.250000,0.625000,2.500000,1.000000,1.000000,0.000132,1,0,1.947997,1.920000,0.053208,0.053938,0.660124,1,1,1,1,1,0.127000,1,0,0,0,0,0,0,0,0,0,0,1,0.020000,0.000000,0.000000,0.000000,0.000000,0.000000,0.000000,0.000000,0.000000,0.000000,0.000000,0.000000,0.000000,0.000000,0.000000,0.000000,0.000000,0.000000,0.000000,0.000000,0.000000
82254,0.848646,-0.018501,0.039902,-0.527129,-11.100000,-3.700000,0.900000,0.010000,0.149000,0.311000,23.271788,100271.398438,88.089996,86.180000,1.910000,1.960000,7,1,1,1,3,23,1,23,37.5417721,127.0795350,30.049,0.299000,0.761000,-0.009000,-0.063000,0.013000,0.097000,1565,1562,1399,1475,1482.000000,1518.500000,1563.500000,1437.000000,-36.500000,126.500000,1500.000000,1,0,1,1,1,0.000000,0.000000,0,1,1,1,1,15003,0.001000,0,0.193304,-0.475842,-1.945919,-0.002309,-0.059070,-0.018949,1,2.235453,-2.235453,0.573582,0.033206,0.591734,-3.153045,-3.931129,3.389781,-51.831524,-3.931129,3.389781,-51.831524,-0.027313,0.250000,0.625000,2.500000,1.000000,1.000000,0.000126,1,0,1.947313,1.920000,0.053129,0.039684,0.660069,1,1,1,1,1,0.125000,1,0,0,0,0,0,0,0,0,0,0,1,0.025000,0.000000,0.000000,0.000000,0.000000,0.000000,0.000000,0.000000,0.000000,0.000000,0.000000,0.000000,0.000000,0.000000,0.000000,0.000000,0.000000,0.000000,0.000000,0.000000,0.000000
82355,0.849025,-0.018501,0.038601,-0.526616,-16.400000,-0.400000,-1.800000,0.248000,0.468000,-1.982000,23.268948,100270.703125,88.150002,86.180000,1.970000,1.960000,20,1,1,1,3,23,1,23,37.5417721,127.0795350,30.049,0.299000,0.761000,-0.009000,-0.063000,0.013000,0.097000,1559,1552,1405,1484,1482.000000,1518.000000,1555.500000,1444.500000,-36.000000,111.000000,1500.000000,1,0,1,1,1,0.000000,0.000000,0,1,1,1,1,15003,0.002000,0,0.195218,-0.480633,-1.945866,0.043034,-0.033066,-0.003878,1,2.292480,-2.292480,0.581636,0.043210,1.793027,-0.126143,-3.942421,3.221811,-51.769405,-3.942421,3.221811,-51.769405,-0.027405,0.250000,0.625000,2.500000,1.000000,1.000000,0.000125,1,0,1.947405,1.920000,0.061527,0.164406,0.665976,0,0,0,0,0,0.125000,1,0,0,0,0,0,0,0,0,0,0,1,0.021000,0.000000,0.000000,0.000000,0.000000,0.000000,0.000000,0.000000,0.000000,0.000000,0.000000,0.000000,0.000000,0.000000,0.000000,0.000000,0.000000,0.000000,0.000000,0.000000,0.000000
82450,0.849546,-0.019601,0.038702,-0.525728,-5.900000,-0.400000,3.800000,0.200000,0.111000,-0.630000,23.270647,100272.101563,88.029999,86.180000,1.850000,1.950000,29,1,1,1,3,23,1,23,37.5417721,127.0795349,30.050,0.299000,0.761000,-0.008000,-0.065000,0.012000,0.097000,1563,1559,1398,1481,1480.500000,1520.000000,1561.000000,1439.500000,-39.500000,121.500000,1500.000000,1,0,1,1,1,0.000000,0.000000,0,1,1,1,1,15003,0.002000,0,0.194465,-0.487973,-1.943098,0.009757,-0.041388,0.019177,1,2.346129,-2.346129,0.581831,0.038879,1.331839,0.345903,-3.777130,3.166637,-51.666874,-3.777130,3.166637,-51.666874,-0.035375,0.250000,0.625000,2.500000,1.000000,1.000000,0.000210,1,0,1.945375,1.910000,0.054296,0.061461,0.660883,1,1,1,1,1,0.135000,1,0,0,0,0,0,0,0,0,0,0,1,0.020000,0.000000,0.000000,0.000000,0.000000,0.000000,0.000000,0.000000,0.000000,0.000000,0.000000,0.000000,0.000000,0.000000,0.000000,0.000000,0.000000,0.000000,0.000000,0.000000,0.000000
82560,0.849986,-0.019402,0.038304,-0.525053,8.300000,-0.700000,5.000000,0.302000,-0.152000,-0.663000,23.265862,100270.000000,88.209999,86.180000,2.030000,1.940000,9,1,1,1,3,23,1,23,37.5417721,127.0795348,30.055,0.299000,0.761000,-0.007000,-0.068000,0.004000,0.094000,1559,1552,1402,1486,1480.500000,1519.000000,1555.500000,1444.000000,-38.500000,111.500000,1500.000000,1,0,1,1,1,0.000000,0.000000,0,1,1,1,1,15003,0.004000,0,0.193117,-0.496986,-1.940775,-0.010602,-0.055670,-0.014456,1,2.414300,-2.414300,0.597953,0.037072,1.433844,-1.044322,-3.502648,3.136669,-51.509174,-3.502648,3.136669,-51.509174,-0.043064,0.250000,0.625000,2.500000,1.000000,1.000000,0.000312,1,0,1.943064,1.900000,0.054308,0.092397,0.660892,1,1,1,1,1,0.118000,1,0,0,0,0,0,0,0,0,0,0,1,0.023000,0.000000,0.000000,0.000000,0.000000,0.000000,0.000000,0.000000,0.000000,0.000000,0.000000,0.000000,0.000000,0.000000,0.000000,0.000000,0.000000,0.000000,0.000000,0.000000,0.000000
82653,0.850329,-0.018201,0.038601,-0.524518,-14.700000,5.700000,1.600000,-0.108000,-0.032000,-1.887000,23.265493,100269.898438,88.209999,86.180000,2.030000,1.940000,0,1,1,1,3,23,1,23,37.5417721,127.0795347,30.046,0.299000,0.761000,0.010000,-0.063000,0.008000,0.092000,1559,1558,1399,1484,1479.000000,1521.000000,1558.500000,1441.500000,-42.000000,117.000000,1500.000000,1,0,1,1,1,0.000000,0.000000,0,1,1,1,1,15003,0.002000,0,0.195641,-0.504002,-1.937652,0.057583,-0.048723,0.058547,1,2.472243,-2.472243,0.631535,0.035092,0.700534,-0.444881,-3.528515,3.106735,-51.422207,-3.528515,3.106735,-51.422207,-0.051684,0.250000,0.625000,2.500000,1.000000,1.000000,0.000442,1,0,1.941684,1.890000,0.069239,0.227929,0.671494,1,1,1,1,1,0.121000,0,0,0,0,0,0,0,0,0,0,0,1,0.020000,0.000000,0.000000,0.000000,0.000000,0.000000,0.000000,0.000000,0.000000,0.000000,0.000000,0.000000,0.000000,0.000000,0.000000,0.000000,0.000000,0.000000,0.000000,0.000000,0.000000
82749,0.850833,-0.017901,0.039802,-0.523620,-2.700000,1.500000,7.300000,0.157000,0.210000,-0.366000,23.269684,100270.703125,88.150002,86.180000,1.970000,1.940000,0,1,1,1,3,23,1,23,37.5417721,127.0795346,30.052,0.299000,0.761000,0.007000,-0.070000,-0.004000,0.087000,1562,1556,1394,1488,1478.000000,1522.000000,1559.000000,1441.000000,-44.000000,118.000000,1500.000000,1,0,1,1,1,0.000000,0.000000,0,1,1,1,1,15003,0.002000,0,0.197063,-0.511602,-1.939004,0.039216,-0.048090,-0.066693,1,2.536816,-2.536816,0.619741,0.035130,0.458640,-3.496581,-3.398466,3.217345,-51.335396,-3.398466,3.217345,-51.335396,-0.031469,0.250000,0.625000,2.500000,1.000000,1.000000,0.000166,1,0,1.931469,1.900000,0.056638,0.110903,0.662524,1,1,1,1,1,0.126000,1,0,0,0,0,0,0,0,0,0,0,1,0.020000,0.000000,0.000000,0.000000,0.000000,0.000000,0.000000,0.000000,0.000000,0.000000,0.000000,0.000000,0.000000,0.000000,0.000000,0.000000,0.000000,0.000000,0.000000,0.000000,0.000000
82853,0.851315,-0.017600,0.040301,-0.522809,-0.500000,-4.700000,6.000000,-0.079000,0.029000,-0.068000,23.267300,100270.898438,88.129997,86.180000,1.950000,1.950000,16,1,1,1,3,23,1,23,37.5417721,127.0795346,30.052,0.299000,0.761000,0.007000,-0.070000,-0.004000,0.087000,1568,1556,1396,1481,1482.000000,1518.500000,1562.000000,1438.500000,-36.500000,123.500000,1500.000000,1,0,1,1,1,0.000000,0.000000,0,1,1,1,1,15003,0.002000,0,0.203915,-0.514613,-1.945495,0.083364,-0.013669,-0.170905,1,2.595491,-2.595491,0.506829,0.041760,1.691319,-0.559076,-3.350542,3.279819,-51.287521,-3.350542,3.279819,-51.287521,-0.035329,0.250000,0.625000,2.500000,1.000000,1.000000,0.000209,1,0,1.945329,1.910000,0.059455,0.141363,0.664508,0,0,0,0,0,0.126000,1,0,0,0,0,0,0,0,0,0,0,1,0.022000,0.000000,0.000000,0.000000,0.000000,0.000000,0.000000,0.000000,0.000000,0.000000,0.000000,0.000000,0.000000,0.000000,0.000000,0.000000,0.000000,0.000000,0.000000,0.000000,0.000000
82955,0.851636,-0.018301,0.040802,-0.522222,-8.300000,-6.400000,0.700000,-0.041000,0.098000,0.197000,23.273436,100272.398438,88.000000,86.180000,1.820000,1.940000,32,1,1,1,3,23,1,23,37.5417722,127.0795345,30.048,0.298000,0.760000,0.020000,-0.056000,0.008000,0.089000,1568,1562,1396,1474,1482.000000,1518.000000,1565.000000,1435.000000,-36.000000,130.000000,1500.000000,1,0,1,1,1,0.000000,0.000000,0,1,1,1,1,15003,0.001000,0,0.203299,-0.524662,-1.945191,0.039974,-0.064164,-0.150773,1,2.639445,-2.639445,0.374383,0.040263,1.568088,-0.685358,-3.580405,3.250609,-51.199810,-3.580405,3.250609,-51.199810,-0.043271,0.250000,0.625000,2.500000,1.000000,1.000000,0.000315,1,0,1.943271,1.900000,0.053929,0.084259,0.660627,1,1,1,1,1,0.127000,0,0,0,0,0,0,0,0,0,0,0,1,0.020000,0.000000,0.000000,0.000000,0.000000,0.000000,0.000000,0.000000,0.000000,0.000000,0.000000,0.000000,0.000000,0.000000,0.000000,0.000000,0.000000,0.000000,0.000000,0.000000,0.000000
83043,0.852140,-0.018701,0.040302,-0.521424,-14.800000,-2.100000,6.000000,0.151000,0.276000,-1.240000,23.265406,100270.804688,88.139999,86.180000,1.960000,1.950000,34,1,1,1,3,23,1,23,37.5417722,127.0795344,30.061,0.298000,0.760000,0.014000,-0.072000,-0.002000,0.085000,1569,1556,1391,1484,1480.000000,1520.000000,1562.500000,1437.500000,-40.000000,125.000000,1500.000000,1,0,1,1,1,0.000000,0.000000,0,1,1,1,1,15003,0.002000,0,0.206569,-0.533023,-1.939138,0.074865,-0.096133,-0.056975,1,2.669837,-2.669837,0.305788,0.035533,1.014560,-1.119427,-3.958627,3.203646,-51.177246,-3.958627,3.203646,-51.177246,-0.029403,0.250000,0.625000,2.500000,1.000000,1.000000,0.000146,1,0,1.939403,1.910000,0.051980,0.035958,0.659269,1,1,1,1,1,0.122000,0,0,0,0,0,0,0,0,0,0,0,1,0.020000,0.000000,0.000000,0.000000,0.000000,0.000000,0.000000,0.000000,0.000000,0.000000,0.000000,0.000000,0.000000,0.000000,0.000000,0.000000,0.000000,0.000000,0.000000,0.000000,0.000000
83153,0.852660,-0.020101,0.040103,-0.520537,-13.500000,0.600000,3.400000,0.372000,0.197000,-1.124000,23.264126,100269.101563,88.279999,86.180000,2.100000,1.980000,7,1,1,1,3,23,1,23,37.5417722,127.0795343,30.056,0.298000,0.760000,0.032000,-0.065000,0.002000,0.084000,1565,1556,1394,1485,1479.500000,1520.500000,1560.500000,1439.500000,-41.000000,121.000000,1500.000000,1,0,1,1,1,0.000000,0.000000,0,1,1,1,1,15003,0.002000,0,0.208183,-0.541693,-1.940815,0.045024,-0.071435,-0.043384,1,2.694690,-2.694690,0.190665,0.032764,0.696097,0.522213,-4.298503,3.266757,-51.104950,-4.298503,3.266757,-51.104950,-0.000574,0.250000,0.625000,2.500000,1.000000,1.000000,0.000000,1,0,1.940574,1.940000,0.052423,0.051332,0.659577,1,1,1,1,1,0.126000,1,0,0,0,0,0,0,0,0,0,0,1,0.020000,0.000000,0.000000,0.000000,0.000000,0.000000,0.000000,0.000000,0.000000,0.000000,0.000000,0.000000,0.000000,0.000000,0.000000,0.000000,0.000000,0.000000,0.000000,0.000000,0.000000
83251,0.853005,-0.022003,0.040505,-0.519864,0.200000,-5.200000,-0.600000,0.111000,0.178000,-0.812000,23.272314,100273.601563,87.900002,86.180000,1.720000,1.960000,0,1,1,1,3,23,1,23,37.5417723,127.0795342,30.067,0.298000,0.759000,0.020000,-0.076000,-0.018000,0.082000,1571,1557,1397,1475,1484.000000,1516.000000,1564.000000,1436.000000,-32.000000,128.000000,1500.000000,1,0,1,1,1,0.000000,0.000000,0,1,1,1,1,15003,0.002000,0,0.210688,-0.550385,-1.950465,0.001207,-0.087695,-0.099230,1,2.711950,-2.711950,0.131141,0.034583,0.591966,-2.533735,-4.456113,3.311071,-51.026802,-4.456113,3.311071,-51.026802,0.007159,0.250000,0.625000,2.500000,1.000000,1.000000,0.000009,1,0,1.942841,1.950000,0.055441,0.105077,0.661685,1,1,1,1,1,0.125000,1,0,0,0,0,0,0,0,0,0,0,1,0.025000,0.000000,0.000000,0.000000,0.000000,0.000000,0.000000,0.000000,0.000000,0.000000,0.000000,0.000000,0.000000,0.000000,0.000000,0.000000,0.000000,0.000000,0.000000,0.000000,0.000000
83350,0.853284,-0.021302,0.040304,-0.519451,-24.299999,-0.400000,-2.300000,-0.006000,-0.007000,-0.544000,23.267107,100270.703125,88.150002,86.180000,1.970000,1.960000,12,1,1,1,3,23,1,23,37.5417723,127.0795342,30.067,0.298000,0.759000,0.020000,-0.076000,-0.018000,0.082000,1567,1566,1394,1473,1480.500000,1519.500000,1566.500000,1433.500000,-39.000000,133.000000,1500.000000,1,0,1,1,1,0.000000,0.000000,0,1,1,1,1,15003,0.005000,0,0.211013,-0.558989,-1.956381,0.002783,-0.088946,-0.137550,1,2.722522,-2.722522,0.082407,0.043658,1.869740,-3.237314,-4.483575,3.326198,-50.963440,-4.483575,3.326198,-50.963440,-0.037423,0.250000,0.625000,2.500000,1.000000,1.000000,0.000234,1,0,1.957423,1.920000,0.060922,0.164118,0.665546,0,0,0,0,0,0.125000,1,0,0,0,0,0,0,0,0,0,0,1,0.023000,0.000000,0.000000,0.000000,0.000000,0.000000,0.000000,0.000000,0.000000,0.000000,0.000000,0.000000,0.000000,0.000000,0.000000,0.000000,0.000000,0.000000,0.000000,0.000000,0.000000
83459,0.853300,-0.021302,0.041105,-0.519361,6.900000,4.900000,-5.200000,0.175000,0.103000,-1.693000,23.266405,100269.000000,88.290001,86.180000,2.110000,1.970000,35,1,1,1,3,23,1,23,37.5417723,127.0795341,30.066,0.298000,0.759000,0.022000,-0.071000,-0.014000,0.084000,1551,1556,1404,1489,1477.500000,1522.500000,1553.500000,1446.500000,-45.000000,107.000000,1500.000000,1,0,1,1,1,0.000000,0.000000,0,1,1,1,1,15003,0.001000,0,0.214143,-0.567970,-1.954152,0.011597,-0.091156,-0.042974,1,2.725770,-2.725770,0.034613,0.041765,1.667449,-0.139576,-4.407676,3.406866,-50.986824,-4.407676,3.406866,-50.986824,-0.023810,0.250000,0.625000,2.500000,1.000000,1.000000,0.000095,1,0,1.953810,1.930000,0.055370,0.100379,0.661634,1,1,1,1,1,0.132000,1,0,0,0,0,0,0,0,0,0,0,1,0.020000,0.000000,0.000000,0.000000,0.000000,0.000000,0.000000,0.000000,0.000000,0.000000,0.000000,0.000000,0.000000,0.000000,0.000000,0.000000,0.000000,0.000000,0.000000,0.000000,0.000000
83544,0.853341,-0.021601,0.041802,-0.519225,-4.700000,-9.000000,-2.100000,0.051000,-0.241000,-0.246000,23.263687,100269.703125,88.229996,86.180000,2.050000,1.980000,34,1,1,1,3,23,1,23,37.5417724,127.0795340,30.064,0.298000,0.759000,0.039000,-0.071000,-0.007000,0.084000,1571,1555,1399,1475,1485.000000,1515.000000,1563.000000,1437.000000,-30.000000,126.000000,1500.000000,1,0,1,1,1,0.000000,0.000000,0,1,1,1,1,15003,0.001000,0,0.220720,-0.574063,-1.955518,0.030427,-0.090896,-0.030613,1,2.725086,-2.725086,-0.007079,0.035790,1.041755,-0.185349,-4.655981,3.453130,-50.969059,-4.655981,3.453130,-50.969059,-0.014804,0.250000,0.625000,2.500000,1.000000,1.000000,0.000037,1,0,1.954803,1.940000,0.052079,0.036102,0.659338,1,1,1,1,1,0.117000,1,0,0,0,0,0,0,0,0,0,0,1,0.020000,0.000000,0.000000,0.000000,0.000000,0.000000,0.000000,0.000000,0.000000,0.000000,0.000000,0.000000,0.000000,0.000000,0.000000,0.000000,0.000000,0.000000,0.000000,0.000000,0.000000
83658,0.853345,-0.021401,0.041802,-0.519227,-20.700001,5.200000,-1.800000,0.166000,0.331000,-2.087000,23.265739,100271.101563,88.110001,86.180000,1.930000,1.970000,12,1,1,1,3,23,1,23,37.5417724,127.0795339,30.079,0.298000,0.759000,0.016000,-0.090000,-0.023000,0.088000,1559,1566,1390,1484,1474.500000,1525.000000,1562.500000,1437.000000,-50.500000,125.500000,1500.000000,1,0,1,1,1,0.000000,0.000000,0,1,1,1,1,15003,0.002000,0,0.224650,-0.584964,-1.962005,0.020858,-0.096045,-0.074388,1,2.722633,-2.722633,-0.046424,0.033647,0.723016,-0.812005,-4.716606,3.549107,-50.886436,-4.716606,3.549107,-50.886436,-0.032979,0.250000,0.625000,2.500000,1.000000,1.000000,0.000183,1,0,1.962979,1.930000,0.053835,0.054231,0.660561,1,1,1,1,1,0.127000,1,0,0,0,0,0,0,0,0,0,0,1,0.020000,0.000000,0.000000,0.000000,0.000000,0.000000,0.000000,0.000000,0.000000,0.000000,0.000000,0.000000,0.000000,0.000000,0.000000,0.000000,0.000000,0.000000,0.000000,0.000000,0.000000
83748,0.853535,-0.023001,0.042102,-0.518822,-12.200000,-6.100000,4.000000,0.269000,0.083000,-0.929000,23.264791,100270.304688,88.180000,86.180000,2.000000,1.970000,0,1,1,1,3,23,1,23,37.5417724,127.0795338,30.075,0.298000,0.759000,0.025000,-0.068000,-0.016000,0.086000,1570,1563,1392,1476,1481.000000,1519.500000,1566.500000,1434.000000,-38.500000,132.500000,1500.000000,1,0,1,1,1,0.000000,0.000000,0,1,1,1,1,15003,0.001000,0,0.226153,-0.591881,-1.968781,-0.000200,-0.089635,-0.089944,1,2.718772,-2.718772,-0.079811,0.035163,0.457410,-1.850100,-5.096218,3.551058,-50.891075,-5.096218,3.551058,-50.891075,-0.034321,0.250000,0.625000,2.500000,1.000000,1.000000,0.000197,1,0,1.964321,1.930000,0.056967,0.109265,0.662755,1,1,1,1,1,0.124000,1,0,0,0,0,0,0,0,0,0,0,1,0.020000,0.000000,0.000000,0.000000,0.000000,0.000000,0.000000,0.000000,0.000000,0.000000,0.000000,0.000000,0.000000,0.000000,0.000000,0.000000,0.000000,0.000000,0.000000,0.000000,0.000000
83849,0.853783,-0.022702,0.041804,-0.518451,-14.400000,4.300000,-2.800000,0.003000,-0.243000,-1.403000,23.265984,100270.703125,88.150002,86.180000,1.970000,1.980000,12,1,1,1,3,23,1,23,37.5417724,127.0795338,30.075,0.298000,0.759000,0.025000,-0.068000,-0.016000,0.086000,1563,1560,1395,1482,1479.000000,1521.000000,1561.500000,1438.500000,-42.000000,123.000000,1500.000000,1,0,1,1,1,0.000000,0.000000,0,1,1,1,1,15003,0.001000,0,0.225675,-0.599837,-1.973590,0.007363,-0.066635,-0.101464,1,2.708811,-2.708811,-0.099934,0.041260,1.639748,-1.326947,-5.247668,3.589030,-50.888805,-5.247668,3.589030,-50.888805,-0.034687,0.250000,0.625000,2.500000,1.000000,1.000000,0.000201,1,0,1.974687,1.940000,0.059444,0.140959,0.664500,0,0,0,0,0,0.124000,1,0,0,0,0,0,0,0,0,0,0,1,0.021000,0.000000,0.000000,0.000000,0.000000,0.000000,0.000000,0.000000,0.000000,0.000000,0.000000,0.000000,0.000000,0.000000,0.000000,0.000000,0.000000,0.000000,0.000000,0.000000,0.000000
83955,0.853960,-0.023102,0.043103,-0.518036,-3.400000,-2.200000,1.300000,0.024000,-0.149000,-0.022000,23.267456,100272.000000,88.040001,86.180000,1.860000,1.980000,32,1,1,1,3,23,1,23,37.5417725,127.0795337,30.073,0.298000,0.759000,0.023000,-0.082000,-0.011000,0.089000,1566,1562,1393,1479,1479.500000,1520.500000,1564.000000,1436.000000,-41.000000,128.000000,1500.000000,1,0,1,1,1,0.000000,0.000000,0,1,1,1,1,15003,0.001000,0,0.233311,-0.606997,-1.973913,0.031892,-0.056720,0.005063,1,2.699350,-2.699350,-0.053446,0.040073,1.567234,1.514973,-5.476988,3.619259,-50.917194,-5.476988,3.619259,-50.917194,-0.035506,0.250000,0.625000,2.500000,1.000000,1.000000,0.000212,1,0,1.975506,1.940000,0.053642,0.084099,0.660426,1,1,1,1,1,0.127000,0,0,0,0,0,0,0,0,0,0,0,1,0.020000,0.000000,0.000000,0.000000,0.000000,0.000000,0.000000,0.000000,0.000000,0.000000,0.000000,0.000000,0.000000,0.000000,0.000000,0.000000,0.000000,0.000000,0.000000,0.000000,0.000000
84061,0.853873,-0.021802,0.043004,-0.518244,-1.300000,2.800000,-5.500000,0.161000,0.395000,-1.801000,23.264494,100270.101563,88.199997,86.180000,2.020000,1.990000,7,1,1,1,3,23,1,23,37.5417725,127.0795335,30.074,0.298000,0.760000,0.009000,-0.093000,-0.024000,0.094000,1563,1559,1400,1478,1481.500000,1518.500000,1561.000000,1439.000000,-37.000000,122.000000,1500.000000,1,0,1,1,1,0.000000,0.000000,0,1,1,1,1,15003,0.002000,0,0.230910,-0.620111,-1.980354,-0.045213,-0.126202,-0.015067,1,2.699280,-2.699280,0.015598,0.035814,1.245626,-0.076602,-5.483899,3.662935,-50.947311,-5.483899,3.662935,-50.947311,-0.032199,0.250000,0.625000,2.500000,1.000000,1.000000,0.000174,1,0,1.982199,1.950000,0.057303,0.115990,0.662991,1,1,1,1,1,0.123000,1,0,0,0,0,0,0,0,0,0,0,1,0.020000,0.000000,0.000000,0.000000,0.000000,0.000000,0.000000,0.000000,0.000000,0.000000,0.000000,0.000000,0.000000,0.000000,0.000000,0.000000,0.000000,0.000000,0.000000,0.000000,0.000000
84153,0.853775,-0.022802,0.043204,-0.518345,-26.000000,-2.800000,0.200000,-0.057000,-0.264000,-0.479000,23.260128,100269.203125,88.269997,86.180000,2.090000,2.010000,7,1,1,1,3,23,1,23,37.5417725,127.0795334,30.074,0.298000,0.760000,0.004000,-0.088000,-0.028000,0.095000,1568,1569,1387,1476,1477.500000,1522.500000,1568.500000,1431.500000,-45.000000,137.000000,1500.000000,1,0,1,1,1,0.000000,0.000000,0,1,1,1,1,15003,0.002000,0,0.233301,-0.629170,-1.984065,-0.004926,-0.102245,-0.043770,1,2.700674,-2.700674,-0.009230,0.032667,0.696086,-1.091448,-5.585916,3.605395,-51.001186,-5.585916,3.605395,-51.001186,-0.014589,0.250000,0.625000,2.500000,1.000000,1.000000,0.000036,1,0,1.984589,1.970000,0.052268,0.051348,0.659469,1,1,1,1,1,0.125000,1,0,0,0,0,0,0,0,0,0,0,1,0.020000,0.000000,0.000000,0.000000,0.000000,0.000000,0.000000,0.000000,0.000000,0.000000,0.000000,0.000000,0.000000,0.000000,0.000000,0.000000,0.000000,0.000000,0.000000,0.000000,0.000000
84254,0.853951,-0.023701,0.043003,-0.518031,-14.300000,2.600000,-4.100000,0.237000,0.786000,-1.939000,23.262512,100269.304688,88.269997,86.180000,2.090000,2.030000,0,1,1,1,3,23,1,23,37.5417725,127.0795333,30.075,0.298000,0.761000,-0.008000,-0.069000,-0.031000,0.096000,1561,1560,1398,1481,1479.500000,1520.500000,1560.500000,1439.500000,-41.000000,121.000000,1500.000000,1,0,1,1,1,0.000000,0.000000,0,1,1,1,1,15003,0.002000,0,0.235215,-0.635943,-1.987050,0.012246,-0.069317,-0.015640,1,2.695268,-2.695268,-0.071968,0.034448,0.562561,-0.343513,-5.588401,3.549774,-50.988522,-5.588401,3.549774,-50.988522,-0.006178,0.250000,0.625000,2.500000,1.000000,1.000000,0.000006,1,0,1.986178,1.980000,0.055304,0.105105,0.661589,1,1,1,1,1,0.124000,1,0,0,0,0,0,0,0,0,0,0,1,0.024000,0.000000,0.000000,0.000000,0.000000,0.000000,0.000000,0.000000,0.000000,0.000000,0.000000,0.000000,0.000000,0.000000,0.000000,0.000000,0.000000,0.000000,0.000000,0.000000,0.000000
84348,0.854107,-0.023903,0.043005,-0.517765,17.100000,0.600000,1.000000,-0.240000,-0.365000,-0.848000,23.270437,100271.398438,88.089996,86.180000,1.910000,2.020000,0,1,1,1,3,23,1,23,37.5417725,127.0795333,30.075,0.298000,0.761000,-0.008000,-0.069000,-0.031000,0.096000,1558,1553,1405,1484,1481.500000,1518.500000,1555.500000,1444.500000,-37.000000,111.000000,1500.000000,1,0,1,1,1,0.000000,0.000000,0,1,1,1,1,15003,0.005000,0,0.235539,-0.642762,-1.988217,-0.007552,-0.074274,-0.042871,1,2.689190,-2.689190,-0.098841,0.046013,1.856056,0.339397,-5.507228,3.524115,-50.963341,-5.507228,3.524115,-50.963341,0.002772,0.250000,0.625000,2.500000,1.000000,1.000000,0.000001,1,0,1.987228,1.990000,0.054368,0.088573,0.660934,0,0,0,0,0,0.124000,1,0,0,0,0,0,0,0,0,0,0,1,0.020000,0.000000,0.000000,0.000000,0.000000,0.000000,0.000000,0.000000,0.000000,0.000000,0.000000,0.000000,0.000000,0.000000,0.000000,0.000000,0.000000,0.000000,0.000000,0.000000,0.000000
84455,0.853966,-0.022602,0.043203,-0.518040,-16.100000,6.800000,0.000000,0.111000,0.489000,-1.402000,23.265913,100272.000000,88.040001,86.180000,1.860000,2.000000,1,1,1,1,3,23,1,23,37.5417725,127.0795332,30.076,0.298000,0.761000,-0.009000,-0.073000,-0.031000,0.097000,1556,1565,1392,1486,1474.000000,1525.500000,1560.500000,1439.000000,-51.500000,121.500000,1500.000000,1,0,1,1,1,0.000000,0.000000,0,1,1,1,1,15003,0.002000,0,0.238488,-0.648226,-1.993307,-0.001414,-0.056776,-0.026826,1,2.677913,-2.677913,-0.099779,0.043236,1.647069,0.861674,-5.436785,3.545830,-51.048584,-5.436785,3.545830,-51.048584,-0.011697,0.250000,0.625000,2.500000,1.000000,1.000000,0.000023,1,0,1.991697,1.980000,0.054290,0.068365,0.660879,1,1,1,1,1,0.132000,1,0,0,0,0,0,0,0,0,0,0,1,0.020000,0.000000,0.000000,0.000000,0.000000,0.000000,0.000000,0.000000,0.000000,0.000000,0.000000,0.000000,0.000000,0.000000,0.000000,0.000000,0.000000,0.000000,0.000000,0.000000,0.000000
84546,0.853745,-0.023001,0.043902,-0.518327,11.700000,-1.800000,-2.300000,-0.108000,0.315000,-0.958000,23.260584,100268.804688,88.309998,86.180000,2.130000,2.010000,0,1,1,1,3,23,1,23,37.5417725,127.0795331,30.075,0.299000,0.762000,-0.038000,-0.080000,-0.038000,0.100000,1554,1557,1406,1483,1480.000000,1520.000000,1555.500000,1444.500000,-40.000000,111.000000,1500.000000,1,0,1,1,1,0.000000,0.000000,0,1,1,1,1,15003,0.002000,0,0.229789,-0.657743,-1.995334,-0.100957,-0.078724,-0.017265,1,2.670646,-2.670646,-0.076847,0.036422,0.939483,-0.411198,-5.484576,3.603806,-51.047260,-5.484576,3.603806,-51.047260,-0.037054,0.250000,0.625000,2.500000,1.000000,1.000000,0.000231,1,0,1.997054,1.960000,0.053822,0.036163,0.660553,1,1,1,1,1,0.119000,1,0,0,0,0,0,0,0,0,0,0,1,0.020000,0.000000,0.000000,0.000000,0.000000,0.000000,0.000000,0.000000,0.000000,0.000000,0.000000,0.000000,0.000000,0.000000,0.000000,0.000000,0.000000,0.000000,0.000000,0.000000,0.000000
84644,0.853226,-0.022401,0.043801,-0.519216,-23.700001,3.400000,-2.800000,0.040000,0.306000,-1.016000,23.266001,100270.203125,88.189995,86.180000,2.010000,2.030000,13,1,1,1,3,23,1,23,37.5417725,127.0795330,30.074,0.299000,0.762000,-0.019000,-0.061000,-0.028000,0.101000,1564,1571,1388,1477,1476.000000,1524.000000,1567.500000,1432.500000,-48.000000,135.000000,1500.000000,1,0,1,1,1,0.000000,0.000000,0,1,1,1,1,15003,0.001000,0,0.228830,-0.664263,-1.998134,-0.034155,-0.064063,-0.041290,1,2.662410,-2.662410,-0.108987,0.034115,0.772349,-0.287297,-5.056981,3.598741,-51.116684,-5.056981,3.598741,-51.116684,-0.008171,0.250000,0.625000,2.500000,1.000000,1.000000,0.000011,1,0,1.998171,1.990000,0.052623,0.034802,0.659716,1,1,1,1,1,0.123000,1,0,0,0,0,0,0,0,0,0,0,1,0.023000,0.000000,0.000000,0.000000,0.000000,0.000000,0.000000,0.000000,0.000000,0.000000,0.000000,0.000000,0.000000,0.000000,0.000000,0.000000,0.000000,0.000000,0.000000,0.000000,0.000000
84746,0.852884,-0.022402,0.044104,-0.519751,-2.400000,8.800000,-5.700000,0.103000,0.317000,-2.046000,23.265774,100269.898438,88.209999,86.180000,2.030000,2.030000,29,1,1,1,3,23,1,23,37.5417725,127.0795329,30.060,0.299000,0.763000,-0.042000,-0.072000,-0.015000,0.091000,1553,1562,1400,1486,1476.500000,1524.000000,1557.500000,1443.000000,-47.500000,114.500000,1500.000000,1,0,1,1,1,0.000000,0.000000,0,1,1,1,1,15003,0.002000,0,0.225638,-0.672270,-2.002438,-0.050038,-0.070261,-0.064235,1,2.647035,-2.647035,-0.202228,0.034471,0.460290,-1.092504,-5.054966,3.609644,-51.196449,-5.054966,3.609644,-51.196449,-0.013407,0.250000,0.625000,2.500000,1.000000,1.000000,0.000030,1,0,2.003407,1.990000,0.061114,0.162159,0.665683,1,1,1,1,1,0.127000,1,0,0,0,0,0,0,0,0,0,0,1,0.020000,0.000000,0.000000,0.000000,0.000000,0.000000,0.000000,0.000000,0.000000,0.000000,0.000000,0.000000,0.000000,0.000000,0.000000,0.000000,0.000000,0.000000,0.000000,0.000000,0.000000
84865,0.852364,-0.022502,0.044803,-0.520539,1.600000,5.700000,5.100000,0.084000,-0.156000,-0.717000,23.263144,100270.804688,88.139999,86.180000,1.960000,2.010000,0,1,1,1,3,23,1,23,37.5417724,127.0795328,30.057,0.299000,0.763000,-0.049000,-0.070000,-0.021000,0.094000,1555,1567,1396,1482,1475.500000,1524.500000,1561.000000,1439.000000,-49.000000,122.000000,1500.000000,1,0,1,1,1,0.000000,0.000000,0,1,1,1,1,15003,0.010000,0,0.221791,-0.680609,-2.011444,-0.065796,-0.077192,-0.039392,1,2.616684,-2.616684,-0.230865,0.035076,0.219477,1.608209,-5.035522,3.712605,-51.314877,-5.035522,3.712605,-51.314877,-0.027815,0.250000,0.625000,2.500000,1.000000,1.000000,0.000130,1,0,2.007815,1.980000,0.054235,0.083379,0.660841,1,1,1,1,1,0.125000,0,0,0,0,0,0,0,0,0,0,0,1,0.020000,0.000000,0.000000,0.000000,0.000000,0.000000,0.000000,0.000000,0.000000,0.000000,0.000000,0.000000,0.000000,0.000000,0.000000,0.000000,0.000000,0.000000,0.000000,0.000000,0.000000
84961,0.852049,-0.022301,0.045203,-0.521030,-19.700001,1.100000,-4.200000,-0.020000,0.146000,-0.428000,23.260269,100269.304688,88.269997,86.180000,2.090000,2.020000,7,1,1,1,3,23,1,23,37.5417724,127.0795328,30.057,0.299000,0.763000,-0.049000,-0.070000,-0.021000,0.094000,1560,1575,1395,1470,1477.500000,1522.500000,1567.500000,1432.500000,-45.000000,135.000000,1500.000000,1,0,1,1,1,0.000000,0.000000,0,1,1,1,1,15003,0.002000,0,0.212408,-0.690134,-2.002424,-0.118331,-0.111463,0.093954,1,2.602471,-2.602471,-0.104679,0.039346,1.551501,1.074413,-4.962804,3.744670,-51.337147,-4.962804,3.744670,-51.337147,-0.023930,0.250000,0.625000,2.500000,1.000000,1.000000,0.000095,1,0,2.003930,1.980000,0.062954,0.164239,0.666990,1,1,1,1,1,0.125000,0,0,0,0,0,0,0,0,0,0,0,1,0.020000,0.000000,0.000000,0.000000,0.000000,0.000000,0.000000,0.000000,0.000000,0.000000,0.000000,0.000000,0.000000,0.000000,0.000000,0.000000,0.000000,0.000000,0.000000,0.000000,0.000000
85053,0.851467,-0.022802,0.045404,-0.521941,34.200001,-0.900000,1.300000,0.250000,-0.044000,-1.017000,23.258585,100267.804688,88.389999,86.180000,2.210000,2.030000,0,1,1,1,3,23,1,23,37.5417724,127.0795327,30.054,0.299000,0.763000,-0.063000,-0.054000,-0.020000,0.087000,1565,1573,1395,1467,1480.000000,1520.000000,1569.000000,1431.000000,-40.000000,138.000000,1500.000000,1,0,1,1,1,0.000000,0.000000,0,1,1,1,1,15003,0.002000,0,0.208072,-0.694895,-2.002823,-0.096657,-0.084649,0.120225,1,2.599548,-2.599548,0.036383,0.034077,0.934699,1.263718,-5.193626,3.622406,-51.511925,-5.193626,3.622406,-51.511925,-0.013562,0.250000,0.625000,2.500000,1.000000,1.000000,0.000031,1,0,2.003562,1.990000,0.054524,0.075436,0.661042,1,1,1,1,1,0.127000,1,0,0,0,0,0,0,0,0,0,0,1,0.020000,0.000000,0.000000,0.000000,0.000000,0.000000,0.000000,0.000000,0.000000,0.000000,0.000000,0.000000,0.000000,0.000000,0.000000,0.000000,0.000000,0.000000,0.000000,0.000000,0.000000
85153,0.850635,-0.023001,0.045002,-0.523322,-9.700000,-5.700000,-3.500000,0.023000,0.123000,0.106000,23.261759,100269.898438,88.209999,86.180000,2.030000,2.040000,15,1,1,1,3,23,1,23,37.5417723,127.0795326,30.041,0.299000,0.763000,-0.068000,-0.086000,-0.002000,0.090000,1562,1572,1401,1465,1481.500000,1518.500000,1567.000000,1433.000000,-37.000000,134.000000,1500.000000,1,0,1,1,1,0.000000,0.000000,0,1,1,1,1,15003,0.002000,0,0.201206,-0.705013,-2.008485,-0.080590,-0.097672,-0.017729,1,2.606452,-2.606452,0.053037,0.034054,0.775893,-0.617348,-5.095024,3.637497,-51.675053,-5.095024,3.637497,-51.675053,-0.008797,0.250000,0.625000,2.500000,1.000000,1.000000,0.000013,1,0,2.008797,2.000000,0.052454,0.034274,0.659599,1,1,1,1,1,0.123000,1,0,0,0,0,0,0,0,0,0,0,1,0.020000,0.000000,0.000000,0.000000,0.000000,0.000000,0.000000,0.000000,0.000000,0.000000,0.000000,0.000000,0.000000,0.000000,0.000000,0.000000,0.000000,0.000000,0.000000,0.000000,0.000000
85245,0.850162,-0.022502,0.044703,-0.524138,4.100000,6.200000,0.800000,0.037000,0.276000,-1.293000,23.264389,100270.203125,88.189995,86.180000,2.010000,2.030000,21,1,1,1,3,23,1,23,37.5417722,127.0795325,30.046,0.299000,0.763000,-0.078000,-0.057000,-0.012000,0.086000,1548,1566,1405,1481,1476.500000,1523.500000,1557.000000,1443.000000,-47.000000,114.000000,1500.000000,1,0,1,1,1,0.000000,0.000000,0,1,1,1,1,15003,0.002000,0,0.193972,-0.710850,-2.010870,-0.092687,-0.062463,-0.038576,1,2.609445,-2.609445,0.012586,0.033692,0.220340,-0.584489,-5.010796,3.652740,-51.910004,-5.010796,3.652740,-51.910004,-0.019819,0.250000,0.625000,2.500000,1.000000,1.000000,0.000066,1,0,2.009819,1.990000,0.060777,0.160240,0.665443,1,1,1,1,1,0.124000,1,0,0,0,0,0,0,0,0,0,0,1,0.028000,0.000000,0.000000,0.000000,0.000000,0.000000,0.000000,0.000000,0.000000,0.000000,0.000000,0.000000,0.000000,0.000000,0.000000,0.000000,0.000000,0.000000,0.000000,0.000000,0.000000
85344,0.849549,-0.021501,0.045203,-0.525130,6.400000,-2.000000,-8.700000,0.181000,-0.207000,-0.565000,23.266247,100272.000000,88.040001,86.180000,1.860000,2.010000,34,1,1,1,3,23,1,23,37.5417722,127.0795325,30.046,0.299000,0.763000,-0.078000,-0.057000,-0.012000,0.086000,1550,1567,1406,1478,1478.000000,1522.500000,1558.500000,1442.000000,-44.500000,116.500000,1500.000000,1,0,1,1,1,0.000000,0.000000,0,1,1,1,1,15003,0.001000,0,0.184752,-0.717563,-2.008884,-0.103636,-0.088865,0.040826,1,2.612894,-2.612894,0.087806,0.040620,1.592109,1.100897,-5.129725,3.684795,-52.073727,-5.129725,3.684795,-52.073727,-0.041585,0.250000,0.625000,2.500000,1.000000,1.000000,0.000291,1,0,2.011585,1.970000,0.054075,0.081875,0.660729,0,0,0,0,0,0.124000,1,0,0,0,0,0,0,0,0,0,0,1,0.020000,0.000000,0.000000,0.000000,0.000000,0.000000,0.000000,0.000000,0.000000,0.000000,0.000000,0.000000,0.000000,0.000000,0.000000,0.000000,0.000000,0.000000,0.000000,0.000000,0.000000
85454,0.848950,-0.020901,0.045103,-0.526131,24.799999,1.400000,-0.800000,-0.057000,-0.181000,-1.015000,23.257200,100268.000000,88.369995,86.180000,2.190000,2.030000,8,1,1,1,3,23,1,23,37.5417722,127.0795324,30.041,0.299000,0.762000,-0.080000,-0.072000,-0.007000,0.089000,1545,1553,1415,1488,1480.000000,1520.500000,1549.000000,1451.500000,-40.500000,97.500000,1500.000000,1,0,1,1,1,0.000000,0.000000,0,1,1,1,1,15003,0.001000,0,0.174467,-0.726804,-2.007214,-0.129614,-0.102142,0.039818,1,2.626392,-2.626392,0.140882,0.036175,1.272262,-0.365465,-5.050185,3.681678,-52.200970,-5.050185,3.681678,-52.200970,-0.018490,0.250000,0.625000,2.500000,1.000000,1.000000,0.000057,1,0,2.008490,1.990000,0.057880,0.118193,0.663397,1,1,1,1,1,0.134000,1,0,0,0,0,0,0,0,0,0,0,1,0.020000,0.000000,0.000000,0.000000,0.000000,0.000000,0.000000,0.000000,0.000000,0.000000,0.000000,0.000000,0.000000,0.000000,0.000000,0.000000,0.000000,0.000000,0.000000,0.000000,0.000000
85548,0.848488,-0.020602,0.044305,-0.526955,5.900000,-0.900000,-5.400000,-0.071000,-0.086000,-0.546000,23.262424,100269.804688,88.220001,86.180000,2.040000,2.040000,3,1,1,1,3,23,1,23,37.5417721,127.0795323,30.028,0.299000,0.762000,-0.078000,-0.039000,0.000000,0.077000,1551,1567,1407,1475,1479.000000,1521.000000,1559.000000,1441.000000,-42.000000,118.000000,1500.000000,1,0,1,1,1,0.000000,0.000000,0,1,1,1,1,15003,0.002000,0,0.172333,-0.728551,-2.006549,-0.075373,-0.051581,0.074942,1,2.642350,-2.642350,0.210196,0.033889,1.149674,-0.376384,-5.108875,3.597437,-52.313057,-5.108875,3.597437,-52.313057,-0.006924,0.250000,0.625000,2.500000,1.000000,1.000000,0.000008,1,0,2.006924,2.000000,0.054222,0.093360,0.660831,1,1,1,1,1,0.117000,0,0,0,0,0,0,0,0,0,0,0,1,0.020000,0.000000,0.000000,0.000000,0.000000,0.000000,0.000000,0.000000,0.000000,0.000000,0.000000,0.000000,0.000000,0.000000,0.000000,0.000000,0.000000,0.000000,0.000000,0.000000,0.000000
85643,0.848098,-0.020302,0.043505,-0.527661,13.000000,-6.700000,-0.900000,0.034000,0.013000,-0.491000,23.258797,100269.101563,88.279999,86.180000,2.100000,2.050000,13,1,1,1,3,23,1,23,37.5417720,127.0795322,30.027,0.299000,0.762000,-0.092000,-0.050000,0.003000,0.081000,1550,1558,1415,1477,1482.500000,1517.500000,1554.000000,1446.000000,-35.000000,108.000000,1500.000000,1,0,1,1,1,0.000000,0.000000,0,1,1,1,1,15003,0.002000,0,0.161501,-0.736007,-2.012056,-0.108238,-0.068065,0.043517,1,2.666381,-2.666381,0.297131,0.033586,0.777371,3.151858,-5.080117,3.426461,-52.416985,-5.080117,3.426461,-52.416985,-0.002502,0.250000,0.625000,2.500000,1.000000,1.000000,0.000001,1,0,2.012502,2.010000,0.051644,0.035598,0.659035,1,1,1,1,1,0.123000,1,0,0,0,0,0,0,0,0,0,0,1,0.023000,0.000000,0.000000,0.000000,0.000000,0.000000,0.000000,0.000000,0.000000,0.000000,0.000000,0.000000,0.000000,0.000000,0.000000,0.000000,0.000000,0.000000,0.000000,0.000000,0.000000
85746,0.847663,-0.019901,0.042703,-0.528439,6.700000,2.900000,-5.900000,0.085000,0.065000,-2.017000,23.260006,100271.101563,88.110001,86.180000,1.930000,2.050000,30,1,1,1,3,24,1,24,37.5417720,127.0795322,30.008,0.299000,0.762000,-0.089000,-0.038000,0.018000,0.075000,1541,1559,1417,1483,1479.000000,1521.000000,1550.000000,1450.000000,-42.000000,100.000000,1500.000000,1,0,1,1,1,0.000000,0.000000,0,1,1,1,1,15003,0.002000,0,0.153163,-0.741207,-2.008497,-0.089055,-0.045223,0.005568,1,2.697112,-2.697112,0.249895,0.034163,0.484958,-1.521333,-5.142640,3.370926,-52.538815,-5.142640,3.370926,-52.538815,0.002151,0.250000,0.625000,2.500000,1.000000,1.000000,0.000001,1,0,2.007849,2.010000,0.060340,0.161719,0.665134,1,1,1,1,1,0.128000,1,0,0,0,0,0,0,0,0,0,0,1,0.020000,0.000000,0.000000,0.000000,0.000000,0.000000,0.000000,0.000000,0.000000,0.000000,0.000000,0.000000,0.000000,0.000000,0.000000,0.000000,0.000000,0.000000,0.000000,0.000000,0.000000
85865,0.847299,-0.020402,0.043205,-0.528962,-0.600000,0.500000,3.100000,0.076000,-0.196000,-0.659000,23.256866,100269.398438,88.259995,86.180000,2.080000,2.030000,0,1,1,1,3,24,1,24,37.5417719,127.0795321,29.998,0.299000,0.761000,-0.079000,-0.031000,0.019000,0.074000,1551,1566,1407,1476,1479.000000,1521.000000,1558.500000,1441.500000,-42.000000,117.000000,1500.000000,1,0,1,1,1,0.000000,0.000000,0,1,1,1,1,15003,0.009000,0,0.144585,-0.746750,-2.007104,-0.097875,-0.040289,0.024931,1,2.717583,-2.717583,0.138702,0.034931,0.219838,1.226307,-5.448310,3.387835,-52.793251,-5.448310,3.387835,-52.793251,-0.020877,0.250000,0.625000,2.500000,1.000000,1.000000,0.000073,1,0,2.010877,1.990000,0.053658,0.082080,0.660438,1,1,1,1,1,0.125000,0,0,0,0,0,0,0,0,0,0,0,1,0.020000,0.000000,0.000000,0.000000,0.000000,0.000000,0.000000,0.000000,0.000000,0.000000,0.000000,0.000000,0.000000,0.000000,0.000000,0.000000,0.000000,0.000000,0.000000,0.000000,0.000000
85961,0.846872,-0.019302,0.042504,-0.529745,7.200000,-3.200000,2.700000,-0.140000,-0.242000,0.072000,23.258621,100269.304688,88.269997,86.180000,2.090000,2.040000,7,1,1,1,3,24,1,24,37.5417719,127.0795321,29.998,0.299000,0.761000,-0.079000,-0.031000,0.019000,0.074000,1550,1559,1413,1478,1481.500000,1518.500000,1554.500000,1445.500000,-37.000000,109.000000,1500.000000,1,0,1,1,1,0.000000,0.000000,0,1,1,1,1,15003,0.002000,0,0.134202,-0.750884,-1.999109,-0.125876,-0.047807,0.090757,1,2.734045,-2.734045,0.203476,0.039260,1.551785,0.541615,-5.014769,3.389944,-52.875618,-5.014769,3.389944,-52.875618,0.000951,0.250000,0.625000,2.500000,1.000000,1.000000,0.000000,1,0,1.999049,2.000000,0.062816,0.164420,0.666891,1,1,1,1,1,0.125000,0,0,0,0,0,0,0,0,0,0,0,1,0.020000,0.000000,0.000000,0.000000,0.000000,0.000000,0.000000,0.000000,0.000000,0.000000,0.000000,0.000000,0.000000,0.000000,0.000000,0.000000,0.000000,0.000000,0.000000,0.000000,0.000000
86056,0.846108,-0.020000,0.042900,-0.530905,-1.200000,0.100000,1.300000,0.276000,0.220000,-1.465000,23.260496,100270.203125,88.189995,86.180000,2.010000,2.040000,3,1,1,1,3,24,1,24,37.5417718,127.0795320,29.985,0.299000,0.761000,-0.087000,-0.029000,0.025000,0.072000,1545,1558,1414,1483,1479.500000,1520.500000,1551.500000,1448.500000,-41.000000,103.000000,1500.000000,1,0,1,1,1,0.000000,0.000000,0,1,1,1,1,15003,0.002000,0,0.128967,-0.754057,-1.997973,-0.104956,-0.052503,0.056659,1,2.750652,-2.750652,0.186353,0.034004,0.934695,0.562878,-5.155243,3.314402,-53.061096,-5.155243,3.314402,-53.061096,0.002144,0.250000,0.625000,2.500000,1.000000,1.000000,0.000001,1,0,1.997856,2.000000,0.054407,0.075468,0.660961,1,1,1,1,1,0.124000,1,0,0,0,0,0,0,0,0,0,0,1,0.020000,0.000000,0.000000,0.000000,0.000000,0.000000,0.000000,0.000000,0.000000,0.000000,0.000000,0.000000,0.000000,0.000000,0.000000,0.000000,0.000000,0.000000,0.000000,0.000000,0.000000
86150,0.845543,-0.019501,0.041602,-0.531927,-2.200000,-3.800000,-8.200000,0.103000,0.150000,-0.850000,23.260111,100270.101563,88.199997,86.180000,2.020000,2.040000,12,1,1,1,3,24,1,24,37.5417718,127.0795320,29.964,0.299000,0.761000,-0.059000,-0.010000,0.032000,0.072000,1554,1566,1411,1469,1482.500000,1517.500000,1560.000000,1440.000000,-35.000000,120.000000,1500.000000,1,0,1,1,1,0.000000,0.000000,0,1,1,1,1,15003,0.005000,0,0.127572,-0.754308,-1.994748,-0.066113,-0.024164,0.037520,1,2.770568,-2.770568,0.186385,0.033997,0.775892,-1.568171,-4.828065,3.235476,-53.183514,-4.828065,3.235476,-53.183514,0.005062,0.250000,0.625000,2.500000,1.000000,1.000000,0.000004,1,0,1.994938,2.000000,0.052363,0.034283,0.659536,1,1,1,1,1,0.125000,1,0,0,0,0,0,0,0,0,0,0,1,0.020000,0.000000,0.000000,0.000000,0.000000,0.000000,0.000000,0.000000,0.000000,0.000000,0.000000,0.000000,0.000000,0.000000,0.000000,0.000000,0.000000,0.000000,0.000000,0.000000,0.000000
86246,0.845099,-0.019702,0.041105,-0.532663,-15.699999,4.300000,-8.400000,0.080000,0.405000,-2.064000,23.260969,100269.000000,88.290001,86.180000,2.110000,2.050000,22,1,1,1,3,24,1,24,37.5417718,127.0795320,29.945,0.299000,0.761000,-0.047000,0.003000,0.040000,0.077000,1548,1567,1411,1474,1479.500000,1520.500000,1557.500000,1442.500000,-41.000000,115.000000,1500.000000,1,0,1,1,1,0.000000,0.000000,0,1,1,1,1,15003,0.001000,0,0.125298,-0.754960,-1.991148,-0.043378,0.001059,0.076983,1,2.785854,-2.785854,0.167177,0.033648,0.220340,3.028994,-5.102675,3.090609,-53.359505,-5.102675,3.090609,-53.359505,0.016023,0.250000,0.625000,2.500000,1.000000,1.000000,0.000043,1,0,1.993977,2.010000,0.060707,0.160267,0.665394,1,1,1,1,1,0.129000,1,0,0,0,0,0,0,0,0,0,0,1,0.020000,0.000000,0.000000,0.000000,0.000000,0.000000,0.000000,0.000000,0.000000,0.000000,0.000000,0.000000,0.000000,0.000000,0.000000,0.000000,0.000000,0.000000,0.000000,0.000000,0.000000
86353,0.844857,-0.018701,0.040403,-0.533136,30.899998,3.700000,4.100000,0.235000,0.327000,-0.942000,23.256306,100269.000000,88.290001,86.180000,2.110000,2.060000,0,1,1,1,3,24,1,24,37.5417718,127.0795320,29.945,0.299000,0.761000,-0.047000,0.003000,0.040000,0.077000,1535,1550,1419,1496,1477.000000,1523.000000,1542.500000,1457.500000,-46.000000,85.000000,1500.000000,1,0,1,1,1,0.000000,0.000000,0,1,1,1,1,15003,0.002000,0,0.121511,-0.754535,-1.976805,-0.018587,0.013267,0.231080,1,2.812619,-2.812619,0.324178,0.040586,1.592099,1.116414,-4.998417,3.019352,-53.465275,-4.998417,3.019352,-53.465275,0.026140,0.250000,0.625000,2.500000,1.000000,1.000000,0.000115,1,0,1.983860,2.010000,0.054019,0.081885,0.660690,0,0,0,0,0,0.129000,1,0,0,0,0,0,0,0,0,0,0,1,0.021000,0.000000,0.000000,0.000000,0.000000,0.000000,0.000000,0.000000,0.000000,0.000000,0.000000,0.000000,0.000000,0.000000,0.000000,0.000000,0.000000,0.000000,0.000000,0.000000,0.000000
86446,0.844815,-0.017400,0.040901,-0.533209,8.200000,3.700000,-6.000000,-0.042000,0.076000,-0.999000,23.262373,100271.398438,88.089996,86.180000,1.910000,2.040000,0,1,1,1,3,25,1,25,37.5417717,127.0795320,29.949,0.299000,0.761000,-0.053000,-0.018000,0.037000,0.080000,1547,1559,1414,1481,1480.500000,1520.000000,1553.000000,1447.500000,-39.500000,105.500000,1500.000000,1,0,1,1,1,0.000000,0.000000,0,1,1,1,1,15003,0.002000,0,0.118935,-0.756513,-1.989340,-0.003233,0.008354,0.036307,1,2.841861,-2.841861,0.319885,0.038371,1.281577,-0.478481,-4.881708,3.208126,-53.514153,-4.881708,3.208126,-53.514153,0.030264,0.250000,0.625000,2.500000,1.000000,1.000000,0.000154,1,0,1.989736,2.020000,0.052071,0.034988,0.659332,1,1,1,1,1,0.134000,1,0,0,0,0,0,0,0,0,0,0,1,0.020000,0.000000,0.000000,0.000000,0.000000,0.000000,0.000000,0.000000,0.000000,0.000000,0.000000,0.000000,0.000000,0.000000,0.000000,0.000000,0.000000,0.000000,0.000000,0.000000,0.000000
86550,0.844757,-0.017901,0.042803,-0.533136,-0.200000,5.100000,-4.400000,0.019000,0.002000,-1.470000,23.261654,100270.101563,88.199997,86.180000,2.020000,2.030000,1,1,1,1,3,24,1,24,37.5417717,127.0795319,29.945,0.299000,0.761000,-0.039000,-0.012000,0.041000,0.088000,1551,1569,1402,1479,1476.500000,1524.000000,1560.000000,1440.500000,-47.500000,119.500000,1500.000000,1,0,1,1,1,0.000000,0.000000,0,1,1,1,1,15003,0.001000,0,0.115486,-0.759096,-1.986442,-0.093074,-0.025187,0.011570,1,2.873991,-2.873991,0.274251,0.036306,0.937857,-0.933605,-4.656555,3.339990,-53.549976,-4.656555,3.339990,-53.549976,0.002378,0.250000,0.625000,2.500000,1.000000,1.000000,0.000001,1,0,1.987622,1.990000,0.053716,0.035215,0.660478,1,1,1,1,1,0.119000,1,0,0,0,0,0,0,0,0,0,0,1,0.020000,0.000000,0.000000,0.000000,0.000000,0.000000,0.000000,0.000000,0.000000,0.000000,0.000000,0.000000,0.000000,0.000000,0.000000,0.000000,0.000000,0.000000,0.000000,0.000000,0.000000
86650,0.844614,-0.017602,0.042806,-0.533372,-0.300000,4.200000,-3.400000,0.070000,0.244000,-2.107000,23.257656,100270.898438,88.129997,86.180000,1.950000,2.010000,12,1,1,1,3,25,1,25,37.5417717,127.0795319,29.946,0.299000,0.760000,-0.020000,0.003000,0.043000,0.102000,1545,1564,1410,1482,1477.500000,1523.000000,1554.500000,1446.000000,-45.500000,108.500000,1500.000000,1,0,1,1,1,0.000000,0.000000,0,1,1,1,1,15003,0.005000,0,0.116295,-0.759151,-1.984014,-0.007220,-0.001127,0.002124,1,2.900069,-2.900069,0.237126,0.033575,0.720685,-1.173530,-4.647357,3.325390,-53.607037,-4.647357,3.325390,-53.607037,-0.014863,0.250000,0.625000,2.500000,1.000000,1.000000,0.000037,1,0,1.984863,1.970000,0.051937,0.033671,0.659239,1,1,1,1,1,0.120000,1,0,0,0,0,0,0,0,0,0,0,1,0.020000,0.000000,0.000000,0.000000,0.000000,0.000000,0.000000,0.000000,0.000000,0.000000,0.000000,0.000000,0.000000,0.000000,0.000000,0.000000,0.000000,0.000000,0.000000,0.000000,0.000000
86748,0.844565,-0.017201,0.041803,-0.533541,-5.800000,-5.800000,0.600000,-0.094000,0.105000,0.098000,23.254168,100268.101563,88.369995,86.180000,2.190000,2.030000,24,1,1,1,3,26,1,26,37.5417716,127.0795319,29.972,0.298000,0.758000,-0.024000,0.013000,0.036000,0.084000,1557,1562,1408,1472,1482.500000,1517.000000,1559.500000,1440.000000,-34.500000,119.500000,1500.000000,1,0,1,1,1,0.000000,0.000000,0,1,1,1,1,15003,0.002000,0,0.115372,-0.758933,-1.979979,-0.010265,0.018726,0.020866,1,2.919652,-2.919652,0.149686,0.033243,0.219588,-1.290801,-4.619299,3.256680,-53.681522,-4.619299,3.256680,-53.681522,0.004491,0.250000,0.625000,2.500000,1.000000,1.000000,0.000003,1,0,1.985509,1.990000,0.059513,0.152264,0.664549,1,1,1,1,1,0.128000,0,0,0,0,0,0,0,0,0,0,0,1,0.028000,0.000000,0.000000,0.000000,0.000000,0.000000,0.000000,0.000000,0.000000,0.000000,0.000000,0.000000,0.000000,0.000000,0.000000,0.000000,0.000000,0.000000,0.000000,0.000000,0.000000
86844,0.844705,-0.016702,0.041405,-0.533366,1.300000,-0.900000,-6.700000,0.072000,0.396000,-0.651000,23.258305,100269.101563,88.279999,86.180000,2.100000,2.040000,34,1,1,1,3,26,1,26,37.5417716,127.0795319,29.972,0.298000,0.758000,-0.024000,0.013000,0.036000,0.084000,1550,1562,1408,1480,1479.000000,1521.000000,1556.000000,1444.000000,-42.000000,112.000000,1500.000000,1,0,1,1,1,0.000000,0.000000,0,1,1,1,1,15003,0.001000,0,0.115486,-0.756080,-1.978070,-0.004464,0.022285,0.073299,1,2.935432,-2.935432,0.204224,0.040198,1.591419,1.067673,-4.757693,3.182664,-53.737625,-4.757693,3.182664,-53.737625,0.021315,0.250000,0.625000,2.500000,1.000000,1.000000,0.000076,1,0,1.978685,2.000000,0.053442,0.081425,0.660287,0,0,0,0,0,0.128000,0,0,0,0,0,0,0,0,0,0,0,1,0.020000,0.000000,0.000000,0.000000,0.000000,0.000000,0.000000,0.000000,0.000000,0.000000,0.000000,0.000000,0.000000,0.000000,0.000000,0.000000,0.000000,0.000000,0.000000,0.000000,0.000000
86951,0.845051,-0.016501,0.041303,-0.532832,-2.100000,-4.200000,5.900000,0.342000,0.214000,-0.951000,23.256008,100269.101563,88.279999,86.180000,2.100000,2.040000,0,1,1,1,3,26,1,26,37.5417716,127.0795320,30.014,0.298000,0.755000,-0.014000,0.017000,0.014000,0.070000,1555,1555,1407,1483,1481.000000,1519.000000,1555.000000,1445.000000,-38.000000,110.000000,1500.000000,1,0,1,1,1,0.000000,0.000000,0,1,1,1,1,15003,0.002000,0,0.119009,-0.750863,-1.982257,0.007998,0.067619,0.004301,1,2.960160,-2.960160,0.202514,0.038062,1.254857,-0.702282,-4.503115,3.192770,-53.635838,-4.503115,3.192770,-53.635838,0.006711,0.250000,0.625000,2.500000,1.000000,1.000000,0.000008,1,0,1.983289,1.990000,0.051873,0.035924,0.659195,1,1,1,1,1,0.129000,1,0,0,0,0,0,0,0,0,0,0,1,0.020000,0.000000,0.000000,0.000000,0.000000,0.000000,0.000000,0.000000,0.000000,0.000000,0.000000,0.000000,0.000000,0.000000,0.000000,0.000000,0.000000,0.000000,0.000000,0.000000,0.000000
87056,0.845348,-0.016501,0.041702,-0.532330,3.200000,3.800000,-3.300000,0.081000,0.050000,-1.433000,23.256359,100267.703125,88.400002,86.180000,2.220000,2.060000,0,1,1,1,3,26,1,26,37.5417716,127.0795320,30.034,0.298000,0.753000,-0.004000,0.027000,0.017000,0.078000,1545,1559,1406,1489,1475.500000,1524.000000,1552.000000,1447.500000,-48.500000,104.500000,1500.000000,1,0,1,1,1,0.000000,0.000000,0,1,1,1,1,15003,0.002000,0,0.122821,-0.748156,-1.981095,0.016214,0.049131,0.121366,1,2.986768,-2.986768,0.318649,0.036107,0.937430,0.848074,-4.193140,3.143235,-53.542355,-4.193140,3.143235,-53.542355,0.014757,0.250000,0.625000,2.500000,1.000000,1.000000,0.000037,1,0,1.985243,2.000000,0.053409,0.035089,0.660264,1,1,1,1,1,0.123000,1,0,0,0,0,0,0,0,0,0,0,1,0.020000,0.000000,0.000000,0.000000,0.000000,0.000000,0.000000,0.000000,0.000000,0.000000,0.000000,0.000000,0.000000,0.000000,0.000000,0.000000,0.000000,0.000000,0.000000,0.000000,0.000000
87153,0.845978,-0.017102,0.041204,-0.531349,24.400000,5.800000,4.800000,-0.248000,-0.071000,-1.374000,23.253273,100268.804688,88.309998,86.180000,2.130000,2.080000,3,1,1,1,3,26,1,26,37.5417715,127.0795320,30.066,0.297000,0.751000,0.007000,0.022000,0.010000,0.081000,1556,1565,1397,1483,1476.500000,1524.000000,1560.500000,1440.000000,-47.500000,120.500000,1500.000000,1,0,1,1,1,0.000000,0.000000,0,1,1,1,1,15003,0.001000,0,0.123222,-0.746675,-1.990518,-0.002447,0.025801,0.016247,1,3.014331,-3.014331,0.283685,0.033510,0.695950,0.986733,-4.461174,3.016938,-53.467342,-4.461174,3.016938,-53.467342,0.052286,0.250000,0.625000,2.500000,1.000000,1.000000,0.000460,1,0,1.987714,2.040000,0.053615,0.051204,0.660408,1,1,1,1,1,0.122000,1,0,0,0,0,0,0,0,0,0,0,1,0.020000,0.000000,0.000000,0.000000,0.000000,0.000000,0.000000,0.000000,0.000000,0.000000,0.000000,0.000000,0.000000,0.000000,0.000000,0.000000,0.000000,0.000000,0.000000,0.000000,0.000000
87258,0.846487,-0.017302,0.040904,-0.530554,23.900000,-8.700000,5.300000,-0.067000,-0.516000,-0.333000,23.260881,100271.203125,88.099998,86.180000,1.920000,2.050000,0,1,1,1,3,26,1,26,37.5417715,127.0795321,30.089,0.297000,0.749000,0.017000,0.035000,0.007000,0.081000,1554,1538,1414,1494,1484.000000,1516.000000,1546.000000,1454.000000,-32.000000,92.000000,1500.000000,1,0,1,1,1,0.000000,0.000000,0,1,1,1,1,15003,0.002000,0,0.124371,-0.743052,-1.994882,0.022371,0.022734,0.010641,1,3.049988,-3.049988,0.336218,0.034984,0.456961,0.254094,-4.442650,2.932281,-53.337189,-4.442650,2.932281,-53.337189,0.032148,0.250000,0.625000,2.500000,1.000000,1.000000,0.000173,1,0,1.987852,2.020000,0.056495,0.104828,0.662423,1,1,1,1,1,0.124000,0,0,0,0,0,0,0,0,0,0,0,1,0.022000,0.000000,0.000000,0.000000,0.000000,0.000000,0.000000,0.000000,0.000000,0.000000,0.000000,0.000000,0.000000,0.000000,0.000000,0.000000,0.000000,0.000000,0.000000,0.000000,0.000000
87353,0.846764,-0.017401,0.040503,-0.530140,4.900000,-4.600000,0.500000,0.105000,0.533000,-0.884000,23.257603,100270.500000,88.159996,86.180000,1.980000,2.040000,8,1,1,1,3,26,1,26,37.5417715,127.0795321,30.089,0.297000,0.749000,0.017000,0.035000,0.007000,0.081000,1557,1554,1408,1481,1482.500000,1517.500000,1555.500000,1444.500000,-35.000000,111.000000,1500.000000,1,0,1,1,1,0.000000,0.000000,0,1,1,1,1,15003,0.002000,0,0.126755,-0.740830,-1.995490,0.028242,0.038371,0.047855,1,3.080030,-3.080030,0.375955,0.041290,1.678206,0.592155,-4.489724,2.857752,-53.299137,-4.489724,2.857752,-53.299137,0.004829,0.250000,0.625000,2.500000,1.000000,1.000000,0.000004,1,0,1.995171,2.000000,0.066064,0.192362,0.669211,0,0,0,0,0,0.124000,0,0,0,0,0,0,0,0,0,0,0,1,0.020000,0.000000,0.000000,0.000000,0.000000,0.000000,0.000000,0.000000,0.000000,0.000000,0.000000,0.000000,0.000000,0.000000,0.000000,0.000000,0.000000,0.000000,0.000000,0.000000,0.000000
87454,0.847267,-0.017901,0.040203,-0.529342,12.300000,0.700000,1.300000,0.004000,0.636000,-1.418000,23.257936,100270.304688,88.180000,86.180000,2.000000,2.040000,16,1,1,1,3,26,1,26,37.5417716,127.0795321,30.105,0.297000,0.747000,0.023000,0.033000,0.003000,0.081000,1553,1549,1406,1492,1479.500000,1520.500000,1551.000000,1449.000000,-41.000000,102.000000,1500.000000,1,0,1,1,1,0.000000,0.000000,0,1,1,1,1,15003,0.001000,0,0.129433,-0.739731,-1.999815,0.043432,0.013879,0.033713,1,3.123793,-3.123793,0.421016,0.036944,1.176173,-1.034915,-4.505505,2.798281,-53.191139,-4.505505,2.798281,-53.191139,-0.000418,0.250000,0.625000,2.500000,1.000000,1.000000,0.000000,1,0,2.000418,2.000000,0.055378,0.077374,0.661640,1,1,1,1,1,0.138000,1,0,0,0,0,0,0,0,0,0,0,1,0.020000,0.000000,0.000000,0.000000,0.000000,0.000000,0.000000,0.000000,0.000000,0.000000,0.000000,0.000000,0.000000,0.000000,0.000000,0.000000,0.000000,0.000000,0.000000,0.000000,0.000000
87544,0.847850,-0.018101,0.039802,-0.528431,10.800000,2.200000,3.400000,-0.060000,0.333000,-1.146000,23.259953,100270.101563,88.199997,86.180000,2.020000,2.030000,20,1,1,1,3,26,1,26,37.5417716,127.0795322,30.136,0.296000,0.746000,0.033000,0.051000,-0.020000,0.087000,1553,1548,1407,1492,1480.000000,1520.000000,1550.500000,1449.500000,-40.000000,101.000000,1500.000000,1,0,1,1,1,0.000000,0.000000,0,1,1,1,1,15003,0.002000,0,0.132592,-0.734403,-2.009284,0.069683,0.048551,-0.099321,1,3.159204,-3.159204,0.337112,0.033945,0.773508,-0.984743,-4.522576,2.755926,-53.142853,-4.522576,2.755926,-53.142853,-0.018555,0.250000,0.625000,2.500000,1.000000,1.000000,0.000058,1,0,2.008555,1.990000,0.052301,0.033864,0.659492,1,1,1,1,1,0.115000,1,0,0,0,0,0,0,0,0,0,0,1,0.023000,0.000000,0.000000,0.000000,0.000000,0.000000,0.000000,0.000000,0.000000,0.000000,0.000000,0.000000,0.000000,0.000000,0.000000,0.000000,0.000000,0.000000,0.000000,0.000000,0.000000
87666,0.848641,-0.017701,0.039102,-0.527225,24.700001,-0.400000,5.500000,-0.081000,-0.256000,-0.858000,23.255499,100270.304688,88.180000,86.180000,2.000000,2.040000,0,1,1,1,3,26,1,26,37.5417717,127.0795322,30.146,0.296000,0.744000,0.044000,0.043000,-0.020000,0.082000,1551,1540,1407,1502,1479.000000,1521.000000,1545.500000,1454.500000,-42.000000,91.000000,1500.000000,1,0,1,1,1,0.000000,0.000000,0,1,1,1,1,15003,0.005000,0,0.139859,-0.729069,-2.019240,0.074721,0.049823,-0.145475,1,3.192340,-3.192340,0.188451,0.036114,1.156428,1.396227,-4.806980,2.763703,-52.980858,-4.806980,2.763703,-52.980858,-0.014313,0.250000,0.625000,2.500000,1.000000,1.000000,0.000035,1,0,2.014313,2.000000,0.052351,0.039593,0.659527,1,1,1,1,1,0.124000,1,0,0,0,0,0,0,0,0,0,0,1,0.020000,0.000000,0.000000,0.000000,0.000000,0.000000,0.000000,0.000000,0.000000,0.000000,0.000000,0.000000,0.000000,0.000000,0.000000,0.000000,0.000000,0.000000,0.000000,0.000000,0.000000
87756,0.849383,-0.018002,0.040004,-0.525951,-0.400000,4.100000,-0.700000,-0.100000,0.241000,-1.183000,23.256903,100270.398438,88.169998,86.180000,1.990000,2.030000,3,1,1,1,3,26,1,26,37.5417717,127.0795323,30.161,0.296000,0.743000,0.063000,0.062000,-0.019000,0.078000,1555,1556,1398,1491,1476.500000,1523.500000,1555.500000,1444.500000,-47.000000,111.000000,1500.000000,1,0,1,1,1,0.000000,0.000000,0,1,1,1,1,15003,0.002000,0,0.146316,-0.723527,-2.023330,0.052576,0.051382,-0.118044,1,3.209208,-3.209208,0.133380,0.032373,0.536545,-2.589601,-5.067237,2.909957,-52.854198,-5.067237,2.909957,-52.854198,-0.035151,0.250000,0.625000,2.500000,1.000000,1.000000,0.000208,1,0,2.025151,1.990000,0.051796,0.038389,0.659141,1,1,1,1,1,0.124000,1,0,0,0,0,0,0,0,0,0,0,1,0.024000,0.000000,0.000000,0.000000,0.000000,0.000000,0.000000,0.000000,0.000000,0.000000,0.000000,0.000000,0.000000,0.000000,0.000000,0.000000,0.000000,0.000000,0.000000,0.000000,0.000000
87850,0.850489,-0.017902,0.040104,-0.524155,26.400000,-2.600000,6.300000,-0.007000,-0.418000,-1.524000,23.251747,100269.398438,88.259995,86.180000,2.080000,2.030000,12,1,1,1,3,26,1,26,37.5417717,127.0795323,30.161,0.296000,0.743000,0.063000,0.062000,-0.019000,0.078000,1555,1537,1407,1502,1481.000000,1519.500000,1546.000000,1454.500000,-38.500000,91.500000,1500.000000,1,0,1,1,1,0.000000,0.000000,0,1,1,1,1,15003,0.005000,0,0.151396,-0.719428,-2.033147,0.056412,0.044318,-0.158786,1,3.218781,-3.218781,0.082371,0.041948,1.739932,2.745694,-5.015558,2.976933,-52.627281,-5.015558,2.976933,-52.627281,-0.043897,0.250000,0.625000,2.500000,1.000000,1.000000,0.000322,1,0,2.033897,1.990000,0.059832,0.157166,0.664775,0,0,0,0,0,0.124000,1,0,0,0,0,0,0,0,0,0,0,1,0.020000,0.000000,0.000000,0.000000,0.000000,0.000000,0.000000,0.000000,0.000000,0.000000,0.000000,0.000000,0.000000,0.000000,0.000000,0.000000,0.000000,0.000000,0.000000,0.000000,0.000000
87955,0.851182,-0.019702,0.040304,-0.522950,27.400000,2.100000,3.700000,-0.064000,0.400000,-1.677000,23.254499,100269.203125,88.269997,86.180000,2.090000,2.040000,31,1,1,1,3,26,1,26,37.5417718,127.0795323,30.168,0.296000,0.741000,0.055000,0.039000,-0.025000,0.076000,1552,1535,1412,1501,1482.000000,1518.000000,1543.500000,1456.500000,-36.000000,87.000000,1500.000000,1,0,1,1,1,0.000000,0.000000,0,1,1,1,1,15003,0.005000,0,0.154288,-0.718045,-2.027900,0.014420,0.022111,-0.008852,1,3.233791,-3.233791,0.135204,0.039800,1.564040,-2.152409,-4.839490,2.878699,-52.373146,-4.839490,2.878699,-52.373146,-0.029731,0.250000,0.625000,2.500000,1.000000,1.000000,0.000149,1,0,2.029731,2.000000,0.053173,0.084758,0.660099,1,1,1,1,1,0.124000,0,0,0,0,0,0,0,0,0,0,0,1,0.020000,0.000000,0.000000,0.000000,0.000000,0.000000,0.000000,0.000000,0.000000,0.000000,0.000000,0.000000,0.000000,0.000000,0.000000,0.000000,0.000000,0.000000,0.000000,0.000000,0.000000
88044,0.851881,-0.019902,0.039704,-0.521849,14.300000,1.300000,-0.200000,0.119000,0.046000,-1.084000,23.258270,100271.601563,88.070000,86.180000,1.890000,2.030000,34,1,1,1,3,25,1,25,37.5417719,127.0795324,30.179,0.295000,0.739000,0.064000,0.037000,-0.028000,0.074000,1554,1547,1407,1492,1480.500000,1519.500000,1550.500000,1449.500000,-39.000000,101.000000,1500.000000,1,0,1,1,1,0.000000,0.000000,0,1,1,1,1,15003,0.001000,0,0.165341,-0.713852,-2.030313,0.047659,0.024127,-0.052574,1,3.241429,-3.241429,0.061987,0.035152,1.041125,-0.577731,-4.569857,2.852493,-52.177040,-4.569857,2.852493,-52.177040,-0.040931,0.250000,0.625000,2.500000,1.000000,1.000000,0.000283,1,0,2.030931,1.990000,0.051152,0.035063,0.658693,1,1,1,1,1,0.125000,1,0,0,0,0,0,0,0,0,0,0,1,0.020000,0.000000,0.000000,0.000000,0.000000,0.000000,0.000000,0.000000,0.000000,0.000000,0.000000,0.000000,0.000000,0.000000,0.000000,0.000000,0.000000,0.000000,0.000000,0.000000,0.000000
88147,0.852436,-0.020401,0.039702,-0.520922,11.200000,0.100000,-3.400000,-0.048000,0.431000,-0.933000,23.253607,100269.500000,88.250000,86.180000,2.070000,2.030000,0,1,1,1,3,25,1,25,37.5417720,127.0795324,30.185,0.295000,0.738000,0.094000,0.044000,-0.018000,0.070000,1555,1547,1406,1492,1480.500000,1519.500000,1551.000000,1449.000000,-39.000000,102.000000,1500.000000,1,0,1,1,1,0.000000,0.000000,0,1,1,1,1,15003,0.005000,0,0.176104,-0.710427,-2.029262,0.112176,0.041309,-0.023616,1,3.241900,-3.241900,-0.012778,0.035050,0.700679,-0.526091,-4.476230,2.810265,-52.051121,-4.476230,2.810265,-52.051121,-0.052871,0.250000,0.625000,2.500000,1.000000,1.000000,0.000467,1,0,2.032871,1.980000,0.060505,0.166811,0.665251,1,1,1,1,1,0.125000,0,0,0,0,0,0,0,0,0,0,0,1,0.020000,0.000000,0.000000,0.000000,0.000000,0.000000,0.000000,0.000000,0.000000,0.000000,0.000000,0.000000,0.000000,0.000000,0.000000,0.000000,0.000000,0.000000,0.000000,0.000000,0.000000
88260,0.853160,-0.020401,0.039703,-0.519736,-13.500000,-1.100000,5.700000,0.286000,0.019000,-1.335000,23.253588,100269.898438,88.209999,86.180000,2.030000,2.040000,1,1,1,1,3,25,1,25,37.5417721,127.0795324,30.193,0.295000,0.737000,0.083000,0.040000,-0.019000,0.069000,1569,1557,1388,1485,1478.500000,1521.000000,1563.000000,1436.500000,-42.500000,126.500000,1500.000000,1,0,1,1,1,0.000000,0.000000,0,1,1,1,1,15003,0.002000,0,0.187989,-0.706160,-2.032436,0.109923,0.051067,-0.088898,1,3.241071,-3.241071,-0.078365,0.034782,0.481604,-1.985764,-4.115589,2.834707,-51.893906,-4.115589,2.834707,-51.893906,-0.027487,0.250000,0.625000,2.500000,1.000000,1.000000,0.000127,1,0,2.027487,2.000000,0.056154,0.106492,0.662184,1,1,1,1,1,0.126000,1,0,0,0,0,0,0,0,0,0,0,1,0.025000,0.000000,0.000000,0.000000,0.000000,0.000000,0.000000,0.000000,0.000000,0.000000,0.000000,0.000000,0.000000,0.000000,0.000000,0.000000,0.000000,0.000000,0.000000,0.000000,0.000000
88349,0.853631,-0.020701,0.040101,-0.518919,-26.400000,-4.100000,-2.100000,0.120000,0.251000,-0.530000,23.253220,100270.398438,88.169998,86.180000,1.990000,2.030000,4,1,1,1,3,25,1,25,37.5417721,127.0795324,30.193,0.295000,0.737000,0.083000,0.040000,-0.019000,0.069000,1572,1564,1390,1473,1481.000000,1518.500000,1568.000000,1431.500000,-37.500000,136.500000,1500.000000,1,0,1,1,1,0.000000,0.000000,0,1,1,1,1,15003,0.002000,0,0.198455,-0.701734,-2.033985,0.126127,0.044716,-0.043847,1,3.233737,-3.233737,-0.044697,0.038032,1.546541,-0.120184,-4.268302,2.813364,-51.733826,-4.268302,2.813364,-51.733826,-0.046835,0.250000,0.625000,2.500000,1.000000,1.000000,0.000366,1,0,2.036835,1.990000,0.060852,0.158729,0.665496,0,0,0,0,0,0.126000,1,0,0,0,0,0,0,0,0,0,0,1,0.023000,0.000000,0.000000,0.000000,0.000000,0.000000,0.000000,0.000000,0.000000,0.000000,0.000000,0.000000,0.000000,0.000000,0.000000,0.000000,0.000000,0.000000,0.000000,0.000000,0.000000
88446,0.854265,-0.021202,0.040303,-0.517839,-5.800000,-10.500000,-2.100000,0.160000,-0.068000,-0.582000,23.253185,100270.203125,88.189995,86.180000,2.010000,2.030000,15,1,1,1,3,25,1,25,37.5417722,127.0795324,30.207,0.295000,0.735000,0.088000,0.036000,-0.029000,0.071000,1573,1549,1400,1478,1486.500000,1513.500000,1561.000000,1439.000000,-27.000000,122.000000,1500.000000,1,0,1,1,1,0.000000,0.000000,0,1,1,1,1,15003,0.001000,0,0.207567,-0.698740,-2.040830,0.120700,0.053419,-0.071252,1,3.227111,-3.227111,-0.070344,0.037383,1.394619,0.493039,-4.414806,2.872524,-51.573708,-4.414806,2.872524,-51.573708,-0.052834,0.250000,0.625000,2.500000,1.000000,1.000000,0.000469,1,0,2.042834,1.990000,0.055177,0.096464,0.661500,1,1,1,1,1,0.134000,1,0,0,0,0,0,0,0,0,0,0,1,0.020000,0.000000,0.000000,0.000000,0.000000,0.000000,0.000000,0.000000,0.000000,0.000000,0.000000,0.000000,0.000000,0.000000,0.000000,0.000000,0.000000,0.000000,0.000000,0.000000,0.000000
88560,0.854867,-0.021302,0.040303,-0.516841,0.500000,4.500000,1.400000,0.142000,0.359000,-1.939000,23.251766,100269.101563,88.279999,86.180000,2.100000,2.060000,0,1,1,1,3,25,1,25,37.5417723,127.0795324,30.219,0.294000,0.733000,0.079000,0.015000,-0.036000,0.065000,1561,1548,1396,1495,1478.500000,1521.500000,1554.500000,1445.500000,-43.000000,109.000000,1500.000000,1,0,1,1,1,0.000000,0.000000,0,1,1,1,1,15003,0.002000,0,0.214768,-0.701015,-2.041903,0.032044,-0.013526,-0.002594,1,3.217239,-3.217239,-0.070430,0.035732,1.014658,-0.428565,-4.070874,2.896463,-51.366791,-4.070874,2.896463,-51.366791,-0.022705,0.250000,0.625000,2.500000,1.000000,1.000000,0.000087,1,0,2.042705,2.020000,0.052235,0.036717,0.659446,1,1,1,1,1,0.116000,1,0,0,0,0,0,0,0,0,0,0,1,0.020000,0.000000,0.000000,0.000000,0.000000,0.000000,0.000000,0.000000,0.000000,0.000000,0.000000,0.000000,0.000000,0.000000,0.000000,0.000000,0.000000,0.000000,0.000000,0.000000,0.000000
88643,0.855258,-0.021401,0.041003,-0.516135,-20.600000,4.100000,-4.500000,-0.025000,0.338000,-1.423000,23.253519,100270.304688,88.180000,86.180000,2.000000,2.050000,40,1,1,1,3,25,1,25,37.5417724,127.0795324,30.230,0.294000,0.732000,0.086000,0.027000,-0.037000,0.067000,1568,1559,1388,1485,1478.000000,1522.000000,1563.500000,1436.500000,-44.000000,127.000000,1500.000000,1,0,1,1,1,0.000000,0.000000,0,1,1,1,1,15003,0.002000,0,0.223944,-0.699606,-2.052457,0.092815,0.014199,-0.049174,1,3.216167,-3.216167,0.004567,0.034364,0.460313,-0.207637,-4.060792,2.862806,-51.161079,-4.060792,2.862806,-51.161079,-0.028789,0.250000,0.625000,2.500000,1.000000,1.000000,0.000138,1,0,2.038789,2.010000,0.061099,0.164153,0.665672,1,1,1,1,1,0.129000,1,0,0,0,0,0,0,0,0,0,0,1,0.020000,0.000000,0.000000,0.000000,0.000000,0.000000,0.000000,0.000000,0.000000,0.000000,0.000000,0.000000,0.000000,0.000000,0.000000,0.000000,0.000000,0.000000,0.000000,0.000000,0.000000
88748,0.855917,-0.022400,0.042101,-0.514910,-16.600000,0.000000,3.700000,-0.100000,-0.227000,0.236000,23.254044,100270.804688,88.139999,86.180000,1.960000,2.030000,1,1,1,1,3,25,1,25,37.5417725,127.0795324,30.243,0.294000,0.730000,0.076000,0.003000,-0.032000,0.063000,1574,1562,1384,1480,1479.000000,1521.000000,1568.000000,1432.000000,-42.000000,136.000000,1500.000000,1,0,1,1,1,0.000000,0.000000,0,1,1,1,1,15003,0.002000,0,0.234526,-0.699908,-2.060908,0.086359,0.007765,-0.029365,1,3.216376,-3.216376,0.065496,0.034333,0.216995,0.867754,-4.101826,2.856688,-50.953808,-4.101826,2.856688,-50.953808,-0.053407,0.250000,0.625000,2.500000,1.000000,1.000000,0.000478,1,0,2.053407,2.000000,0.056713,0.106264,0.662577,1,1,1,1,1,0.120000,0,0,0,0,0,0,0,0,0,0,0,1,0.020000,0.000000,0.000000,0.000000,0.000000,0.000000,0.000000,0.000000,0.000000,0.000000,0.000000,0.000000,0.000000,0.000000,0.000000,0.000000,0.000000,0.000000,0.000000,0.000000,0.000000
88855,0.856574,-0.023802,0.042204,-0.513744,10.800000,-8.400000,3.100000,-0.083000,-0.045000,-0.862000,23.250959,100269.304688,88.269997,86.180000,2.090000,2.040000,0,1,1,1,3,25,1,25,37.5417725,127.0795324,30.243,0.294000,0.730000,0.076000,0.003000,-0.032000,0.063000,1575,1544,1397,1485,1486.000000,1514.500000,1559.500000,1441.000000,-28.500000,118.500000,1500.000000,1,0,1,1,1,0.000000,0.000000,0,1,1,1,1,15003,0.001000,0,0.243789,-0.700920,-2.051178,0.091863,-0.023269,0.052681,1,3.228404,-3.228404,0.140115,0.043736,1.652589,1.293881,-4.319139,2.736329,-50.733547,-4.319139,2.736329,-50.733547,-0.067010,0.250000,0.625000,2.500000,1.000000,1.000000,0.000755,1,0,2.057010,1.990000,0.054317,0.074545,0.660898,0,0,0,0,0,0.120000,0,0,0,0,0,0,0,0,0,0,0,1,0.020000,0.000000,0.000000,0.000000,0.000000,0.000000,0.000000,0.000000,0.000000,0.000000,0.000000,0.000000,0.000000,0.000000,0.000000,0.000000,0.000000,0.000000,0.000000,0.000000,0.000000
88957,0.856931,-0.024601,0.042102,-0.513119,-9.500000,-2.700000,5.300000,-0.018000,0.392000,-0.206000,23.252975,100270.500000,88.159996,86.180000,1.980000,2.020000,0,1,1,1,3,25,1,25,37.5417726,127.0795324,30.258,0.294000,0.729000,0.082000,0.018000,-0.041000,0.069000,1581,1554,1385,1481,1483.000000,1517.500000,1567.500000,1433.000000,-34.500000,134.500000,1500.000000,1,0,1,1,1,0.000000,0.000000,0,1,1,1,1,15003,0.002000,0,0.255229,-0.698152,-2.057467,0.112428,0.007953,0.028777,1,3.248007,-3.248007,0.222752,0.040246,1.414972,-0.836269,-4.591562,2.630126,-50.541878,-4.591562,2.630126,-50.541878,-0.072389,0.250000,0.625000,2.500000,1.000000,1.000000,0.000882,1,0,2.062389,1.990000,0.052966,0.050674,0.659955,1,1,1,1,1,0.126000,1,0,0,0,0,0,0,0,0,0,0,1,0.020000,0.000000,0.000000,0.000000,0.000000,0.000000,0.000000,0.000000,0.000000,0.000000,0.000000,0.000000,0.000000,0.000000,0.000000,0.000000,0.000000,0.000000,0.000000,0.000000,0.000000
89056,0.857580,-0.024502,0.042004,-0.512048,29.700003,1.300000,3.900000,0.025000,-0.185000,-1.430000,23.250923,100269.000000,88.290001,86.180000,2.110000,2.040000,0,1,1,1,3,25,1,25,37.5417727,127.0795323,30.276,0.294000,0.728000,0.062000,-0.013000,-0.058000,0.074000,1554,1535,1407,1505,1480.500000,1520.000000,1544.500000,1456.000000,-39.500000,88.500000,1500.000000,1,0,1,1,1,0.000000,0.000000,0,1,1,1,1,15003,0.001000,0,0.263118,-0.701803,-2.062653,0.072567,-0.023573,-0.073792,1,3.266364,-3.266364,0.162337,0.038156,1.226418,1.509787,-4.527370,2.610840,-50.442017,-4.527370,2.610840,-50.442017,-0.072499,0.250000,0.625000,2.500000,1.000000,1.000000,0.000885,1,0,2.062499,1.990000,0.052511,0.035645,0.659638,1,1,1,1,1,0.122000,0,0,0,0,0,0,0,0,0,0,0,1,0.020000,0.000000,0.000000,0.000000,0.000000,0.000000,0.000000,0.000000,0.000000,0.000000,0.000000,0.000000,0.000000,0.000000,0.000000,0.000000,0.000000,0.000000,0.000000,0.000000,0.000000
89149,0.858071,-0.023602,0.042303,-0.511242,-11.300000,7.500000,0.000000,0.122000,0.545000,-1.917000,23.251291,100269.000000,88.290001,86.180000,2.110000,2.050000,0,1,1,1,3,25,1,25,37.5417728,127.0795323,30.278,0.293000,0.726000,0.071000,0.001000,-0.039000,0.067000,1561,1554,1389,1496,1475.000000,1525.000000,1557.500000,1442.500000,-50.000000,115.000000,1500.000000,1,0,1,1,1,0.000000,0.000000,0,1,1,1,1,15003,0.002000,0,0.270567,-0.703483,-2.066592,0.107730,0.011523,-0.080453,1,3.284061,-3.284061,0.166234,0.035402,0.927858,-1.687037,-4.586592,2.742040,-50.249496,-4.586592,2.742040,-50.249496,-0.060470,0.250000,0.625000,2.500000,1.000000,1.000000,0.000608,1,0,2.060470,2.000000,0.065419,0.191873,0.668749,1,1,1,1,1,0.128000,0,0,0,0,0,0,0,0,0,0,0,1,0.020000,0.000000,0.000000,0.000000,0.000000,0.000000,0.000000,0.000000,0.000000,0.000000,0.000000,0.000000,0.000000,0.000000,0.000000,0.000000,0.000000,0.000000,0.000000,0.000000,0.000000
89259,0.858836,-0.024301,0.043502,-0.509821,24.799999,5.700000,-1.300000,0.165000,-0.108000,-2.086000,23.251520,100267.898438,88.379997,86.180000,2.200000,2.070000,0,1,1,1,3,25,1,25,37.5417728,127.0795322,30.286,0.293000,0.725000,0.045000,-0.021000,-0.039000,0.069000,1574,1553,1385,1487,1479.500000,1520.000000,1563.500000,1436.000000,-40.500000,127.500000,1500.000000,1,0,1,1,1,0.000000,0.000000,0,1,1,1,1,15003,0.002000,0,0.279857,-0.705796,-2.070121,0.081883,-0.011974,0.002900,1,3.300007,-3.300007,0.201229,0.033662,0.510521,0.420888,-4.787012,2.770784,-50.113560,-4.787012,2.770784,-50.113560,-0.042405,0.250000,0.625000,2.500000,1.000000,1.000000,0.000302,1,0,2.072405,2.030000,0.053859,0.038406,0.660578,1,1,1,1,1,0.124000,0,0,0,0,0,0,0,0,0,0,0,1,0.021000,0.000000,0.000000,0.000000,0.000000,0.000000,0.000000,0.000000,0.000000,0.000000,0.000000,0.000000,0.000000,0.000000,0.000000,0.000000,0.000000,0.000000,0.000000,0.000000,0.000000
89353,0.859363,-0.024002,0.043603,-0.508937,-16.700001,-4.400000,5.700000,0.282000,0.247000,-0.433000,23.251135,100269.000000,88.290001,86.180000,2.110000,2.080000,7,1,1,1,3,25,1,25,37.5417728,127.0795322,30.286,0.293000,0.725000,0.045000,-0.021000,-0.039000,0.069000,1581,1557,1377,1485,1479.000000,1521.000000,1569.000000,1431.000000,-42.000000,138.000000,1500.000000,1,0,1,1,1,0.000000,0.000000,0,1,1,1,1,15003,0.002000,0,0.287282,-0.707476,-2.061636,0.068299,-0.034884,0.099381,1,3.322659,-3.322659,0.290384,0.043204,1.775307,0.526052,-4.585653,2.816662,-49.904202,-4.585653,2.816662,-49.904202,-0.023243,0.250000,0.625000,2.500000,1.000000,1.000000,0.000089,1,0,2.063243,2.040000,0.069127,0.211472,0.671413,0,0,0,0,0,0.124000,0,0,0,0,0,0,0,0,0,0,0,1,0.020000,0.000000,0.000000,0.000000,0.000000,0.000000,0.000000,0.000000,0.000000,0.000000,0.000000,0.000000,0.000000,0.000000,0.000000,0.000000,0.000000,0.000000,0.000000,0.000000,0.000000
89454,0.859673,-0.024102,0.043204,-0.508443,-11.200000,7.200000,-2.300000,-0.031000,0.192000,-1.940000,23.252554,100270.500000,88.159996,86.180000,1.980000,2.080000,11,1,1,1,3,25,1,25,37.5417729,127.0795321,30.292,0.293000,0.724000,0.035000,-0.025000,-0.039000,0.073000,1566,1554,1389,1491,1477.500000,1522.500000,1560.000000,1440.000000,-45.000000,120.000000,1500.000000,1,0,1,1,1,0.000000,0.000000,0,1,1,1,1,15003,0.005000,0,0.287406,-0.714062,-2.080429,0.015984,-0.058838,-0.131585,1,3.352425,-3.352425,0.215384,0.037888,1.201824,-1.500344,-4.512568,2.835839,-49.694042,-4.512568,2.835839,-49.694042,-0.041548,0.250000,0.625000,2.500000,1.000000,1.000000,0.000290,1,0,2.081548,2.040000,0.056620,0.078382,0.662512,1,1,1,1,1,0.138000,1,0,0,0,0,0,0,0,0,0,0,1,0.021000,0.000000,0.000000,0.000000,0.000000,0.000000,0.000000,0.000000,0.000000,0.000000,0.000000,0.000000,0.000000,0.000000,0.000000,0.000000,0.000000,0.000000,0.000000,0.000000,0.000000
89548,0.859960,-0.024602,0.042003,-0.508035,7.400000,-7.800000,-4.900000,0.015000,0.030000,-0.565000,23.252729,100269.898438,88.209999,86.180000,2.030000,2.070000,3,1,1,1,3,25,1,25,37.5417729,127.0795320,30.298,0.293000,0.723000,0.025000,-0.031000,-0.040000,0.077000,1568,1547,1400,1485,1484.000000,1516.000000,1557.500000,1442.500000,-32.000000,115.000000,1500.000000,1,0,1,1,1,0.000000,0.000000,0,1,1,1,1,15003,0.002000,0,0.289254,-0.719814,-2.075788,0.014731,-0.040690,0.024481,1,3.372166,-3.372166,0.232230,0.034559,0.978162,-0.621128,-4.194067,2.662663,-49.516258,-4.194067,2.662663,-49.516258,-0.048468,0.250000,0.625000,2.500000,1.000000,1.000000,0.000395,1,0,2.078468,2.030000,0.055294,0.076143,0.661582,1,1,1,1,1,0.109000,0,0,0,0,0,0,0,0,0,0,0,1,0.020000,0.000000,0.000000,0.000000,0.000000,0.000000,0.000000,0.000000,0.000000,0.000000,0.000000,0.000000,0.000000,0.000000,0.000000,0.000000,0.000000,0.000000,0.000000,0.000000,0.000000
89647,0.860336,-0.024401,0.040602,-0.507521,-8.600000,3.500000,-1.800000,-0.002000,-0.366000,-1.655000,23.249241,100269.804688,88.220001,86.180000,2.040000,2.070000,17,1,1,1,3,25,1,25,37.5417729,127.0795319,30.294,0.293000,0.721000,0.001000,-0.038000,-0.034000,0.085000,1569,1550,1395,1487,1482.000000,1518.500000,1559.500000,1441.000000,-36.500000,118.500000,1500.000000,1,0,1,1,1,0.000000,0.000000,0,1,1,1,1,15003,0.002000,0,0.289545,-0.726408,-2.079837,0.031208,-0.033531,-0.008568,1,3.398870,-3.398870,0.276796,0.034125,0.772555,0.104868,-4.370746,2.446469,-49.446617,-4.370746,2.446469,-49.446617,-0.052421,0.250000,0.625000,2.500000,1.000000,1.000000,0.000463,1,0,2.082421,2.030000,0.052697,0.035672,0.659768,1,1,1,1,1,0.125000,0,0,0,0,0,0,0,0,0,0,0,1,0.021000,0.000000,0.000000,0.000000,0.000000,0.000000,0.000000,0.000000,0.000000,0.000000,0.000000,0.000000,0.000000,0.000000,0.000000,0.000000,0.000000,0.000000,0.000000,0.000000,0.000000
89748,0.860566,-0.024302,0.039303,-0.507239,15.400001,-2.800000,1.600000,0.055000,0.045000,-0.804000,23.247873,100269.304688,88.269997,86.180000,2.090000,2.070000,32,1,1,1,3,25,1,25,37.5417730,127.0795318,30.296,0.292000,0.720000,0.010000,-0.045000,-0.030000,0.077000,1568,1541,1400,1492,1484.000000,1516.500000,1554.500000,1446.000000,-32.500000,108.500000,1500.000000,1,0,1,1,1,0.000000,0.000000,0,1,1,1,1,15003,0.005000,0,0.293417,-0.732897,-2.084071,0.024680,-0.037436,0.068618,1,3.431118,-3.431118,0.438106,0.034509,0.460295,5.681346,-4.317547,2.241672,-49.345455,-4.317547,2.241672,-49.345455,-0.045930,0.250000,0.625000,2.500000,1.000000,1.000000,0.000352,1,0,2.075930,2.030000,0.060869,0.160081,0.665509,1,1,1,1,1,0.127000,1,0,0,0,0,0,0,0,0,0,0,1,0.020000,0.000000,0.000000,0.000000,0.000000,0.000000,0.000000,0.000000,0.000000,0.000000,0.000000,0.000000,0.000000,0.000000,0.000000,0.000000,0.000000,0.000000,0.000000,0.000000,0.000000
89857,0.861033,-0.024501,0.039502,-0.506420,-29.900000,0.500000,-0.800000,-0.045000,-0.175000,-0.621000,23.250240,100269.703125,88.229996,86.180000,2.050000,2.050000,0,1,1,1,3,25,1,25,37.5417730,127.0795318,30.296,0.292000,0.720000,0.010000,-0.045000,-0.030000,0.077000,1555,1545,1404,1495,1479.500000,1520.000000,1550.000000,1449.500000,-40.500000,100.500000,1500.000000,1,0,1,1,1,0.000000,0.000000,0,1,1,1,1,15003,0.002000,0,0.296038,-0.737168,-2.053915,0.029779,-0.040717,0.265581,1,3.492073,-3.492073,0.618020,0.042547,1.804052,-0.335879,-4.393487,2.179647,-49.162849,-4.393487,2.179647,-49.162849,-0.047122,0.250000,0.625000,2.500000,1.000000,1.000000,0.000368,1,0,2.057122,2.010000,0.068076,0.213179,0.670655,0,0,0,0,0,0.127000,1,0,0,0,0,0,0,0,0,0,0,1,0.020000,0.000000,0.000000,0.000000,0.000000,0.000000,0.000000,0.000000,0.000000,0.000000,0.000000,0.000000,0.000000,0.000000,0.000000,0.000000,0.000000,0.000000,0.000000,0.000000,0.000000
89957,0.861382,-0.024202,0.039404,-0.505848,29.400000,1.800000,3.900000,0.022000,0.138000,-1.027000,23.250696,100269.000000,88.290001,86.180000,2.110000,2.060000,1,1,1,1,3,25,1,25,37.5417729,127.0795317,30.298,0.292000,0.719000,-0.022000,-0.059000,-0.031000,0.087000,1558,1528,1408,1506,1483.000000,1517.000000,1543.000000,1457.000000,-34.000000,86.000000,1500.000000,1,0,1,1,1,0.000000,0.000000,0,1,1,1,1,15003,0.001000,0,0.289221,-0.748711,-2.078224,-0.025941,-0.073548,-0.048850,1,3.551713,-3.551713,0.578750,0.041160,1.467846,1.341824,-4.385245,2.226528,-49.101593,-4.385245,2.226528,-49.101593,-0.070028,0.250000,0.625000,2.500000,1.000000,1.000000,0.000825,1,0,2.080028,2.010000,0.053560,0.055371,0.660369,1,1,1,1,1,0.129000,1,0,0,0,0,0,0,0,0,0,0,1,0.020000,0.000000,0.000000,0.000000,0.000000,0.000000,0.000000,0.000000,0.000000,0.000000,0.000000,0.000000,0.000000,0.000000,0.000000,0.000000,0.000000,0.000000,0.000000,0.000000,0.000000
90057,0.861585,-0.024302,0.040004,-0.505450,-9.400000,8.700000,0.800000,0.129000,0.381000,-1.870000,23.250011,100270.101563,88.199997,86.180000,2.020000,2.060000,1,1,1,1,3,25,1,25,37.5417729,127.0795315,30.290,0.292000,0.718000,-0.019000,-0.083000,-0.013000,0.087000,1564,1557,1387,1492,1475.500000,1524.500000,1560.500000,1439.500000,-49.000000,121.000000,1500.000000,1,0,1,1,1,0.000000,0.000000,0,1,1,1,1,15003,0.001000,0,0.287952,-0.760238,-2.075057,-0.005925,-0.070476,0.077463,1,3.616124,-3.616124,0.699158,0.038176,1.176946,-0.023235,-4.434096,2.192800,-48.969685,-4.434096,2.192800,-48.969685,-0.060800,0.250000,0.625000,2.500000,1.000000,1.000000,0.000622,1,0,2.080800,2.020000,0.052973,0.034439,0.659960,1,1,1,1,1,0.117000,1,0,0,0,0,0,0,0,0,0,0,1,0.020000,0.000000,0.000000,0.000000,0.000000,0.000000,0.000000,0.000000,0.000000,0.000000,0.000000,0.000000,0.000000,0.000000,0.000000,0.000000,0.000000,0.000000,0.000000,0.000000,0.000000
90153,0.862095,-0.024303,0.040304,-0.504556,-4.000000,7.100000,2.100000,-0.073000,0.248000,-1.634000,23.249626,100269.101563,88.279999,86.180000,2.100000,2.060000,7,1,1,1,3,25,1,25,37.5417729,127.0795313,30.294,0.292000,0.717000,-0.016000,-0.081000,-0.018000,0.091000,1560,1552,1393,1495,1476.500000,1523.500000,1556.000000,1444.000000,-47.000000,112.000000,1500.000000,1,0,1,1,1,0.000000,0.000000,0,1,1,1,1,15003,0.002000,0,0.287614,-0.771149,-2.070967,-0.028943,-0.077173,0.035975,1,3.683092,-3.683092,0.706297,0.033256,0.800005,0.217694,-4.438889,2.171309,-48.885963,-4.438889,2.171309,-48.885963,-0.054050,0.250000,0.625000,2.500000,1.000000,1.000000,0.000492,1,0,2.074050,2.020000,0.053210,0.057624,0.660125,1,1,1,1,1,0.127000,0,0,0,0,0,0,0,0,0,0,0,1,0.020000,0.000000,0.000000,0.000000,0.000000,0.000000,0.000000,0.000000,0.000000,0.000000,0.000000,0.000000,0.000000,0.000000,0.000000,0.000000,0.000000,0.000000,0.000000,0.000000,0.000000
90247,0.862429,-0.024001,0.040101,-0.504017,12.400000,2.800000,2.600000,0.017000,-0.057000,-1.893000,23.246752,100268.898438,88.299995,86.180000,2.120000,2.070000,0,1,1,1,3,25,1,25,37.5417729,127.0795311,30.296,0.292000,0.715000,-0.041000,-0.107000,-0.017000,0.090000,1561,1539,1396,1503,1478.500000,1521.000000,1550.000000,1449.500000,-42.500000,100.500000,1500.000000,1,0,1,1,1,0.000000,0.000000,0,1,1,1,1,15003,0.001000,0,0.284658,-0.784471,-2.069635,-0.043126,-0.103756,0.085525,1,3.753240,-3.753240,0.758294,0.033274,0.592562,2.701323,-4.244266,2.140883,-48.687454,-4.244266,2.140883,-48.687454,-0.042352,0.250000,0.625000,2.500000,1.000000,1.000000,0.000302,1,0,2.072352,2.030000,0.053238,0.040243,0.660145,1,1,1,1,1,0.125000,0,0,0,0,0,0,0,0,0,0,0,1,0.025000,0.000000,0.000000,0.000000,0.000000,0.000000,0.000000,0.000000,0.000000,0.000000,0.000000,0.000000,0.000000,0.000000,0.000000,0.000000,0.000000,0.000000,0.000000,0.000000,0.000000
90355,0.862422,-0.024701,0.041101,-0.503913,-18.200001,0.600000,-1.000000,0.063000,0.197000,-0.274000,23.249609,100269.601563,88.239998,86.180000,2.060000,2.060000,20,1,1,1,3,25,1,25,37.5417729,127.0795311,30.296,0.292000,0.715000,-0.041000,-0.107000,-0.017000,0.090000,1572,1565,1383,1481,1477.500000,1523.000000,1568.500000,1432.000000,-45.500000,136.500000,1500.000000,1,0,1,1,1,0.000000,0.000000,0,1,1,1,1,15003,0.002000,0,0.279971,-0.795397,-2.053370,-0.043404,-0.110586,0.117721,1,3.832901,-3.832901,0.780105,0.043327,1.793646,-0.808215,-4.442005,2.128425,-48.619766,-4.442005,2.128425,-48.619766,-0.037980,0.250000,0.625000,2.500000,1.000000,1.000000,0.000241,1,0,2.057980,2.020000,0.061692,0.164951,0.666092,0,0,0,0,0,0.125000,0,0,0,0,0,0,0,0,0,0,0,1,0.021000,0.000000,0.000000,0.000000,0.000000,0.000000,0.000000,0.000000,0.000000,0.000000,0.000000,0.000000,0.000000,0.000000,0.000000,0.000000,0.000000,0.000000,0.000000,0.000000,0.000000
90450,0.862472,-0.024402,0.041103,-0.503842,-20.299999,2.900000,-3.800000,0.239000,0.741000,-1.381000,23.245962,100268.601563,88.320000,86.180000,2.140000,2.080000,29,1,1,1,3,25,1,25,37.5417729,127.0795309,30.301,0.292000,0.714000,-0.035000,-0.116000,-0.006000,0.093000,1572,1560,1385,1483,1478.500000,1521.500000,1566.000000,1434.000000,-43.000000,132.000000,1500.000000,1,0,1,1,1,0.000000,0.000000,0,1,1,1,1,15003,0.002000,0,0.277094,-0.811527,-2.067087,-0.037934,-0.146049,-0.078222,1,3.899016,-3.899016,0.679032,0.038944,1.331852,0.028672,-4.454726,2.228482,-48.686981,-4.454726,2.228482,-48.686981,-0.026770,0.250000,0.625000,2.500000,1.000000,1.000000,0.000120,1,0,2.066770,2.040000,0.054398,0.061500,0.660954,1,1,1,1,1,0.135000,1,0,0,0,0,0,0,0,0,0,0,1,0.020000,0.000000,0.000000,0.000000,0.000000,0.000000,0.000000,0.000000,0.000000,0.000000,0.000000,0.000000,0.000000,0.000000,0.000000,0.000000,0.000000,0.000000,0.000000,0.000000,0.000000
90559,0.862398,-0.024303,0.041305,-0.503957,30.100002,-1.700000,3.100000,0.075000,-0.018000,-0.957000,23.246313,100269.203125,88.269997,86.180000,2.090000,2.070000,4,1,1,1,3,24,1,24,37.5417729,127.0795307,30.298,0.292000,0.713000,-0.019000,-0.105000,0.007000,0.093000,1553,1534,1409,1504,1481.000000,1519.000000,1543.500000,1456.500000,-38.000000,87.000000,1500.000000,1,0,1,1,1,0.000000,0.000000,0,1,1,1,1,15003,0.002000,0,0.276786,-0.826623,-2.072142,0.003605,-0.123920,-0.101941,1,3.968761,-3.968761,0.594953,0.035298,1.214851,-0.932983,-4.862027,2.291967,-48.706619,-4.862027,2.291967,-48.706619,-0.044664,0.250000,0.625000,2.500000,1.000000,1.000000,0.000335,1,0,2.074664,2.030000,0.056478,0.108660,0.662411,1,1,1,1,1,0.113000,0,0,0,0,0,0,0,0,0,0,0,1,0.020000,0.000000,0.000000,0.000000,0.000000,0.000000,0.000000,0.000000,0.000000,0.000000,0.000000,0.000000,0.000000,0.000000,0.000000,0.000000,0.000000,0.000000,0.000000,0.000000,0.000000
90652,0.862520,-0.024401,0.041701,-0.503712,-21.299999,-3.000000,0.900000,0.166000,0.646000,-0.649000,23.243280,100267.804688,88.389999,86.180000,2.210000,2.080000,0,1,1,1,3,24,1,24,37.5417728,127.0795304,30.317,0.292000,0.712000,-0.046000,-0.133000,-0.004000,0.088000,1568,1540,1400,1492,1484.000000,1516.000000,1554.000000,1446.000000,-32.000000,108.000000,1500.000000,1,0,1,1,1,0.000000,0.000000,0,1,1,1,1,15003,0.002000,0,0.273127,-0.843324,-2.075620,-0.036065,-0.129804,-0.044331,1,4.024361,-4.024361,0.573008,0.032868,0.860423,-0.509676,-5.045417,2.340585,-48.719547,-5.045417,2.340585,-48.719547,-0.037597,0.250000,0.625000,2.500000,1.000000,1.000000,0.000238,1,0,2.077597,2.040000,0.052588,0.061986,0.659692,1,1,1,1,1,0.127000,1,0,0,0,0,0,0,0,0,0,0,1,0.022000,0.000000,0.000000,0.000000,0.000000,0.000000,0.000000,0.000000,0.000000,0.000000,0.000000,0.000000,0.000000,0.000000,0.000000,0.000000,0.000000,0.000000,0.000000,0.000000,0.000000
90753,0.862380,-0.024502,0.041704,-0.503946,18.799999,0.000000,-0.200000,-0.090000,0.172000,-0.999000,23.245996,100269.203125,88.269997,86.180000,2.090000,2.080000,3,1,1,1,3,24,1,24,37.5417728,127.0795302,30.319,0.291000,0.711000,-0.043000,-0.128000,0.004000,0.086000,1562,1543,1402,1493,1482.000000,1518.000000,1552.500000,1447.500000,-36.000000,105.000000,1500.000000,1,0,1,1,1,0.000000,0.000000,0,1,1,1,1,15003,0.002000,0,0.270445,-0.859037,-2.081305,-0.046376,-0.141272,0.001290,1,4.079871,-4.079871,0.608694,0.033076,0.564662,1.125016,-5.079674,2.364190,-48.656803,-5.079674,2.364190,-48.656803,-0.043613,0.250000,0.625000,2.500000,1.000000,1.000000,0.000320,1,0,2.083613,2.040000,0.052922,0.039779,0.659924,1,1,1,1,1,0.126000,0,0,0,0,0,0,0,0,0,0,0,1,0.024000,0.000000,0.000000,0.000000,0.000000,0.000000,0.000000,0.000000,0.000000,0.000000,0.000000,0.000000,0.000000,0.000000,0.000000,0.000000,0.000000,0.000000,0.000000,0.000000,0.000000
90850,0.862017,-0.024100,0.041401,-0.504610,9.400000,6.900000,1.900000,0.111000,0.276000,-1.435000,23.246016,100269.398438,88.259995,86.180000,2.080000,2.100000,12,1,1,1,3,24,1,24,37.5417728,127.0795302,30.319,0.291000,0.711000,-0.043000,-0.128000,0.004000,0.086000,1556,1549,1398,1496,1477.000000,1522.500000,1552.500000,1447.000000,-45.500000,105.500000,1500.000000,1,0,1,1,1,0.000000,0.000000,0,1,1,1,1,15003,0.005000,0,0.266726,-0.874114,-2.076460,-0.036505,-0.161603,0.067090,1,4.141889,-4.141889,0.669847,0.043364,1.820583,1.574885,-5.006338,2.338876,-48.681282,-5.006338,2.338876,-48.681282,-0.018163,0.250000,0.625000,2.500000,1.000000,1.000000,0.000055,1,0,2.078163,2.060000,0.060777,0.157964,0.665443,0,0,0,0,0,0.126000,0,0,0,0,0,0,0,0,0,0,0,1,0.023000,0.000000,0.000000,0.000000,0.000000,0.000000,0.000000,0.000000,0.000000,0.000000,0.000000,0.000000,0.000000,0.000000,0.000000,0.000000,0.000000,0.000000,0.000000,0.000000,0.000000
90955,0.861664,-0.023602,0.041403,-0.505237,3.900000,10.000000,2.700000,0.184000,0.351000,-1.374000,23.247627,100269.601563,88.239998,86.180000,2.060000,2.110000,31,1,1,1,3,25,1,25,37.5417727,127.0795300,30.318,0.291000,0.710000,-0.059000,-0.127000,0.015000,0.086000,1554,1553,1400,1493,1477.000000,1523.000000,1553.500000,1446.500000,-46.000000,107.000000,1500.000000,1,0,1,1,1,0.000000,0.000000,0,1,1,1,1,15003,0.005000,0,0.255377,-0.893267,-2.083915,-0.103086,-0.174165,0.061077,1,4.215626,-4.215626,0.735664,0.040874,1.593065,0.443269,-5.023501,2.367326,-48.750237,-5.023501,2.367326,-48.750237,-0.015925,0.250000,0.625000,2.500000,1.000000,1.000000,0.000043,1,0,2.085925,2.070000,0.054569,0.087633,0.661074,1,1,1,1,1,0.127000,0,0,0,0,0,0,0,0,0,0,0,1,0.020000,0.000000,0.000000,0.000000,0.000000,0.000000,0.000000,0.000000,0.000000,0.000000,0.000000,0.000000,0.000000,0.000000,0.000000,0.000000,0.000000,0.000000,0.000000,0.000000,0.000000
91048,0.861075,-0.021802,0.041104,-0.506344,8.900000,5.400000,-5.700000,0.014000,-0.154000,-1.408000,23.246120,100270.398438,88.169998,86.180000,1.990000,2.090000,38,1,1,1,3,25,1,25,37.5417727,127.0795298,30.325,0.291000,0.708000,-0.072000,-0.142000,0.007000,0.083000,1551,1552,1407,1491,1479.000000,1521.500000,1551.500000,1449.000000,-42.500000,102.500000,1500.000000,1,0,1,1,1,0.000000,0.000000,0,1,1,1,1,15003,0.002000,0,0.254419,-0.907531,-2.087551,-0.048366,-0.147230,0.029531,1,4.284947,-4.284947,0.765689,0.035836,1.041513,-0.148194,-4.797634,2.457320,-48.787930,-4.797634,2.457320,-48.787930,-0.040909,0.250000,0.625000,2.500000,1.000000,1.000000,0.000282,1,0,2.090909,2.050000,0.052227,0.035277,0.659441,1,1,1,1,1,0.120000,1,0,0,0,0,0,0,0,0,0,0,1,0.020000,0.000000,0.000000,0.000000,0.000000,0.000000,0.000000,0.000000,0.000000,0.000000,0.000000,0.000000,0.000000,0.000000,0.000000,0.000000,0.000000,0.000000,0.000000,0.000000,0.000000
91155,0.860247,-0.021201,0.041702,-0.507728,-16.900000,0.900000,-0.800000,-0.070000,-0.160000,-0.386000,23.246979,100269.203125,88.269997,86.180000,2.090000,2.090000,8,1,1,1,3,25,1,25,37.5417726,127.0795296,30.328,0.291000,0.707000,-0.074000,-0.118000,0.026000,0.087000,1566,1567,1391,1477,1478.500000,1522.000000,1566.500000,1434.000000,-43.500000,132.500000,1500.000000,1,0,1,1,1,0.000000,0.000000,0,1,1,1,1,15003,0.002000,0,0.248640,-0.923735,-2.085003,-0.054668,-0.133787,-0.032658,1,4.361623,-4.361623,0.655350,0.033664,0.698843,-0.931030,-4.979784,2.616862,-48.979687,-4.979784,2.616862,-48.979687,-0.036812,0.250000,0.625000,2.500000,1.000000,1.000000,0.000228,1,0,2.086812,2.050000,0.053862,0.052690,0.660580,1,1,1,1,1,0.129000,1,0,0,0,0,0,0,0,0,0,0,1,0.020000,0.000000,0.000000,0.000000,0.000000,0.000000,0.000000,0.000000,0.000000,0.000000,0.000000,0.000000,0.000000,0.000000,0.000000,0.000000,0.000000,0.000000,0.000000,0.000000,0.000000
91259,0.859257,-0.021401,0.042403,-0.509334,-0.100000,-5.300000,3.000000,-0.050000,0.023000,-0.358000,23.246243,100269.804688,88.220001,86.180000,2.040000,2.090000,0,1,1,1,3,26,1,26,37.5417725,127.0795294,30.339,0.291000,0.706000,-0.090000,-0.117000,0.031000,0.085000,1563,1559,1398,1480,1480.500000,1519.500000,1561.000000,1439.000000,-39.000000,122.000000,1500.000000,1,0,1,1,1,0.000000,0.000000,0,1,1,1,1,15003,0.002000,0,0.238862,-0.940156,-2.088585,-0.091512,-0.125063,-0.025014,1,4.426520,-4.426520,0.589090,0.035145,0.457007,-0.841603,-5.244421,2.716492,-49.185928,-5.244421,2.716492,-49.185928,-0.036929,0.250000,0.625000,2.500000,1.000000,1.000000,0.000229,1,0,2.086929,2.050000,0.056827,0.106369,0.662657,1,1,1,1,1,0.126000,0,0,0,0,0,0,0,0,0,0,0,1,0.024000,0.000000,0.000000,0.000000,0.000000,0.000000,0.000000,0.000000,0.000000,0.000000,0.000000,0.000000,0.000000,0.000000,0.000000,0.000000,0.000000,0.000000,0.000000,0.000000,0.000000
91353,0.858322,-0.021301,0.042401,-0.510913,-22.700001,-2.800000,-3.700000,0.283000,-0.300000,-0.901000,23.245945,100271.500000,88.080002,86.180000,1.900000,2.060000,8,1,1,1,3,26,1,26,37.5417725,127.0795294,30.339,0.291000,0.706000,-0.090000,-0.117000,0.031000,0.085000,1567,1569,1392,1473,1479.500000,1521.000000,1568.000000,1432.500000,-41.500000,135.500000,1500.000000,1,0,1,1,1,0.000000,0.000000,0,1,1,1,1,15003,0.002000,0,0.231017,-0.950974,-2.079699,-0.100640,-0.123339,0.053106,1,4.480209,-4.480209,0.649355,0.041994,1.724972,0.237554,-5.116814,2.717921,-49.336010,-5.116814,2.717921,-49.336010,-0.063999,0.250000,0.625000,2.500000,1.000000,1.000000,0.000679,1,0,2.083999,2.020000,0.067191,0.200185,0.670019,0,0,0,0,0,0.126000,0,0,0,0,0,0,0,0,0,0,0,1,0.020000,0.000000,0.000000,0.000000,0.000000,0.000000,0.000000,0.000000,0.000000,0.000000,0.000000,0.000000,0.000000,0.000000,0.000000,0.000000,0.000000,0.000000,0.000000,0.000000,0.000000
91444,0.857393,-0.020602,0.041705,-0.512556,8.000000,-2.600000,-6.400000,-0.237000,-0.059000,-0.828000,23.245733,100269.601563,88.239998,86.180000,2.060000,2.050000,13,1,1,1,3,26,1,26,37.5417724,127.0795293,30.356,0.291000,0.704000,-0.099000,-0.108000,0.023000,0.083000,1552,1558,1410,1480,1481.000000,1519.000000,1555.000000,1445.000000,-38.000000,110.000000,1500.000000,1,0,1,1,1,0.000000,0.000000,0,1,1,1,1,15003,0.001000,0,0.216096,-0.966576,-2.082027,-0.166134,-0.144689,-0.015672,1,4.545613,-4.545613,0.654690,0.037476,1.443538,-1.165011,-4.813807,2.701947,-49.499660,-4.813807,2.701947,-49.499660,-0.076103,0.250000,0.625000,2.500000,1.000000,1.000000,0.000973,1,0,2.086103,2.010000,0.054822,0.095254,0.661251,1,1,1,1,1,0.131000,0,0,0,0,0,0,0,0,0,0,0,1,0.023000,0.000000,0.000000,0.000000,0.000000,0.000000,0.000000,0.000000,0.000000,0.000000,0.000000,0.000000,0.000000,0.000000,0.000000,0.000000,0.000000,0.000000,0.000000,0.000000,0.000000
91560,0.856600,-0.020902,0.041805,-0.513860,21.600000,0.200000,-1.000000,-0.015000,-0.049000,-0.904000,23.248610,100269.203125,88.269997,86.180000,2.090000,2.050000,0,1,1,1,3,26,1,26,37.5417723,127.0795291,30.364,0.290000,0.703000,-0.095000,-0.103000,0.022000,0.084000,1550,1550,1411,1489,1480.500000,1519.500000,1550.000000,1450.000000,-39.000000,100.000000,1500.000000,1,0,1,1,1,0.000000,0.000000,0,1,1,1,1,15003,0.002000,0,0.206280,-0.981608,-2.070942,-0.108494,-0.120197,0.088651,1,4.622104,-4.622104,0.674702,0.035994,1.015933,0.273072,-5.303411,2.610468,-49.801525,-5.303411,2.610468,-49.801525,-0.068029,0.250000,0.625000,2.500000,1.000000,1.000000,0.000779,1,0,2.078029,2.010000,0.052630,0.036970,0.659721,1,1,1,1,1,0.120000,1,0,0,0,0,0,0,0,0,0,0,1,0.020000,0.000000,0.000000,0.000000,0.000000,0.000000,0.000000,0.000000,0.000000,0.000000,0.000000,0.000000,0.000000,0.000000,0.000000,0.000000,0.000000,0.000000,0.000000,0.000000,0.000000
91657,0.856061,-0.020401,0.042303,-0.514737,3.400000,6.800000,-4.400000,-0.176000,-0.082000,-1.269000,23.245331,100269.304688,88.269997,86.180000,2.090000,2.050000,0,1,1,1,3,26,1,26,37.5417722,127.0795289,30.375,0.290000,0.702000,-0.103000,-0.104000,0.013000,0.083000,1551,1561,1404,1484,1477.500000,1522.500000,1556.000000,1444.000000,-45.000000,112.000000,1500.000000,1,0,1,1,1,0.000000,0.000000,0,1,1,1,1,15003,0.002000,0,0.198473,-0.993198,-2.073230,-0.132091,-0.114053,0.061314,1,4.691157,-4.691157,0.759902,0.035700,0.700336,0.326650,-5.166977,2.700332,-49.918182,-5.166977,2.700332,-49.918182,-0.052595,0.250000,0.625000,2.500000,1.000000,1.000000,0.000462,1,0,2.062595,2.010000,0.061455,0.164443,0.665925,1,1,1,1,1,0.124000,1,0,0,0,0,0,0,0,0,0,0,1,0.020000,0.000000,0.000000,0.000000,0.000000,0.000000,0.000000,0.000000,0.000000,0.000000,0.000000,0.000000,0.000000,0.000000,0.000000,0.000000,0.000000,0.000000,0.000000,0.000000,0.000000
91755,0.855469,-0.019402,0.042503,-0.515742,6.700000,-2.200000,2.300000,0.142000,0.187000,-0.649000,23.241859,100268.398438,88.339996,86.180000,2.160000,2.050000,7,1,1,1,3,26,1,26,37.5417721,127.0795288,30.390,0.290000,0.701000,-0.101000,-0.114000,0.009000,0.087000,1554,1562,1398,1486,1476.000000,1524.000000,1558.000000,1442.000000,-48.000000,116.000000,1500.000000,1,0,1,1,1,0.000000,0.000000,0,1,1,1,1,15003,0.002000,0,0.189087,-1.006406,-2.070873,-0.115251,-0.122184,0.033841,1,4.762514,-4.762514,0.816033,0.033356,0.456223,0.994088,-4.823956,2.708229,-50.074707,-4.823956,2.708229,-50.074707,-0.064305,0.250000,0.625000,2.500000,1.000000,1.000000,0.000696,1,0,2.074305,2.010000,0.053369,0.034254,0.660236,1,1,1,1,1,0.125000,1,0,0,0,0,0,0,0,0,0,0,1,0.020000,0.000000,0.000000,0.000000,0.000000,0.000000,0.000000,0.000000,0.000000,0.000000,0.000000,0.000000,0.000000,0.000000,0.000000,0.000000,0.000000,0.000000,0.000000,0.000000,0.000000
91855,0.854631,-0.017601,0.042202,-0.517219,3.300000,2.800000,-3.800000,-0.062000,-0.054000,-1.081000,23.241596,100269.203125,88.269997,86.180000,2.090000,2.050000,0,1,1,1,3,26,1,26,37.5417721,127.0795288,30.390,0.290000,0.701000,-0.101000,-0.114000,0.009000,0.087000,1541,1566,1408,1485,1474.500000,1525.500000,1553.500000,1446.500000,-51.000000,107.000000,1500.000000,1,0,1,1,1,0.000000,0.000000,0,1,1,1,1,15003,0.001000,0,0.181734,-1.016700,-2.060407,-0.039048,-0.069313,0.077007,1,4.851896,-4.851896,0.854125,0.043860,1.652637,-0.448370,-4.629456,2.712014,-50.367886,-4.629456,2.712014,-50.367886,-0.068091,0.250000,0.625000,2.500000,1.000000,1.000000,0.000779,1,0,2.068091,2.000000,0.054518,0.074516,0.661038,0,0,0,0,0,0.125000,1,0,0,0,0,0,0,0,0,0,0,1,0.020000,0.000000,0.000000,0.000000,0.000000,0.000000,0.000000,0.000000,0.000000,0.000000,0.000000,0.000000,0.000000,0.000000,0.000000,0.000000,0.000000,0.000000,0.000000,0.000000,0.000000
91959,0.853943,-0.017201,0.042702,-0.518326,-13.700000,2.800000,-3.500000,0.214000,-0.120000,-0.923000,23.240438,100268.500000,88.330002,86.180000,2.150000,2.050000,3,1,1,1,3,26,1,26,37.5417720,127.0795286,30.387,0.290000,0.700000,-0.112000,-0.114000,0.019000,0.087000,1558,1568,1399,1476,1478.500000,1522.000000,1563.000000,1437.500000,-43.500000,125.500000,1500.000000,1,0,1,1,1,0.000000,0.000000,0,1,1,1,1,15003,0.002000,0,0.165505,-1.033421,-2.059651,-0.122065,-0.113786,0.009851,1,4.936498,-4.936498,0.817530,0.037896,1.401412,0.439830,-4.608017,2.726494,-50.668877,-4.608017,2.726494,-50.668877,-0.052856,0.250000,0.625000,2.500000,1.000000,1.000000,0.000467,1,0,2.062856,2.010000,0.060633,0.142721,0.665342,1,1,1,1,1,0.126000,1,0,0,0,0,0,0,0,0,0,0,1,0.020000,0.000000,0.000000,0.000000,0.000000,0.000000,0.000000,0.000000,0.000000,0.000000,0.000000,0.000000,0.000000,0.000000,0.000000,0.000000,0.000000,0.000000,0.000000,0.000000,0.000000
92056,0.853246,-0.016501,0.042302,-0.519528,25.500000,-2.300000,2.800000,-0.319000,0.136000,-0.120000,23.240019,100268.203125,88.360001,86.180000,2.180000,2.060000,1,1,1,1,3,24,1,24,37.5417719,127.0795285,30.387,0.290000,0.700000,-0.097000,-0.068000,0.021000,0.079000,1548,1554,1411,1487,1479.500000,1520.500000,1551.000000,1449.000000,-41.000000,102.000000,1500.000000,1,0,1,1,1,0.000000,0.000000,0,1,1,1,1,15003,0.001000,0,0.155172,-1.042044,-2.063618,-0.141596,-0.100307,0.013241,1,5.017237,-5.017237,0.827467,0.037827,1.176135,1.765408,-4.818031,2.735992,-50.933842,-4.818031,2.735992,-50.933842,-0.057197,0.250000,0.625000,2.500000,1.000000,1.000000,0.000551,1,0,2.067197,2.010000,0.052499,0.033778,0.659630,1,1,1,1,1,0.118000,0,0,0,0,0,0,0,0,0,0,0,1,0.020000,0.000000,0.000000,0.000000,0.000000,0.000000,0.000000,0.000000,0.000000,0.000000,0.000000,0.000000,0.000000,0.000000,0.000000,0.000000,0.000000,0.000000,0.000000,0.000000,0.000000
92145,0.852391,-0.015302,0.041204,-0.521055,13.300000,3.500000,-1.100000,-0.134000,0.276000,-0.731000,23.240036,100268.203125,88.360001,86.180000,2.180000,2.080000,0,1,1,1,3,24,1,24,37.5417718,127.0795284,30.389,0.290000,0.699000,-0.117000,-0.088000,0.014000,0.078000,1555,1558,1413,1474,1484.000000,1516.000000,1556.500000,1443.500000,-32.000000,113.000000,1500.000000,1,0,1,1,1,0.000000,0.000000,0,1,1,1,1,15003,0.002000,0,0.145899,-1.051647,-2.062204,-0.127191,-0.100068,0.057118,1,5.093912,-5.093912,0.869442,0.033195,0.859665,1.070490,-4.532132,2.696547,-51.078949,-4.532132,2.696547,-51.078949,-0.023449,0.250000,0.625000,2.500000,1.000000,1.000000,0.000093,1,0,2.063449,2.040000,0.053112,0.061750,0.660057,1,1,1,1,1,0.128000,1,0,0,0,0,0,0,0,0,0,0,1,0.020000,0.000000,0.000000,0.000000,0.000000,0.000000,0.000000,0.000000,0.000000,0.000000,0.000000,0.000000,0.000000,0.000000,0.000000,0.000000,0.000000,0.000000,0.000000,0.000000,0.000000
92253,0.851550,-0.015001,0.040002,-0.522530,0.000000,-0.400000,0.000000,0.070000,0.319000,-0.466000,23.245190,100271.703125,88.059998,86.180000,1.880000,2.070000,7,1,1,1,3,23,1,23,37.5417717,127.0795283,30.391,0.290000,0.698000,-0.093000,-0.037000,0.018000,0.070000,1540,1558,1418,1484,1479.000000,1521.000000,1549.000000,1451.000000,-42.000000,98.000000,1500.000000,1,0,1,1,1,0.000000,0.000000,0,1,1,1,1,15003,0.002000,0,0.136228,-1.058389,-2.064907,-0.097941,-0.044173,-0.006748,1,5.187532,-5.187532,0.839578,0.033245,0.564072,-0.700788,-4.503680,2.585470,-51.420929,-4.503680,2.585470,-51.420929,-0.036840,0.250000,0.625000,2.500000,1.000000,1.000000,0.000228,1,0,2.066840,2.030000,0.053191,0.039685,0.660112,1,1,1,1,1,0.124000,0,0,0,0,0,0,0,0,0,0,0,1,0.024000,0.000000,0.000000,0.000000,0.000000,0.000000,0.000000,0.000000,0.000000,0.000000,0.000000,0.000000,0.000000,0.000000,0.000000,0.000000,0.000000,0.000000,0.000000,0.000000,0.000000
92351,0.850601,-0.015302,0.038705,-0.524162,18.400000,-3.400000,-1.200000,-0.126000,-0.235000,-1.175000,23.240913,100269.304688,88.269997,86.180000,2.090000,2.070000,20,1,1,1,3,23,1,23,37.5417717,127.0795283,30.391,0.290000,0.698000,-0.093000,-0.037000,0.018000,0.070000,1545,1555,1419,1481,1482.000000,1518.000000,1550.000000,1450.000000,-36.000000,100.000000,1500.000000,1,0,1,1,1,0.000000,0.000000,0,1,1,1,1,15003,0.002000,0,0.130261,-1.060797,-2.061550,-0.017143,0.005762,0.017851,1,5.269543,-5.269543,0.855813,0.042675,1.742737,1.426382,-4.489449,2.420783,-51.731998,-4.489449,2.420783,-51.731998,-0.033675,0.250000,0.625000,2.500000,1.000000,1.000000,0.000189,1,0,2.063675,2.030000,0.060970,0.157761,0.665581,0,0,0,0,0,0.124000,0,0,0,0,0,0,0,0,0,0,0,1,0.020000,0.000000,0.000000,0.000000,0.000000,0.000000,0.000000,0.000000,0.000000,0.000000,0.000000,0.000000,0.000000,0.000000,0.000000,0.000000,0.000000,0.000000,0.000000,0.000000,0.000000
92446,0.850058,-0.015101,0.037503,-0.525136,4.800000,3.300000,-1.900000,-0.054000,0.074000,-1.654000,23.240597,100269.000000,88.290001,86.180000,2.110000,2.060000,29,1,1,1,3,23,1,23,37.5417716,127.0795282,30.397,0.290000,0.697000,-0.087000,-0.043000,0.033000,0.074000,1543,1554,1419,1484,1481.000000,1519.000000,1548.500000,1451.500000,-38.000000,97.000000,1500.000000,1,0,1,1,1,0.000000,0.000000,0,1,1,1,1,15003,0.002000,0,0.120563,-1.068591,-2.053344,-0.063598,-0.019968,0.199816,1,5.356813,-5.356813,1.031863,0.038303,1.278759,1.136315,-4.425928,2.202594,-51.913979,-4.425928,2.202594,-51.913979,-0.039884,0.250000,0.625000,2.500000,1.000000,1.000000,0.000268,1,0,2.059884,2.020000,0.053864,0.057422,0.660581,1,1,1,1,1,0.134000,1,0,0,0,0,0,0,0,0,0,0,1,0.020000,0.000000,0.000000,0.000000,0.000000,0.000000,0.000000,0.000000,0.000000,0.000000,0.000000,0.000000,0.000000,0.000000,0.000000,0.000000,0.000000,0.000000,0.000000,0.000000,0.000000
92560,0.849734,-0.014401,0.036901,-0.525721,11.900000,-1.200000,2.100000,-0.215000,-0.158000,-0.808000,23.238335,100269.304688,88.269997,86.180000,2.090000,2.070000,4,1,1,1,3,23,1,23,37.5417715,127.0795282,30.406,0.290000,0.696000,-0.078000,-0.017000,0.031000,0.068000,1550,1546,1418,1487,1484.000000,1516.500000,1548.000000,1452.500000,-32.500000,95.500000,1500.000000,1,0,1,1,1,0.000000,0.000000,0,1,1,1,1,15003,0.002000,0,0.113579,-1.071152,-2.056019,-0.081317,-0.010132,0.056847,1,5.474235,-5.474235,1.029966,0.035426,1.268956,-0.825446,-4.325609,2.209773,-52.109886,-4.325609,2.209773,-52.109886,-0.027582,0.250000,0.625000,2.500000,1.000000,1.000000,0.000128,1,0,2.057582,2.030000,0.056681,0.115412,0.662554,1,1,1,1,1,0.114000,1,0,0,0,0,0,0,0,0,0,0,1,0.020000,0.000000,0.000000,0.000000,0.000000,0.000000,0.000000,0.000000,0.000000,0.000000,0.000000,0.000000,0.000000,0.000000,0.000000,0.000000,0.000000,0.000000,0.000000,0.000000,0.000000
92653,0.849622,-0.013200,0.037201,-0.525913,22.000000,4.400000,1.000000,0.079000,-0.051000,-1.830000,23.243034,100270.101563,88.199997,86.180000,2.020000,2.050000,0,1,1,1,3,23,1,23,37.5417714,127.0795282,30.415,0.290000,0.695000,-0.062000,-0.028000,0.027000,0.075000,1536,1543,1420,1500,1478.000000,1521.500000,1539.500000,1460.000000,-43.500000,79.500000,1500.000000,1,0,1,1,1,0.000000,0.000000,0,1,1,1,1,15003,0.002000,0,0.110428,-1.074971,-2.063638,-0.045839,-0.038162,-0.026626,1,5.574719,-5.574719,1.024632,0.034865,0.920220,-0.039145,-4.469362,2.242844,-52.195175,-4.469362,2.242844,-52.195175,-0.042659,0.250000,0.625000,2.500000,1.000000,1.000000,0.000302,1,0,2.052659,2.010000,0.065024,0.198204,0.668467,1,1,1,1,1,0.127000,0,0,0,0,0,0,0,0,0,0,0,1,0.020000,0.000000,0.000000,0.000000,0.000000,0.000000,0.000000,0.000000,0.000000,0.000000,0.000000,0.000000,0.000000,0.000000,0.000000,0.000000,0.000000,0.000000,0.000000,0.000000,0.000000
92749,0.849175,-0.013301,0.038403,-0.526546,0.500000,3.800000,0.900000,0.084000,0.400000,-0.701000,23.241772,100268.703125,88.320000,86.180000,2.140000,2.060000,0,1,1,1,3,23,1,23,37.5417713,127.0795282,30.415,0.290000,0.694000,-0.046000,-0.006000,0.029000,0.069000,1543,1560,1410,1486,1476.500000,1523.000000,1551.500000,1448.000000,-46.500000,103.500000,1500.000000,1,0,1,1,1,0.000000,0.000000,0,1,1,1,1,15003,0.002000,0,0.107096,-1.076310,-2.064456,-0.033684,0.007241,-0.013286,1,5.677315,-5.677315,1.037301,0.035436,0.462264,-1.607114,-4.422966,2.362175,-52.336941,-4.422966,2.362175,-52.336941,-0.050223,0.250000,0.625000,2.500000,1.000000,1.000000,0.000422,1,0,2.060223,2.010000,0.058470,0.143006,0.663813,1,1,1,1,1,0.126000,0,0,0,0,0,0,0,0,0,0,0,1,0.026000,0.000000,0.000000,0.000000,0.000000,0.000000,0.000000,0.000000,0.000000,0.000000,0.000000,0.000000,0.000000,0.000000,0.000000,0.000000,0.000000,0.000000,0.000000,0.000000,0.000000
92849,0.848600,-0.012201,0.037504,-0.527562,-22.500000,0.300000,-5.800000,0.247000,-0.185000,-1.931000,23.241545,100270.898438,88.129997,86.180000,1.950000,2.040000,12,1,1,1,3,23,1,23,37.5417713,127.0795282,30.415,0.290000,0.694000,-0.046000,-0.006000,0.029000,0.069000,1555,1564,1409,1472,1482.000000,1518.000000,1559.500000,1440.500000,-36.000000,119.000000,1500.000000,1,0,1,1,1,0.000000,0.000000,0,1,1,1,1,15003,0.001000,0,0.105224,-1.073771,-2.057642,-0.017164,0.015957,-0.045304,1,5.779780,-5.779780,0.990807,0.042248,1.694086,-1.561159,-4.354939,2.360172,-52.511196,-4.354939,2.360172,-52.511196,-0.060900,0.250000,0.625000,2.500000,1.000000,1.000000,0.000620,1,0,2.060900,2.000000,0.060131,0.143688,0.664986,0,0,0,0,0,0.126000,0,0,0,0,0,0,0,0,0,0,0,1,0.023000,0.000000,0.000000,0.000000,0.000000,0.000000,0.000000,0.000000,0.000000,0.000000,0.000000,0.000000,0.000000,0.000000,0.000000,0.000000,0.000000,0.000000,0.000000,0.000000,0.000000
92958,0.848051,-0.012401,0.036202,-0.528532,-1.800000,-5.300000,0.800000,-0.130000,-0.051000,-0.084000,23.243210,100270.000000,88.209999,86.180000,2.030000,2.030000,35,1,1,1,3,23,1,23,37.5417713,127.0795282,30.426,0.290000,0.693000,-0.042000,-0.013000,0.028000,0.074000,1555,1557,1413,1475,1484.000000,1516.000000,1556.000000,1444.000000,-32.000000,112.000000,1500.000000,1,0,1,1,1,0.000000,0.000000,0,1,1,1,1,15003,0.002000,0,0.102079,-1.078045,-2.054353,-0.008214,-0.013835,0.009815,1,5.885994,-5.885994,0.973061,0.040528,1.568108,1.328708,-4.454749,2.146998,-52.775475,-4.454749,2.146998,-52.775475,-0.068017,0.250000,0.625000,2.500000,1.000000,1.000000,0.000778,1,0,2.058017,1.990000,0.054338,0.084448,0.660913,0,0,0,0,0,0.127000,0,0,0,0,0,0,0,0,0,0,0,1,0.020000,0.000000,0.000000,0.000000,0.000000,0.000000,0.000000,0.000000,0.000000,0.000000,0.000000,0.000000,0.000000,0.000000,0.000000,0.000000,0.000000,0.000000,0.000000,0.000000,0.000000
93054,0.847634,-0.013201,0.035601,-0.529221,5.200000,1.600000,-2.200000,-0.084000,0.436000,-1.446000,23.240316,100269.601563,88.239998,86.180000,2.060000,2.010000,1,1,1,1,3,24,1,24,37.5417713,127.0795282,30.430,0.290000,0.692000,-0.006000,0.003000,0.027000,0.096000,1549,1554,1415,1482,1482.000000,1518.000000,1551.500000,1448.500000,-36.000000,103.000000,1500.000000,1,0,1,1,1,0.000000,0.000000,0,1,1,1,1,15003,0.002000,0,0.102790,-1.077622,-2.047768,-0.001713,0.008390,0.088106,1,5.981930,-5.981930,1.041821,0.035731,1.014518,-0.185978,-4.331065,2.047012,-52.914463,-4.331065,2.047012,-52.914463,-0.085905,0.250000,0.625000,2.500000,1.000000,1.000000,0.001243,1,0,2.055905,1.970000,0.052298,0.035956,0.659490,1,1,1,1,1,0.122000,1,0,0,0,0,0,0,0,0,0,0,1,0.020000,0.000000,0.000000,0.000000,0.000000,0.000000,0.000000,0.000000,0.000000,0.000000,0.000000,0.000000,0.000000,0.000000,0.000000,0.000000,0.000000,0.000000,0.000000,0.000000,0.000000
93153,0.847643,-0.013701,0.035102,-0.529227,10.300000,-1.900000,-0.900000,-0.238000,-0.160000,-0.581000,23.245068,100271.101563,88.110001,86.180000,1.930000,2.000000,8,1,1,1,3,24,1,24,37.5417713,127.0795281,30.441,0.290000,0.691000,-0.014000,-0.002000,0.014000,0.079000,1552,1549,1417,1482,1484.500000,1515.500000,1550.500000,1449.500000,-31.000000,101.000000,1500.000000,1,0,1,1,1,0.000000,0.000000,0,1,1,1,1,15003,0.002000,0,0.102767,-1.079032,-2.044335,-0.001827,-0.009497,0.021293,1,6.087774,-6.087774,1.065781,0.032902,0.696092,-0.030431,-4.502347,1.968617,-52.972305,-4.502347,1.968617,-52.972305,-0.089160,0.250000,0.625000,2.500000,1.000000,1.000000,0.001339,1,0,2.049160,1.960000,0.052643,0.051306,0.659730,1,1,1,1,1,0.126000,1,0,0,0,0,0,0,0,0,0,0,1,0.020000,0.000000,0.000000,0.000000,0.000000,0.000000,0.000000,0.000000,0.000000,0.000000,0.000000,0.000000,0.000000,0.000000,0.000000,0.000000,0.000000,0.000000,0.000000,0.000000,0.000000
93254,0.847696,-0.014802,0.035904,-0.529060,13.000000,1.900000,0.400000,0.011000,0.372000,-1.832000,23.238108,100269.898438,88.209999,86.180000,2.030000,2.000000,7,1,1,1,3,24,1,24,37.5417713,127.0795282,30.451,0.290000,0.690000,0.025000,0.022000,0.010000,0.078000,1556,1562,1403,1480,1479.500000,1521.000000,1559.000000,1441.500000,-41.500000,117.500000,1500.000000,1,0,1,1,1,0.000000,0.000000,0,1,1,1,1,15003,0.001000,0,0.103213,-1.078868,-2.040542,-0.018152,0.019075,0.069104,1,6.197015,-6.197015,1.122259,0.032876,0.590950,1.064191,-4.520329,1.949515,-52.976048,-4.520329,1.949515,-52.976048,-0.085425,0.250000,0.625000,2.500000,1.000000,1.000000,0.001229,1,0,2.045425,1.960000,0.052601,0.039265,0.659701,1,1,1,1,1,0.125000,1,0,0,0,0,0,0,0,0,0,0,1,0.025000,0.000000,0.000000,0.000000,0.000000,0.000000,0.000000,0.000000,0.000000,0.000000,0.000000,0.000000,0.000000,0.000000,0.000000,0.000000,0.000000,0.000000,0.000000,0.000000,0.000000
93355,0.847808,-0.014800,0.037000,-0.528805,11.100000,3.000000,-1.200000,0.150000,-0.299000,-1.716000,23.239107,100270.304688,88.180000,86.180000,2.000000,2.000000,20,1,1,1,3,24,1,24,37.5417713,127.0795282,30.451,0.290000,0.690000,0.025000,0.022000,0.010000,0.078000,1541,1549,1416,1495,1478.500000,1522.000000,1545.000000,1455.500000,-43.500000,89.500000,1500.000000,1,0,1,1,1,0.000000,0.000000,0,1,1,1,1,15003,0.002000,0,0.099792,-1.077103,-2.026254,-0.026537,0.022355,0.016285,1,6.309516,-6.309516,1.050858,0.042905,1.792363,-0.376333,-4.583301,2.040300,-52.994492,-4.583301,2.040300,-52.994492,-0.070951,0.250000,0.625000,2.500000,1.000000,1.000000,0.000840,1,0,2.030951,1.960000,0.061054,0.164073,0.665640,0,0,0,0,0,0.125000,1,0,0,0,0,0,0,0,0,0,0,1,0.021000,0.000000,0.000000,0.000000,0.000000,0.000000,0.000000,0.000000,0.000000,0.000000,0.000000,0.000000,0.000000,0.000000,0.000000,0.000000,0.000000,0.000000,0.000000,0.000000,0.000000
93450,0.847906,-0.015602,0.037805,-0.528566,-8.400000,0.600000,5.300000,0.070000,0.066000,-0.674000,23.237722,100269.000000,88.290001,86.180000,2.110000,2.000000,29,1,1,1,3,25,1,25,37.5417713,127.0795282,30.462,0.290000,0.689000,0.031000,0.008000,0.010000,0.074000,1560,1562,1401,1478,1480.500000,1520.000000,1561.000000,1439.500000,-39.500000,121.500000,1500.000000,1,0,1,1,1,0.000000,0.000000,0,1,1,1,1,15003,0.002000,0,0.107438,-1.076128,-2.023942,0.039728,0.048862,0.106235,1,6.409864,-6.409864,1.147026,0.038661,1.331850,0.778254,-4.535720,1.967009,-53.049004,-4.535720,1.967009,-53.049004,-0.069944,0.250000,0.625000,2.500000,1.000000,1.000000,0.000823,1,0,2.029944,1.960000,0.053947,0.061470,0.660639,1,1,1,1,1,0.135000,1,0,0,0,0,0,0,0,0,0,0,1,0.020000,0.000000,0.000000,0.000000,0.000000,0.000000,0.000000,0.000000,0.000000,0.000000,0.000000,0.000000,0.000000,0.000000,0.000000,0.000000,0.000000,0.000000,0.000000,0.000000,0.000000
93560,0.848096,-0.015702,0.037804,-0.528260,0.700000,-3.200000,4.500000,-0.003000,0.412000,-0.524000,23.240387,100270.203125,88.189995,86.180000,2.010000,2.020000,9,1,1,1,3,25,1,25,37.5417714,127.0795282,30.473,0.289000,0.689000,0.056000,0.016000,0.001000,0.066000,1554,1555,1405,1486,1479.500000,1520.500000,1554.500000,1445.500000,-41.000000,109.000000,1500.000000,1,0,1,1,1,0.000000,0.000000,0,1,1,1,1,15003,0.004000,0,0.118382,-1.074924,-2.026588,0.095966,0.028980,0.027353,1,6.542223,-6.542223,1.195266,0.036797,1.427048,-1.441867,-4.462186,1.845703,-52.967197,-4.462186,1.845703,-52.967197,-0.049373,0.250000,0.625000,2.500000,1.000000,1.000000,0.000410,1,0,2.029373,1.980000,0.053949,0.090667,0.660641,1,1,1,1,1,0.115000,1,0,0,0,0,0,0,0,0,0,0,1,0.020000,0.000000,0.000000,0.000000,0.000000,0.000000,0.000000,0.000000,0.000000,0.000000,0.000000,0.000000,0.000000,0.000000,0.000000,0.000000,0.000000,0.000000,0.000000,0.000000,0.000000
93653,0.848081,-0.016302,0.038004,-0.528250,-8.600000,3.300000,2.200000,0.272000,0.445000,-1.433000,23.240299,100270.398438,88.169998,86.180000,1.990000,2.020000,0,1,1,1,3,25,1,25,37.5417714,127.0795283,30.489,0.290000,0.688000,0.056000,0.015000,-0.009000,0.067000,1554,1560,1402,1485,1478.000000,1522.500000,1557.000000,1443.500000,-44.500000,113.500000,1500.000000,1,0,1,1,1,0.000000,0.000000,0,1,1,1,1,15003,0.002000,0,0.122503,-1.074331,-2.034294,0.102539,0.029455,-0.033827,1,6.655275,-6.655275,1.148392,0.034904,0.700454,-0.669366,-4.514484,1.859909,-53.013977,-4.514484,1.859909,-53.013977,-0.045672,0.250000,0.625000,2.500000,1.000000,1.000000,0.000345,1,0,2.025672,1.980000,0.068706,0.225823,0.671109,1,1,1,1,1,0.125000,1,0,0,0,0,0,0,0,0,0,0,1,0.020000,0.000000,0.000000,0.000000,0.000000,0.000000,0.000000,0.000000,0.000000,0.000000,0.000000,0.000000,0.000000,0.000000,0.000000,0.000000,0.000000,0.000000,0.000000,0.000000,0.000000
93748,0.848180,-0.016502,0.038504,-0.528050,1.900000,-2.000000,4.200000,0.085000,-0.140000,-0.809000,23.237213,100268.304688,88.349998,86.180000,2.170000,2.030000,0,1,1,1,3,25,1,25,37.5417715,127.0795283,30.506,0.290000,0.687000,0.071000,0.018000,-0.018000,0.068000,1556,1555,1405,1484,1480.500000,1519.500000,1555.500000,1444.500000,-39.000000,111.000000,1500.000000,1,0,1,1,1,0.000000,0.000000,0,1,1,1,1,15003,0.001000,0,0.130168,-1.071675,-2.039809,0.081457,-0.000338,-0.095153,1,6.760295,-6.760295,1.009368,0.035205,0.459431,-0.826728,-4.643849,1.950725,-53.011414,-4.643849,1.950725,-53.011414,-0.053380,0.250000,0.625000,2.500000,1.000000,1.000000,0.000478,1,0,2.033380,1.980000,0.056403,0.111223,0.662359,1,1,1,1,1,0.125000,0,0,0,0,0,0,0,0,0,0,0,1,0.025000,0.000000,0.000000,0.000000,0.000000,0.000000,0.000000,0.000000,0.000000,0.000000,0.000000,0.000000,0.000000,0.000000,0.000000,0.000000,0.000000,0.000000,0.000000,0.000000,0.000000
93853,0.848377,-0.016602,0.039604,-0.527648,11.200000,6.400000,-3.000000,0.031000,-0.337000,-1.582000,23.243507,100270.304688,88.180000,86.180000,2.000000,2.040000,16,1,1,1,3,25,1,25,37.5417715,127.0795283,30.506,0.290000,0.687000,0.071000,0.018000,-0.018000,0.068000,1542,1554,1411,1493,1476.500000,1523.500000,1548.000000,1452.000000,-47.000000,96.000000,1500.000000,1,0,1,1,1,0.000000,0.000000,0,1,1,1,1,15003,0.002000,0,0.139234,-1.072193,-2.043680,0.095881,-0.007013,-0.090552,1,6.863191,-6.863191,1.002656,0.041355,1.641600,-0.200760,-4.768087,2.077383,-53.032562,-4.768087,2.077383,-53.032562,-0.045096,0.250000,0.625000,2.500000,1.000000,1.000000,0.000340,1,0,2.045096,2.000000,0.059570,0.141587,0.664589,0,0,0,0,0,0.125000,0,0,0,0,0,0,0,0,0,0,0,1,0.023000,0.000000,0.000000,0.000000,0.000000,0.000000,0.000000,0.000000,0.000000,0.000000,0.000000,0.000000,0.000000,0.000000,0.000000,0.000000,0.000000,0.000000,0.000000,0.000000,0.000000
93955,0.848490,-0.017402,0.040704,-0.527356,20.100000,1.200000,2.600000,-0.078000,0.469000,-1.298000,23.238283,100270.203125,88.189995,86.180000,2.010000,2.020000,32,1,1,1,3,25,1,25,37.5417716,127.0795283,30.514,0.290000,0.686000,0.073000,0.023000,-0.019000,0.068000,1547,1548,1412,1493,1479.500000,1520.500000,1547.500000,1452.500000,-41.000000,95.000000,1500.000000,1,0,1,1,1,0.000000,0.000000,0,1,1,1,1,15003,0.001000,0,0.149196,-1.069190,-2.043518,0.091519,-0.002290,0.000492,1,6.966382,-6.966382,1.023739,0.040118,1.567276,1.393123,-4.977605,2.183804,-53.031292,-4.977605,2.183804,-53.031292,-0.066804,0.250000,0.625000,2.500000,1.000000,1.000000,0.000751,1,0,2.046804,1.980000,0.053709,0.084151,0.660473,1,1,1,1,1,0.127000,0,0,0,0,0,0,0,0,0,0,0,1,0.020000,0.000000,0.000000,0.000000,0.000000,0.000000,0.000000,0.000000,0.000000,0.000000,0.000000,0.000000,0.000000,0.000000,0.000000,0.000000,0.000000,0.000000,0.000000,0.000000,0.000000
94061,0.848445,-0.018101,0.041702,-0.527328,-27.799999,-2.900000,-4.200000,0.165000,0.353000,-0.231000,23.236599,100269.101563,88.279999,86.180000,2.100000,2.040000,7,1,1,1,3,24,1,24,37.5417716,127.0795284,30.535,0.290000,0.685000,0.081000,0.035000,-0.029000,0.072000,1567,1575,1390,1468,1478.500000,1521.500000,1571.000000,1429.000000,-43.000000,142.000000,1500.000000,1,0,1,1,1,0.000000,0.000000,0,1,1,1,1,15003,0.002000,0,0.157120,-1.064000,-2.054744,0.081269,0.042339,-0.059961,1,7.070047,-7.070047,1.036214,0.035843,1.245594,0.806637,-5.142993,2.207371,-53.091618,-5.142993,2.207371,-53.091618,-0.058075,0.250000,0.625000,2.500000,1.000000,1.000000,0.000565,1,0,2.058075,2.000000,0.057349,0.115982,0.663024,1,1,1,1,1,0.121000,0,0,0,0,0,0,0,0,0,0,0,1,0.020000,0.000000,0.000000,0.000000,0.000000,0.000000,0.000000,0.000000,0.000000,0.000000,0.000000,0.000000,0.000000,0.000000,0.000000,0.000000,0.000000,0.000000,0.000000,0.000000,0.000000
94153,0.848813,-0.017302,0.041606,-0.526770,18.100000,0.800000,0.400000,0.057000,0.031000,-0.944000,23.236950,100268.304688,88.349998,86.180000,2.170000,2.080000,7,1,1,1,3,24,1,24,37.5417717,127.0795285,30.551,0.290000,0.685000,0.060000,0.021000,-0.037000,0.077000,1547,1552,1410,1491,1478.500000,1521.500000,1549.500000,1450.500000,-43.000000,99.000000,1500.000000,1,0,1,1,1,0.000000,0.000000,0,1,1,1,1,15003,0.002000,0,0.163270,-1.061777,-2.066537,0.057258,-0.000049,0.044508,1,7.180319,-7.180319,1.204365,0.032690,0.696099,1.150751,-4.994826,2.142009,-53.063637,-4.994826,2.142009,-53.063637,-0.028261,0.250000,0.625000,2.500000,1.000000,1.000000,0.000135,1,0,2.068261,2.040000,0.052304,0.051343,0.659494,1,1,1,1,1,0.127000,1,0,0,0,0,0,0,0,0,0,0,1,0.020000,0.000000,0.000000,0.000000,0.000000,0.000000,0.000000,0.000000,0.000000,0.000000,0.000000,0.000000,0.000000,0.000000,0.000000,0.000000,0.000000,0.000000,0.000000,0.000000,0.000000
94255,0.848760,-0.018201,0.042703,-0.526737,10.000000,3.600000,-0.200000,-0.167000,0.303000,-0.893000,23.240614,100270.101563,88.199997,86.180000,2.020000,2.070000,0,1,1,1,3,24,1,24,37.5417718,127.0795286,30.563,0.290000,0.684000,0.085000,0.039000,-0.033000,0.073000,1561,1560,1398,1481,1479.500000,1520.500000,1560.500000,1439.500000,-41.000000,121.000000,1500.000000,1,0,1,1,1,0.000000,0.000000,0,1,1,1,1,15003,0.002000,0,0.170921,-1.057546,-2.075168,0.064830,0.015815,-0.022516,1,7.304967,-7.304967,1.227889,0.032666,0.561606,-0.123502,-4.974352,2.107882,-53.049931,-4.974352,2.107882,-53.049931,-0.047659,0.250000,0.625000,2.500000,1.000000,1.000000,0.000383,1,0,2.077659,2.030000,0.052266,0.038140,0.659468,1,1,1,1,1,0.124000,0,0,0,0,0,0,0,0,0,0,0,1,0.021000,0.000000,0.000000,0.000000,0.000000,0.000000,0.000000,0.000000,0.000000,0.000000,0.000000,0.000000,0.000000,0.000000,0.000000,0.000000,0.000000,0.000000,0.000000,0.000000,0.000000
94348,0.848915,-0.018300,0.043601,-0.526410,-9.400000,0.600000,3.300000,0.099000,0.375000,-0.515000,23.235670,100270.398438,88.169998,86.180000,1.990000,2.060000,1,1,1,1,3,24,1,24,37.5417718,127.0795286,30.563,0.290000,0.684000,0.085000,0.039000,-0.033000,0.073000,1560,1569,1392,1479,1476.000000,1524.000000,1564.500000,1435.500000,-48.000000,129.000000,1500.000000,1,0,1,1,1,0.000000,0.000000,0,1,1,1,1,15003,0.005000,0,0.177992,-1.056662,-2.073636,0.082362,0.015555,0.022353,1,7.420070,-7.420070,1.268661,0.046028,1.856057,1.045135,-5.103016,2.128036,-53.048096,-5.103016,2.128036,-53.048096,-0.046257,0.250000,0.625000,2.500000,1.000000,1.000000,0.000360,1,0,2.076257,2.030000,0.054393,0.088568,0.660951,0,0,0,0,0,0.124000,0,0,0,0,0,0,0,0,0,0,0,1,0.020000,0.000000,0.000000,0.000000,0.000000,0.000000,0.000000,0.000000,0.000000,0.000000,0.000000,0.000000,0.000000,0.000000,0.000000,0.000000,0.000000,0.000000,0.000000,0.000000,0.000000
94455,0.849100,-0.019002,0.043905,-0.526062,11.800000,7.900000,3.900000,-0.008000,0.227000,-1.199000,23.234812,100269.500000,88.250000,86.180000,2.070000,2.070000,1,1,1,1,3,24,1,24,37.5417718,127.0795286,30.577,0.290000,0.683000,0.063000,0.029000,-0.027000,0.076000,1549,1555,1406,1491,1477.500000,1523.000000,1552.000000,1448.500000,-45.500000,103.500000,1500.000000,1,0,1,1,1,0.000000,0.000000,0,1,1,1,1,15003,0.002000,0,0.187040,-1.052156,-2.080192,0.127038,0.019423,0.033538,1,7.554464,-7.554464,1.328297,0.043248,1.647142,0.581995,-5.095716,2.131485,-52.960648,-5.095716,2.131485,-52.960648,-0.054152,0.250000,0.625000,2.500000,1.000000,1.000000,0.000493,1,0,2.084152,2.030000,0.054309,0.068364,0.660893,1,1,1,1,1,0.132000,1,0,0,0,0,0,0,0,0,0,0,1,0.020000,0.000000,0.000000,0.000000,0.000000,0.000000,0.000000,0.000000,0.000000,0.000000,0.000000,0.000000,0.000000,0.000000,0.000000,0.000000,0.000000,0.000000,0.000000,0.000000,0.000000
94549,0.849392,-0.019902,0.043905,-0.525557,7.300000,2.600000,-4.500000,0.079000,-0.143000,-1.315000,23.237740,100268.898438,88.299995,86.180000,2.120000,2.070000,3,1,1,1,3,23,1,23,37.5417718,127.0795288,30.595,0.290000,0.683000,0.056000,0.060000,-0.033000,0.090000,1554,1558,1402,1487,1478.000000,1522.500000,1556.000000,1444.500000,-44.500000,111.500000,1500.000000,1,0,1,1,1,0.000000,0.000000,0,1,1,1,1,15003,0.002000,0,0.189563,-1.044665,-2.086463,0.066652,0.014845,-0.051927,1,7.681707,-7.681707,1.290538,0.034425,0.935603,-1.201288,-5.028438,2.102215,-52.915485,-5.028438,2.102215,-52.915485,-0.059755,0.250000,0.625000,2.500000,1.000000,1.000000,0.000600,1,0,2.089755,2.030000,0.055080,0.076470,0.661432,1,1,1,1,1,0.118000,1,0,0,0,0,0,0,0,0,0,0,1,0.020000,0.000000,0.000000,0.000000,0.000000,0.000000,0.000000,0.000000,0.000000,0.000000,0.000000,0.000000,0.000000,0.000000,0.000000,0.000000,0.000000,0.000000,0.000000,0.000000,0.000000
94644,0.849738,-0.020701,0.044402,-0.524924,21.200001,-4.600000,3.700000,-0.225000,0.223000,-0.935000,23.239054,100269.203125,88.269997,86.180000,2.090000,2.060000,13,1,1,1,3,23,1,23,37.5417719,127.0795288,30.613,0.290000,0.682000,0.050000,0.054000,-0.048000,0.095000,1549,1553,1407,1491,1478.000000,1522.000000,1551.000000,1449.000000,-44.000000,102.000000,1500.000000,1,0,1,1,1,0.000000,0.000000,0,1,1,1,1,15003,0.001000,0,0.195660,-1.037881,-2.094934,0.061546,0.060800,-0.008679,1,7.807225,-7.807225,1.351755,0.034138,0.774660,1.687898,-4.974646,2.117235,-52.866432,-4.974646,2.117235,-52.866432,-0.078939,0.250000,0.625000,2.500000,1.000000,1.000000,0.001049,1,0,2.098939,2.020000,0.052769,0.036778,0.659818,1,1,1,1,1,0.128000,1,0,0,0,0,0,0,0,0,0,0,1,0.020000,0.000000,0.000000,0.000000,0.000000,0.000000,0.000000,0.000000,0.000000,0.000000,0.000000,0.000000,0.000000,0.000000,0.000000,0.000000,0.000000,0.000000,0.000000,0.000000,0.000000
94746,0.850255,-0.020101,0.044103,-0.524134,11.800000,0.200000,0.000000,-0.033000,0.126000,-1.642000,23.232391,100269.000000,88.290001,86.180000,2.110000,2.060000,29,1,1,1,3,23,1,23,37.5417719,127.0795289,30.617,0.290000,0.682000,0.024000,0.046000,-0.035000,0.105000,1554,1543,1411,1493,1482.500000,1518.000000,1548.500000,1452.000000,-35.500000,96.500000,1500.000000,1,0,1,1,1,0.000000,0.000000,0,1,1,1,1,15003,0.002000,0,0.197588,-1.031113,-2.099626,0.032832,0.050470,-0.029097,1,7.943009,-7.943009,1.352068,0.034506,0.460319,-0.074676,-4.744582,2.195523,-52.688747,-4.744582,2.195523,-52.688747,-0.069978,0.250000,0.625000,2.500000,1.000000,1.000000,0.000817,1,0,2.089978,2.020000,0.061244,0.163097,0.665775,1,1,1,1,1,0.122000,0,0,0,0,0,0,0,0,0,0,0,1,0.020000,0.000000,0.000000,0.000000,0.000000,0.000000,0.000000,0.000000,0.000000,0.000000,0.000000,0.000000,0.000000,0.000000,0.000000,0.000000,0.000000,0.000000,0.000000,0.000000,0.000000
94865,0.850653,-0.020701,0.044503,-0.523432,1.400000,-8.100000,-1.700000,-0.146000,0.202000,-0.133000,23.234058,100268.601563,88.320000,86.180000,2.140000,2.070000,0,1,1,1,3,23,1,23,37.5417719,127.0795290,30.628,0.290000,0.681000,0.018000,0.068000,-0.039000,0.107000,1569,1556,1401,1475,1485.000000,1515.500000,1562.500000,1438.000000,-30.500000,124.500000,1500.000000,1,0,1,1,1,0.000000,0.000000,0,1,1,1,1,15003,0.010000,0,0.198740,-1.022509,-2.107306,0.036705,0.074936,-0.022837,1,8.099696,-8.099696,1.280729,0.035107,0.219477,2.464840,-4.920137,2.210940,-52.609722,-4.920137,2.210940,-52.609722,-0.079799,0.250000,0.625000,2.500000,1.000000,1.000000,0.001071,1,0,2.099799,2.020000,0.054287,0.083459,0.660877,1,1,1,1,1,0.126000,0,0,0,0,0,0,0,0,0,0,0,1,0.020000,0.000000,0.000000,0.000000,0.000000,0.000000,0.000000,0.000000,0.000000,0.000000,0.000000,0.000000,0.000000,0.000000,0.000000,0.000000,0.000000,0.000000,0.000000,0.000000,0.000000
94961,0.851067,-0.020902,0.044604,-0.522741,0.000000,-8.600000,-4.100000,-0.049000,-0.413000,-0.433000,23.233356,100269.398438,88.259995,86.180000,2.080000,2.070000,7,1,1,1,3,23,1,23,37.5417719,127.0795290,30.628,0.290000,0.681000,0.018000,0.068000,-0.039000,0.107000,1567,1556,1401,1475,1484.000000,1515.500000,1561.500000,1438.000000,-31.500000,123.500000,1500.000000,1,0,1,1,1,0.000000,0.000000,0,1,1,1,1,15003,0.002000,0,0.202849,-1.014924,-2.091758,0.057090,0.096124,0.092708,1,8.220057,-8.220057,1.379457,0.039368,1.551473,0.803270,-4.878660,2.183996,-52.566532,-4.878660,2.183996,-52.566532,-0.065910,0.250000,0.625000,2.500000,1.000000,1.000000,0.000724,1,0,2.095910,2.030000,0.062989,0.164232,0.667015,1,1,1,1,1,0.126000,0,0,0,0,0,0,0,0,0,0,0,1,0.020000,0.000000,0.000000,0.000000,0.000000,0.000000,0.000000,0.000000,0.000000,0.000000,0.000000,0.000000,0.000000,0.000000,0.000000,0.000000,0.000000,0.000000,0.000000,0.000000,0.000000
95053,0.851354,-0.019801,0.044403,-0.522333,-4.300000,2.600000,4.800000,-0.106000,0.174000,-1.070000,23.236284,100269.203125,88.269997,86.180000,2.090000,2.060000,0,1,1,1,3,23,1,23,37.5417719,127.0795291,30.635,0.290000,0.681000,0.021000,0.051000,-0.027000,0.104000,1559,1557,1398,1485,1478.500000,1521.000000,1558.000000,1441.500000,-42.500000,116.500000,1500.000000,1,0,1,1,1,0.000000,0.000000,0,1,1,1,1,15003,0.002000,0,0.200438,-1.012311,-2.099914,0.004923,0.040594,0.021713,1,8.357024,-8.357024,1.417184,0.034094,0.934687,-0.106443,-4.788255,2.129306,-52.468861,-4.788255,2.129306,-52.468861,-0.084525,0.250000,0.625000,2.500000,1.000000,1.000000,0.001201,1,0,2.104525,2.020000,0.054551,0.075431,0.661061,1,1,1,1,1,0.124000,1,0,0,0,0,0,0,0,0,0,0,1,0.020000,0.000000,0.000000,0.000000,0.000000,0.000000,0.000000,0.000000,0.000000,0.000000,0.000000,0.000000,0.000000,0.000000,0.000000,0.000000,0.000000,0.000000,0.000000,0.000000,0.000000
95153,0.851586,-0.020102,0.044304,-0.521953,19.500000,-5.500000,2.400000,-0.094000,0.030000,-1.042000,23.234741,100270.601563,88.150002,86.180000,1.970000,2.060000,15,1,1,1,3,23,1,23,37.5417719,127.0795292,30.641,0.290000,0.681000,0.001000,0.051000,-0.019000,0.107000,1558,1544,1410,1489,1484.000000,1516.500000,1551.000000,1449.500000,-32.500000,101.500000,1500.000000,1,0,1,1,1,0.000000,0.000000,0,1,1,1,1,15003,0.002000,0,0.197593,-1.007859,-2.105081,-0.017308,0.012925,0.050572,1,8.504259,-8.504259,1.527987,0.034067,0.775905,0.967937,-4.915451,2.018650,-52.459805,-4.915451,2.018650,-52.459805,-0.090441,0.250000,0.625000,2.500000,1.000000,1.000000,0.001378,1,0,2.110441,2.020000,0.052475,0.034272,0.659613,1,1,1,1,1,0.126000,1,0,0,0,0,0,0,0,0,0,0,1,0.020000,0.000000,0.000000,0.000000,0.000000,0.000000,0.000000,0.000000,0.000000,0.000000,0.000000,0.000000,0.000000,0.000000,0.000000,0.000000,0.000000,0.000000,0.000000,0.000000,0.000000
95245,0.851833,-0.019601,0.043702,-0.521620,-24.299999,2.400000,-4.500000,0.259000,0.866000,-2.028000,23.237179,100269.804688,88.220001,86.180000,2.040000,2.060000,21,1,1,1,3,23,1,23,37.5417719,127.0795293,30.647,0.290000,0.681000,-0.018000,0.071000,-0.020000,0.102000,1561,1566,1393,1480,1477.000000,1523.000000,1563.500000,1436.500000,-46.000000,127.000000,1500.000000,1,0,1,1,1,0.000000,0.000000,0,1,1,1,1,15003,0.002000,0,0.195451,-1.000214,-2.113610,0.007161,0.090106,-0.075017,1,8.646546,-8.646546,1.537487,0.033702,0.220340,-2.657855,-4.437316,2.169620,-52.387772,-4.437316,2.169620,-52.387772,-0.075485,0.250000,0.625000,2.500000,1.000000,1.000000,0.000951,1,0,2.095485,2.020000,0.060793,0.160237,0.665455,1,1,1,1,1,0.124000,1,0,0,0,0,0,0,0,0,0,0,1,0.028000,0.000000,0.000000,0.000000,0.000000,0.000000,0.000000,0.000000,0.000000,0.000000,0.000000,0.000000,0.000000,0.000000,0.000000,0.000000,0.000000,0.000000,0.000000,0.000000,0.000000
95344,0.851970,-0.020502,0.043904,-0.521343,3.700000,-5.300000,4.600000,-0.046000,0.259000,0.311000,23.241177,100272.101563,88.029999,86.180000,1.850000,2.030000,34,1,1,1,3,23,1,23,37.5417719,127.0795293,30.647,0.290000,0.681000,-0.018000,0.071000,-0.020000,0.102000,1566,1556,1397,1481,1481.500000,1518.500000,1561.000000,1439.000000,-37.000000,122.000000,1500.000000,1,0,1,1,1,0.000000,0.000000,0,1,1,1,1,15003,0.001000,0,0.198815,-0.990710,-2.111862,0.055985,0.097820,-0.103138,1,8.793401,-8.793401,1.495326,0.040628,1.592155,-0.359854,-4.273791,2.167884,-52.314526,-4.273791,2.167884,-52.314526,-0.125235,0.250000,0.625000,2.500000,1.000000,1.000000,0.002637,1,0,2.115235,1.990000,0.054088,0.081875,0.660738,0,0,0,0,0,0.124000,1,0,0,0,0,0,0,0,0,0,0,1,0.020000,0.000000,0.000000,0.000000,0.000000,0.000000,0.000000,0.000000,0.000000,0.000000,0.000000,0.000000,0.000000,0.000000,0.000000,0.000000,0.000000,0.000000,0.000000,0.000000,0.000000
95454,0.852182,-0.019802,0.043604,-0.521050,-5.400000,-2.800000,2.200000,-0.123000,0.181000,0.196000,23.235653,100269.898438,88.209999,86.180000,2.030000,2.040000,8,1,1,1,3,23,1,23,37.5417719,127.0795294,30.656,0.290000,0.680000,0.000000,0.054000,-0.008000,0.099000,1565,1564,1394,1477,1479.500000,1520.500000,1564.500000,1435.500000,-41.000000,129.000000,1500.000000,1,0,1,1,1,0.000000,0.000000,0,1,1,1,1,15003,0.001000,0,0.200632,-0.984758,-2.104517,0.074341,0.057593,-0.057752,1,8.957003,-8.957003,1.455243,0.036181,1.272317,0.791861,-4.377740,2.176539,-52.271412,-4.377740,2.176539,-52.271412,-0.110626,0.250000,0.625000,2.500000,1.000000,1.000000,0.002050,1,0,2.110626,2.000000,0.057889,0.118198,0.663404,1,1,1,1,1,0.134000,1,0,0,0,0,0,0,0,0,0,0,1,0.020000,0.000000,0.000000,0.000000,0.000000,0.000000,0.000000,0.000000,0.000000,0.000000,0.000000,0.000000,0.000000,0.000000,0.000000,0.000000,0.000000,0.000000,0.000000,0.000000,0.000000
95545,0.852371,-0.018102,0.043104,-0.520843,29.200001,3.100000,1.000000,0.261000,-0.147000,-1.672000,23.236494,100269.500000,88.250000,86.180000,2.070000,2.040000,0,1,1,1,3,24,1,24,37.5417718,127.0795294,30.664,0.290000,0.680000,-0.022000,0.054000,0.008000,0.085000,1563,1569,1392,1475,1477.500000,1522.000000,1566.000000,1433.500000,-44.500000,132.500000,1500.000000,1,0,1,1,1,0.000000,0.000000,0,1,1,1,1,15003,0.002000,0,0.192857,-0.981672,-2.103328,-0.005886,0.022359,-0.032404,1,9.089621,-9.089621,1.414270,0.033893,1.149693,-0.125879,-4.564836,2.232500,-52.267170,-4.564836,2.232500,-52.267170,-0.109253,0.250000,0.625000,2.500000,1.000000,1.000000,0.002007,1,0,2.109253,2.000000,0.054229,0.093361,0.660836,1,1,1,1,1,0.117000,1,0,0,0,0,0,0,0,0,0,0,1,0.020000,0.000000,0.000000,0.000000,0.000000,0.000000,0.000000,0.000000,0.000000,0.000000,0.000000,0.000000,0.000000,0.000000,0.000000,0.000000,0.000000,0.000000,0.000000,0.000000,0.000000
95643,0.852260,-0.017301,0.043303,-0.521037,-2.600000,7.400000,4.400000,0.096000,0.643000,-1.697000,23.237652,100270.000000,88.209999,86.180000,2.030000,2.040000,13,1,1,1,3,25,1,25,37.5417717,127.0795296,30.682,0.290000,0.679000,-0.030000,0.055000,0.011000,0.079000,1553,1554,1397,1495,1475.000000,1524.500000,1553.500000,1446.000000,-49.500000,107.500000,1500.000000,1,0,1,1,1,0.000000,0.000000,0,1,1,1,1,15003,0.002000,0,0.188285,-0.974379,-2.105694,-0.015607,0.056563,0.028995,1,9.233222,-9.233222,1.506528,0.033605,0.774879,-0.810361,-4.595811,2.295537,-52.260899,-4.595811,2.295537,-52.260899,-0.111866,0.250000,0.625000,2.500000,1.000000,1.000000,0.002110,1,0,2.111866,2.000000,0.051788,0.037468,0.659135,1,1,1,1,1,0.125000,0,0,0,0,0,0,0,0,0,0,0,1,0.021000,0.000000,0.000000,0.000000,0.000000,0.000000,0.000000,0.000000,0.000000,0.000000,0.000000,0.000000,0.000000,0.000000,0.000000,0.000000,0.000000,0.000000,0.000000,0.000000,0.000000
95748,0.852220,-0.017000,0.043301,-0.521112,-21.100000,2.100000,-1.100000,0.194000,0.175000,-1.413000,23.233988,100268.000000,88.369995,86.180000,2.190000,2.060000,32,1,1,1,3,25,1,25,37.5417717,127.0795297,30.691,0.290000,0.678000,-0.034000,0.071000,0.018000,0.077000,1557,1567,1392,1484,1474.500000,1525.500000,1562.000000,1438.000000,-51.000000,124.000000,1500.000000,1,0,1,1,1,0.000000,0.000000,0,1,1,1,1,15003,0.005000,0,0.184636,-0.965282,-2.106377,-0.001870,0.084985,-0.008652,1,9.386956,-9.386956,1.454221,0.034144,0.460324,-1.283249,-4.438150,2.333826,-52.148808,-4.438150,2.333826,-52.148808,-0.079172,0.250000,0.625000,2.500000,1.000000,1.000000,0.001047,1,0,2.099172,2.020000,0.060422,0.162081,0.665192,1,1,1,1,1,0.127000,1,0,0,0,0,0,0,0,0,0,0,1,0.020000,0.000000,0.000000,0.000000,0.000000,0.000000,0.000000,0.000000,0.000000,0.000000,0.000000,0.000000,0.000000,0.000000,0.000000,0.000000,0.000000,0.000000,0.000000,0.000000,0.000000
95868,0.852053,-0.016501,0.042903,-0.521433,0.000000,1.500000,-1.700000,-0.074000,0.501000,-1.530000,23.237757,100270.500000,88.159996,86.180000,1.980000,2.040000,3,1,1,1,3,25,1,25,37.5417716,127.0795298,30.702,0.290000,0.677000,-0.035000,0.046000,0.023000,0.071000,1554,1555,1406,1486,1480.000000,1520.500000,1554.500000,1446.000000,-40.500000,108.500000,1500.000000,1,0,1,1,1,0.000000,0.000000,0,1,1,1,1,15003,0.010000,0,0.179712,-0.956301,-2.101298,-0.028175,0.053643,-0.009316,1,9.549115,-9.549115,1.305111,0.033094,0.219442,2.094700,-4.641868,2.373876,-52.148884,-4.641868,2.373876,-52.148884,-0.106961,0.250000,0.625000,2.500000,1.000000,1.000000,0.001926,1,0,2.106961,2.000000,0.052950,0.025557,0.659944,1,1,1,1,1,0.123000,0,0,0,0,0,0,0,0,0,0,0,1,0.022000,0.000000,0.000000,0.000000,0.000000,0.000000,0.000000,0.000000,0.000000,0.000000,0.000000,0.000000,0.000000,0.000000,0.000000,0.000000,0.000000,0.000000,0.000000,0.000000,0.000000
95958,0.851966,-0.016301,0.043403,-0.521540,-4.900000,8.800000,-2.600000,-0.005000,-0.201000,-2.406000,23.235407,100270.898438,88.129997,86.180000,1.950000,2.020000,0,1,1,1,3,25,1,25,37.5417716,127.0795298,30.702,0.290000,0.677000,-0.035000,0.046000,0.023000,0.071000,1546,1557,1402,1494,1474.000000,1525.500000,1551.500000,1448.000000,-51.500000,103.500000,1500.000000,1,0,1,1,1,0.000000,0.000000,0,1,1,1,1,15003,0.001000,0,0.177410,-0.949742,-2.091375,-0.024200,0.061447,0.067937,1,9.676410,-9.676410,1.376281,0.041374,1.517074,-0.086415,-4.777541,2.394664,-52.203407,-4.777541,2.394664,-52.203407,-0.110597,0.250000,0.625000,2.500000,1.000000,1.000000,0.002059,1,0,2.100597,1.990000,0.053194,0.054995,0.660114,0,0,0,0,0,0.123000,0,0,0,0,0,0,0,0,0,0,0,1,0.020000,0.000000,0.000000,0.000000,0.000000,0.000000,0.000000,0.000000,0.000000,0.000000,0.000000,0.000000,0.000000,0.000000,0.000000,0.000000,0.000000,0.000000,0.000000,0.000000,0.000000
96060,0.851647,-0.016301,0.043802,-0.522029,-11.800000,0.300000,0.200000,0.383000,0.176000,-1.113000,23.231304,100268.898438,88.299995,86.180000,2.120000,2.030000,3,1,1,1,3,25,1,25,37.5417715,127.0795299,30.709,0.290000,0.676000,-0.054000,0.047000,0.021000,0.064000,1541,1548,1413,1499,1477.000000,1523.500000,1544.500000,1456.000000,-46.500000,88.500000,1500.000000,1,0,1,1,1,0.000000,0.000000,0,1,1,1,1,15003,0.005000,0,0.167881,-0.943922,-2.092843,-0.060774,0.052561,-0.047584,1,9.811625,-9.811625,1.336302,0.035970,1.170136,-0.165131,-4.561158,2.381898,-52.227440,-4.561158,2.381898,-52.227440,-0.109123,0.250000,0.625000,2.500000,1.000000,1.000000,0.001995,1,0,2.099123,1.990000,0.057551,0.106737,0.663166,1,1,1,1,1,0.125000,0,0,0,0,0,0,0,0,0,0,0,1,0.020000,0.000000,0.000000,0.000000,0.000000,0.000000,0.000000,0.000000,0.000000,0.000000,0.000000,0.000000,0.000000,0.000000,0.000000,0.000000,0.000000,0.000000,0.000000,0.000000,0.000000
96153,0.851255,-0.016301,0.044203,-0.522634,-16.100000,-1.800000,2.100000,0.121000,0.146000,-1.115000,23.227816,100268.398438,88.339996,86.180000,2.160000,2.050000,8,1,1,1,3,25,1,25,37.5417715,127.0795300,30.714,0.289000,0.675000,-0.025000,0.058000,0.029000,0.074000,1560,1565,1394,1481,1477.000000,1523.000000,1562.500000,1437.500000,-46.000000,125.000000,1500.000000,1,0,1,1,1,0.000000,0.000000,0,1,1,1,1,15003,0.002000,0,0.162399,-0.937863,-2.093973,-0.041039,0.047711,0.013686,1,9.938073,-9.938073,1.340858,0.033088,0.745085,0.583042,-4.588871,2.458691,-52.241936,-4.588871,2.458691,-52.241936,-0.088741,0.250000,0.625000,2.500000,1.000000,1.000000,0.001326,1,0,2.098741,2.010000,0.052941,0.053908,0.659938,1,1,1,1,1,0.125000,1,0,0,0,0,0,0,0,0,0,0,1,0.020000,0.000000,0.000000,0.000000,0.000000,0.000000,0.000000,0.000000,0.000000,0.000000,0.000000,0.000000,0.000000,0.000000,0.000000,0.000000,0.000000,0.000000,0.000000,0.000000,0.000000
96247,0.850641,-0.015401,0.044602,-0.523625,-22.200001,3.300000,-1.700000,0.105000,-0.098000,-0.797000,23.233444,100270.000000,88.209999,86.180000,2.030000,2.070000,0,1,1,1,3,25,1,25,37.5417714,127.0795301,30.716,0.289000,0.675000,-0.033000,0.061000,0.035000,0.074000,1548,1576,1394,1482,1471.000000,1529.000000,1562.000000,1438.000000,-58.000000,124.000000,1500.000000,1,0,1,1,1,0.000000,0.000000,0,1,1,1,1,15003,0.002000,0,0.155881,-0.932180,-2.102882,-0.027883,0.056892,-0.019761,1,10.063412,-10.063412,1.313605,0.034924,0.592780,-2.223905,-4.696919,2.563874,-52.397182,-4.696919,2.563874,-52.397182,-0.063688,0.250000,0.625000,2.500000,1.000000,1.000000,0.000681,1,0,2.093688,2.030000,0.056199,0.110381,0.662216,1,1,1,1,1,0.125000,1,0,0,0,0,0,0,0,0,0,0,1,0.025000,0.000000,0.000000,0.000000,0.000000,0.000000,0.000000,0.000000,0.000000,0.000000,0.000000,0.000000,0.000000,0.000000,0.000000,0.000000,0.000000,0.000000,0.000000,0.000000,0.000000
96355,0.849954,-0.014401,0.045003,-0.524733,-5.100000,3.300000,-4.700000,-0.065000,-0.559000,-1.070000,23.234566,100270.703125,88.150002,86.180000,1.970000,2.050000,20,1,1,1,3,25,1,25,37.5417714,127.0795301,30.716,0.289000,0.675000,-0.033000,0.061000,0.035000,0.074000,1544,1570,1403,1483,1473.500000,1526.500000,1557.000000,1443.000000,-53.000000,114.000000,1500.000000,1,0,1,1,1,0.000000,0.000000,0,1,1,1,1,15003,0.002000,0,0.155284,-0.926019,-2.093494,0.017940,0.058085,-0.055968,1,10.202097,-10.202097,1.252787,0.043111,1.793047,-0.371852,-4.580874,2.689762,-52.556969,-4.580874,2.689762,-52.556969,-0.087954,0.250000,0.625000,2.500000,1.000000,1.000000,0.001291,1,0,2.097954,2.010000,0.061367,0.164464,0.665862,0,0,0,0,0,0.125000,1,0,0,0,0,0,0,0,0,0,0,1,0.021000,0.000000,0.000000,0.000000,0.000000,0.000000,0.000000,0.000000,0.000000,0.000000,0.000000,0.000000,0.000000,0.000000,0.000000,0.000000,0.000000,0.000000,0.000000,0.000000,0.000000
96459,0.849381,-0.013301,0.044304,-0.525750,-1.600000,2.400000,0.300000,0.033000,0.006000,-1.321000,23.231972,100270.203125,88.189995,86.180000,2.010000,2.050000,38,1,1,1,3,25,1,25,37.5417714,127.0795302,30.722,0.289000,0.674000,-0.030000,0.079000,0.036000,0.078000,1544,1561,1407,1489,1475.500000,1525.000000,1552.500000,1448.000000,-49.500000,104.500000,1500.000000,1,0,1,1,1,0.000000,0.000000,0,1,1,1,1,15003,0.002000,0,0.146450,-0.917225,-2.088072,-0.041273,0.045290,0.013634,1,10.331022,-10.331022,1.224957,0.041360,1.642094,0.550088,-4.272051,2.716231,-52.658325,-4.272051,2.716231,-52.658325,-0.082829,0.250000,0.625000,2.500000,1.000000,1.000000,0.001153,1,0,2.092829,2.010000,0.054988,0.097866,0.661367,1,1,1,1,1,0.129000,0,0,0,0,0,0,0,0,0,0,0,1,0.020000,0.000000,0.000000,0.000000,0.000000,0.000000,0.000000,0.000000,0.000000,0.000000,0.000000,0.000000,0.000000,0.000000,0.000000,0.000000,0.000000,0.000000,0.000000,0.000000,0.000000
96560,0.848774,-0.014201,0.042604,-0.526846,-11.000000,2.100000,-5.700000,-0.066000,0.134000,-1.130000,23.234320,100270.203125,88.189995,86.180000,2.010000,2.040000,9,1,1,1,3,25,1,25,37.5417713,127.0795303,30.714,0.289000,0.673000,-0.014000,0.078000,0.047000,0.082000,1547,1565,1409,1479,1478.000000,1522.000000,1556.000000,1444.000000,-44.000000,112.000000,1500.000000,1,0,1,1,1,0.000000,0.000000,0,1,1,1,1,15003,0.004000,0,0.140959,-0.908086,-2.077625,-0.005891,0.095023,0.146624,1,10.454787,-10.454787,1.320476,0.036773,1.327813,0.999101,-4.384589,2.510129,-52.747692,-4.384589,2.510129,-52.747692,-0.082690,0.250000,0.625000,2.500000,1.000000,1.000000,0.001150,1,0,2.082690,2.000000,0.054259,0.084497,0.660857,1,1,1,1,1,0.121000,1,0,0,0,0,0,0,0,0,0,0,1,0.023000,0.000000,0.000000,0.000000,0.000000,0.000000,0.000000,0.000000,0.000000,0.000000,0.000000,0.000000,0.000000,0.000000,0.000000,0.000000,0.000000,0.000000,0.000000,0.000000,0.000000
96653,0.848485,-0.013901,0.040904,-0.527453,26.900000,4.800000,5.800000,-0.282000,0.108000,-0.873000,23.237862,100270.398438,88.169998,86.180000,1.990000,2.020000,0,1,1,1,3,24,1,24,37.5417713,127.0795304,30.714,0.289000,0.673000,-0.040000,0.066000,0.047000,0.074000,1542,1546,1412,1500,1477.000000,1523.000000,1544.000000,1456.000000,-46.000000,88.000000,1500.000000,1,0,1,1,1,0.000000,0.000000,0,1,1,1,1,15003,0.002000,0,0.133599,-0.902298,-2.081454,-0.050554,0.043640,0.121391,1,10.584304,-10.584304,1.404325,0.035087,0.699058,1.010346,-4.174480,2.355931,-52.805256,-4.174480,2.355931,-52.805256,-0.091525,0.250000,0.625000,2.500000,1.000000,1.000000,0.001388,1,0,2.071525,1.980000,0.067781,0.211119,0.670444,1,1,1,1,1,0.125000,1,0,0,0,0,0,0,0,0,0,0,1,0.020000,0.000000,0.000000,0.000000,0.000000,0.000000,0.000000,0.000000,0.000000,0.000000,0.000000,0.000000,0.000000,0.000000,0.000000,0.000000,0.000000,0.000000,0.000000,0.000000,0.000000
96749,0.848136,-0.014201,0.040702,-0.528022,3.300000,2.700000,-1.800000,0.159000,0.043000,-0.935000,23.234320,100269.804688,88.220001,86.180000,2.040000,2.030000,0,1,1,1,3,25,1,25,37.5417713,127.0795305,30.714,0.289000,0.672000,-0.010000,0.071000,0.050000,0.081000,1544,1559,1410,1488,1477.000000,1523.500000,1551.500000,1449.000000,-46.500000,102.500000,1500.000000,1,0,1,1,1,0.000000,0.000000,0,1,1,1,1,15003,0.001000,0,0.132402,-0.894227,-2.079820,0.027293,0.090946,0.038966,1,10.721815,-10.721815,1.422808,0.035332,0.459420,-1.697938,-4.118658,2.347631,-52.895943,-4.118658,2.347631,-52.895943,-0.079928,0.250000,0.625000,2.500000,1.000000,1.000000,0.001071,1,0,2.069928,1.990000,0.056587,0.110524,0.662488,1,1,1,1,1,0.126000,1,0,0,0,0,0,0,0,0,0,0,1,0.020000,0.000000,0.000000,0.000000,0.000000,0.000000,0.000000,0.000000,0.000000,0.000000,0.000000,0.000000,0.000000,0.000000,0.000000,0.000000,0.000000,0.000000,0.000000,0.000000,0.000000
96850,0.847752,-0.013201,0.041103,-0.528633,18.500000,4.500000,2.900000,-0.048000,0.116000,-1.834000,23.233232,100269.304688,88.269997,86.180000,2.090000,2.040000,12,1,1,1,3,25,1,25,37.5417713,127.0795305,30.714,0.289000,0.672000,-0.010000,0.071000,0.050000,0.081000,1543,1549,1412,1496,1477.500000,1522.500000,1546.000000,1454.000000,-45.000000,92.000000,1500.000000,1,0,1,1,1,0.000000,0.000000,0,1,1,1,1,15003,0.005000,0,0.138728,-0.883511,-2.063343,0.086601,0.113536,0.001400,1,10.862558,-10.862558,1.366284,0.041675,1.666276,-3.407622,-4.187921,2.471397,-53.029800,-4.187921,2.471397,-53.029800,-0.067547,0.250000,0.625000,2.500000,1.000000,1.000000,0.000763,1,0,2.067547,2.000000,0.059702,0.141485,0.664683,0,0,0,0,0,0.126000,1,0,0,0,0,0,0,0,0,0,0,1,0.022000,0.000000,0.000000,0.000000,0.000000,0.000000,0.000000,0.000000,0.000000,0.000000,0.000000,0.000000,0.000000,0.000000,0.000000,0.000000,0.000000,0.000000,0.000000,0.000000,0.000000
96954,0.847380,-0.012601,0.042304,-0.529150,-20.700001,0.700000,0.400000,0.014000,0.246000,-0.577000,23.232864,100269.898438,88.209999,86.180000,2.030000,2.040000,30,1,1,1,3,24,1,24,37.5417712,127.0795305,30.725,0.288000,0.671000,-0.020000,0.060000,0.033000,0.072000,1556,1569,1396,1479,1476.000000,1524.000000,1562.500000,1437.500000,-48.000000,125.000000,1500.000000,1,0,1,1,1,0.000000,0.000000,0,1,1,1,1,15003,0.002000,0,0.126265,-0.882811,-2.063037,-0.033204,0.017561,0.047608,1,10.999844,-10.999844,1.361228,0.040293,1.591704,0.248914,-4.440423,2.475981,-53.175022,-4.440423,2.475981,-53.175022,-0.067730,0.250000,0.625000,2.500000,1.000000,1.000000,0.000772,1,0,2.067730,2.000000,0.053683,0.080392,0.660455,1,1,1,1,1,0.123000,0,0,0,0,0,0,0,0,0,0,0,1,0.020000,0.000000,0.000000,0.000000,0.000000,0.000000,0.000000,0.000000,0.000000,0.000000,0.000000,0.000000,0.000000,0.000000,0.000000,0.000000,0.000000,0.000000,0.000000,0.000000,0.000000
97058,0.847266,-0.012201,0.042303,-0.529341,11.900000,-0.700000,5.100000,-0.121000,0.362000,-0.133000,23.235407,100270.398438,88.169998,86.180000,1.990000,2.030000,3,1,1,1,3,24,1,24,37.5417712,127.0795306,30.732,0.288000,0.671000,-0.012000,0.081000,0.042000,0.076000,1550,1557,1409,1484,1479.500000,1520.500000,1553.500000,1446.500000,-41.000000,107.000000,1500.000000,1,0,1,1,1,0.000000,0.000000,0,1,1,1,1,15003,0.002000,0,0.124562,-0.872098,-2.061522,-0.004118,0.078362,0.067871,1,11.140867,-11.140867,1.379472,0.033638,1.036948,-0.361574,-4.512522,2.521845,-53.234486,-4.512522,2.521845,-53.234486,-0.075590,0.250000,0.625000,2.500000,1.000000,1.000000,0.000961,1,0,2.065590,1.990000,0.053821,0.083409,0.660552,1,1,1,1,1,0.125000,0,0,0,0,0,0,0,0,0,0,0,1,0.020000,0.000000,0.000000,0.000000,0.000000,0.000000,0.000000,0.000000,0.000000,0.000000,0.000000,0.000000,0.000000,0.000000,0.000000,0.000000,0.000000,0.000000,0.000000,0.000000,0.000000
97151,0.847391,-0.011601,0.041004,-0.529257,-14.300000,0.300000,-2.100000,0.316000,0.233000,-2.311000,23.235250,100272.203125,88.019997,86.180000,1.840000,2.010000,4,1,1,1,3,24,1,24,37.5417711,127.0795308,30.743,0.288000,0.670000,-0.006000,0.082000,0.031000,0.078000,1551,1559,1403,1487,1477.000000,1523.000000,1555.000000,1445.000000,-46.000000,110.000000,1500.000000,1,0,1,1,1,0.000000,0.000000,0,1,1,1,1,15003,0.001000,0,0.121632,-0.863591,-2.066186,0.001529,0.059544,0.029116,1,11.272722,-11.272722,1.412936,0.033466,0.698852,1.176173,-4.493361,2.402305,-53.212856,-4.493361,2.402305,-53.212856,-0.101628,0.250000,0.625000,2.500000,1.000000,1.000000,0.001738,1,0,2.071628,1.970000,0.053546,0.052681,0.660360,1,1,1,1,1,0.128000,1,0,0,0,0,0,0,0,0,0,0,1,0.020000,0.000000,0.000000,0.000000,0.000000,0.000000,0.000000,0.000000,0.000000,0.000000,0.000000,0.000000,0.000000,0.000000,0.000000,0.000000,0.000000,0.000000,0.000000,0.000000,0.000000
97255,0.847643,-0.012101,0.039902,-0.528927,-11.700000,-4.000000,2.500000,0.252000,-0.046000,-1.417000,23.227852,100270.500000,88.159996,86.180000,1.980000,2.020000,0,1,1,1,3,25,1,25,37.5417711,127.0795309,30.765,0.288000,0.670000,-0.006000,0.079000,0.019000,0.079000,1556,1555,1404,1484,1480.000000,1519.500000,1555.500000,1444.000000,-39.500000,111.500000,1500.000000,1,0,1,1,1,0.000000,0.000000,0,1,1,1,1,15003,0.002000,0,0.117133,-0.855689,-2.073313,-0.022943,0.060421,0.042275,1,11.426463,-11.426463,1.475317,0.034974,0.457004,0.735997,-4.505528,2.242909,-53.142948,-4.505528,2.242909,-53.142948,-0.083042,0.250000,0.625000,2.500000,1.000000,1.000000,0.001157,1,0,2.063042,1.980000,0.056545,0.106392,0.662459,1,1,1,1,1,0.123000,1,0,0,0,0,0,0,0,0,0,0,1,0.020000,0.000000,0.000000,0.000000,0.000000,0.000000,0.000000,0.000000,0.000000,0.000000,0.000000,0.000000,0.000000,0.000000,0.000000,0.000000,0.000000,0.000000,0.000000,0.000000,0.000000
97352,0.848077,-0.012301,0.039604,-0.528248,6.400000,1.900000,-0.600000,0.015000,0.040000,-1.331000,23.229446,100269.804688,88.220001,86.180000,2.040000,2.020000,3,1,1,1,3,25,1,25,37.5417711,127.0795309,30.765,0.288000,0.670000,-0.006000,0.079000,0.019000,0.079000,1549,1549,1410,1492,1479.500000,1520.500000,1549.000000,1451.000000,-41.000000,98.000000,1500.000000,1,0,1,1,1,0.000000,0.000000,0,1,1,1,1,15003,0.005000,0,0.115469,-0.852109,-2.058074,-0.019226,0.014233,-0.043311,1,11.562051,-11.562051,1.364010,0.041282,1.677144,0.780852,-4.615645,2.236830,-53.103485,-4.615645,2.236830,-53.103485,-0.083596,0.250000,0.625000,2.500000,1.000000,1.000000,0.001160,1,0,2.063596,1.980000,0.066051,0.192064,0.669202,0,0,0,0,0,0.123000,1,0,0,0,0,0,0,0,0,0,0,1,0.020000,0.000000,0.000000,0.000000,0.000000,0.000000,0.000000,0.000000,0.000000,0.000000,0.000000,0.000000,0.000000,0.000000,0.000000,0.000000,0.000000,0.000000,0.000000,0.000000,0.000000
97463,0.848324,-0.011900,0.040201,-0.527815,3.800000,2.700000,-3.600000,0.016000,0.284000,-1.246000,23.229095,100268.703125,88.320000,86.180000,2.140000,2.040000,0,1,1,1,3,25,1,25,37.5417711,127.0795310,30.772,0.288000,0.669000,0.023000,0.088000,0.028000,0.083000,1551,1557,1404,1488,1477.500000,1522.500000,1554.000000,1446.000000,-45.000000,108.000000,1500.000000,1,0,1,1,1,0.000000,0.000000,0,1,1,1,1,15003,0.002000,0,0.117361,-0.840062,-2.062925,0.013478,0.045168,0.011288,1,11.712956,-11.712956,1.343495,0.041570,1.520868,0.543482,-4.493166,2.292360,-53.018673,-4.493166,2.292360,-53.018673,-0.076898,0.250000,0.625000,2.500000,1.000000,1.000000,0.000995,1,0,2.066898,1.990000,0.053589,0.058058,0.660389,0,0,0,0,0,0.129000,0,0,0,0,0,0,0,0,0,0,0,1,0.020000,0.000000,0.000000,0.000000,0.000000,0.000000,0.000000,0.000000,0.000000,0.000000,0.000000,0.000000,0.000000,0.000000,0.000000,0.000000,0.000000,0.000000,0.000000,0.000000,0.000000
97557,0.848767,-0.011501,0.041103,-0.527042,25.299999,-0.100000,5.500000,-0.194000,-0.130000,-0.890000,23.231779,100271.304688,88.099998,86.180000,1.920000,2.030000,9,1,1,1,3,25,1,25,37.5417711,127.0795312,30.787,0.288000,0.669000,0.003000,0.077000,0.023000,0.085000,1547,1543,1410,1501,1478.500000,1522.000000,1545.000000,1455.500000,-43.500000,89.500000,1500.000000,1,0,1,1,1,0.000000,0.000000,0,1,1,1,1,15003,0.005000,0,0.116431,-0.830444,-2.064502,0.051518,0.063159,-0.039805,1,11.831637,-11.831637,1.260232,0.037029,1.301263,-2.171319,-4.502734,2.403161,-52.958290,-4.502734,2.403161,-52.958290,-0.078628,0.250000,0.625000,2.500000,1.000000,1.000000,0.001039,1,0,2.068628,1.990000,0.054667,0.079980,0.661142,1,1,1,1,1,0.122000,1,0,0,0,0,0,0,0,0,0,0,1,0.023000,0.000000,0.000000,0.000000,0.000000,0.000000,0.000000,0.000000,0.000000,0.000000,0.000000,0.000000,0.000000,0.000000,0.000000,0.000000,0.000000,0.000000,0.000000,0.000000,0.000000
97654,0.848846,-0.011501,0.042202,-0.526828,18.299999,7.300000,1.300000,0.128000,-0.164000,-1.901000,23.230955,100269.898438,88.209999,86.180000,2.030000,2.040000,0,1,1,1,3,25,1,25,37.5417711,127.0795313,30.787,0.288000,0.668000,0.034000,0.109000,0.036000,0.085000,1537,1547,1410,1506,1473.500000,1526.500000,1542.000000,1458.000000,-53.000000,84.000000,1500.000000,1,0,1,1,1,0.000000,0.000000,0,1,1,1,1,15003,0.002000,0,0.118179,-0.817684,-2.067325,0.036036,0.101672,0.051778,1,11.953693,-11.953693,1.215185,0.035657,0.749441,-0.262874,-4.627389,2.569237,-52.889847,-4.627389,2.569237,-52.889847,-0.068697,0.250000,0.625000,2.500000,1.000000,1.000000,0.000782,1,0,2.068697,2.000000,0.068193,0.208861,0.670740,1,1,1,1,1,0.126000,1,0,0,0,0,0,0,0,0,0,0,1,0.020000,0.000000,0.000000,0.000000,0.000000,0.000000,0.000000,0.000000,0.000000,0.000000,0.000000,0.000000,0.000000,0.000000,0.000000,0.000000,0.000000,0.000000,0.000000,0.000000,0.000000
97751,0.849098,-0.011101,0.041805,-0.526461,3.100000,6.400000,2.000000,-0.126000,0.140000,-1.590000,23.232847,100271.601563,88.070000,86.180000,1.890000,2.020000,0,1,1,1,3,25,1,25,37.5417712,127.0795314,30.788,0.288000,0.668000,0.043000,0.067000,0.039000,0.086000,1548,1555,1403,1494,1475.500000,1524.500000,1551.500000,1448.500000,-49.000000,103.000000,1500.000000,1,0,1,1,1,0.000000,0.000000,0,1,1,1,1,15003,0.002000,0,0.123740,-0.809093,-2.072186,0.056725,0.077839,0.055379,1,12.076874,-12.076874,1.316048,0.035802,0.460110,-0.211839,-4.426764,2.517975,-52.806278,-4.426764,2.517975,-52.806278,-0.069336,0.250000,0.625000,2.500000,1.000000,1.000000,0.000805,1,0,2.059336,1.990000,0.058135,0.121235,0.663577,1,1,1,1,1,0.125000,1,0,0,0,0,0,0,0,0,0,0,1,0.020000,0.000000,0.000000,0.000000,0.000000,0.000000,0.000000,0.000000,0.000000,0.000000,0.000000,0.000000,0.000000,0.000000,0.000000,0.000000,0.000000,0.000000,0.000000,0.000000,0.000000
97850,0.849377,-0.010901,0.041404,-0.526048,1.400000,-1.400000,5.700000,-0.032000,-0.283000,-0.458000,23.235653,100271.898438,88.049995,86.180000,1.870000,2.010000,12,1,1,1,3,25,1,25,37.5417712,127.0795314,30.788,0.288000,0.668000,0.043000,0.067000,0.039000,0.086000,1552,1555,1402,1491,1477.000000,1523.000000,1553.500000,1446.500000,-46.000000,107.000000,1500.000000,1,0,1,1,1,0.000000,0.000000,0,1,1,1,1,15003,0.005000,0,0.129447,-0.802491,-2.053869,0.073066,0.062563,0.042968,1,12.203463,-12.203463,1.281970,0.042071,1.666702,2.217414,-4.239436,2.504116,-52.684521,-4.239436,2.504116,-52.684521,-0.089601,0.250000,0.625000,2.500000,1.000000,1.000000,0.001341,1,0,2.059601,1.970000,0.060315,0.141964,0.665117,0,0,0,0,0,0.125000,1,0,0,0,0,0,0,0,0,0,0,1,0.021000,0.000000,0.000000,0.000000,0.000000,0.000000,0.000000,0.000000,0.000000,0.000000,0.000000,0.000000,0.000000,0.000000,0.000000,0.000000,0.000000,0.000000,0.000000,0.000000,0.000000
97955,0.849763,-0.010901,0.041203,-0.525439,10.600000,2.600000,-2.900000,-0.052000,0.212000,-1.765000,23.233583,100271.500000,88.080002,86.180000,1.900000,1.990000,31,1,1,1,3,25,1,25,37.5417712,127.0795316,30.806,0.288000,0.668000,0.029000,0.065000,0.017000,0.078000,1543,1548,1412,1497,1477.500000,1522.500000,1545.500000,1454.500000,-45.000000,91.000000,1500.000000,1,0,1,1,1,0.000000,0.000000,0,1,1,1,1,15003,0.005000,0,0.125986,-0.796677,-2.053545,0.048177,0.053133,0.013548,1,12.342601,-12.342601,1.264061,0.040815,1.590856,-2.018834,-4.122262,2.479317,-52.549095,-4.122262,2.479317,-52.549095,-0.110697,0.250000,0.625000,2.500000,1.000000,1.000000,0.002060,1,0,2.060697,1.950000,0.054590,0.086327,0.661089,1,1,1,1,1,0.126000,0,0,0,0,0,0,0,0,0,0,0,1,0.020000,0.000000,0.000000,0.000000,0.000000,0.000000,0.000000,0.000000,0.000000,0.000000,0.000000,0.000000,0.000000,0.000000,0.000000,0.000000,0.000000,0.000000,0.000000,0.000000,0.000000
98044,0.850060,-0.011201,0.041403,-0.524937,17.400000,-1.800000,3.400000,-0.215000,0.039000,-0.658000,23.227325,100270.398438,88.169998,86.180000,1.990000,2.000000,34,1,1,1,3,25,1,25,37.5417712,127.0795317,30.812,0.288000,0.667000,0.062000,0.069000,0.025000,0.076000,1551,1543,1408,1498,1479.500000,1520.500000,1547.000000,1453.000000,-41.000000,94.000000,1500.000000,1,0,1,1,1,0.000000,0.000000,0,1,1,1,1,15003,0.001000,0,0.129075,-0.789283,-2.056154,0.056530,0.060775,-0.075119,1,12.447796,-12.447796,1.132913,0.035843,1.041491,-0.406317,-4.011982,2.532029,-52.508213,-4.011982,2.532029,-52.508213,-0.099976,0.250000,0.625000,2.500000,1.000000,1.000000,0.001684,1,0,2.059976,1.960000,0.052250,0.035143,0.659456,1,1,1,1,1,0.123000,1,0,0,0,0,0,0,0,0,0,0,1,0.020000,0.000000,0.000000,0.000000,0.000000,0.000000,0.000000,0.000000,0.000000,0.000000,0.000000,0.000000,0.000000,0.000000,0.000000,0.000000,0.000000,0.000000,0.000000,0.000000,0.000000
98149,0.850279,-0.011301,0.041804,-0.524548,-6.500000,8.300000,1.200000,0.127000,0.130000,-1.862000,23.230446,100269.101563,88.279999,86.180000,2.100000,2.010000,0,1,1,1,3,25,1,25,37.5417712,127.0795318,30.831,0.287000,0.667000,0.049000,0.063000,0.012000,0.075000,1547,1558,1400,1495,1473.500000,1526.500000,1552.500000,1447.500000,-53.000000,105.000000,1500.000000,1,0,1,1,1,0.000000,0.000000,0,1,1,1,1,15003,0.001000,0,0.132700,-0.781117,-2.056700,0.069040,0.064397,0.052087,1,12.565150,-12.565150,1.130686,0.035322,0.857851,0.026377,-4.211542,2.487532,-52.493530,-4.211542,2.487532,-52.493530,-0.095825,0.250000,0.625000,2.500000,1.000000,1.000000,0.001524,1,0,2.055825,1.960000,0.066401,0.200820,0.669453,1,1,1,1,1,0.131000,0,0,0,0,0,0,0,0,0,0,0,1,0.020000,0.000000,0.000000,0.000000,0.000000,0.000000,0.000000,0.000000,0.000000,0.000000,0.000000,0.000000,0.000000,0.000000,0.000000,0.000000,0.000000,0.000000,0.000000,0.000000,0.000000
98257,0.850608,-0.012102,0.040905,-0.524067,25.900000,4.000000,0.000000,0.104000,0.035000,-1.301000,23.233952,100270.804688,88.139999,86.180000,1.960000,2.000000,1,1,1,1,3,25,1,25,37.5417713,127.0795319,30.845,0.287000,0.666000,0.055000,0.059000,0.002000,0.074000,1545,1543,1412,1499,1478.500000,1521.000000,1544.000000,1455.500000,-42.500000,88.500000,1500.000000,1,0,1,1,1,0.000000,0.000000,0,1,1,1,1,15003,0.002000,0,0.136495,-0.773465,-2.061771,0.053925,0.069507,0.010117,1,12.684493,-12.684493,1.103172,0.035123,0.459446,0.530256,-4.314164,2.368586,-52.468372,-4.314164,2.368586,-52.468372,-0.080253,0.250000,0.625000,2.500000,1.000000,1.000000,0.001079,1,0,2.050253,1.970000,0.057522,0.124593,0.663146,1,1,1,1,1,0.119000,1,0,0,0,0,0,0,0,0,0,0,1,0.020000,0.000000,0.000000,0.000000,0.000000,0.000000,0.000000,0.000000,0.000000,0.000000,0.000000,0.000000,0.000000,0.000000,0.000000,0.000000,0.000000,0.000000,0.000000,0.000000,0.000000
98354,0.850753,-0.012101,0.039602,-0.523932,-4.100000,3.700000,4.600000,0.269000,0.507000,-1.785000,23.229568,100269.304688,88.269997,86.180000,2.090000,2.010000,4,1,1,1,3,25,1,25,37.5417713,127.0795319,30.845,0.287000,0.666000,0.055000,0.059000,0.002000,0.074000,1553,1550,1401,1497,1477.000000,1523.500000,1551.500000,1449.000000,-46.500000,102.500000,1500.000000,1,0,1,1,1,0.000000,0.000000,0,1,1,1,1,15003,0.001000,0,0.141429,-0.767706,-2.041111,0.044364,0.045171,0.086911,1,12.791564,-12.791564,1.154353,0.041573,1.680015,-0.369547,-4.236824,2.241947,-52.360806,-4.236824,2.241947,-52.360806,-0.076179,0.250000,0.625000,2.500000,1.000000,1.000000,0.000963,1,0,2.046179,1.970000,0.066517,0.194020,0.669535,0,0,0,0,0,0.119000,1,0,0,0,0,0,0,0,0,0,0,1,0.020000,0.000000,0.000000,0.000000,0.000000,0.000000,0.000000,0.000000,0.000000,0.000000,0.000000,0.000000,0.000000,0.000000,0.000000,0.000000,0.000000,0.000000,0.000000,0.000000,0.000000
98463,0.851086,-0.012701,0.039904,-0.523353,8.500000,4.400000,-1.200000,-0.123000,-0.135000,-0.883000,23.229288,100269.601563,88.239998,86.180000,2.060000,2.010000,0,1,1,1,3,24,1,24,37.5417713,127.0795320,30.862,0.287000,0.666000,0.068000,0.070000,-0.004000,0.074000,1550,1554,1405,1492,1477.500000,1523.000000,1552.000000,1448.500000,-45.500000,103.500000,1500.000000,1,0,1,1,1,0.000000,0.000000,0,1,1,1,1,15003,0.002000,0,0.150499,-0.759009,-2.067571,0.117953,0.050622,-0.167365,1,12.909508,-12.909508,0.984243,0.042334,1.574674,-1.097621,-4.595554,2.340109,-52.321911,-4.595554,2.340109,-52.321911,-0.105202,0.250000,0.625000,2.500000,1.000000,1.000000,0.001861,1,0,2.065202,1.960000,0.054060,0.061738,0.660718,0,0,0,0,0,0.129000,0,0,0,0,0,0,0,0,0,0,0,1,0.020000,0.000000,0.000000,0.000000,0.000000,0.000000,0.000000,0.000000,0.000000,0.000000,0.000000,0.000000,0.000000,0.000000,0.000000,0.000000,0.000000,0.000000,0.000000,0.000000,0.000000
98558,0.851479,-0.012501,0.040804,-0.522649,9.900000,3.700000,-2.800000,-0.005000,-0.410000,-1.172000,23.228447,100269.203125,88.269997,86.180000,2.090000,2.030000,9,1,1,1,3,24,1,24,37.5417713,127.0795321,30.874,0.287000,0.665000,0.053000,0.046000,-0.015000,0.075000,1550,1552,1402,1496,1476.000000,1524.000000,1551.000000,1449.000000,-48.000000,102.000000,1500.000000,1,0,1,1,1,0.000000,0.000000,0,1,1,1,1,15003,0.004000,0,0.150599,-0.755099,-2.061858,0.038512,0.005839,0.032726,1,13.001848,-13.001848,1.038795,0.037095,1.273977,1.209957,-4.753801,2.399100,-52.168098,-4.753801,2.399100,-52.168098,-0.076172,0.250000,0.625000,2.500000,1.000000,1.000000,0.000975,1,0,2.066172,1.990000,0.055044,0.079327,0.661406,1,1,1,1,1,0.120000,0,0,0,0,0,0,0,0,0,0,0,1,0.023000,0.000000,0.000000,0.000000,0.000000,0.000000,0.000000,0.000000,0.000000,0.000000,0.000000,0.000000,0.000000,0.000000,0.000000,0.000000,0.000000,0.000000,0.000000,0.000000,0.000000
98656,0.851985,-0.012301,0.040504,-0.521852,-25.200001,3.800000,-3.000000,0.101000,0.023000,-1.378000,23.230375,100270.101563,88.199997,86.180000,2.020000,2.030000,0,1,1,1,3,25,1,25,37.5417714,127.0795322,30.881,0.287000,0.664000,0.076000,0.060000,-0.003000,0.071000,1558,1561,1395,1486,1476.500000,1523.500000,1559.500000,1440.500000,-47.000000,119.000000,1500.000000,1,0,1,1,1,0.000000,0.000000,0,1,1,1,1,15003,0.002000,0,0.159798,-0.745992,-2.075183,0.133525,0.044476,-0.077126,1,13.106551,-13.106551,0.960392,0.035851,0.803889,-1.473596,-4.663407,2.415778,-52.016056,-4.663407,2.415778,-52.016056,-0.069693,0.250000,0.625000,2.500000,1.000000,1.000000,0.000805,1,0,2.059693,1.990000,0.067618,0.201356,0.670326,1,1,1,1,1,0.129000,1,0,0,0,0,0,0,0,0,0,0,1,0.020000,0.000000,0.000000,0.000000,0.000000,0.000000,0.000000,0.000000,0.000000,0.000000,0.000000,0.000000,0.000000,0.000000,0.000000,0.000000,0.000000,0.000000,0.000000,0.000000,0.000000
98751,0.852471,-0.013201,0.040403,-0.521043,28.000000,2.100000,2.800000,0.018000,0.089000,-1.050000,23.231007,100271.703125,88.059998,86.180000,1.880000,2.000000,0,1,1,1,3,25,1,25,37.5417714,127.0795323,30.888,0.287000,0.663000,0.062000,0.036000,-0.001000,0.068000,1550,1534,1413,1504,1481.500000,1519.000000,1542.000000,1458.500000,-37.500000,83.500000,1500.000000,1,0,1,1,1,0.000000,0.000000,0,1,1,1,1,15003,0.001000,0,0.163416,-0.740804,-2.078876,0.110577,0.039766,-0.003686,1,13.192038,-13.192038,0.885460,0.036035,0.460847,1.596305,-4.969885,2.328783,-51.908997,-4.969885,2.328783,-51.908997,-0.105021,0.250000,0.625000,2.500000,1.000000,1.000000,0.001846,1,0,2.075021,1.970000,0.058797,0.127971,0.664044,1,1,1,1,1,0.123000,0,0,0,0,0,0,0,0,0,0,0,1,0.020000,0.000000,0.000000,0.000000,0.000000,0.000000,0.000000,0.000000,0.000000,0.000000,0.000000,0.000000,0.000000,0.000000,0.000000,0.000000,0.000000,0.000000,0.000000,0.000000,0.000000
98850,0.853154,-0.013201,0.040303,-0.519933,6.700000,6.200000,5.300000,0.140000,0.208000,-1.367000,23.228500,100269.898438,88.209999,86.180000,2.030000,2.000000,12,1,1,1,3,25,1,25,37.5417714,127.0795323,30.888,0.287000,0.663000,0.062000,0.036000,-0.001000,0.068000,1548,1551,1398,1503,1473.000000,1527.000000,1549.500000,1450.500000,-54.000000,99.000000,1500.000000,1,0,1,1,1,0.000000,0.000000,0,1,1,1,1,15003,0.005000,0,0.176568,-0.738584,-2.056676,0.146226,0.007980,0.066655,1,13.282276,-13.282276,0.928265,0.042050,1.642753,0.043658,-4.900454,2.269156,-51.720585,-4.900454,2.269156,-51.720585,-0.103681,0.250000,0.625000,2.500000,1.000000,1.000000,0.001795,1,0,2.063681,1.960000,0.060646,0.142414,0.665351,0,0,0,0,0,0.123000,0,0,0,0,0,0,0,0,0,0,0,1,0.020000,0.000000,0.000000,0.000000,0.000000,0.000000,0.000000,0.000000,0.000000,0.000000,0.000000,0.000000,0.000000,0.000000,0.000000,0.000000,0.000000,0.000000,0.000000,0.000000,0.000000
98954,0.853931,-0.013700,0.040601,-0.518619,-18.600000,-4.600000,6.300000,0.239000,-0.037000,-1.090000,23.228657,100270.398438,88.169998,86.180000,1.990000,2.000000,30,1,1,1,3,25,1,25,37.5417715,127.0795323,30.891,0.286000,0.663000,0.062000,0.030000,-0.003000,0.066000,1572,1553,1387,1488,1479.500000,1520.500000,1562.500000,1437.500000,-41.000000,125.000000,1500.000000,1,0,1,1,1,0.000000,0.000000,0,1,1,1,1,15003,0.002000,0,0.178858,-0.733712,-2.076557,0.112317,0.027163,-0.172567,1,13.366151,-13.366151,0.760790,0.040348,1.564529,-0.820013,-4.723053,2.399686,-51.552528,-4.723053,2.399686,-51.552528,-0.118933,0.250000,0.625000,2.500000,1.000000,1.000000,0.002379,1,0,2.078933,1.960000,0.054052,0.078160,0.660713,1,1,1,1,1,0.122000,0,0,0,0,0,0,0,0,0,0,0,1,0.020000,0.000000,0.000000,0.000000,0.000000,0.000000,0.000000,0.000000,0.000000,0.000000,0.000000,0.000000,0.000000,0.000000,0.000000,0.000000,0.000000,0.000000,0.000000,0.000000,0.000000
99044,0.854342,-0.014001,0.040702,-0.517926,-23.900000,-2.800000,1.200000,0.316000,-0.166000,-0.566000,23.228937,100269.304688,88.269997,86.180000,2.090000,2.010000,34,1,1,1,3,25,1,25,37.5417716,127.0795324,30.897,0.286000,0.662000,0.063000,0.022000,-0.004000,0.067000,1569,1563,1385,1483,1477.000000,1523.000000,1566.000000,1434.000000,-46.000000,132.000000,1500.000000,1,0,1,1,1,0.000000,0.000000,0,1,1,1,1,15003,0.001000,0,0.180434,-0.730853,-2.080833,0.073693,-0.011189,-0.107209,1,13.432278,-13.432278,0.683849,0.035715,1.041189,-1.202808,-4.778928,2.431749,-51.346638,-4.778928,2.431749,-51.346638,-0.113575,0.250000,0.625000,2.500000,1.000000,1.000000,0.002174,1,0,2.083575,1.970000,0.052094,0.034598,0.659348,1,1,1,1,1,0.126000,0,0,0,0,0,0,0,0,0,0,0,1,0.020000,0.000000,0.000000,0.000000,0.000000,0.000000,0.000000,0.000000,0.000000,0.000000,0.000000,0.000000,0.000000,0.000000,0.000000,0.000000,0.000000,0.000000,0.000000,0.000000,0.000000
99155,0.854745,-0.014101,0.039802,-0.517327,-5.000000,-6.800000,3.300000,0.132000,0.300000,0.204000,23.231480,100270.304688,88.180000,86.180000,2.000000,2.030000,8,1,1,1,3,25,1,25,37.5417716,127.0795324,30.902,0.286000,0.661000,0.061000,0.013000,-0.004000,0.064000,1568,1552,1392,1489,1480.000000,1520.500000,1560.000000,1440.500000,-40.500000,119.500000,1500.000000,1,0,1,1,1,0.000000,0.000000,0,1,1,1,1,15003,0.002000,0,0.184666,-0.727681,-2.081600,0.052554,-0.012263,-0.009716,1,13.504709,-13.504709,0.651527,0.032888,0.696503,2.021365,-5.073215,2.388116,-51.105770,-5.073215,2.388116,-51.105770,-0.096595,0.250000,0.625000,2.500000,1.000000,1.000000,0.001571,1,0,2.086595,1.990000,0.052621,0.051416,0.659715,1,1,1,1,1,0.127000,1,0,0,0,0,0,0,0,0,0,0,1,0.020000,0.000000,0.000000,0.000000,0.000000,0.000000,0.000000,0.000000,0.000000,0.000000,0.000000,0.000000,0.000000,0.000000,0.000000,0.000000,0.000000,0.000000,0.000000,0.000000,0.000000
99256,0.855449,-0.014701,0.040002,-0.516130,13.400000,5.600000,-2.400000,0.277000,0.240000,-1.790000,23.224922,100268.000000,88.369995,86.180000,2.190000,2.050000,0,1,1,1,3,25,1,25,37.5417717,127.0795325,30.912,0.286000,0.660000,0.072000,0.013000,0.000000,0.065000,1568,1550,1395,1488,1481.500000,1519.000000,1559.000000,1441.500000,-37.500000,117.500000,1500.000000,1,0,1,1,1,0.000000,0.000000,0,1,1,1,1,15003,0.002000,0,0.188842,-0.725065,-2.088253,0.074002,0.010608,0.038560,1,13.572736,-13.572736,0.703006,0.032864,0.481596,1.076087,-4.974757,2.395144,-50.946529,-4.974757,2.395144,-50.946529,-0.082597,0.250000,0.625000,2.500000,1.000000,1.000000,0.001149,1,0,2.092597,2.010000,0.052582,0.035267,0.659688,1,1,1,1,1,0.123000,1,0,0,0,0,0,0,0,0,0,0,1,0.021000,0.000000,0.000000,0.000000,0.000000,0.000000,0.000000,0.000000,0.000000,0.000000,0.000000,0.000000,0.000000,0.000000,0.000000,0.000000,0.000000,0.000000,0.000000,0.000000,0.000000
99349,0.855705,-0.015300,0.041100,-0.515603,-8.400000,-9.500000,-1.100000,0.071000,-0.144000,-0.321000,23.230673,100269.703125,88.229996,86.180000,2.050000,2.060000,0,1,1,1,3,25,1,25,37.5417717,127.0795325,30.912,0.286000,0.660000,0.072000,0.013000,0.000000,0.065000,1572,1558,1390,1480,1481.000000,1519.000000,1565.000000,1435.000000,-38.000000,130.000000,1500.000000,1,0,1,1,1,0.000000,0.000000,0,1,1,1,1,15003,0.005000,0,0.196174,-0.725849,-2.080251,0.093316,-0.026772,0.045299,1,13.638665,-13.638665,0.704488,0.045312,1.804141,0.589355,-4.997805,2.488959,-50.801929,-4.997805,2.488959,-50.801929,-0.066473,0.250000,0.625000,2.500000,1.000000,1.000000,0.000743,1,0,2.086473,2.020000,0.054107,0.079089,0.660751,0,0,0,0,0,0.123000,1,0,0,0,0,0,0,0,0,0,0,1,0.020000,0.000000,0.000000,0.000000,0.000000,0.000000,0.000000,0.000000,0.000000,0.000000,0.000000,0.000000,0.000000,0.000000,0.000000,0.000000,0.000000,0.000000,0.000000,0.000000,0.000000
99464,0.855961,-0.014901,0.040503,-0.515237,17.200001,6.100000,-1.600000,0.066000,0.589000,-1.693000,23.231918,100270.101563,88.199997,86.180000,2.020000,2.070000,1,1,1,1,3,26,1,26,37.5417718,127.0795325,30.917,0.286000,0.660000,0.065000,-0.011000,0.006000,0.067000,1547,1542,1407,1504,1477.000000,1523.000000,1544.500000,1455.500000,-46.000000,89.000000,1500.000000,1,0,1,1,1,0.000000,0.000000,0,1,1,1,1,15003,0.002000,0,0.206938,-0.725067,-2.078568,0.122607,-0.047103,0.144206,1,13.727951,-13.727951,0.825057,0.043114,1.638144,-0.878674,-5.207688,2.373496,-50.644829,-5.207688,2.373496,-50.644829,-0.060305,0.250000,0.625000,2.500000,1.000000,1.000000,0.000611,1,0,2.090305,2.030000,0.054331,0.066821,0.660908,0,0,0,0,0,0.132000,1,0,0,0,0,0,0,0,0,0,0,1,0.020000,0.000000,0.000000,0.000000,0.000000,0.000000,0.000000,0.000000,0.000000,0.000000,0.000000,0.000000,0.000000,0.000000,0.000000,0.000000,0.000000,0.000000,0.000000,0.000000,0.000000
99553,0.856384,-0.014801,0.040304,-0.514551,5.200000,5.500000,-1.700000,-0.043000,-0.174000,-1.401000,23.226343,100269.203125,88.269997,86.180000,2.090000,2.060000,4,1,1,1,3,26,1,26,37.5417718,127.0795325,30.933,0.286000,0.659000,0.061000,-0.002000,-0.015000,0.059000,1552,1549,1400,1499,1476.000000,1524.000000,1550.500000,1449.500000,-48.000000,101.000000,1500.000000,1,0,1,1,1,0.000000,0.000000,0,1,1,1,1,15003,0.002000,0,0.210470,-0.720106,-2.087111,0.075815,-0.013622,0.067097,1,13.800627,-13.800627,0.846327,0.034412,0.935498,-0.551975,-5.032768,2.361719,-50.473328,-5.032768,2.361719,-50.473328,-0.071021,0.250000,0.625000,2.500000,1.000000,1.000000,0.000847,1,0,2.091021,2.020000,0.055060,0.076301,0.661417,1,1,1,1,1,0.119000,1,0,0,0,0,0,0,0,0,0,0,1,0.023000,0.000000,0.000000,0.000000,0.000000,0.000000,0.000000,0.000000,0.000000,0.000000,0.000000,0.000000,0.000000,0.000000,0.000000,0.000000,0.000000,0.000000,0.000000,0.000000,0.000000
99654,0.856850,-0.015501,0.040602,-0.513730,12.900000,-1.400000,-4.200000,-0.027000,0.051000,-0.820000,23.231989,100270.000000,88.209999,86.180000,2.030000,2.050000,0,1,1,1,3,26,1,26,37.5417719,127.0795324,30.935,0.285000,0.658000,0.055000,-0.051000,-0.013000,0.067000,1559,1548,1403,1490,1481.000000,1519.000000,1553.500000,1446.500000,-38.000000,107.000000,1500.000000,1,0,1,1,1,0.000000,0.000000,0,1,1,1,1,15003,0.002000,0,0.212944,-0.726002,-2.100806,0.041341,-0.088678,-0.064524,1,13.886279,-13.886279,0.768094,0.035682,0.747936,-0.886030,-5.046764,2.383031,-50.338306,-5.046764,2.383031,-50.338306,-0.073873,0.250000,0.625000,2.500000,1.000000,1.000000,0.000905,1,0,2.083873,2.010000,0.067049,0.194205,0.669917,1,1,1,1,1,0.126000,1,0,0,0,0,0,0,0,0,0,0,1,0.020000,0.000000,0.000000,0.000000,0.000000,0.000000,0.000000,0.000000,0.000000,0.000000,0.000000,0.000000,0.000000,0.000000,0.000000,0.000000,0.000000,0.000000,0.000000,0.000000,0.000000
99750,0.857454,-0.015401,0.040503,-0.512732,-11.000000,0.000000,0.000000,0.004000,0.524000,0.109000,23.230831,100272.101563,88.029999,86.180000,1.850000,2.030000,1,1,1,1,3,26,1,26,37.5417719,127.0795324,30.953,0.285000,0.658000,0.055000,-0.018000,-0.014000,0.059000,1566,1558,1389,1487,1477.500000,1522.500000,1562.000000,1438.000000,-45.000000,124.000000,1500.000000,1,0,1,1,1,0.000000,0.000000,0,1,1,1,1,15003,0.001000,0,0.216658,-0.726220,-2.109462,0.060432,-0.047880,-0.081885,1,13.952749,-13.952749,0.643971,0.035807,0.460098,-2.516848,-5.282721,2.426689,-50.166836,-5.282721,2.426689,-50.166836,-0.089860,0.250000,0.625000,2.500000,1.000000,1.000000,0.001352,1,0,2.099860,2.010000,0.058110,0.120508,0.663559,1,1,1,1,1,0.124000,0,0,0,0,0,0,0,0,0,0,0,1,0.020000,0.000000,0.000000,0.000000,0.000000,0.000000,0.000000,0.000000,0.000000,0.000000,0.000000,0.000000,0.000000,0.000000,0.000000,0.000000,0.000000,0.000000,0.000000,0.000000,0.000000
99850,0.858028,-0.016201,0.040901,-0.511716,33.599998,0.700000,4.800000,-0.059000,0.271000,-0.845000,23.228920,100270.601563,88.150002,86.180000,1.970000,2.030000,12,1,1,1,3,26,1,26,37.5417719,127.0795324,30.953,0.285000,0.658000,0.055000,-0.018000,-0.014000,0.059000,1556,1531,1408,1504,1482.000000,1517.500000,1543.500000,1456.000000,-35.500000,87.500000,1500.000000,1,0,1,1,1,0.000000,0.000000,0,1,1,1,1,15003,0.005000,0,0.222413,-0.734773,-2.098927,0.057132,-0.111549,-0.104633,1,14.015525,-14.015525,0.592555,0.042067,1.666791,-1.116794,-5.354112,2.493012,-50.001686,-5.354112,2.493012,-50.001686,-0.114871,0.250000,0.625000,2.500000,1.000000,1.000000,0.002204,1,0,2.104871,1.990000,0.060311,0.141904,0.665114,0,0,0,0,0,0.124000,0,0,0,0,0,0,0,0,0,0,0,1,0.021000,0.000000,0.000000,0.000000,0.000000,0.000000,0.000000,0.000000,0.000000,0.000000,0.000000,0.000000,0.000000,0.000000,0.000000,0.000000,0.000000,0.000000,0.000000,0.000000,0.000000
99955,0.858553,-0.016301,0.040903,-0.510831,9.000000,6.200000,-3.600000,0.083000,-0.219000,-2.221000,23.232883,100270.500000,88.159996,86.180000,1.980000,2.020000,31,1,1,1,3,25,1,25,37.5417720,127.0795324,30.954,0.285000,0.657000,0.045000,-0.053000,-0.013000,0.069000,1552,1541,1402,1505,1477.000000,1523.000000,1546.500000,1453.500000,-46.000000,93.000000,1500.000000,1,0,1,1,1,0.000000,0.000000,0,1,1,1,1,15003,0.005000,0,0.224969,-0.738776,-2.112145,0.082106,-0.094694,-0.193106,1,14.068310,-14.068310,0.428037,0.040815,1.590892,-1.764246,-5.398132,2.622612,-49.774178,-5.398132,2.622612,-49.774178,-0.133761,0.250000,0.625000,2.500000,1.000000,1.000000,0.003007,1,0,2.113761,1.980000,0.054590,0.086321,0.661089,1,1,1,1,1,0.127000,0,0,0,0,0,0,0,0,0,0,0,1,0.020000,0.000000,0.000000,0.000000,0.000000,0.000000,0.000000,0.000000,0.000000,0.000000,0.000000,0.000000,0.000000,0.000000,0.000000,0.000000,0.000000,0.000000,0.000000,0.000000,0.000000
100055,0.858858,-0.016901,0.041703,-0.510234,-25.700001,1.400000,0.900000,0.276000,0.199000,-0.888000,23.230217,100271.203125,88.099998,86.180000,1.920000,2.020000,0,1,1,1,3,25,1,25,37.5417720,127.0795323,30.971,0.285000,0.657000,0.043000,-0.044000,-0.028000,0.068000,1570,1561,1380,1489,1475.000000,1525.000000,1565.500000,1434.500000,-50.000000,131.000000,1500.000000,1,0,1,1,1,0.000000,0.000000,0,1,1,1,1,15003,0.002000,0,0.228888,-0.739093,-2.105629,0.067144,-0.069551,0.024056,1,14.112419,-14.112419,0.462877,0.035843,1.041497,-0.430278,-5.203238,2.623230,-49.590282,-5.203238,2.623230,-49.590282,-0.123204,0.250000,0.625000,2.500000,1.000000,1.000000,0.002558,1,0,2.113204,1.990000,0.052250,0.035141,0.659456,1,1,1,1,1,0.122000,1,0,0,0,0,0,0,0,0,0,0,1,0.020000,0.000000,0.000000,0.000000,0.000000,0.000000,0.000000,0.000000,0.000000,0.000000,0.000000,0.000000,0.000000,0.000000,0.000000,0.000000,0.000000,0.000000,0.000000,0.000000,0.000000
100155,0.859173,-0.016901,0.041204,-0.509743,29.700003,-2.100000,6.400000,0.102000,-0.159000,-0.655000,23.230446,100269.601563,88.239998,86.180000,2.060000,2.020000,8,1,1,1,3,25,1,25,37.5417721,127.0795322,30.970,0.285000,0.657000,0.025000,-0.069000,-0.020000,0.076000,1555,1532,1409,1505,1482.000000,1518.500000,1543.500000,1457.000000,-36.500000,86.500000,1500.000000,1,0,1,1,1,0.000000,0.000000,0,1,1,1,1,15003,0.002000,0,0.231460,-0.743904,-2.102051,0.030174,-0.062445,0.066545,1,14.162261,-14.162261,0.552205,0.032975,0.696497,2.621782,-5.091290,2.452556,-49.468693,-5.091290,2.452556,-49.468693,-0.129221,0.250000,0.625000,2.500000,1.000000,1.000000,0.002812,1,0,2.109221,1.980000,0.052760,0.051459,0.659812,1,1,1,1,1,0.127000,1,0,0,0,0,0,0,0,0,0,0,1,0.020000,0.000000,0.000000,0.000000,0.000000,0.000000,0.000000,0.000000,0.000000,0.000000,0.000000,0.000000,0.000000,0.000000,0.000000,0.000000,0.000000,0.000000,0.000000,0.000000,0.000000
100256,0.859325,-0.017601,0.041801,-0.509415,-7.800000,4.400000,2.400000,0.326000,0.126000,-2.200000,23.227852,100267.804688,88.389999,86.180000,2.210000,2.050000,0,1,1,1,3,25,1,25,37.5417721,127.0795322,30.978,0.285000,0.656000,0.016000,-0.061000,-0.030000,0.076000,1559,1553,1392,1497,1475.500000,1525.000000,1556.000000,1444.500000,-49.500000,111.500000,1500.000000,1,0,1,1,1,0.000000,0.000000,0,1,1,1,1,15003,0.002000,0,0.231277,-0.748477,-2.112846,0.029110,-0.048983,-0.052918,1,14.224403,-14.224403,0.611340,0.032932,0.481602,-0.416009,-5.100646,2.476444,-49.397026,-5.100646,2.476444,-49.397026,-0.108567,0.250000,0.625000,2.500000,1.000000,1.000000,0.001985,1,0,2.118567,2.010000,0.052692,0.035265,0.659764,1,1,1,1,1,0.123000,0,0,0,0,0,0,0,0,0,0,0,1,0.021000,0.000000,0.000000,0.000000,0.000000,0.000000,0.000000,0.000000,0.000000,0.000000,0.000000,0.000000,0.000000,0.000000,0.000000,0.000000,0.000000,0.000000,0.000000,0.000000,0.000000
100352,0.859478,-0.017402,0.042004,-0.509146,-18.700001,-0.200000,3.100000,0.376000,0.161000,-1.467000,23.228886,100269.804688,88.220001,86.180000,2.040000,2.050000,3,1,1,1,3,25,1,25,37.5417721,127.0795322,30.978,0.285000,0.656000,0.016000,-0.061000,-0.030000,0.076000,1566,1559,1386,1489,1476.000000,1524.000000,1562.500000,1437.500000,-48.000000,125.000000,1500.000000,1,0,1,1,1,0.000000,0.000000,0,1,1,1,1,15003,0.005000,0,0.234920,-0.753401,-2.105126,0.044884,-0.054407,-0.022860,1,14.280844,-14.280844,0.611834,0.042301,1.775125,0.029531,-5.018836,2.524335,-49.323044,-5.018836,2.524335,-49.323044,-0.102032,0.250000,0.625000,2.500000,1.000000,1.000000,0.001725,1,0,2.112032,2.010000,0.067681,0.207965,0.670372,0,0,0,0,0,0.123000,0,0,0,0,0,0,0,0,0,0,0,1,0.020000,0.000000,0.000000,0.000000,0.000000,0.000000,0.000000,0.000000,0.000000,0.000000,0.000000,0.000000,0.000000,0.000000,0.000000,0.000000,0.000000,0.000000,0.000000,0.000000,0.000000
100463,0.859263,-0.017801,0.042703,-0.509437,-11.600000,10.100000,1.900000,0.063000,0.386000,-2.022000,23.226133,100269.101563,88.279999,86.180000,2.100000,2.070000,0,1,1,1,3,25,1,25,37.5417721,127.0795320,30.978,0.285000,0.656000,0.027000,-0.066000,-0.022000,0.073000,1558,1560,1387,1495,1472.500000,1527.500000,1559.000000,1441.000000,-55.000000,118.000000,1500.000000,1,0,1,1,1,0.000000,0.000000,0,1,1,1,1,15003,0.002000,0,0.237445,-0.761008,-2.124035,0.038702,-0.088457,-0.126671,1,14.339263,-14.339263,0.472335,0.043266,1.646434,-1.197295,-5.322818,2.612807,-49.372517,-5.322818,2.612807,-49.372517,-0.091556,0.250000,0.625000,2.500000,1.000000,1.000000,0.001409,1,0,2.121556,2.030000,0.054432,0.067603,0.660979,1,1,1,1,1,0.133000,0,0,0,0,0,0,0,0,0,0,0,1,0.020000,0.000000,0.000000,0.000000,0.000000,0.000000,0.000000,0.000000,0.000000,0.000000,0.000000,0.000000,0.000000,0.000000,0.000000,0.000000,0.000000,0.000000,0.000000,0.000000,0.000000
100557,0.858741,-0.017101,0.042902,-0.510324,7.300000,0.700000,-4.900000,-0.186000,-0.275000,-0.894000,23.224834,100269.304688,88.269997,86.180000,2.090000,2.070000,9,1,1,1,3,25,1,25,37.5417721,127.0795319,30.977,0.285000,0.656000,-0.001000,-0.074000,-0.012000,0.080000,1556,1554,1404,1487,1480.000000,1520.500000,1555.000000,1445.500000,-40.500000,109.500000,1500.000000,1,0,1,1,1,0.000000,0.000000,0,1,1,1,1,15003,0.005000,0,0.236109,-0.765054,-2.119916,0.043398,-0.044195,0.003874,1,14.383165,-14.383165,0.490847,0.036914,1.200213,0.751820,-5.181070,2.680007,-49.460060,-5.181070,2.680007,-49.460060,-0.095175,0.250000,0.625000,2.500000,1.000000,1.000000,0.001522,1,0,2.125175,2.030000,0.055148,0.076384,0.661479,1,1,1,1,1,0.117000,0,0,0,0,0,0,0,0,0,0,0,1,0.023000,0.000000,0.000000,0.000000,0.000000,0.000000,0.000000,0.000000,0.000000,0.000000,0.000000,0.000000,0.000000,0.000000,0.000000,0.000000,0.000000,0.000000,0.000000,0.000000,0.000000
100652,0.858352,-0.017501,0.043303,-0.510931,-1.600000,-5.500000,0.200000,0.081000,0.246000,-0.167000,23.225361,100269.804688,88.220001,86.180000,2.040000,2.070000,0,1,1,1,3,25,1,25,37.5417721,127.0795318,30.976,0.285000,0.656000,-0.005000,-0.095000,-0.016000,0.088000,1563,1556,1399,1482,1481.000000,1519.000000,1559.500000,1440.500000,-38.000000,119.000000,1500.000000,1,0,1,1,1,0.000000,0.000000,0,1,1,1,1,15003,0.002000,0,0.233335,-0.774833,-2.125819,0.037588,-0.086394,-0.020712,1,14.428719,-14.428719,0.440168,0.033661,0.695793,0.101700,-5.017223,2.707629,-49.468403,-5.017223,2.707629,-49.468403,-0.101273,0.250000,0.625000,2.500000,1.000000,1.000000,0.001725,1,0,2.131273,2.030000,0.053858,0.051060,0.660578,1,1,1,1,1,0.125000,1,0,0,0,0,0,0,0,0,0,0,1,0.020000,0.000000,0.000000,0.000000,0.000000,0.000000,0.000000,0.000000,0.000000,0.000000,0.000000,0.000000,0.000000,0.000000,0.000000,0.000000,0.000000,0.000000,0.000000,0.000000,0.000000
100750,0.857857,-0.017801,0.042303,-0.511834,23.700001,-3.800000,-0.300000,0.069000,-0.223000,-1.461000,23.225660,100268.898438,88.299995,86.180000,2.120000,2.070000,0,1,1,1,3,25,1,25,37.5417721,127.0795316,30.974,0.285000,0.655000,-0.035000,-0.085000,-0.015000,0.090000,1549,1546,1411,1494,1480.000000,1520.000000,1547.500000,1452.500000,-40.000000,95.000000,1500.000000,1,0,1,1,1,0.000000,0.000000,0,1,1,1,1,15003,0.002000,0,0.230765,-0.781979,-2.133236,-0.023459,-0.080438,0.023624,1,14.476062,-14.476062,0.529342,0.033487,0.562325,-0.160830,-4.645333,2.599793,-49.463211,-4.645333,2.599793,-49.463211,-0.109080,0.250000,0.625000,2.500000,1.000000,1.000000,0.002002,1,0,2.139080,2.030000,0.053578,0.038093,0.660382,1,1,1,1,1,0.126000,1,0,0,0,0,0,0,0,0,0,0,1,0.024000,0.000000,0.000000,0.000000,0.000000,0.000000,0.000000,0.000000,0.000000,0.000000,0.000000,0.000000,0.000000,0.000000,0.000000,0.000000,0.000000,0.000000,0.000000,0.000000,0.000000
100850,0.857463,-0.018001,0.041703,-0.512537,-24.700001,-1.300000,-2.900000,0.018000,-0.038000,-0.722000,23.234636,100272.703125,87.979996,86.180000,1.800000,2.040000,12,1,1,1,3,25,1,25,37.5417721,127.0795316,30.974,0.285000,0.655000,-0.035000,-0.085000,-0.015000,0.090000,1565,1566,1391,1478,1478.000000,1522.000000,1565.500000,1434.500000,-44.000000,131.000000,1500.000000,1,0,1,1,1,0.000000,0.000000,0,1,1,1,1,15003,0.005000,0,0.228796,-0.790186,-2.115536,-0.018636,-0.085528,0.090166,1,14.529493,-14.529493,0.567931,0.043483,1.818819,1.611771,-4.596049,2.488678,-49.558640,-4.596049,2.488678,-49.558640,-0.123926,0.250000,0.625000,2.500000,1.000000,1.000000,0.002564,1,0,2.123926,2.000000,0.061053,0.156121,0.665639,0,0,0,0,0,0.126000,1,0,0,0,0,0,0,0,0,0,0,1,0.023000,0.000000,0.000000,0.000000,0.000000,0.000000,0.000000,0.000000,0.000000,0.000000,0.000000,0.000000,0.000000,0.000000,0.000000,0.000000,0.000000,0.000000,0.000000,0.000000,0.000000
100955,0.857267,-0.018701,0.041703,-0.512840,23.299999,-2.700000,5.900000,-0.127000,-0.229000,-0.379000,23.229166,100269.804688,88.220001,86.180000,2.040000,2.030000,31,1,1,1,3,25,1,25,37.5417721,127.0795314,30.970,0.285000,0.655000,-0.038000,-0.136000,-0.011000,0.091000,1558,1547,1403,1492,1480.500000,1519.500000,1552.500000,1447.500000,-39.000000,105.000000,1500.000000,1,0,1,1,1,0.000000,0.000000,0,1,1,1,1,15003,0.005000,0,0.221237,-0.809597,-2.112116,-0.055967,-0.165826,0.148163,1,14.600124,-14.600124,0.701965,0.041055,1.593090,0.699138,-4.689010,2.343000,-49.606998,-4.689010,2.343000,-49.606998,-0.133906,0.250000,0.625000,2.500000,1.000000,1.000000,0.003013,1,0,2.123906,1.990000,0.054877,0.087403,0.661290,1,1,1,1,1,0.127000,0,0,0,0,0,0,0,0,0,0,0,1,0.020000,0.000000,0.000000,0.000000,0.000000,0.000000,0.000000,0.000000,0.000000,0.000000,0.000000,0.000000,0.000000,0.000000,0.000000,0.000000,0.000000,0.000000,0.000000,0.000000,0.000000
101055,0.856975,-0.018202,0.041704,-0.513345,-20.400000,6.900000,-4.000000,0.240000,0.365000,-1.810000,23.228113,100269.304688,88.269997,86.180000,2.090000,2.040000,0,1,1,1,3,25,1,25,37.5417720,127.0795312,30.967,0.285000,0.655000,-0.068000,-0.138000,-0.009000,0.092000,1560,1564,1393,1483,1476.500000,1523.500000,1562.000000,1438.000000,-47.000000,124.000000,1500.000000,1,0,1,1,1,0.000000,0.000000,0,1,1,1,1,15003,0.002000,0,0.213712,-0.823262,-2.120353,-0.037057,-0.153308,0.070465,1,14.673846,-14.673846,0.789210,0.035985,1.041520,-0.309840,-4.725605,2.344472,-49.592300,-4.725605,2.344472,-49.592300,-0.140338,0.250000,0.625000,2.500000,1.000000,1.000000,0.003318,1,0,2.130338,1.990000,0.052468,0.035237,0.659608,1,1,1,1,1,0.122000,0,0,0,0,0,0,0,0,0,0,0,1,0.020000,0.000000,0.000000,0.000000,0.000000,0.000000,0.000000,0.000000,0.000000,0.000000,0.000000,0.000000,0.000000,0.000000,0.000000,0.000000,0.000000,0.000000,0.000000,0.000000,0.000000
101149,0.856785,-0.018302,0.041804,-0.513651,18.200001,-2.500000,-0.200000,-0.262000,-0.129000,-0.533000,23.229815,100270.101563,88.199997,86.180000,2.020000,2.040000,0,1,1,1,3,25,1,25,37.5417719,127.0795310,30.973,0.285000,0.655000,-0.071000,-0.138000,-0.017000,0.088000,1554,1545,1408,1493,1481.000000,1519.000000,1549.500000,1450.500000,-38.000000,99.000000,1500.000000,1,0,1,1,1,0.000000,0.000000,0,1,1,1,1,15003,0.002000,0,0.206278,-0.835434,-2.125745,-0.044766,-0.127377,0.045701,1,14.754662,-14.754662,0.900243,0.035082,0.748641,0.558685,-4.649445,2.403309,-49.537800,-4.649445,2.403309,-49.537800,-0.107200,0.250000,0.625000,2.500000,1.000000,1.000000,0.001907,1,0,2.107200,2.000000,0.066585,0.200846,0.669584,1,1,1,1,1,0.129000,1,0,0,0,0,0,0,0,0,0,0,1,0.020000,0.000000,0.000000,0.000000,0.000000,0.000000,0.000000,0.000000,0.000000,0.000000,0.000000,0.000000,0.000000,0.000000,0.000000,0.000000,0.000000,0.000000,0.000000,0.000000,0.000000
101255,0.856562,-0.017901,0.041803,-0.514037,-14.300000,7.000000,0.500000,0.015000,0.399000,-2.184000,23.230989,100270.203125,88.189995,86.180000,2.010000,2.040000,0,1,1,1,3,25,1,25,37.5417719,127.0795308,30.961,0.285000,0.654000,-0.066000,-0.143000,-0.012000,0.085000,1561,1562,1390,1487,1475.500000,1524.500000,1561.500000,1438.500000,-49.000000,123.000000,1500.000000,1,0,1,1,1,0.000000,0.000000,0,1,1,1,1,15003,0.002000,0,0.200320,-0.849744,-2.128517,-0.057712,-0.154614,-0.028304,1,14.848003,-14.848003,0.847830,0.035007,0.458614,-0.669545,-4.520090,2.436675,-49.596767,-4.520090,2.436675,-49.596767,-0.116782,0.250000,0.625000,2.500000,1.000000,1.000000,0.002288,1,0,2.116782,2.000000,0.056452,0.111319,0.662394,1,1,1,1,1,0.120000,1,0,0,0,0,0,0,0,0,0,0,1,0.020000,0.000000,0.000000,0.000000,0.000000,0.000000,0.000000,0.000000,0.000000,0.000000,0.000000,0.000000,0.000000,0.000000,0.000000,0.000000,0.000000,0.000000,0.000000,0.000000,0.000000
101347,0.856330,-0.018301,0.041701,-0.514418,-6.000000,-9.400000,-4.400000,0.264000,0.126000,-0.716000,23.224993,100268.101563,88.369995,86.180000,2.190000,2.060000,0,1,1,1,3,25,1,25,37.5417719,127.0795308,30.961,0.285000,0.654000,-0.066000,-0.143000,-0.012000,0.085000,1563,1557,1403,1478,1483.000000,1517.500000,1560.000000,1440.500000,-34.500000,119.500000,1500.000000,1,0,1,1,1,0.000000,0.000000,0,1,1,1,1,15003,0.005000,0,0.194796,-0.865000,-2.115494,-0.050657,-0.163989,-0.033133,1,14.928219,-14.928219,0.829363,0.044335,1.704520,-0.259049,-4.349182,2.401656,-49.607430,-4.349182,2.401656,-49.607430,-0.121733,0.250000,0.625000,2.500000,1.000000,1.000000,0.002491,1,0,2.121733,2.000000,0.054272,0.075219,0.660866,0,0,0,0,0,0.120000,1,0,0,0,0,0,0,0,0,0,0,1,0.020000,0.000000,0.000000,0.000000,0.000000,0.000000,0.000000,0.000000,0.000000,0.000000,0.000000,0.000000,0.000000,0.000000,0.000000,0.000000,0.000000,0.000000,0.000000,0.000000,0.000000
101449,0.856285,-0.019002,0.041904,-0.514451,-18.500000,0.100000,3.700000,0.158000,0.220000,-1.320000,23.226765,100270.000000,88.209999,86.180000,2.030000,2.050000,12,1,1,1,3,25,1,25,37.5417718,127.0795307,30.959,0.285000,0.654000,-0.068000,-0.095000,-0.006000,0.079000,1568,1564,1388,1480,1478.000000,1522.000000,1566.000000,1434.000000,-44.000000,132.000000,1500.000000,1,0,1,1,1,0.000000,0.000000,0,1,1,1,1,15003,0.001000,0,0.184619,-0.871160,-2.109873,-0.046733,-0.084327,0.080172,1,15.016098,-15.016098,0.908382,0.036994,1.176189,-0.141724,-4.454613,2.319287,-49.664143,-4.454613,2.319287,-49.664143,-0.106587,0.250000,0.625000,2.500000,1.000000,1.000000,0.001908,1,0,2.116587,2.010000,0.055455,0.077441,0.661694,1,1,1,1,1,0.138000,1,0,0,0,0,0,0,0,0,0,0,1,0.020000,0.000000,0.000000,0.000000,0.000000,0.000000,0.000000,0.000000,0.000000,0.000000,0.000000,0.000000,0.000000,0.000000,0.000000,0.000000,0.000000,0.000000,0.000000,0.000000,0.000000
101566,0.855896,-0.018202,0.041505,-0.515158,-14.100000,-4.200000,1.300000,0.021000,-0.308000,-0.107000,23.225449,100270.000000,88.209999,86.180000,2.030000,2.050000,30,1,1,1,3,25,1,25,37.5417717,127.0795305,30.957,0.285000,0.653000,-0.064000,-0.144000,0.000000,0.083000,1567,1560,1394,1480,1480.500000,1520.000000,1563.500000,1437.000000,-39.500000,126.500000,1500.000000,1,0,1,1,1,0.000000,0.000000,0,1,1,1,1,15003,0.002000,0,0.172230,-0.888722,-2.111121,-0.073110,-0.107163,0.031592,1,15.122362,-15.122362,0.887736,0.037451,1.387726,0.105438,-4.015520,2.344032,-49.786617,-4.015520,2.344032,-49.786617,-0.108319,0.250000,0.625000,2.500000,1.000000,1.000000,0.001970,1,0,2.118319,2.010000,0.055436,0.092819,0.661681,1,1,1,1,1,0.113000,1,0,0,0,0,0,0,0,0,0,0,1,0.020000,0.000000,0.000000,0.000000,0.000000,0.000000,0.000000,0.000000,0.000000,0.000000,0.000000,0.000000,0.000000,0.000000,0.000000,0.000000,0.000000,0.000000,0.000000,0.000000,0.000000
101647,0.855622,-0.017500,0.041801,-0.515613,-13.200000,2.500000,-1.300000,-0.013000,-0.350000,-0.452000,23.230148,100269.101563,88.279999,86.180000,2.100000,2.050000,26,1,1,1,3,25,1,25,37.5417716,127.0795303,30.958,0.285000,0.653000,-0.075000,-0.133000,-0.002000,0.082000,1557,1566,1396,1481,1476.500000,1523.500000,1561.500000,1438.500000,-47.000000,123.000000,1500.000000,1,0,1,1,1,0.000000,0.000000,0,1,1,1,1,15003,0.002000,0,0.165531,-0.901133,-2.116003,-0.060009,-0.147835,-0.059954,1,15.191711,-15.191711,0.806728,0.034051,0.804668,-1.205824,-4.106507,2.348910,-49.894306,-4.106507,2.348910,-49.894306,-0.110845,0.250000,0.625000,2.500000,1.000000,1.000000,0.002070,1,0,2.120845,2.010000,0.052509,0.039340,0.659637,1,1,1,1,1,0.125000,1,0,0,0,0,0,0,0,0,0,0,1,0.020000,0.000000,0.000000,0.000000,0.000000,0.000000,0.000000,0.000000,0.000000,0.000000,0.000000,0.000000,0.000000,0.000000,0.000000,0.000000,0.000000,0.000000,0.000000,0.000000,0.000000
101750,0.855113,-0.016200,0.041701,-0.516508,-8.200000,-3.800000,1.800000,0.070000,0.339000,0.051000,23.230780,100269.601563,88.239998,86.180000,2.060000,2.060000,0,1,1,1,3,25,1,25,37.5417715,127.0795301,30.978,0.285000,0.652000,-0.082000,-0.131000,-0.023000,0.082000,1561,1561,1396,1481,1478.500000,1521.000000,1561.000000,1438.500000,-42.500000,122.500000,1500.000000,1,0,1,1,1,0.000000,0.000000,0,1,1,1,1,15003,0.002000,0,0.156480,-0.915398,-2.127282,-0.075497,-0.133777,0.001357,1,15.277255,-15.277255,0.877545,0.034097,0.564119,1.434137,-3.969524,2.416847,-50.002270,-3.969524,2.416847,-50.002270,-0.094081,0.250000,0.625000,2.500000,1.000000,1.000000,0.001479,1,0,2.114081,2.020000,0.060396,0.157673,0.665174,1,1,1,1,1,0.124000,1,0,0,0,0,0,0,0,0,0,0,1,0.024000,0.000000,0.000000,0.000000,0.000000,0.000000,0.000000,0.000000,0.000000,0.000000,0.000000,0.000000,0.000000,0.000000,0.000000,0.000000,0.000000,0.000000,0.000000,0.000000,0.000000
101850,0.854769,-0.015101,0.041303,-0.517142,29.700003,-1.300000,-0.100000,-0.073000,-0.332000,-1.025000,23.225273,100268.398438,88.339996,86.180000,2.160000,2.080000,12,1,1,1,3,25,1,25,37.5417715,127.0795301,30.978,0.285000,0.652000,-0.082000,-0.131000,-0.023000,0.082000,1545,1547,1416,1493,1480.500000,1520.000000,1546.000000,1454.500000,-39.500000,91.500000,1500.000000,1,0,1,1,1,0.000000,0.000000,0,1,1,1,1,15003,0.005000,0,0.149112,-0.927453,-2.111047,-0.066009,-0.110257,0.019675,1,15.363405,-15.363405,0.871566,0.043253,1.868514,-0.511065,-3.576362,2.492626,-50.085987,-3.576362,2.492626,-50.085987,-0.075846,0.250000,0.625000,2.500000,1.000000,1.000000,0.000961,1,0,2.115846,2.040000,0.060331,0.162894,0.665128,0,0,0,0,0,0.124000,1,0,0,0,0,0,0,0,0,0,0,1,0.023000,0.000000,0.000000,0.000000,0.000000,0.000000,0.000000,0.000000,0.000000,0.000000,0.000000,0.000000,0.000000,0.000000,0.000000,0.000000,0.000000,0.000000,0.000000,0.000000,0.000000
101955,0.854269,-0.015201,0.041603,-0.517942,-20.000000,3.200000,-4.900000,0.046000,-0.111000,-1.368000,23.229008,100270.500000,88.159996,86.180000,1.980000,2.060000,31,1,1,1,3,25,1,25,37.5417714,127.0795299,30.973,0.285000,0.651000,-0.109000,-0.117000,-0.016000,0.080000,1552,1567,1398,1483,1475.000000,1525.000000,1559.500000,1440.500000,-50.000000,119.000000,1500.000000,1,0,1,1,1,0.000000,0.000000,0,1,1,1,1,15003,0.005000,0,0.135975,-0.941168,-2.129419,-0.050875,-0.121593,-0.128268,1,15.448504,-15.448504,0.759093,0.040555,1.593727,-0.431665,-3.570990,2.512023,-50.242023,-3.570990,2.512023,-50.242023,-0.111701,0.250000,0.625000,2.500000,1.000000,1.000000,0.002098,1,0,2.131701,2.020000,0.054029,0.087946,0.660697,1,1,1,1,1,0.129000,0,0,0,0,0,0,0,0,0,0,0,1,0.020000,0.000000,0.000000,0.000000,0.000000,0.000000,0.000000,0.000000,0.000000,0.000000,0.000000,0.000000,0.000000,0.000000,0.000000,0.000000,0.000000,0.000000,0.000000,0.000000,0.000000
102044,0.853774,-0.015101,0.040504,-0.518845,-1.000000,5.400000,2.600000,0.069000,0.263000,-1.121000,23.224186,100268.898438,88.299995,86.180000,2.120000,2.070000,34,1,1,1,3,25,1,25,37.5417713,127.0795298,30.978,0.285000,0.651000,-0.109000,-0.122000,-0.033000,0.084000,1549,1557,1408,1486,1478.500000,1521.500000,1553.000000,1447.000000,-43.000000,106.000000,1500.000000,1,0,1,1,1,0.000000,0.000000,0,1,1,1,1,15003,0.001000,0,0.123476,-0.950890,-2.135599,-0.060105,-0.085903,-0.015684,1,15.516620,-15.516620,0.815294,0.035577,1.041554,-0.044113,-3.749721,2.458874,-50.427456,-3.749721,2.458874,-50.427456,-0.110618,0.250000,0.625000,2.500000,1.000000,1.000000,0.002063,1,0,2.140618,2.030000,0.051807,0.035336,0.659148,1,1,1,1,1,0.125000,0,0,0,0,0,0,0,0,0,0,0,1,0.020000,0.000000,0.000000,0.000000,0.000000,0.000000,0.000000,0.000000,0.000000,0.000000,0.000000,0.000000,0.000000,0.000000,0.000000,0.000000,0.000000,0.000000,0.000000,0.000000,0.000000
102149,0.853370,-0.015601,0.039903,-0.519543,-1.000000,-1.200000,-8.900000,-0.042000,0.176000,-0.728000,23.221872,100268.898438,88.299995,86.180000,2.120000,2.070000,0,1,1,1,3,25,1,25,37.5417712,127.0795296,30.971,0.284000,0.650000,-0.105000,-0.124000,-0.018000,0.087000,1554,1561,1408,1477,1481.000000,1519.000000,1557.500000,1442.500000,-38.000000,115.000000,1500.000000,1,0,1,1,1,0.000000,0.000000,0,1,1,1,1,15003,0.002000,0,0.110530,-0.964406,-2.141389,-0.092754,-0.123738,-0.047106,1,15.603301,-15.603301,0.794235,0.034767,0.748642,-0.601752,-4.239358,2.380388,-50.624752,-4.239358,2.380388,-50.624752,-0.108730,0.250000,0.625000,2.500000,1.000000,1.000000,0.001963,1,0,2.128730,2.020000,0.066095,0.201110,0.669233,1,1,1,1,1,0.126000,1,0,0,0,0,0,0,0,0,0,0,1,0.020000,0.000000,0.000000,0.000000,0.000000,0.000000,0.000000,0.000000,0.000000,0.000000,0.000000,0.000000,0.000000,0.000000,0.000000,0.000000,0.000000,0.000000,0.000000,0.000000,0.000000
102256,0.852985,-0.015602,0.040204,-0.520151,-14.700000,3.200000,-0.300000,0.063000,-0.214000,-0.656000,23.228552,100271.101563,88.110001,86.180000,1.930000,2.060000,0,1,1,1,3,25,1,25,37.5417711,127.0795294,30.968,0.285000,0.650000,-0.112000,-0.125000,-0.005000,0.092000,1558,1570,1395,1477,1476.500000,1523.500000,1564.000000,1436.000000,-47.000000,128.000000,1500.000000,1,0,1,1,1,0.000000,0.000000,0,1,1,1,1,15003,0.002000,0,0.097457,-0.978397,-2.153322,-0.116017,-0.121296,-0.120591,1,15.692123,-15.692123,0.793968,0.034764,0.458601,-3.087498,-4.100595,2.453929,-50.758820,-4.100595,2.453929,-50.758820,-0.106454,0.250000,0.625000,2.500000,1.000000,1.000000,0.001902,1,0,2.136454,2.030000,0.056055,0.111423,0.662115,1,1,1,1,1,0.121000,0,0,0,0,0,0,0,0,0,0,0,1,0.020000,0.000000,0.000000,0.000000,0.000000,0.000000,0.000000,0.000000,0.000000,0.000000,0.000000,0.000000,0.000000,0.000000,0.000000,0.000000,0.000000,0.000000,0.000000,0.000000,0.000000
102352,0.852488,-0.015202,0.040504,-0.520954,26.299999,-4.100000,3.600000,0.124000,0.373000,-0.341000,23.228937,100271.804688,88.049995,86.180000,1.870000,2.030000,3,1,1,1,3,25,1,25,37.5417711,127.0795294,30.968,0.285000,0.650000,-0.112000,-0.125000,-0.005000,0.092000,1542,1551,1417,1490,1479.500000,1520.500000,1546.500000,1453.500000,-41.000000,93.000000,1500.000000,1,0,1,1,1,0.000000,0.000000,0,1,1,1,1,15003,0.005000,0,0.087536,-0.989002,-2.140601,-0.098197,-0.099335,-0.089399,1,15.765232,-15.765232,0.777479,0.041733,1.729321,-1.406211,-4.052253,2.448140,-50.881001,-4.052253,2.448140,-50.881001,-0.161377,0.250000,0.625000,2.500000,1.000000,1.000000,0.004321,1,0,2.151377,1.990000,0.066773,0.200024,0.669719,0,0,0,0,0,0.121000,0,0,0,0,0,0,0,0,0,0,0,1,0.020000,0.000000,0.000000,0.000000,0.000000,0.000000,0.000000,0.000000,0.000000,0.000000,0.000000,0.000000,0.000000,0.000000,0.000000,0.000000,0.000000,0.000000,0.000000,0.000000,0.000000
102450,0.851703,-0.014502,0.040405,-0.522263,23.000000,-2.000000,-3.100000,-0.012000,-0.298000,-1.011000,23.222399,100268.601563,88.320000,86.180000,2.140000,2.050000,12,1,1,1,3,25,1,25,37.5417710,127.0795292,30.965,0.285000,0.650000,-0.080000,-0.140000,0.000000,0.097000,1540,1549,1419,1492,1479.500000,1520.500000,1544.500000,1455.500000,-41.000000,89.000000,1500.000000,1,0,1,1,1,0.000000,0.000000,0,1,1,1,1,15003,0.005000,0,0.078273,-1.006777,-2.138925,-0.073704,-0.150046,-0.038323,1,15.841675,-15.841675,0.740755,0.037041,1.176773,-0.878596,-4.148275,2.460695,-51.032471,-4.148275,2.460695,-51.032471,-0.136115,0.250000,0.625000,2.500000,1.000000,1.000000,0.003111,1,0,2.146115,2.010000,0.055518,0.077752,0.661738,1,1,1,1,1,0.139000,1,0,0,0,0,0,0,0,0,0,0,1,0.020000,0.000000,0.000000,0.000000,0.000000,0.000000,0.000000,0.000000,0.000000,0.000000,0.000000,0.000000,0.000000,0.000000,0.000000,0.000000,0.000000,0.000000,0.000000,0.000000,0.000000
102544,0.850756,-0.014001,0.040203,-0.523834,-15.000001,4.300000,-7.200000,-0.117000,0.304000,-1.198000,23.225466,100270.601563,88.150002,86.180000,1.970000,2.060000,20,1,1,1,3,25,1,25,37.5417708,127.0795290,30.979,0.285000,0.650000,-0.102000,-0.162000,-0.019000,0.093000,1546,1571,1409,1474,1477.500000,1522.500000,1558.500000,1441.500000,-45.000000,117.000000,1500.000000,1,0,1,1,1,0.000000,0.000000,0,1,1,1,1,15003,0.002000,0,0.067389,-1.022866,-2.149407,-0.066658,-0.163717,-0.134404,1,15.908093,-15.908093,0.638046,0.034221,0.774372,-1.337388,-3.584928,2.447914,-51.173298,-3.584928,2.447914,-51.173298,-0.134081,0.250000,0.625000,2.500000,1.000000,1.000000,0.003028,1,0,2.154081,2.020000,0.052735,0.033988,0.659795,1,1,1,1,1,0.117000,1,0,0,0,0,0,0,0,0,0,0,1,0.023000,0.000000,0.000000,0.000000,0.000000,0.000000,0.000000,0.000000,0.000000,0.000000,0.000000,0.000000,0.000000,0.000000,0.000000,0.000000,0.000000,0.000000,0.000000,0.000000,0.000000
102647,0.849843,-0.013501,0.040202,-0.525327,-27.500000,2.800000,-8.000000,0.103000,-0.201000,-0.941000,23.228184,100270.898438,88.129997,86.180000,1.950000,2.040000,29,1,1,1,3,25,1,25,37.5417708,127.0795288,30.972,0.285000,0.650000,-0.086000,-0.111000,-0.019000,0.092000,1551,1578,1401,1470,1476.000000,1524.000000,1564.500000,1435.500000,-48.000000,129.000000,1500.000000,1,0,1,1,1,0.000000,0.000000,0,1,1,1,1,15003,0.001000,0,0.056439,-1.036048,-2.153340,-0.069310,-0.142641,-0.074356,1,15.971048,-15.971048,0.582290,0.034291,0.916455,-3.064428,-3.769152,2.531364,-51.331608,-3.769152,2.531364,-51.331608,-0.160392,0.250000,0.625000,2.500000,1.000000,1.000000,0.004332,1,0,2.160392,2.000000,0.052696,0.039592,0.659767,1,1,1,1,1,0.124000,1,0,0,0,0,0,0,0,0,0,0,1,0.020000,0.000000,0.000000,0.000000,0.000000,0.000000,0.000000,0.000000,0.000000,0.000000,0.000000,0.000000,0.000000,0.000000,0.000000,0.000000,0.000000,0.000000,0.000000,0.000000,0.000000
102753,0.849034,-0.013401,0.040402,-0.526621,19.200001,5.700000,-1.200000,0.133000,0.066000,-1.652000,23.224010,100269.101563,88.279999,86.180000,2.100000,2.040000,1,1,1,1,3,25,1,25,37.5417707,127.0795287,30.971,0.285000,0.650000,-0.055000,-0.091000,-0.010000,0.085000,1537,1550,1420,1493,1478.500000,1521.500000,1543.500000,1456.500000,-43.000000,87.000000,1500.000000,1,0,1,1,1,0.000000,0.000000,0,1,1,1,1,15003,0.002000,0,0.046436,-1.048399,-2.154922,-0.071844,-0.104885,-0.047771,1,16.031271,-16.031271,0.548204,0.034162,0.460125,-0.956137,-3.829824,2.585470,-51.583427,-3.829824,2.585470,-51.583427,-0.159387,0.250000,0.625000,2.500000,1.000000,1.000000,0.004238,1,0,2.149387,1.990000,0.061700,0.171396,0.666098,1,1,1,1,1,0.121000,0,0,0,0,0,0,0,0,0,0,0,1,0.021000,0.000000,0.000000,0.000000,0.000000,0.000000,0.000000,0.000000,0.000000,0.000000,0.000000,0.000000,0.000000,0.000000,0.000000,0.000000,0.000000,0.000000,0.000000,0.000000,0.000000
102854,0.848330,-0.013600,0.040801,-0.527719,-0.400000,-6.500000,-1.200000,0.056000,-0.285000,-0.166000,23.226974,100270.398438,88.169998,86.180000,1.990000,2.030000,16,1,1,1,3,25,1,25,37.5417707,127.0795287,30.971,0.285000,0.650000,-0.055000,-0.091000,-0.010000,0.085000,1548,1565,1413,1475,1480.500000,1520.000000,1556.500000,1444.000000,-39.500000,112.500000,1500.000000,1,0,1,1,1,0.000000,0.000000,0,1,1,1,1,15003,0.002000,0,0.042144,-1.058340,-2.132745,-0.026724,-0.088284,-0.040416,1,16.086227,-16.086227,0.516513,0.041413,1.719562,-1.165745,-3.820447,2.567941,-51.813896,-3.820447,2.567941,-51.813896,-0.151178,0.250000,0.625000,2.500000,1.000000,1.000000,0.003826,1,0,2.141178,1.990000,0.058458,0.142363,0.663805,0,0,0,0,0,0.121000,0,0,0,0,0,0,0,0,0,0,0,1,0.023000,0.000000,0.000000,0.000000,0.000000,0.000000,0.000000,0.000000,0.000000,0.000000,0.000000,0.000000,0.000000,0.000000,0.000000,0.000000,0.000000,0.000000,0.000000,0.000000,0.000000
102955,0.847525,-0.013100,0.040901,-0.529015,4.400000,-6.300000,-7.300000,-0.095000,0.070000,-0.293000,23.227150,100271.000000,88.119995,86.180000,1.940000,2.020000,31,1,1,1,3,25,1,25,37.5417707,127.0795286,30.963,0.285000,0.649000,-0.059000,-0.085000,-0.007000,0.081000,1548,1563,1417,1473,1482.500000,1518.000000,1555.500000,1445.000000,-35.500000,110.500000,1500.000000,1,0,1,1,1,0.000000,0.000000,0,1,1,1,1,15003,0.005000,0,0.036100,-1.066983,-2.128065,-0.005707,-0.078492,0.005448,1,16.140350,-16.140350,0.508078,0.040117,1.591728,0.650739,-4.007769,2.614299,-52.095551,-4.007769,2.614299,-52.095551,-0.156910,0.250000,0.625000,2.500000,1.000000,1.000000,0.004143,1,0,2.136910,1.980000,0.053440,0.086683,0.660285,1,1,1,1,1,0.127000,0,0,0,0,0,0,0,0,0,0,0,1,0.020000,0.000000,0.000000,0.000000,0.000000,0.000000,0.000000,0.000000,0.000000,0.000000,0.000000,0.000000,0.000000,0.000000,0.000000,0.000000,0.000000,0.000000,0.000000,0.000000,0.000000
103044,0.846727,-0.012700,0.040701,-0.530317,10.800000,3.300000,-2.300000,0.070000,0.260000,-1.968000,23.226833,100271.703125,88.059998,86.180000,1.880000,2.010000,34,1,1,1,3,25,1,25,37.5417706,127.0795285,30.964,0.285000,0.649000,-0.038000,-0.063000,-0.013000,0.082000,1539,1557,1416,1488,1477.500000,1522.500000,1548.000000,1452.000000,-45.000000,96.000000,1500.000000,1,0,1,1,1,0.000000,0.000000,0,1,1,1,1,15003,0.001000,0,0.029536,-1.072762,-2.126967,-0.033178,-0.061368,0.048367,1,16.186169,-16.186169,0.554469,0.035288,1.041497,0.370650,-3.823913,2.628083,-52.365856,-3.823913,2.628083,-52.365856,-0.166692,0.250000,0.625000,2.500000,1.000000,1.000000,0.004686,1,0,2.136692,1.970000,0.051353,0.035240,0.658833,1,1,1,1,1,0.125000,0,0,0,0,0,0,0,0,0,0,0,1,0.020000,0.000000,0.000000,0.000000,0.000000,0.000000,0.000000,0.000000,0.000000,0.000000,0.000000,0.000000,0.000000,0.000000,0.000000,0.000000,0.000000,0.000000,0.000000,0.000000,0.000000
103149,0.845752,-0.013601,0.040903,-0.531833,19.900000,-4.700000,1.800000,-0.209000,-0.305000,-0.158000,23.222906,100269.304688,88.269997,86.180000,2.090000,1.990000,0,1,1,1,3,25,1,25,37.5417706,127.0795284,30.956,0.285000,0.649000,-0.031000,-0.070000,0.001000,0.087000,1546,1559,1416,1479,1481.000000,1519.000000,1552.500000,1447.500000,-38.000000,105.000000,1500.000000,1,0,1,1,1,0.000000,0.000000,0,1,1,1,1,15003,0.002000,0,0.025429,-1.080452,-2.125213,-0.059763,-0.076366,0.019379,1,16.246723,-16.246723,0.597033,0.034545,0.748640,1.357780,-3.677083,2.613380,-52.558807,-3.677083,2.613380,-52.558807,-0.173097,0.250000,0.625000,2.500000,1.000000,1.000000,0.004977,1,0,2.113097,1.940000,0.065730,0.201142,0.668971,1,1,1,1,1,0.126000,0,0,0,0,0,0,0,0,0,0,0,1,0.020000,0.000000,0.000000,0.000000,0.000000,0.000000,0.000000,0.000000,0.000000,0.000000,0.000000,0.000000,0.000000,0.000000,0.000000,0.000000,0.000000,0.000000,0.000000,0.000000,0.000000
103261,0.844575,-0.012601,0.040604,-0.533747,-24.299999,-1.200000,-6.900000,0.234000,0.356000,-0.826000,23.223206,100269.203125,88.269997,86.180000,2.090000,2.000000,3,1,1,1,3,25,1,25,37.5417706,127.0795284,30.965,0.285000,0.648000,-0.025000,-0.051000,-0.017000,0.084000,1548,1575,1407,1469,1477.500000,1522.000000,1561.500000,1438.000000,-44.500000,123.500000,1500.000000,1,0,1,1,1,0.000000,0.000000,0,1,1,1,1,15003,0.002000,0,0.022881,-1.085633,-2.116040,-0.027145,-0.068149,-0.017084,1,16.314039,-16.314039,0.603162,0.032819,0.482356,-0.907868,-3.697695,2.539397,-52.768856,-3.697695,2.539397,-52.768856,-0.164687,0.250000,0.625000,2.500000,1.000000,1.000000,0.004568,1,0,2.124687,1.960000,0.052511,0.035823,0.659638,1,1,1,1,1,0.123000,1,0,0,0,0,0,0,0,0,0,0,1,0.021000,0.000000,0.000000,0.000000,0.000000,0.000000,0.000000,0.000000,0.000000,0.000000,0.000000,0.000000,0.000000,0.000000,0.000000,0.000000,0.000000,0.000000,0.000000,0.000000,0.000000
103355,0.843843,-0.012201,0.040402,-0.534927,-2.400000,4.400000,0.200000,0.090000,0.514000,-1.461000,23.222784,100270.601563,88.150002,86.180000,1.970000,2.010000,4,1,1,1,3,25,1,25,37.5417706,127.0795284,30.965,0.285000,0.648000,-0.025000,-0.051000,-0.017000,0.084000,1541,1568,1410,1480,1475.500000,1524.000000,1554.500000,1445.000000,-48.500000,109.500000,1500.000000,1,0,1,1,1,0.000000,0.000000,0,1,1,1,1,15003,0.002000,0,0.021456,-1.092583,-2.099666,-0.004720,-0.079864,0.038793,1,16.371046,-16.371046,0.616900,0.041002,1.673767,0.887446,-3.546742,2.503801,-52.970028,-3.546742,2.503801,-52.970028,-0.138770,0.250000,0.625000,2.500000,1.000000,1.000000,0.003199,1,0,2.108770,1.970000,0.065602,0.192570,0.668880,0,0,0,0,0,0.123000,1,0,0,0,0,0,0,0,0,0,0,1,0.020000,0.000000,0.000000,0.000000,0.000000,0.000000,0.000000,0.000000,0.000000,0.000000,0.000000,0.000000,0.000000,0.000000,0.000000,0.000000,0.000000,0.000000,0.000000,0.000000,0.000000
103450,0.843149,-0.012401,0.040202,-0.536031,-7.400000,-6.000000,-0.400000,0.159000,0.088000,0.067000,23.223801,100269.304688,88.269997,86.180000,2.090000,2.030000,12,1,1,1,3,25,1,25,37.5417706,127.0795283,30.961,0.285000,0.648000,-0.006000,-0.055000,-0.013000,0.088000,1549,1565,1413,1472,1481.000000,1518.500000,1557.000000,1442.500000,-37.500000,114.500000,1500.000000,1,0,1,1,1,0.000000,0.000000,0,1,1,1,1,15003,0.005000,0,0.019492,-1.096592,-2.103198,0.020759,-0.048410,0.093920,1,16.433739,-16.433739,0.712805,0.036850,1.200735,3.426816,-3.526725,2.444409,-53.190968,-3.526725,2.444409,-53.190968,-0.120619,0.250000,0.625000,2.500000,1.000000,1.000000,0.002444,1,0,2.110619,1.990000,0.054998,0.077480,0.661374,1,1,1,1,1,0.136000,1,0,0,0,0,0,0,0,0,0,0,1,0.021000,0.000000,0.000000,0.000000,0.000000,0.000000,0.000000,0.000000,0.000000,0.000000,0.000000,0.000000,0.000000,0.000000,0.000000,0.000000,0.000000,0.000000,0.000000,0.000000,0.000000
103554,0.842528,-0.013900,0.040901,-0.536918,-21.400000,3.200000,-6.500000,0.148000,0.002000,-1.386000,23.226728,100271.101563,88.110001,86.180000,1.930000,2.020000,30,1,1,1,3,25,1,25,37.5417706,127.0795283,30.964,0.285000,0.648000,-0.007000,-0.031000,-0.023000,0.089000,1543,1578,1404,1475,1473.500000,1526.500000,1560.500000,1439.500000,-53.000000,121.000000,1500.000000,1,0,1,1,1,0.000000,0.000000,0,1,1,1,1,15003,0.002000,0,0.015583,-1.098927,-2.112051,0.012835,-0.005549,-0.047716,1,16.509356,-16.509356,0.707017,0.035997,1.039784,-0.102275,-3.661865,2.432412,-53.328377,-3.661865,2.432412,-53.328377,-0.138489,0.250000,0.625000,2.500000,1.000000,1.000000,0.003230,1,0,2.118489,1.980000,0.052584,0.034205,0.659689,1,1,1,1,1,0.126000,0,0,0,0,0,0,0,0,0,0,0,1,0.020000,0.000000,0.000000,0.000000,0.000000,0.000000,0.000000,0.000000,0.000000,0.000000,0.000000,0.000000,0.000000,0.000000,0.000000,0.000000,0.000000,0.000000,0.000000,0.000000,0.000000
103644,0.842098,-0.013802,0.041305,-0.537563,-7.400000,1.200000,2.800000,0.200000,0.216000,-1.135000,23.227238,100269.898438,88.209999,86.180000,2.030000,2.020000,21,1,1,1,3,24,1,24,37.5417706,127.0795283,30.964,0.285000,0.647000,0.014000,-0.031000,-0.016000,0.079000,1548,1569,1405,1478,1476.500000,1523.500000,1558.500000,1441.500000,-47.000000,117.000000,1500.000000,1,0,1,1,1,0.000000,0.000000,0,1,1,1,1,15003,0.001000,0,0.018334,-1.099709,-2.113876,0.020189,-0.008426,-0.016245,1,16.571287,-16.571287,0.662679,0.033882,0.800230,0.544850,-3.899294,2.460454,-53.510853,-3.899294,2.460454,-53.510853,-0.140858,0.250000,0.625000,2.500000,1.000000,1.000000,0.003343,1,0,2.120858,1.980000,0.052375,0.035993,0.659543,1,1,1,1,1,0.113000,0,0,0,0,0,0,0,0,0,0,0,1,0.020000,0.000000,0.000000,0.000000,0.000000,0.000000,0.000000,0.000000,0.000000,0.000000,0.000000,0.000000,0.000000,0.000000,0.000000,0.000000,0.000000,0.000000,0.000000,0.000000,0.000000
103758,0.841689,-0.013201,0.042104,-0.538157,-7.400000,-0.500000,0.000000,0.053000,-0.029000,-1.103000,23.225063,100269.500000,88.250000,86.180000,2.070000,2.030000,7,1,1,1,3,24,1,24,37.5417706,127.0795282,30.963,0.285000,0.647000,0.004000,-0.026000,-0.014000,0.085000,1543,1569,1406,1482,1474.500000,1525.500000,1556.000000,1444.000000,-51.000000,112.000000,1500.000000,1,0,1,1,1,0.000000,0.000000,0,1,1,1,1,15003,0.002000,0,0.020587,-1.101376,-2.111966,0.025232,-0.011130,0.019139,1,16.649361,-16.649361,0.704438,0.032123,0.534956,-0.241534,-3.845729,2.566848,-53.640804,-3.845729,2.566848,-53.640804,-0.128700,0.250000,0.625000,2.500000,1.000000,1.000000,0.002793,1,0,2.118700,1.990000,0.051396,0.037332,0.658863,1,1,1,1,1,0.123000,0,0,0,0,0,0,0,0,0,0,0,1,0.020000,0.000000,0.000000,0.000000,0.000000,0.000000,0.000000,0.000000,0.000000,0.000000,0.000000,0.000000,0.000000,0.000000,0.000000,0.000000,0.000000,0.000000,0.000000,0.000000,0.000000
103850,0.841453,-0.012201,0.042303,-0.538534,0.100000,5.000000,-5.000000,0.067000,0.507000,-1.827000,23.222136,100270.000000,88.209999,86.180000,2.030000,2.020000,12,1,1,1,3,24,1,24,37.5417706,127.0795282,30.963,0.285000,0.647000,0.004000,-0.026000,-0.014000,0.085000,1535,1562,1417,1486,1476.000000,1524.000000,1548.500000,1451.500000,-48.000000,97.000000,1500.000000,1,0,1,1,1,0.000000,0.000000,0,1,1,1,1,15003,0.005000,0,0.024689,-1.100736,-2.095263,0.059509,0.020302,0.038795,1,16.712666,-16.712666,0.693799,0.042428,1.816117,-1.923972,-3.910415,2.635828,-53.763969,-3.910415,2.635828,-53.763969,-0.123033,0.250000,0.625000,2.500000,1.000000,1.000000,0.002531,1,0,2.103033,1.980000,0.059366,0.156164,0.664445,0,0,0,0,0,0.123000,0,0,0,0,0,0,0,0,0,0,0,1,0.023000,0.000000,0.000000,0.000000,0.000000,0.000000,0.000000,0.000000,0.000000,0.000000,0.000000,0.000000,0.000000,0.000000,0.000000,0.000000,0.000000,0.000000,0.000000,0.000000,0.000000
103958,0.841174,-0.011501,0.041504,-0.539047,-13.100000,1.500000,-1.200000,0.008000,-0.253000,-0.978000,23.223206,100269.304688,88.269997,86.180000,2.090000,2.030000,34,1,1,1,3,24,1,24,37.5417707,127.0795282,30.964,0.285000,0.647000,0.014000,-0.017000,-0.018000,0.078000,1545,1572,1407,1475,1476.000000,1523.500000,1558.500000,1441.000000,-47.500000,117.500000,1500.000000,1,0,1,1,1,0.000000,0.000000,0,1,1,1,1,15003,0.002000,0,0.030486,-1.103498,-2.106105,0.083352,-0.009366,-0.037493,1,16.786055,-16.786055,0.663134,0.040247,1.593046,-0.420344,-3.891554,2.621559,-53.902306,-3.891554,2.621559,-53.902306,-0.121342,0.250000,0.625000,2.500000,1.000000,1.000000,0.002477,1,0,2.111342,1.990000,0.053566,0.087616,0.660374,1,1,1,1,1,0.128000,0,0,0,0,0,0,0,0,0,0,0,1,0.020000,0.000000,0.000000,0.000000,0.000000,0.000000,0.000000,0.000000,0.000000,0.000000,0.000000,0.000000,0.000000,0.000000,0.000000,0.000000,0.000000,0.000000,0.000000,0.000000,0.000000
104044,0.841013,-0.012100,0.041201,-0.539308,8.300000,-4.700000,-5.300000,-0.297000,0.040000,-0.576000,23.222153,100268.898438,88.299995,86.180000,2.120000,2.050000,34,1,1,1,3,24,1,24,37.5417707,127.0795282,30.972,0.285000,0.647000,0.009000,-0.002000,-0.028000,0.098000,1544,1563,1419,1474,1481.500000,1518.500000,1553.500000,1446.500000,-37.000000,107.000000,1500.000000,1,0,1,1,1,0.000000,0.000000,0,1,1,1,1,15003,0.001000,0,0.031193,-1.101408,-2.114254,0.083104,0.037877,-0.110065,1,16.838499,-16.838499,0.563467,0.035352,1.041584,-0.297258,-3.805142,2.635172,-54.041473,-3.805142,2.635172,-54.041473,-0.106982,0.250000,0.625000,2.500000,1.000000,1.000000,0.001930,1,0,2.116982,2.010000,0.051448,0.035330,0.658899,1,1,1,1,1,0.125000,1,0,0,0,0,0,0,0,0,0,0,1,0.020000,0.000000,0.000000,0.000000,0.000000,0.000000,0.000000,0.000000,0.000000,0.000000,0.000000,0.000000,0.000000,0.000000,0.000000,0.000000,0.000000,0.000000,0.000000,0.000000,0.000000
104149,0.841001,-0.013102,0.041705,-0.539265,-10.000000,-5.500000,-2.600000,0.077000,0.340000,-1.066000,23.222872,100270.898438,88.129997,86.180000,1.950000,2.040000,0,1,1,1,3,24,1,24,37.5417707,127.0795283,30.978,0.285000,0.646000,0.019000,0.000000,-0.032000,0.091000,1554,1567,1407,1471,1480.500000,1519.000000,1560.500000,1439.000000,-38.500000,121.500000,1500.000000,1,0,1,1,1,0.000000,0.000000,0,1,1,1,1,15003,0.002000,0,0.031021,-1.101515,-2.123897,0.043801,0.029849,-0.170646,1,16.889454,-16.889454,0.368836,0.034583,0.747479,-1.790938,-3.980840,2.736758,-54.180244,-3.980840,2.736758,-54.180244,-0.106463,0.250000,0.625000,2.500000,1.000000,1.000000,0.001882,1,0,2.116463,2.010000,0.065819,0.201213,0.669035,1,1,1,1,1,0.125000,0,0,0,0,0,0,0,0,0,0,0,1,0.020000,0.000000,0.000000,0.000000,0.000000,0.000000,0.000000,0.000000,0.000000,0.000000,0.000000,0.000000,0.000000,0.000000,0.000000,0.000000,0.000000,0.000000,0.000000,0.000000,0.000000
104256,0.841051,-0.013701,0.042203,-0.539133,0.300000,3.300000,5.800000,0.178000,0.380000,-1.191000,23.219803,100269.703125,88.229996,86.180000,2.050000,2.030000,0,1,1,1,3,24,1,24,37.5417708,127.0795283,30.979,0.285000,0.646000,0.028000,0.027000,-0.024000,0.091000,1549,1564,1407,1481,1478.000000,1522.500000,1556.500000,1444.000000,-44.500000,112.500000,1500.000000,1,0,1,1,1,0.000000,0.000000,0,1,1,1,1,15003,0.002000,0,0.034856,-1.097726,-2.129733,0.045544,0.030418,-0.159437,1,16.930002,-16.930002,0.308316,0.032796,0.457785,-2.773078,-4.298117,2.768371,-54.280415,-4.298117,2.768371,-54.280415,-0.147471,0.250000,0.625000,2.500000,1.000000,1.000000,0.003663,1,0,2.137471,1.990000,0.052474,0.034868,0.659613,1,1,1,1,1,0.122000,1,0,0,0,0,0,0,0,0,0,0,1,0.020000,0.000000,0.000000,0.000000,0.000000,0.000000,0.000000,0.000000,0.000000,0.000000,0.000000,0.000000,0.000000,0.000000,0.000000,0.000000,0.000000,0.000000,0.000000,0.000000,0.000000
104349,0.841162,-0.013901,0.042403,-0.538940,-17.000000,-2.300000,-3.600000,0.044000,0.214000,-0.576000,23.225590,100270.304688,88.180000,86.180000,2.000000,2.030000,0,1,1,1,3,24,1,24,37.5417708,127.0795283,30.979,0.285000,0.646000,0.028000,0.027000,-0.024000,0.091000,1555,1571,1404,1470,1479.500000,1520.500000,1563.000000,1437.000000,-41.000000,126.000000,1500.000000,1,0,1,1,1,0.000000,0.000000,0,1,1,1,1,15003,0.005000,0,0.039973,-1.093055,-2.140493,0.063178,0.070937,-0.219186,1,16.954241,-16.954241,0.237457,0.044594,1.756121,0.960916,-4.232557,2.761316,-54.261223,-4.232557,2.761316,-54.261223,-0.147647,0.250000,0.625000,2.500000,1.000000,1.000000,0.003667,1,0,2.137647,1.990000,0.053765,0.075252,0.660512,0,0,0,0,0,0.122000,1,0,0,0,0,0,0,0,0,0,0,1,0.020000,0.000000,0.000000,0.000000,0.000000,0.000000,0.000000,0.000000,0.000000,0.000000,0.000000,0.000000,0.000000,0.000000,0.000000,0.000000,0.000000,0.000000,0.000000,0.000000,0.000000
104450,0.841645,-0.013701,0.041902,-0.538229,-1.600000,5.800000,-2.100000,0.144000,-0.138000,-2.297000,23.223696,100270.203125,88.189995,86.180000,2.010000,2.030000,12,1,1,1,3,24,1,24,37.5417708,127.0795283,30.981,0.285000,0.646000,0.040000,0.017000,-0.016000,0.073000,1542,1560,1409,1489,1475.500000,1524.500000,1551.000000,1449.000000,-49.000000,102.000000,1500.000000,1,0,1,1,1,0.000000,0.000000,0,1,1,1,1,15003,0.005000,0,0.044364,-1.093646,-2.124685,0.065986,0.007929,0.021506,1,16.982405,-16.982405,0.306919,0.036958,1.176783,-2.372266,-4.499898,2.695637,-54.283371,-4.499898,2.695637,-54.283371,-0.142947,0.250000,0.625000,2.500000,1.000000,1.000000,0.003432,1,0,2.132947,1.990000,0.055383,0.077774,0.661644,1,1,1,1,1,0.139000,0,0,0,0,0,0,0,0,0,0,0,1,0.020000,0.000000,0.000000,0.000000,0.000000,0.000000,0.000000,0.000000,0.000000,0.000000,0.000000,0.000000,0.000000,0.000000,0.000000,0.000000,0.000000,0.000000,0.000000,0.000000,0.000000
104544,0.841885,-0.015302,0.042604,-0.537754,14.400000,0.000000,-0.500000,-0.072000,-0.244000,-1.394000,23.219576,100269.398438,88.259995,86.180000,2.080000,2.020000,0,1,1,1,3,24,1,24,37.5417709,127.0795284,30.984,0.285000,0.646000,0.019000,0.037000,-0.016000,0.097000,1546,1555,1411,1488,1478.500000,1521.500000,1550.500000,1449.500000,-43.000000,101.000000,1500.000000,1,0,1,1,1,0.000000,0.000000,0,1,1,1,1,15003,0.002000,0,0.045485,-1.089128,-2.119979,0.009420,0.001306,0.085446,1,17.012833,-17.012833,0.349907,0.034324,1.086177,-0.805352,-4.830697,2.674914,-54.233276,-4.830697,2.674914,-54.233276,-0.148113,0.250000,0.625000,2.500000,1.000000,1.000000,0.003686,1,0,2.128113,1.980000,0.054919,0.086707,0.661319,1,1,1,1,1,0.111000,0,0,0,0,0,0,0,0,0,0,0,1,0.020000,0.000000,0.000000,0.000000,0.000000,0.000000,0.000000,0.000000,0.000000,0.000000,0.000000,0.000000,0.000000,0.000000,0.000000,0.000000,0.000000,0.000000,0.000000,0.000000,0.000000
104658,0.842247,-0.014901,0.042202,-0.537230,21.600000,4.600000,4.300000,-0.453000,-0.466000,-1.490000,23.220802,100269.203125,88.269997,86.180000,2.090000,2.020000,29,1,1,1,3,24,1,24,37.5417709,127.0795285,30.985,0.285000,0.646000,0.027000,0.044000,-0.019000,0.094000,1542,1548,1416,1494,1479.000000,1521.000000,1545.000000,1455.000000,-42.000000,90.000000,1500.000000,1,0,1,1,1,0.000000,0.000000,0,1,1,1,1,15003,0.002000,0,0.052298,-1.081342,-2.121440,0.058190,0.076642,0.118540,1,17.058968,-17.058968,0.522043,0.035650,1.016062,1.142893,-4.609062,2.626388,-54.184971,-4.609062,2.626388,-54.184971,-0.151816,0.250000,0.625000,2.500000,1.000000,1.000000,0.003883,1,0,2.131816,1.980000,0.052262,0.037759,0.659465,1,1,1,1,1,0.125000,0,0,0,0,0,0,0,0,0,0,0,1,0.020000,0.000000,0.000000,0.000000,0.000000,0.000000,0.000000,0.000000,0.000000,0.000000,0.000000,0.000000,0.000000,0.000000,0.000000,0.000000,0.000000,0.000000,0.000000,0.000000,0.000000
104747,0.842266,-0.015001,0.042903,-0.537142,-14.600000,2.900000,-3.100000,-0.025000,-0.085000,-1.453000,23.221731,100268.601563,88.320000,86.180000,2.140000,2.040000,32,1,1,1,3,24,1,24,37.5417710,127.0795286,30.982,0.285000,0.645000,0.024000,0.046000,-0.005000,0.092000,1550,1567,1403,1479,1476.500000,1523.000000,1558.500000,1441.000000,-46.500000,117.500000,1500.000000,1,0,1,1,1,0.000000,0.000000,0,1,1,1,1,15003,0.001000,0,0.055568,-1.075630,-2.122701,0.048560,0.057309,-0.033510,1,17.106121,-17.106121,0.448337,0.034301,0.460338,-3.363846,-4.467230,2.766596,-54.148502,-4.467230,2.766596,-54.148502,-0.106525,0.250000,0.625000,2.500000,1.000000,1.000000,0.001894,1,0,2.106525,2.000000,0.060994,0.164210,0.665598,1,1,1,1,1,0.124000,0,0,0,0,0,0,0,0,0,0,0,1,0.020000,0.000000,0.000000,0.000000,0.000000,0.000000,0.000000,0.000000,0.000000,0.000000,0.000000,0.000000,0.000000,0.000000,0.000000,0.000000,0.000000,0.000000,0.000000,0.000000,0.000000
104865,0.842275,-0.015301,0.043804,-0.537048,-9.100000,4.400000,0.600000,-0.001000,0.052000,-1.533000,23.221294,100269.101563,88.279999,86.180000,2.100000,2.050000,0,1,1,1,3,24,1,24,37.5417710,127.0795287,30.994,0.285000,0.645000,0.022000,0.041000,-0.021000,0.094000,1547,1573,1403,1477,1475.000000,1525.000000,1560.000000,1440.000000,-50.000000,120.000000,1500.000000,1,0,1,1,1,0.000000,0.000000,0,1,1,1,1,15003,0.010000,0,0.058998,-1.067965,-2.133276,0.008094,0.030607,-0.064382,1,17.146059,-17.146059,0.299324,0.034952,0.219477,-1.039746,-4.711561,2.880435,-54.219604,-4.711561,2.880435,-54.219604,-0.122017,0.250000,0.625000,2.500000,1.000000,1.000000,0.002504,1,0,2.122017,2.000000,0.054033,0.083605,0.660699,1,1,1,1,1,0.126000,0,0,0,0,0,0,0,0,0,0,0,1,0.020000,0.000000,0.000000,0.000000,0.000000,0.000000,0.000000,0.000000,0.000000,0.000000,0.000000,0.000000,0.000000,0.000000,0.000000,0.000000,0.000000,0.000000,0.000000,0.000000,0.000000
104958,0.842056,-0.016101,0.044203,-0.537335,-20.500000,5.000000,-3.500000,0.124000,0.049000,-1.168000,23.222311,100269.703125,88.229996,86.180000,2.050000,2.040000,0,1,1,1,3,24,1,24,37.5417710,127.0795287,30.994,0.285000,0.645000,0.022000,0.041000,-0.021000,0.094000,1549,1576,1401,1474,1475.000000,1525.000000,1562.500000,1437.500000,-50.000000,125.000000,1500.000000,1,0,1,1,1,0.000000,0.000000,0,1,1,1,1,15003,0.001000,0,0.061794,-1.063370,-2.123463,0.054491,0.070213,-0.042011,1,17.175974,-17.175974,0.311011,0.042011,1.569260,-1.496572,-4.742797,2.912618,-54.244427,-4.742797,2.912618,-54.244427,-0.128760,0.250000,0.625000,2.500000,1.000000,1.000000,0.002790,1,0,2.128760,2.000000,0.053449,0.058565,0.660292,0,0,0,0,0,0.126000,0,0,0,0,0,0,0,0,0,0,0,1,0.020000,0.000000,0.000000,0.000000,0.000000,0.000000,0.000000,0.000000,0.000000,0.000000,0.000000,0.000000,0.000000,0.000000,0.000000,0.000000,0.000000,0.000000,0.000000,0.000000,0.000000
105057,0.842128,-0.016001,0.044301,-0.537217,29.700003,-0.200000,5.800000,-0.262000,0.119000,-0.528000,23.221926,100271.101563,88.110001,86.180000,1.930000,2.030000,0,1,1,1,3,24,1,24,37.5417710,127.0795288,30.997,0.285000,0.645000,0.019000,0.068000,-0.008000,0.089000,1538,1551,1415,1495,1476.500000,1523.000000,1544.500000,1455.000000,-46.500000,89.500000,1500.000000,1,0,1,1,1,0.000000,0.000000,0,1,1,1,1,15003,0.002000,0,0.061646,-1.056162,-2.125541,0.023666,0.069345,0.009394,1,17.205994,-17.205994,0.332432,0.038393,1.178447,-0.631881,-4.887414,2.930605,-54.287731,-4.887414,2.930605,-54.287731,-0.132997,0.250000,0.625000,2.500000,1.000000,1.000000,0.002977,1,0,2.132997,2.000000,0.053213,0.035263,0.660127,1,1,1,1,1,0.125000,1,0,0,0,0,0,0,0,0,0,0,1,0.020000,0.000000,0.000000,0.000000,0.000000,0.000000,0.000000,0.000000,0.000000,0.000000,0.000000,0.000000,0.000000,0.000000,0.000000,0.000000,0.000000,0.000000,0.000000,0.000000,0.000000
105152,0.842493,-0.015502,0.044305,-0.536659,19.200001,3.500000,5.000000,-0.225000,0.200000,-0.829000,23.225431,100270.101563,88.199997,86.180000,2.020000,2.020000,6,1,1,1,3,24,1,24,37.5417710,127.0795289,31.007,0.285000,0.644000,0.020000,0.049000,0.002000,0.082000,1543,1553,1408,1496,1475.500000,1524.500000,1548.000000,1452.000000,-49.000000,96.000000,1500.000000,1,0,1,1,1,0.000000,0.000000,0,1,1,1,1,15003,0.002000,0,0.067594,-1.048347,-2.121304,0.062841,0.067369,0.023834,1,17.242558,-17.242558,0.392373,0.033225,0.743925,1.423497,-5.107371,2.933264,-54.223774,-5.107371,2.933264,-54.223774,-0.149362,0.250000,0.625000,2.500000,1.000000,1.000000,0.003755,1,0,2.129362,1.980000,0.053160,0.053505,0.660090,1,1,1,1,1,0.124000,0,0,0,0,0,0,0,0,0,0,0,1,0.020000,0.000000,0.000000,0.000000,0.000000,0.000000,0.000000,0.000000,0.000000,0.000000,0.000000,0.000000,0.000000,0.000000,0.000000,0.000000,0.000000,0.000000,0.000000,0.000000,0.000000
105254,0.842955,-0.015401,0.044303,-0.535935,3.100000,-4.500000,1.900000,-0.002000,-0.158000,-0.368000,23.225309,100270.601563,88.150002,86.180000,1.970000,2.010000,0,1,1,1,3,24,1,24,37.5417710,127.0795291,31.018,0.285000,0.644000,-0.003000,0.073000,0.006000,0.083000,1558,1555,1405,1482,1481.500000,1518.500000,1556.500000,1443.500000,-37.000000,113.000000,1500.000000,1,0,1,1,1,0.000000,0.000000,0,1,1,1,1,15003,0.002000,0,0.068169,-1.038755,-2.121436,-0.009341,0.067659,0.104650,1,17.287422,-17.287422,0.530058,0.033084,0.534231,2.232522,-5.278261,2.936033,-54.069180,-5.278261,2.936033,-54.069180,-0.159900,0.250000,0.625000,2.500000,1.000000,1.000000,0.004305,1,0,2.129900,1.970000,0.052934,0.037410,0.659933,1,1,1,1,1,0.124000,1,0,0,0,0,0,0,0,0,0,0,1,0.024000,0.000000,0.000000,0.000000,0.000000,0.000000,0.000000,0.000000,0.000000,0.000000,0.000000,0.000000,0.000000,0.000000,0.000000,0.000000,0.000000,0.000000,0.000000,0.000000,0.000000
105347,0.843305,-0.014502,0.043605,-0.535467,-7.800000,-2.300000,4.400000,0.073000,0.264000,-0.927000,23.222837,100271.304688,88.099998,86.180000,1.920000,1.990000,0,1,1,1,3,24,1,24,37.5417710,127.0795291,31.018,0.285000,0.644000,-0.003000,0.073000,0.006000,0.083000,1555,1561,1402,1482,1478.500000,1521.500000,1558.000000,1442.000000,-43.000000,116.000000,1500.000000,1,0,1,1,1,0.000000,0.000000,0,1,1,1,1,15003,0.002000,0,0.067382,-1.033390,-2.102729,-0.007882,0.051523,0.110804,1,17.334396,-17.334396,0.523011,0.046318,1.856178,0.014538,-5.313882,2.930243,-54.067307,-5.313882,2.930243,-54.067307,-0.156532,0.250000,0.625000,2.500000,1.000000,1.000000,0.004118,1,0,2.116532,1.960000,0.054705,0.084329,0.661169,0,0,0,0,0,0.124000,1,0,0,0,0,0,0,0,0,0,0,1,0.020000,0.000000,0.000000,0.000000,0.000000,0.000000,0.000000,0.000000,0.000000,0.000000,0.000000,0.000000,0.000000,0.000000,0.000000,0.000000,0.000000,0.000000,0.000000,0.000000,0.000000
105448,0.843580,-0.015101,0.043204,-0.535050,-23.000000,0.200000,-2.400000,0.311000,0.092000,-1.480000,23.219259,100270.500000,88.159996,86.180000,1.980000,2.000000,12,1,1,1,3,24,1,24,37.5417710,127.0795292,31.031,0.285000,0.643000,-0.006000,0.063000,-0.004000,0.087000,1556,1567,1401,1476,1478.500000,1521.500000,1561.500000,1438.500000,-43.000000,123.000000,1500.000000,1,0,1,1,1,0.000000,0.000000,0,1,1,1,1,15003,0.005000,0,0.067660,-1.024286,-2.091760,-0.006597,0.057500,0.153445,1,17.394440,-17.394440,0.624922,0.037499,1.177770,0.061200,-5.718572,2.866398,-54.021080,-5.718572,2.866398,-54.021080,-0.141378,0.250000,0.625000,2.500000,1.000000,1.000000,0.003354,1,0,2.101378,1.960000,0.056213,0.078653,0.662226,1,1,1,1,1,0.134000,1,0,0,0,0,0,0,0,0,0,0,1,0.020000,0.000000,0.000000,0.000000,0.000000,0.000000,0.000000,0.000000,0.000000,0.000000,0.000000,0.000000,0.000000,0.000000,0.000000,0.000000,0.000000,0.000000,0.000000,0.000000,0.000000
105558,0.844053,-0.015001,0.041603,-0.534433,9.100000,-4.700000,1.200000,0.054000,-0.078000,-0.566000,23.224432,100272.304688,88.009995,86.180000,1.830000,1.980000,36,1,1,1,3,24,1,24,37.5417709,127.0795294,31.041,0.285000,0.643000,-0.010000,0.088000,-0.003000,0.087000,1552,1554,1411,1482,1481.500000,1518.000000,1553.000000,1446.500000,-36.500000,106.500000,1500.000000,1,0,1,1,1,0.000000,0.000000,0,1,1,1,1,15003,0.001000,0,0.068190,-1.012042,-2.095922,0.001468,0.060319,0.024511,1,17.463478,-17.463478,0.621799,0.038740,1.469050,1.099216,-5.646679,2.668330,-53.856167,-5.646679,2.668330,-53.856167,-0.165464,0.250000,0.625000,2.500000,1.000000,1.000000,0.004607,1,0,2.105464,1.940000,0.053574,0.068661,0.660379,1,1,1,1,1,0.118000,1,0,0,0,0,0,0,0,0,0,0,1,0.020000,0.000000,0.000000,0.000000,0.000000,0.000000,0.000000,0.000000,0.000000,0.000000,0.000000,0.000000,0.000000,0.000000,0.000000,0.000000,0.000000,0.000000,0.000000,0.000000,0.000000
105644,0.844353,-0.014801,0.040703,-0.534034,16.000000,2.100000,1.400000,0.182000,-0.109000,-0.861000,23.225765,100271.601563,88.070000,86.180000,1.890000,1.970000,23,1,1,1,3,24,1,24,37.5417709,127.0795295,31.050,0.285000,0.643000,-0.028000,0.090000,-0.012000,0.093000,1542,1551,1412,1494,1477.000000,1522.500000,1546.500000,1453.000000,-45.500000,93.500000,1500.000000,1,0,1,1,1,0.000000,0.000000,0,1,1,1,1,15003,0.001000,0,0.065840,-1.000859,-2.102259,-0.000075,0.096164,-0.112499,1,17.513584,-17.513584,0.532852,0.034818,0.802253,-0.609767,-5.495273,2.734318,-53.738304,-5.495273,2.734318,-53.738304,-0.179719,0.250000,0.625000,2.500000,1.000000,1.000000,0.005434,1,0,2.109719,1.930000,0.053623,0.039531,0.660413,1,1,1,1,1,0.126000,0,0,0,0,0,0,0,0,0,0,0,1,0.020000,0.000000,0.000000,0.000000,0.000000,0.000000,0.000000,0.000000,0.000000,0.000000,0.000000,0.000000,0.000000,0.000000,0.000000,0.000000,0.000000,0.000000,0.000000,0.000000,0.000000
105747,0.844875,-0.015301,0.041304,-0.533147,-13.100000,2.100000,3.700000,-0.096000,-0.049000,-0.229000,23.220488,100270.101563,88.199997,86.180000,2.020000,1.980000,40,1,1,1,3,24,1,24,37.5417708,127.0795298,31.060,0.285000,0.643000,-0.018000,0.116000,-0.003000,0.094000,1562,1570,1393,1475,1477.500000,1522.500000,1566.000000,1434.000000,-45.000000,132.000000,1500.000000,1,0,1,1,1,0.000000,0.000000,0,1,1,1,1,15003,0.001000,0,0.063410,-0.986242,-2.106860,-0.007181,0.121050,-0.005603,1,17.568523,-17.568523,0.553269,0.034700,0.564075,1.788295,-5.500650,2.769651,-53.619732,-5.500650,2.769651,-53.619732,-0.159992,0.250000,0.625000,2.500000,1.000000,1.000000,0.004271,1,0,2.099992,1.940000,0.061421,0.157891,0.665900,1,1,1,1,1,0.125000,1,0,0,0,0,0,0,0,0,0,0,1,0.025000,0.000000,0.000000,0.000000,0.000000,0.000000,0.000000,0.000000,0.000000,0.000000,0.000000,0.000000,0.000000,0.000000,0.000000,0.000000,0.000000,0.000000,0.000000,0.000000,0.000000
105850,0.845240,-0.015201,0.041902,-0.532525,-27.400000,4.600000,-3.900000,-0.136000,0.129000,-0.902000,23.217945,100269.000000,88.290001,86.180000,2.110000,2.020000,12,1,1,1,3,24,1,24,37.5417708,127.0795298,31.060,0.285000,0.643000,-0.018000,0.116000,-0.003000,0.094000,1552,1573,1396,1479,1474.000000,1526.000000,1562.500000,1437.500000,-52.000000,125.000000,1500.000000,1,0,1,1,1,0.000000,0.000000,0,1,1,1,1,15003,0.005000,0,0.062434,-0.974773,-2.082489,-0.016923,0.113375,0.075477,1,17.626730,-17.626730,0.600127,0.043088,1.819329,2.048938,-5.634173,2.814181,-53.543354,-5.634173,2.814181,-53.543354,-0.109766,0.250000,0.625000,2.500000,1.000000,1.000000,0.002013,1,0,2.089766,1.980000,0.060380,0.156986,0.665163,0,0,0,0,0,0.125000,1,0,0,0,0,0,0,0,0,0,0,1,0.023000,0.000000,0.000000,0.000000,0.000000,0.000000,0.000000,0.000000,0.000000,0.000000,0.000000,0.000000,0.000000,0.000000,0.000000,0.000000,0.000000,0.000000,0.000000,0.000000,0.000000
105958,0.847153,-0.015401,0.043603,-0.529333,11.400000,3.700000,-0.400000,0.001000,-0.165000,-0.880000,23.219681,100271.398438,88.089996,86.180000,1.910000,2.000000,34,1,1,1,3,24,1,24,37.5417708,127.0795300,31.055,0.285000,0.643000,-0.011000,0.126000,0.013000,0.094000,1553,1549,1400,1499,1476.500000,1524.000000,1551.000000,1449.500000,-47.500000,101.500000,1500.000000,1,0,1,1,1,0.000000,0.000000,0,1,1,1,1,15003,0.002000,0,0.066644,-0.950445,-2.060384,0.016054,0.199734,0.535860,1,17.718470,-17.718470,1.092969,0.040712,1.593085,5.397557,-6.405585,2.967713,-53.286907,-6.405585,2.967713,-53.286907,-0.122328,0.250000,0.625000,2.500000,1.000000,1.000000,0.002516,1,0,2.082328,1.960000,0.054313,0.087576,0.660895,1,1,1,1,1,0.127000,0,0,0,0,0,0,0,0,0,0,0,1,0.020000,0.000000,0.000000,0.000000,0.000000,0.000000,0.000000,0.000000,0.000000,0.000000,0.000000,0.000000,0.000000,0.000000,0.000000,0.000000,0.000000,0.000000,0.000000,0.000000,0.000000
106055,0.849329,-0.017601,0.047602,-0.525418,-7.100000,2.600000,-9.600000,0.069000,0.158000,0.007000,23.221014,100272.101563,88.029999,86.180000,1.850000,1.960000,0,1,1,1,3,24,1,24,37.5417708,127.0795302,31.053,0.285000,0.642000,-0.050000,0.116000,0.033000,0.081000,1566,1566,1381,1487,1473.500000,1526.500000,1566.000000,1434.000000,-53.000000,132.000000,1500.000000,1,0,1,1,1,0.000000,0.000000,0,1,1,1,1,15003,0.002000,0,0.061312,-0.937330,-2.073903,-0.023287,0.153989,0.560851,1,17.852364,-17.852364,1.717415,0.035713,1.041509,7.466787,-6.780826,3.177963,-52.917030,-6.780826,3.177963,-52.917030,-0.170787,0.250000,0.625000,2.500000,1.000000,1.000000,0.004916,1,0,2.100787,1.930000,0.052029,0.035285,0.659303,1,1,1,1,1,0.122000,1,0,0,0,0,0,0,0,0,0,0,1,0.020000,0.000000,0.000000,0.000000,0.000000,0.000000,0.000000,0.000000,0.000000,0.000000,0.000000,0.000000,0.000000,0.000000,0.000000,0.000000,0.000000,0.000000,0.000000,0.000000,0.000000
106151,0.851457,-0.020801,0.052904,-0.521335,-12.600000,3.600000,-4.400000,0.163000,-0.086000,-0.277000,23.221451,100271.898438,88.049995,86.180000,1.870000,1.950000,4,1,1,1,3,24,1,24,37.5417707,127.0795304,30.933,0.285000,0.642000,-0.137000,0.246000,0.266000,0.080000,1573,1569,1372,1486,1472.500000,1527.500000,1571.000000,1429.000000,-55.000000,142.000000,1500.000000,1,0,1,1,1,0.000000,0.000000,0,1,1,1,1,15003,0.002000,0,0.043263,-0.912471,-2.053482,-0.159568,0.210086,0.666138,1,18.048817,-18.048817,2.462013,0.032885,0.696497,8.222932,-7.592723,3.545517,-52.560665,-7.592723,3.545517,-52.560665,-0.151450,0.250000,0.625000,2.500000,1.000000,1.000000,0.003863,1,0,2.061450,1.910000,0.052616,0.051490,0.659711,1,1,1,1,1,0.127000,1,0,0,0,0,0,0,0,0,0,0,1,0.020000,0.000000,0.000000,0.000000,0.000000,0.000000,0.000000,0.000000,0.000000,0.000000,0.000000,0.000000,0.000000,0.000000,0.000000,0.000000,0.000000,0.000000,0.000000,0.000000,0.000000
106255,0.853760,-0.027602,0.060204,-0.516437,-13.100000,4.000000,11.800000,0.275000,0.198000,-0.151000,23.216560,100272.203125,88.019997,86.180000,1.840000,1.940000,0,1,1,1,3,23,1,23,37.5417707,127.0795306,30.715,0.285000,0.642000,-0.255000,0.382000,0.544000,0.085000,1588,1573,1351,1488,1469.500000,1530.500000,1580.500000,1419.500000,-61.000000,161.000000,1500.000000,1,0,1,1,1,0.000000,0.000000,0,1,1,1,1,15003,0.002000,0,0.020290,-0.873660,-2.012738,-0.235512,0.319811,0.864449,1,18.354588,-18.354588,3.323753,0.034641,0.457837,8.245068,-8.530208,3.977884,-52.051010,-8.530208,3.977884,-52.051010,-0.104517,0.250000,0.625000,2.500000,1.000000,1.000000,0.001834,1,0,2.014517,1.910000,0.055626,0.105229,0.661814,1,1,1,1,1,0.122000,0,0,0,0,0,0,0,0,0,0,0,1,0.020000,0.000000,0.000000,0.000000,0.000000,0.000000,0.000000,0.000000,0.000000,0.000000,0.000000,0.000000,0.000000,0.000000,0.000000,0.000000,0.000000,0.000000,0.000000,0.000000,0.000000
106348,0.855679,-0.036103,0.065706,-0.512047,-7.200000,-4.000000,2.500000,-0.332000,0.019000,-0.416000,23.221312,100275.804688,87.720001,86.180000,1.540000,1.870000,1,1,1,1,3,23,1,23,37.5417707,127.0795306,30.715,0.285000,0.642000,-0.255000,0.382000,0.544000,0.085000,1595,1566,1359,1480,1477.000000,1523.000000,1580.500000,1419.500000,-46.000000,161.000000,1500.000000,1,0,1,1,1,0.000000,0.000000,0,1,1,1,1,15003,0.005000,0,-0.002426,-0.844336,-1.884905,-0.254737,0.322474,1.640827,1,18.699619,-18.699619,4.089167,0.044640,1.752777,8.039767,-9.751690,4.081252,-51.527424,-9.751690,4.081252,-51.527424,-0.090438,0.250000,0.625000,2.500000,1.000000,1.000000,0.001375,1,0,1.960438,1.870000,0.054068,0.078394,0.660724,0,0,0,0,0,0.122000,0,0,0,0,0,0,0,0,0,0,0,1,0.020000,0.000000,0.000000,0.000000,0.000000,0.000000,0.000000,0.000000,0.000000,0.000000,0.000000,0.000000,0.000000,0.000000,0.000000,0.000000,0.000000,0.000000,0.000000,0.000000,0.000000
106448,0.857875,-0.045704,0.066806,-0.507444,-7.700000,-8.100000,8.000000,0.055000,0.235000,-0.256000,23.220066,100278.203125,87.519997,86.180000,1.340000,1.780000,12,1,1,1,3,23,1,23,37.5417705,127.0795311,30.438,0.286000,0.642000,-0.372000,0.536000,0.822000,0.091000,1601,1566,1362,1472,1481.500000,1519.000000,1583.500000,1417.000000,-37.500000,166.500000,1500.000000,1,0,1,1,1,0.000000,0.000000,0,1,1,1,1,15003,0.005000,0,-0.037349,-0.778536,-1.815020,-0.327405,0.528939,1.621087,1,19.150030,-19.150030,4.915437,0.036961,1.176716,7.958744,-10.789475,3.767236,-50.806126,-10.789475,3.767236,-50.806126,-0.097781,0.250000,0.625000,2.500000,1.000000,1.000000,0.001606,1,0,1.837781,1.740000,0.055385,0.077849,0.661645,1,1,1,1,1,0.138000,0,0,0,0,0,0,0,0,0,0,0,1,0.020000,0.000000,0.000000,0.000000,0.000000,0.000000,0.000000,0.000000,0.000000,0.000000,0.000000,0.000000,0.000000,0.000000,0.000000,0.000000,0.000000,0.000000,0.000000,0.000000,0.000000
106543,0.861253,-0.052603,0.059504,-0.501931,-13.200000,-15.099999,8.200000,-0.019000,0.041000,-0.335000,23.218208,100277.304688,87.589996,86.180000,1.410000,1.720000,21,1,1,1,3,23,1,23,37.5417701,127.0795312,30.026,0.286000,0.643000,-0.730000,0.425000,1.204000,0.128000,1625,1536,1370,1469,1497.500000,1502.500000,1580.500000,1419.500000,-5.000000,161.000000,1500.000000,1,0,1,1,1,0.000000,0.000000,0,1,1,1,1,15003,0.001000,0,-0.109302,-0.744118,-1.703025,-0.667832,0.432766,1.780366,1,19.653028,-19.653028,5.664887,0.034157,0.774360,7.277557,-11.056046,2.794122,-49.852081,-11.056046,2.794122,-49.852081,-0.060306,0.250000,0.625000,2.500000,1.000000,1.000000,0.000613,1,0,1.740306,1.680000,0.052633,0.034005,0.659723,1,1,1,1,1,0.117000,1,0,0,0,0,0,0,0,0,0,0,1,0.023000,0.000000,0.000000,0.000000,0.000000,0.000000,0.000000,0.000000,0.000000,0.000000,0.000000,0.000000,0.000000,0.000000,0.000000,0.000000,0.000000,0.000000,0.000000,0.000000,0.000000
106644,0.869359,0.017201,-0.046003,-0.491734,-42.200001,-458.899963,155.899994,-2.556000,2.192000,11.395000,23.216875,100311.203125,84.750000,86.180000,-1.430000,1.360000,23,1,1,1,3,23,1,23,37.5417697,127.0795313,29.557,0.287000,0.644000,-0.797000,0.442000,1.590000,0.167000,1976,1092,1624,1308,1800.000000,1200.000000,1534.000000,1466.000000,600.000000,68.000000,1500.000000,1,0,1,1,1,0.000000,0.000000,0,1,1,1,1,15003,0.001000,0,-0.221349,-0.748221,-1.405083,-0.277247,0.330756,0.501491,1,20.034933,-20.034933,1.489608,0.034094,0.839854,26.595718,0.844424,-1.528409,-49.433014,0.844424,-1.528409,-49.433014,-0.101865,0.250000,0.625000,2.500000,1.000000,1.000000,0.001748,1,0,1.421865,1.320000,0.052666,0.036674,0.659746,1,1,1,1,1,0.123000,0,0,0,0,0,0,0,0,0,0,0,1,0.020000,0.000000,0.000000,0.000000,0.000000,0.000000,0.000000,0.000000,0.000000,0.000000,0.000000,0.000000,0.000000,0.000000,0.000000,0.000000,0.000000,0.000000,0.000000,0.000000,0.000000
106752,0.840179,0.079507,-0.236822,-0.481345,215.100006,-120.700005,7.900000,-0.362000,-1.249000,0.480000,23.222031,100297.203125,85.919998,86.180000,-0.260000,0.870000,0,1,1,1,3,24,1,24,37.5417687,127.0795317,29.192,0.288000,0.645000,-1.077000,0.484000,1.791000,0.202000,1549,1000,1896,1555,1722.500000,1277.500000,1274.500000,1725.500000,445.000000,-451.000000,1500.000000,1,0,1,1,1,0.000000,0.000000,0,1,1,1,1,15003,0.003000,0,-0.332431,-0.699393,-1.166693,-1.194971,0.569073,2.559694,1,20.268951,-20.268951,2.722380,0.034215,0.624908,10.785172,17.378904,-17.790943,-51.291042,17.378904,-17.790943,-51.291042,-0.370440,0.250000,0.625000,2.500000,1.000000,1.000000,0.022921,1,0,1.330440,0.960000,0.060453,0.159614,0.665214,1,1,1,1,1,0.126000,0,0,0,0,0,0,0,0,0,0,0,1,0.026000,0.000000,0.000000,0.000000,0.000000,0.000000,0.000000,0.000000,0.000000,0.000000,0.000000,0.000000,0.000000,0.000000,0.000000,0.000000,0.000000,0.000000,0.000000,0.000000,0.000000
106850,0.821454,0.056704,-0.307620,-0.476831,-84.000000,-34.099998,8.800000,-1.192000,-1.437000,-0.295000,23.219383,100289.804688,86.540001,86.180000,0.360000,0.770000,12,1,1,1,3,24,1,24,37.5417687,127.0795317,29.192,0.288000,0.645000,-1.077000,0.484000,1.791000,0.202000,1682,1314,1614,1390,1648.000000,1352.000000,1498.000000,1502.000000,296.000000,-4.000000,1500.000000,1,0,1,1,1,0.000000,0.000000,0,1,1,1,1,15003,0.005000,0,-0.476083,-0.650898,-0.846742,-1.885114,0.426784,2.987279,1,20.561287,-20.561287,3.087071,0.042983,1.827931,-2.292738,21.727800,-26.704708,-53.775307,21.727800,-26.704708,-53.775307,-0.156202,0.250000,0.625000,2.500000,1.000000,1.000000,0.004075,1,0,0.886202,0.730000,0.060645,0.166128,0.665350,0,0,0,0,0,0.126000,0,0,0,0,0,0,0,0,0,0,0,1,0.021000,0.000000,0.000000,0.000000,0.000000,0.000000,0.000000,0.000000,0.000000,0.000000,0.000000,0.000000,0.000000,0.000000,0.000000,0.000000,0.000000,0.000000,0.000000,0.000000,0.000000
106956,0.829979,-0.014901,-0.264725,-0.490747,-59.400005,59.299995,28.700001,-0.718000,0.024000,-0.244000,23.219383,100290.398438,86.489998,86.180000,0.310000,0.710000,32,1,1,1,3,24,1,24,37.5417691,127.0795305,29.024,0.289000,0.647000,0.247000,-0.592000,1.686000,0.287000,1711,1388,1439,1462,1575.000000,1425.000000,1549.500000,1450.500000,150.000000,99.000000,1500.000000,1,0,1,1,1,0.000000,0.000000,0,1,1,1,1,15003,0.005000,0,-0.350697,-0.775901,-0.689883,-0.468468,-0.442211,2.260940,1,20.907101,-20.907101,3.435526,0.040915,1.632947,4.377483,12.144558,-28.186850,-48.773106,12.144558,-28.186850,-48.773106,-0.095066,0.250000,0.625000,2.500000,1.000000,1.000000,0.001519,1,0,0.765066,0.670000,0.054416,0.096448,0.660967,1,1,1,1,1,0.127000,1,0,0,0,0,0,0,0,0,0,0,1,0.020000,0.000000,0.000000,0.000000,0.000000,0.000000,0.000000,0.000000,0.000000,0.000000,0.000000,0.000000,0.000000,0.000000,0.000000,0.000000,0.000000,0.000000,0.000000,0.000000,0.000000
107059,0.866673,0.019802,-0.159613,-0.472240,-4.100000,183.000000,23.200001,-0.189000,0.026000,-0.231000,23.219910,100290.898438,86.449997,86.180000,0.270000,0.600000,3,1,1,1,3,23,1,23,37.5417695,127.0795302,28.966,0.291000,0.649000,0.427000,-0.455000,1.513000,0.328000,1462,1526,1282,1730,1372.000000,1628.000000,1494.000000,1506.000000,-256.000000,-12.000000,1500.000000,1,0,1,1,1,0.000000,0.000000,0,1,1,1,1,15003,0.001000,0,-0.226587,-0.828805,-0.605507,0.346300,-0.249352,1.607450,1,21.262159,-21.262159,3.846666,0.034515,1.062710,6.091420,8.054746,-17.966631,-43.857044,8.054746,-17.966631,-43.857044,-0.047703,0.250000,0.750000,2.500000,1.200000,1.000000,0.000322,1,0,0.607703,0.560000,0.046020,0.073254,0.786180,1,1,1,1,1,0.125000,0,0,0,0,0,0,0,0,0,0,0,1,0.020000,0.000000,0.000000,0.000000,0.000000,0.000000,0.000000,0.000000,0.000000,0.000000,0.000000,0.000000,0.000000,0.000000,0.000000,0.000000,0.000000,0.000000,0.000000,0.000000,0.000000
107156,0.884624,-0.009000,0.047301,-0.463813,-326.899994,155.500000,24.200001,1.064000,-0.056000,-2.926000,23.215210,100289.898438,86.529999,86.180000,0.350000,0.560000,7,1,1,1,3,21,1,21,37.5417687,127.0795307,28.861,0.292000,0.651000,-0.447000,0.112000,1.423000,0.272000,1589,2000,1000,1411,1294.500000,1705.500000,1794.500000,1205.500000,-411.000000,589.000000,1500.000000,1,0,1,1,1,0.000000,0.000000,0,1,1,1,1,15003,0.001000,0,-0.257489,-0.822935,-0.586437,-0.474719,-0.294718,0.378671,1,21.672232,-21.672232,3.893185,0.034751,0.701608,-4.152838,-4.309016,2.024969,-41.030949,-4.309016,2.024969,-41.030949,-0.072535,0.250000,0.750000,2.500000,1.200000,1.000000,0.000743,1,0,0.592535,0.520000,0.046334,0.044878,0.786439,1,1,1,1,1,0.123000,1,0,0,0,0,0,0,0,0,0,0,1,0.020000,0.000000,0.000000,0.000000,0.000000,0.000000,0.000000,0.000000,0.000000,0.000000,0.000000,0.000000,0.000000,0.000000,0.000000,0.000000,0.000000,0.000000,0.000000,0.000000,0.000000
107259,0.871598,-0.177220,0.170819,-0.423948,-6.200000,27.000000,35.000000,0.467000,0.664000,-0.714000,23.221224,100293.101563,86.269997,86.180000,0.090000,0.470000,0,1,1,1,3,22,1,22,37.5417680,127.0795313,28.557,0.293000,0.652000,-0.781000,0.464000,1.567000,0.203000,1736,1600,1106,1557,1421.000000,1578.500000,1668.000000,1331.500000,-157.500000,336.500000,1500.000000,1,0,1,1,1,0.000000,0.000000,0,1,1,1,1,15003,0.002000,0,-0.320049,-0.766498,-0.440435,-0.546669,0.520215,1.118595,1,22.004654,-22.004654,2.943848,0.036418,0.457076,-1.560410,-30.046522,7.939230,-42.011749,-30.046522,7.939230,-42.011749,-0.111330,0.250000,0.750000,2.500000,1.200000,1.000000,0.001746,1,0,0.581330,0.470000,0.049204,0.090668,0.788813,1,1,1,1,1,0.125000,0,0,0,0,0,0,0,0,0,0,0,1,0.022000,0.000000,0.000000,0.000000,0.000000,0.000000,0.000000,0.000000,0.000000,0.000000,0.000000,0.000000,0.000000,0.000000,0.000000,0.000000,0.000000,0.000000,0.000000,0.000000,0.000000
107354,0.877526,-0.166805,0.193706,-0.405712,81.199997,-26.900000,-5.100000,0.125000,-0.780000,-1.035000,23.214457,100290.000000,86.529999,86.180000,0.350000,0.440000,8,1,1,1,3,22,1,22,37.5417680,127.0795313,28.557,0.293000,0.652000,-0.781000,0.464000,1.567000,0.203000,1562,1527,1365,1546,1463.500000,1536.500000,1544.500000,1455.500000,-73.000000,89.000000,1500.000000,1,0,1,1,1,0.000000,0.000000,0,1,1,1,1,15003,0.005000,0,-0.364408,-0.704601,-0.325196,-0.291453,0.824657,1.467594,1,22.294121,-22.294121,3.303050,0.045007,1.822423,1.626044,-32.123020,11.922497,-40.610184,-32.123020,11.922497,-40.610184,0.071264,0.250000,0.750000,2.500000,1.200000,1.000000,0.000712,1,0,0.328736,0.400000,0.053007,0.127962,0.791980,0,0,0,0,0,0.125000,0,0,0,0,0,0,0,0,0,0,0,1,0.020000,0.000000,0.000000,0.000000,0.000000,0.000000,0.000000,0.000000,0.000000,0.000000,0.000000,0.000000,0.000000,0.000000,0.000000,0.000000,0.000000,0.000000,0.000000,0.000000,0.000000
107445,0.889985,-0.118511,0.145914,-0.415440,-73.500000,-53.599998,-29.000000,1.650000,2.793000,-6.002000,23.218594,100292.500000,86.320000,86.180000,0.140000,0.400000,14,1,1,1,3,23,1,23,37.5417674,127.0795314,28.743,0.294000,0.653000,-0.134000,-0.209000,1.142000,0.229000,1596,1549,1411,1444,1503.500000,1496.500000,1572.500000,1427.500000,7.000000,145.000000,1500.000000,1,0,1,1,1,0.000000,0.000000,0,1,1,1,1,15003,0.001000,0,-0.346290,-0.759995,-0.234026,0.228415,0.004624,1.434911,1,22.619350,-22.619350,3.579207,0.039748,1.367119,-9.655529,-24.175282,9.261120,-41.342022,-24.175282,9.261120,-41.342022,0.112814,0.250000,0.937500,2.500000,1.500000,1.000000,0.001449,1,0,0.247186,0.360000,0.039365,0.063187,0.975917,1,1,1,1,1,0.134000,0,0,0,0,0,0,0,0,0,0,0,1,0.020000,0.000000,0.000000,0.000000,0.000000,0.000000,0.000000,0.000000,0.000000,0.000000,0.000000,0.000000,0.000000,0.000000,0.000000,0.000000,0.000000,0.000000,0.000000,0.000000,0.000000
107561,0.897497,0.003800,0.083909,-0.432947,48.400002,-10.900000,-2.000000,0.439000,-0.920000,-1.410000,23.214264,100292.703125,86.299995,86.180000,0.120000,0.330000,1,1,1,1,3,24,1,24,37.5417674,127.0795318,28.689,0.294000,0.654000,0.079000,0.151000,1.050000,0.188000,1513,1478,1418,1591,1465.500000,1534.500000,1495.500000,1504.500000,-69.000000,-9.000000,1500.000000,1,0,1,1,1,0.000000,0.000000,0,1,1,1,1,15003,0.002000,0,-0.363946,-0.761416,-0.140655,-0.125471,-0.048362,0.919697,1,22.996758,-22.996758,3.159788,0.039147,1.042032,-3.349350,-8.825668,8.416780,-40.790489,-8.825668,8.416780,-40.790489,0.134178,0.250000,0.937500,2.500000,1.500000,1.000000,0.002052,1,0,0.175822,0.310000,0.038276,0.024345,0.974811,1,1,1,1,1,0.117000,1,0,0,0,0,0,0,0,0,0,0,1,0.020000,0.000000,0.000000,0.000000,0.000000,0.000000,0.000000,0.000000,0.000000,0.000000,0.000000,0.000000,0.000000,0.000000,0.000000,0.000000,0.000000,0.000000,0.000000,0.000000,0.000000
107643,0.895770,-0.029802,0.097208,-0.432734,-44.500000,21.799999,18.000000,-0.292000,0.288000,-0.756000,23.211597,100289.898438,86.529999,86.180000,0.350000,0.330000,40,1,1,1,3,24,1,24,37.5417678,127.0795319,28.701,0.295000,0.654000,0.514000,-0.025000,0.899000,0.154000,1633,1616,1233,1518,1433.000000,1567.000000,1624.500000,1375.500000,-134.000000,249.000000,1500.000000,1,0,1,1,1,0.000000,0.000000,0,1,1,1,1,15003,0.002000,0,-0.296311,-0.751861,-0.086280,0.399527,-0.089263,1.081978,1,23.255959,-23.255959,3.277545,0.038309,0.485129,3.473998,-11.786552,7.768152,-39.920620,-11.786552,7.768152,-39.920620,0.181488,0.250000,0.937500,2.500000,1.500000,1.000000,0.003728,1,0,0.108512,0.290000,0.045069,0.111096,0.981746,1,1,1,1,1,0.124000,1,0,0,0,0,0,0,0,0,0,0,1,0.020000,0.000000,0.000000,0.000000,0.000000,0.000000,0.000000,0.000000,0.000000,0.000000,0.000000,0.000000,0.000000,0.000000,0.000000,0.000000,0.000000,0.000000,0.000000,0.000000,0.000000
107757,0.894053,-0.069604,0.121107,-0.425625,-40.599998,-1.600000,5.400000,-0.021000,0.046000,-1.185000,23.219191,100292.000000,86.360001,86.180000,0.180000,0.300000,3,1,1,1,3,24,1,24,37.5417674,127.0795319,28.728,0.295000,0.654000,-0.156000,-0.114000,0.758000,0.122000,1643,1630,1255,1471,1449.000000,1550.500000,1636.500000,1363.000000,-101.500000,273.500000,1500.000000,1,0,1,1,1,0.000000,0.000000,0,1,1,1,1,15003,0.005000,0,-0.294994,-0.758355,-0.036520,-0.055523,-0.095420,0.759489,1,23.619308,-23.619308,3.192989,0.037964,0.456920,-0.205844,-17.722525,8.673615,-39.488800,-17.722525,8.673615,-39.488800,0.232912,0.250000,0.937500,2.500000,1.500000,1.000000,0.006169,1,0,0.027088,0.260000,0.040495,0.023507,0.977066,1,1,1,1,1,0.127000,0,0,0,0,0,0,0,0,0,0,0,1,0.020000,0.000000,0.000000,0.000000,0.000000,0.000000,0.000000,0.000000,0.000000,0.000000,0.000000,0.000000,0.000000,0.000000,0.000000,0.000000,0.000000,0.000000,0.000000,0.000000,0.000000
107857,0.891634,-0.092504,0.133205,-0.422716,-10.000000,-1.700000,1.700000,0.169000,0.399000,-0.863000,23.214527,100290.500000,86.479996,86.180000,0.300000,0.300000,0,1,1,1,3,24,1,24,37.5417674,127.0795319,28.728,0.295000,0.654000,-0.156000,-0.114000,0.758000,0.122000,1626,1614,1278,1482,1452.000000,1548.000000,1620.000000,1380.000000,-96.000000,240.000000,1500.000000,1,0,1,1,1,0.000000,0.000000,0,1,1,1,1,15003,0.001000,0,-0.301274,-0.769689,0.028327,-0.055661,-0.117315,0.743426,1,23.941376,-23.941376,3.190062,0.048949,1.654455,0.201155,-20.819033,8.808017,-39.371105,-20.819033,8.808017,-39.371105,0.257413,0.250000,0.937500,2.500000,1.500000,1.000000,0.007526,1,0,0.002587,0.260000,0.041605,0.051030,0.978198,0,0,0,0,0,0.127000,0,0,0,0,0,0,0,0,0,0,0,1,0.020000,0.000000,0.000000,0.000000,0.000000,0.000000,0.000000,0.000000,0.000000,0.000000,0.000000,0.000000,0.000000,0.000000,0.000000,0.000000,0.000000,0.000000,0.000000,0.000000,0.000000
107957,0.890798,-0.093410,0.133615,-0.424147,11.300000,0.900000,-0.600000,0.154000,0.324000,-0.946000,23.214947,100292.000000,86.360001,86.180000,0.180000,0.280000,0,1,1,1,3,24,1,24,37.5417674,127.0795319,28.736,0.295000,0.654000,0.110000,-0.078000,0.653000,0.128000,1596,1598,1306,1500,1451.000000,1549.000000,1597.000000,1403.000000,-98.000000,194.000000,1500.000000,1,0,1,1,1,0.000000,0.000000,0,1,1,1,1,15003,0.001000,0,-0.279523,-0.772710,0.049388,0.113839,-0.079002,0.648473,1,24.266872,-24.266872,3.190957,0.046191,1.464751,-0.144822,-20.843355,8.739086,-39.366810,-20.843355,8.739086,-39.366810,0.272990,0.250000,0.937500,2.500000,1.500000,1.000000,0.008469,1,0,-0.022990,0.250000,0.041133,0.036519,0.977716,1,1,1,1,1,0.126000,1,0,0,0,0,0,0,0,0,0,0,1,0.020000,0.000000,0.000000,0.000000,0.000000,0.000000,0.000000,0.000000,0.000000,0.000000,0.000000,0.000000,0.000000,0.000000,0.000000,0.000000,0.000000,0.000000,0.000000,0.000000,0.000000
108057,0.891282,-0.079007,0.127112,-0.428039,25.799999,-1.200000,-0.700000,0.187000,0.286000,-0.896000,23.216351,100292.304688,86.330002,86.180000,0.150000,0.260000,0,1,1,1,3,24,1,24,37.5417674,127.0795320,28.759,0.296000,0.654000,0.118000,-0.045000,0.544000,0.126000,1568,1579,1328,1525,1448.000000,1552.000000,1573.500000,1426.500000,-104.000000,147.000000,1500.000000,1,0,1,1,1,0.000000,0.000000,0,1,1,1,1,15003,0.002000,0,-0.268168,-0.772679,0.055565,0.120316,-0.061663,0.543157,1,24.573273,-24.573273,3.191327,0.043965,1.227583,0.113647,-18.957533,8.687842,-39.404606,-18.957533,8.687842,-39.404606,0.269440,0.250000,0.937500,2.500000,1.500000,1.000000,0.008251,1,0,-0.039440,0.230000,0.041102,0.024575,0.977685,1,1,1,1,1,0.123000,0,0,0,0,0,0,0,0,0,0,0,1,0.020000,0.000000,0.000000,0.000000,0.000000,0.000000,0.000000,0.000000,0.000000,0.000000,0.000000,0.000000,0.000000,0.000000,0.000000,0.000000,0.000000,0.000000,0.000000,0.000000,0.000000
108150,0.892148,-0.060503,0.117706,-0.431923,24.100000,-0.700000,-0.400000,0.156000,0.189000,-0.970000,23.214298,100291.203125,86.430000,86.180000,0.250000,0.250000,4,1,1,1,3,24,1,24,37.5417674,127.0795320,28.780,0.296000,0.654000,0.144000,-0.045000,0.454000,0.124000,1561,1566,1340,1533,1450.500000,1549.500000,1563.500000,1436.500000,-99.000000,127.000000,1500.000000,1,0,1,1,1,0.000000,0.000000,0,1,1,1,1,15003,0.005000,0,-0.255660,-0.773273,0.044337,0.127393,-0.073664,0.443710,1,24.883175,-24.883175,3.197308,0.039036,0.745473,0.037597,-16.441019,8.587120,-39.450958,-16.441019,8.587120,-39.450958,0.263073,0.250000,0.937500,2.500000,1.500000,1.000000,0.007861,1,0,-0.053073,0.210000,0.041638,0.036717,0.978231,1,1,1,1,1,0.121000,0,0,0,0,0,0,0,0,0,0,0,1,0.020000,0.000000,0.000000,0.000000,0.000000,0.000000,0.000000,0.000000,0.000000,0.000000,0.000000,0.000000,0.000000,0.000000,0.000000,0.000000,0.000000,0.000000,0.000000,0.000000,0.000000
108252,0.892421,-0.046706,0.110915,-0.434859,7.000000,-0.300000,0.000000,0.161000,0.150000,-0.956000,23.219910,100292.898438,86.279999,86.180000,0.100000,0.230000,21,1,1,1,3,24,1,24,37.5417675,127.0795320,28.797,0.296000,0.653000,0.145000,-0.020000,0.381000,0.123000,1569,1575,1331,1526,1450.000000,1550.500000,1572.000000,1428.500000,-100.500000,143.500000,1500.000000,1,0,1,1,1,0.000000,0.000000,0,1,1,1,1,15003,0.002000,0,-0.242002,-0.770240,0.041956,0.130811,-0.043915,0.374778,1,25.206121,-25.206121,3.198241,0.040059,0.221400,0.044147,-14.672823,8.547522,-39.483028,-14.672823,8.547522,-39.483028,0.257933,0.250000,0.937500,2.500000,1.500000,1.000000,0.007492,1,0,-0.067933,0.190000,0.049822,0.130740,0.986657,1,1,1,1,1,0.131000,1,0,0,0,0,0,0,0,0,0,0,1,0.022000,0.000000,0.000000,0.000000,0.000000,0.000000,0.000000,0.000000,0.000000,0.000000,0.000000,0.000000,0.000000,0.000000,0.000000,0.000000,0.000000,0.000000,0.000000,0.000000,0.000000
108343,0.892073,-0.046104,0.110909,-0.435636,-7.200000,0.000000,0.100000,0.156000,0.168000,-0.975000,23.218857,100292.304688,86.330002,86.180000,0.150000,0.220000,26,1,1,1,3,24,1,24,37.5417675,127.0795320,28.797,0.296000,0.653000,0.145000,-0.020000,0.381000,0.123000,1586,1590,1315,1509,1450.500000,1549.500000,1588.000000,1412.000000,-99.000000,176.000000,1500.000000,1,0,1,1,1,0.000000,0.000000,0,1,1,1,1,15003,0.002000,0,-0.232272,-0.777508,0.054748,0.085648,-0.117384,0.357236,1,25.494085,-25.494085,3.200468,0.043633,1.330085,0.024381,-14.626820,8.536379,-39.475239,-14.626820,8.536379,-39.475239,0.236421,0.250000,0.937500,2.500000,1.500000,1.000000,0.006338,1,0,-0.056421,0.180000,0.043293,0.057222,0.979924,0,0,0,0,0,0.131000,1,0,0,0,0,0,0,0,0,0,0,1,0.020000,0.000000,0.000000,0.000000,0.000000,0.000000,0.000000,0.000000,0.000000,0.000000,0.000000,0.000000,0.000000,0.000000,0.000000,0.000000,0.000000,0.000000,0.000000,0.000000,0.000000
108464,0.890891,-0.055906,0.116512,-0.435445,-8.500000,0.000000,0.400000,0.165000,0.239000,-0.944000,23.221066,100292.500000,86.320000,86.180000,0.140000,0.210000,0,1,1,1,3,24,1,24,37.5417675,127.0795320,28.812,0.296000,0.653000,0.068000,-0.034000,0.321000,0.122000,1595,1602,1303,1500,1449.000000,1551.000000,1598.500000,1401.500000,-102.000000,197.000000,1500.000000,1,0,1,1,1,0.000000,0.000000,0,1,1,1,1,15003,0.002000,0,-0.228405,-0.776884,0.051482,0.040397,-0.096073,0.307919,1,25.884600,-25.884600,3.201759,0.045169,1.281946,0.046697,-15.761266,8.598749,-39.498817,-15.761266,8.598749,-39.498817,0.222349,0.250000,0.937500,2.500000,1.500000,1.000000,0.005614,1,0,-0.042349,0.180000,0.041886,0.023935,0.978484,1,1,1,1,1,0.134000,1,0,0,0,0,0,0,0,0,0,0,1,0.020000,0.000000,0.000000,0.000000,0.000000,0.000000,0.000000,0.000000,0.000000,0.000000,0.000000,0.000000,0.000000,0.000000,0.000000,0.000000,0.000000,0.000000,0.000000,0.000000,0.000000
108543,0.890272,-0.060205,0.119110,-0.435435,-1.400000,0.000000,0.000000,0.163000,0.245000,-0.948000,23.220032,100291.703125,86.379997,86.180000,0.200000,0.210000,36,1,1,1,3,23,1,23,37.5417675,127.0795320,28.809,0.297000,0.653000,0.036000,-0.037000,0.283000,0.123000,1589,1599,1307,1505,1448.000000,1552.000000,1594.000000,1406.000000,-104.000000,188.000000,1500.000000,1,0,1,1,1,0.000000,0.000000,0,1,1,1,1,15003,0.001000,0,-0.228951,-0.774523,0.034111,0.029088,-0.064765,0.272595,1,26.134384,-26.134384,3.203199,0.042184,1.093528,0.033397,-16.210419,8.630022,-39.506142,-16.210419,8.630022,-39.506142,0.203323,0.250000,0.937500,2.500000,1.500000,1.000000,0.004696,1,0,-0.033323,0.170000,0.041608,0.024928,0.978201,1,1,1,1,1,0.115000,1,0,0,0,0,0,0,0,0,0,0,1,0.020000,0.000000,0.000000,0.000000,0.000000,0.000000,0.000000,0.000000,0.000000,0.000000,0.000000,0.000000,0.000000,0.000000,0.000000,0.000000,0.000000,0.000000,0.000000,0.000000,0.000000
108655,0.889748,-0.059003,0.118906,-0.436724,5.900000,-0.200000,-0.100000,0.165000,0.224000,-0.948000,23.217068,100291.898438,86.369995,86.180000,0.190000,0.200000,0,1,1,1,3,24,1,24,37.5417675,127.0795319,28.815,0.297000,0.654000,0.040000,-0.046000,0.243000,0.125000,1582,1587,1320,1511,1451.000000,1549.000000,1584.500000,1415.500000,-98.000000,169.000000,1500.000000,1,0,1,1,1,0.000000,0.000000,0,1,1,1,1,15003,0.002000,0,-0.227771,-0.776394,0.023702,0.030993,-0.066879,0.234964,1,26.493284,-26.493284,3.205658,0.041391,0.748441,0.031507,-15.962721,8.634103,-39.513302,-15.962721,8.634103,-39.513302,0.200723,0.250000,0.937500,2.500000,1.500000,1.000000,0.004525,1,0,-0.040723,0.160000,0.052351,0.144043,0.989291,1,1,1,1,1,0.122000,0,0,0,0,0,0,0,0,0,0,0,1,0.020000,0.000000,0.000000,0.000000,0.000000,0.000000,0.000000,0.000000,0.000000,0.000000,0.000000,0.000000,0.000000,0.000000,0.000000,0.000000,0.000000,0.000000,0.000000,0.000000,0.000000
108754,0.889613,-0.054807,0.117015,-0.438056,3.900000,0.000000,-0.200000,0.162000,0.195000,-0.963000,23.215298,100290.398438,86.489998,86.180000,0.310000,0.200000,0,1,1,1,3,24,1,24,37.5417676,127.0795319,28.821,0.297000,0.653000,0.060000,-0.024000,0.209000,0.123000,1576,1589,1320,1516,1448.000000,1552.500000,1582.500000,1418.000000,-104.500000,164.500000,1500.000000,1,0,1,1,1,0.000000,0.000000,0,1,1,1,1,15003,0.002000,0,-0.224433,-0.775276,0.001820,0.048503,-0.042592,0.197863,1,26.813959,-26.813959,3.207656,0.039997,0.484161,-0.000184,-15.369483,8.631477,-39.524544,-15.369483,8.631477,-39.524544,0.169032,0.250000,0.937500,2.500000,1.500000,1.000000,0.003242,1,0,-0.009032,0.160000,0.042664,0.024597,0.979280,1,1,1,1,1,0.128000,0,0,0,0,0,0,0,0,0,0,0,1,0.022000,0.000000,0.000000,0.000000,0.000000,0.000000,0.000000,0.000000,0.000000,0.000000,0.000000,0.000000,0.000000,0.000000,0.000000,0.000000,0.000000,0.000000,0.000000,0.000000,0.000000
108854,0.889367,-0.053804,0.116809,-0.438733,-1.900000,-0.100000,0.100000,0.163000,0.195000,-0.958000,23.216227,100291.804688,86.379997,86.180000,0.200000,0.210000,11,1,1,1,3,24,1,24,37.5417676,127.0795319,28.821,0.297000,0.653000,0.060000,-0.024000,0.209000,0.123000,1583,1593,1315,1510,1449.000000,1551.500000,1588.000000,1412.500000,-102.500000,175.500000,1500.000000,1,0,1,1,1,0.000000,0.000000,0,1,1,1,1,15003,0.001000,0,-0.221248,-0.782432,0.004357,0.014730,-0.101133,0.170687,1,27.134773,-27.134773,3.208740,0.049680,1.746245,0.019752,-15.265789,8.631592,-39.524097,-15.265789,8.631592,-39.524097,0.181305,0.250000,0.937500,2.500000,1.500000,1.000000,0.003710,1,0,-0.011305,0.170000,0.047730,0.101659,0.984490,0,0,0,0,0,0.128000,0,0,0,0,0,0,0,0,0,0,0,1,0.023000,0.000000,0.000000,0.000000,0.000000,0.000000,0.000000,0.000000,0.000000,0.000000,0.000000,0.000000,0.000000,0.000000,0.000000,0.000000,0.000000,0.000000,0.000000,0.000000,0.000000
108957,0.888934,-0.056502,0.118505,-0.438817,-2.800000,0.100000,0.000000,0.162000,0.215000,-0.954000,23.217506,100291.804688,86.379997,86.180000,0.200000,0.210000,29,1,1,1,3,24,1,24,37.5417676,127.0795319,28.834,0.298000,0.653000,0.041000,-0.019000,0.173000,0.122000,1586,1600,1309,1505,1447.500000,1552.500000,1593.000000,1407.000000,-105.000000,186.000000,1500.000000,1,0,1,1,1,0.000000,0.000000,0,1,1,1,1,15003,0.002000,0,-0.220185,-0.779294,-0.013025,0.009595,-0.079006,0.153134,1,27.455700,-27.455700,3.209889,0.047231,1.567455,0.008033,-15.534545,8.653606,-39.533508,-15.534545,8.653606,-39.533508,0.160256,0.250000,0.937500,2.500000,1.500000,1.000000,0.002912,1,0,0.009744,0.170000,0.043384,0.056206,0.980017,1,1,1,1,1,0.123000,0,0,0,0,0,0,0,0,0,0,0,1,0.020000,0.000000,0.000000,0.000000,0.000000,0.000000,0.000000,0.000000,0.000000,0.000000,0.000000,0.000000,0.000000,0.000000,0.000000,0.000000,0.000000,0.000000,0.000000,0.000000,0.000000
109047,0.888551,-0.058003,0.119507,-0.439125,0.400000,0.000000,0.000000,0.165000,0.224000,-0.950000,23.220102,100290.804688,86.459999,86.180000,0.280000,0.220000,33,1,1,1,3,24,1,24,37.5417676,127.0795319,28.837,0.298000,0.653000,0.026000,-0.007000,0.152000,0.120000,1583,1595,1314,1508,1448.500000,1551.500000,1589.000000,1411.000000,-103.000000,178.000000,1500.000000,1,0,1,1,1,0.000000,0.000000,0,1,1,1,1,15003,0.001000,0,-0.220502,-0.774744,-0.032328,0.010864,-0.041691,0.139742,1,27.751087,-27.751087,3.211659,0.042396,1.014887,0.024727,-15.654852,8.677609,-39.542854,-15.654852,8.677609,-39.542854,0.149771,0.250000,0.937500,2.500000,1.500000,1.000000,0.002547,1,0,0.030229,0.180000,0.041946,0.024304,0.978547,1,1,1,1,1,0.125000,1,0,0,0,0,0,0,0,0,0,0,1,0.020000,0.000000,0.000000,0.000000,0.000000,0.000000,0.000000,0.000000,0.000000,0.000000,0.000000,0.000000,0.000000,0.000000,0.000000,0.000000,0.000000,0.000000,0.000000,0.000000,0.000000
109157,0.888263,-0.056904,0.119208,-0.439931,2.100000,-0.100000,0.000000,0.162000,0.207000,-0.954000,23.216087,100291.101563,86.430000,86.180000,0.250000,0.220000,7,1,1,1,3,24,1,24,37.5417676,127.0795318,28.847,0.298000,0.653000,0.027000,-0.026000,0.125000,0.121000,1581,1593,1316,1510,1448.500000,1551.500000,1587.000000,1413.000000,-103.000000,174.000000,1500.000000,1,0,1,1,1,0.000000,0.000000,0,1,1,1,1,15003,0.002000,0,-0.220540,-0.775099,-0.056181,0.011383,-0.053472,0.112134,1,28.110891,-28.110891,3.213315,0.040294,0.699189,0.012684,-15.477782,8.681199,-39.544926,-15.477782,8.681199,-39.544926,0.128560,0.250000,0.937500,2.500000,1.500000,1.000000,0.001875,1,0,0.051440,0.180000,0.042980,0.035593,0.979603,1,1,1,1,1,0.122000,1,0,0,0,0,0,0,0,0,0,0,1,0.020000,0.000000,0.000000,0.000000,0.000000,0.000000,0.000000,0.000000,0.000000,0.000000,0.000000,0.000000,0.000000,0.000000,0.000000,0.000000,0.000000,0.000000,0.000000,0.000000,0.000000
109259,0.888102,-0.056006,0.118914,-0.440451,0.000000,0.000000,0.000000,0.161000,0.202000,-0.960000,23.216612,100292.000000,86.360001,86.180000,0.180000,0.210000,0,1,1,1,3,24,1,24,37.5417676,127.0795318,28.852,0.298000,0.652000,0.028000,-0.013000,0.109000,0.121000,1582,1595,1315,1509,1448.500000,1552.000000,1588.500000,1412.000000,-103.500000,176.500000,1500.000000,1,0,1,1,1,0.000000,0.000000,0,1,1,1,1,15003,0.002000,0,-0.220710,-0.773811,-0.069963,0.015207,-0.035494,0.101213,1,28.432295,-28.432295,3.214706,0.041641,0.457056,0.009037,-15.333770,8.693837,-39.552776,-15.333770,8.693837,-39.552776,0.118093,0.250000,0.937500,2.500000,1.500000,1.000000,0.001578,1,0,0.051907,0.170000,0.045143,0.072252,0.981822,1,1,1,1,1,0.128000,0,0,0,0,0,0,0,0,0,0,0,1,0.020000,0.000000,0.000000,0.000000,0.000000,0.000000,0.000000,0.000000,0.000000,0.000000,0.000000,0.000000,0.000000,0.000000,0.000000,0.000000,0.000000,0.000000,0.000000,0.000000,0.000000
109354,0.887779,-0.056805,0.119511,-0.440839,-1.400000,0.000000,0.000000,0.164000,0.213000,-0.956000,23.215561,100292.000000,86.360001,86.180000,0.180000,0.220000,8,1,1,1,3,24,1,24,37.5417676,127.0795318,28.852,0.298000,0.652000,0.028000,-0.013000,0.109000,0.121000,1586,1597,1313,1504,1449.500000,1550.500000,1591.500000,1408.500000,-101.000000,183.000000,1500.000000,1,0,1,1,1,0.000000,0.000000,0,1,1,1,1,15003,0.005000,0,-0.220557,-0.779338,-0.075299,-0.011345,-0.082701,0.083119,1,28.731289,-28.731289,3.215397,0.049543,1.771042,0.007022,-15.431873,8.696025,-39.551891,-15.431873,8.696025,-39.551891,0.109476,0.250000,0.937500,2.500000,1.500000,1.000000,0.001353,1,0,0.070524,0.180000,0.047409,0.099389,0.984158,0,0,0,0,0,0.128000,0,0,0,0,0,0,0,0,0,0,0,1,0.020000,0.000000,0.000000,0.000000,0.000000,0.000000,0.000000,0.000000,0.000000,0.000000,0.000000,0.000000,0.000000,0.000000,0.000000,0.000000,0.000000,0.000000,0.000000,0.000000,0.000000
109457,0.887517,-0.057708,0.120216,-0.441058,0.000000,0.000000,0.000000,0.161000,0.218000,-0.953000,23.212685,100291.000000,86.439995,86.180000,0.260000,0.230000,26,1,1,1,3,24,1,24,37.5417676,127.0795318,28.857,0.299000,0.652000,0.026000,-0.017000,0.096000,0.121000,1585,1597,1313,1504,1449.000000,1550.500000,1591.000000,1408.500000,-101.500000,182.500000,1500.000000,1,0,1,1,1,0.000000,0.000000,0,1,1,1,1,15003,0.002000,0,-0.220336,-0.777597,-0.093135,-0.000182,-0.064813,0.078817,1,29.068956,-29.068956,3.216402,0.044029,1.371691,0.009994,-15.492290,8.707673,-39.557915,-15.492290,8.707673,-39.557915,0.099340,0.250000,0.937500,2.500000,1.500000,1.000000,0.001118,1,0,0.090660,0.190000,0.043916,0.063497,0.980562,1,1,1,1,1,0.135000,1,0,0,0,0,0,0,0,0,0,0,1,0.020000,0.000000,0.000000,0.000000,0.000000,0.000000,0.000000,0.000000,0.000000,0.000000,0.000000,0.000000,0.000000,0.000000,0.000000,0.000000,0.000000,0.000000,0.000000,0.000000,0.000000
109561,0.887336,-0.057202,0.120105,-0.441518,1.000000,0.000000,0.000000,0.163000,0.208000,-0.956000,23.217928,100291.601563,86.389999,86.180000,0.210000,0.210000,1,1,1,1,3,24,1,24,37.5417676,127.0795318,28.877,0.299000,0.652000,0.005000,-0.006000,0.069000,0.119000,1581,1595,1315,1508,1448.000000,1551.500000,1588.000000,1411.500000,-103.500000,176.500000,1500.000000,1,0,1,1,1,0.000000,0.000000,0,1,1,1,1,15003,0.002000,0,-0.223143,-0.774623,-0.111490,-0.014291,-0.046724,0.060293,1,29.403507,-29.403507,3.217184,0.042601,1.042105,0.007381,-15.405553,8.727787,-39.566296,-15.405553,8.727787,-39.566296,0.058431,0.250000,0.937500,2.500000,1.500000,1.000000,0.000388,1,0,0.111569,0.170000,0.041974,0.024189,0.978574,1,1,1,1,1,0.117000,1,0,0,0,0,0,0,0,0,0,0,1,0.020000,0.000000,0.000000,0.000000,0.000000,0.000000,0.000000,0.000000,0.000000,0.000000,0.000000,0.000000,0.000000,0.000000,0.000000,0.000000,0.000000,0.000000,0.000000,0.000000,0.000000
109643,0.887251,-0.056903,0.120107,-0.441726,0.000000,0.000000,0.000000,0.162000,0.206000,-0.957000,23.218121,100291.203125,86.430000,86.180000,0.250000,0.210000,31,1,1,1,3,24,1,24,37.5417676,127.0795317,28.873,0.299000,0.652000,0.032000,-0.002000,0.073000,0.119000,1582,1596,1315,1508,1448.500000,1552.000000,1589.000000,1411.500000,-103.500000,177.500000,1500.000000,1,0,1,1,1,0.000000,0.000000,0,1,1,1,1,15003,0.002000,0,-0.222821,-0.772537,-0.128209,0.013273,-0.028867,0.063476,1,29.667349,-29.667349,3.217915,0.040758,0.916857,0.006136,-15.333160,8.727749,-39.567390,-15.333160,8.727749,-39.567390,0.041706,0.250000,0.937500,2.500000,1.500000,1.000000,0.000197,1,0,0.128294,0.170000,0.042007,0.026927,0.978608,1,1,1,1,1,0.118000,0,0,0,0,0,0,0,0,0,0,0,1,0.020000,0.000000,0.000000,0.000000,0.000000,0.000000,0.000000,0.000000,0.000000,0.000000,0.000000,0.000000,0.000000,0.000000,0.000000,0.000000,0.000000,0.000000,0.000000,0.000000,0.000000
109750,0.887112,-0.057407,0.120415,-0.441856,-0.700000,0.000000,0.100000,0.163000,0.213000,-0.953000,23.218313,100290.898438,86.449997,86.180000,0.270000,0.220000,0,1,1,1,3,24,1,24,37.5417676,127.0795317,28.890,0.299000,0.651000,-0.006000,-0.024000,0.051000,0.116000,1582,1597,1314,1507,1448.000000,1552.000000,1589.500000,1410.500000,-104.000000,179.000000,1500.000000,1,0,1,1,1,0.000000,0.000000,0,1,1,1,1,15003,0.002000,0,-0.225478,-0.772850,-0.146067,-0.011822,-0.037683,0.043296,1,30.014954,-30.014954,3.219443,0.039261,0.656801,0.019444,-15.378598,8.743873,-39.573368,-15.378598,8.743873,-39.573368,0.035416,0.250000,0.937500,2.500000,1.500000,1.000000,0.000142,1,0,0.144584,0.180000,0.041879,0.029282,0.978477,1,1,1,1,1,0.128000,0,0,0,0,0,0,0,0,0,0,0,1,0.020000,0.000000,0.000000,0.000000,0.000000,0.000000,0.000000,0.000000,0.000000,0.000000,0.000000,0.000000,0.000000,0.000000,0.000000,0.000000,0.000000,0.000000,0.000000,0.000000,0.000000
109850,0.886949,-0.057803,0.120807,-0.442024,0.300000,0.000000,0.000000,0.164000,0.213000,-0.954000,23.215754,100291.703125,86.379997,86.180000,0.200000,0.230000,12,1,1,1,3,24,1,24,37.5417676,127.0795317,28.890,0.299000,0.651000,-0.006000,-0.024000,0.051000,0.116000,1582,1597,1314,1507,1448.000000,1552.000000,1589.500000,1410.500000,-104.000000,179.000000,1500.000000,1,0,1,1,1,0.000000,0.000000,0,1,1,1,1,15003,0.001000,0,-0.227891,-0.778874,-0.146102,-0.036140,-0.082532,0.036472,1,30.336985,-30.336985,3.221134,0.051475,1.913544,0.010348,-15.423044,8.745490,-39.572475,-15.423044,8.745490,-39.572475,0.045766,0.250000,0.937500,2.500000,1.500000,1.000000,0.000236,1,0,0.144234,0.190000,0.048767,0.119631,0.985563,0,0,0,0,0,0.128000,0,0,0,0,0,0,0,0,0,0,0,1,0.022000,0.000000,0.000000,0.000000,0.000000,0.000000,0.000000,0.000000,0.000000,0.000000,0.000000,0.000000,0.000000,0.000000,0.000000,0.000000,0.000000,0.000000,0.000000,0.000000,0.000000
109955,0.886875,-0.057505,0.120710,-0.442238,0.300000,0.000000,0.100000,0.164000,0.208000,-0.958000,23.214106,100290.304688,86.500000,86.180000,0.320000,0.240000,31,1,1,1,3,24,1,24,37.5417676,127.0795317,28.894,0.299000,0.651000,0.025000,0.007000,0.049000,0.116000,1582,1596,1314,1508,1448.000000,1552.000000,1589.000000,1411.000000,-104.000000,178.000000,1500.000000,1,0,1,1,1,0.000000,0.000000,0,1,1,1,1,15003,0.005000,0,-0.225868,-0.773807,-0.162032,-0.006333,-0.047153,0.037974,1,30.675264,-30.675264,3.222357,0.047488,1.572952,0.009335,-15.347232,8.754095,-39.573467,-15.347232,8.754095,-39.573467,0.038545,0.250000,0.937500,2.500000,1.500000,1.000000,0.000168,1,0,0.161455,0.200000,0.043425,0.058849,0.980059,1,1,1,1,1,0.127000,0,0,0,0,0,0,0,0,0,0,0,1,0.020000,0.000000,0.000000,0.000000,0.000000,0.000000,0.000000,0.000000,0.000000,0.000000,0.000000,0.000000,0.000000,0.000000,0.000000,0.000000,0.000000,0.000000,0.000000,0.000000,0.000000
110043,0.886870,-0.057405,0.120810,-0.442235,0.000000,0.000000,0.000000,0.163000,0.208000,-0.956000,23.221663,100292.898438,86.279999,86.180000,0.100000,0.230000,33,1,1,1,3,24,1,24,37.5417676,127.0795316,28.901,0.299000,0.651000,-0.003000,-0.015000,0.043000,0.117000,1582,1597,1314,1507,1448.000000,1552.000000,1589.500000,1410.500000,-104.000000,179.000000,1500.000000,1,0,1,1,1,0.000000,0.000000,0,1,1,1,1,15003,0.001000,0,-0.228991,-0.773536,-0.178560,-0.021464,-0.049303,0.035192,1,30.955662,-30.955662,3.223582,0.042442,1.014942,0.018401,-15.334526,8.765303,-39.579559,-15.334526,8.765303,-39.579559,0.010847,0.250000,0.937500,2.500000,1.500000,1.000000,0.000013,1,0,0.179153,0.190000,0.041972,0.024580,0.978573,1,1,1,1,1,0.122000,1,0,0,0,0,0,0,0,0,0,0,1,0.020000,0.000000,0.000000,0.000000,0.000000,0.000000,0.000000,0.000000,0.000000,0.000000,0.000000,0.000000,0.000000,0.000000,0.000000,0.000000,0.000000,0.000000,0.000000,0.000000,0.000000
110150,0.886812,-0.057707,0.121015,-0.442256,0.000000,0.000000,0.000000,0.162000,0.212000,-0.955000,23.218033,100292.000000,86.360001,86.180000,0.180000,0.230000,3,1,1,1,3,24,1,24,37.5417676,127.0795316,28.907,0.300000,0.651000,0.013000,0.002000,0.039000,0.118000,1582,1597,1314,1507,1448.000000,1552.000000,1589.500000,1410.500000,-104.000000,179.000000,1500.000000,1,0,1,1,1,0.000000,0.000000,0,1,1,1,1,15003,0.001000,0,-0.229837,-0.771990,-0.193369,-0.003688,-0.025596,0.031687,1,31.297434,-31.297434,3.224903,0.040328,0.699188,0.013926,-15.331277,8.774342,-39.581116,-15.331277,8.774342,-39.581116,-0.003520,0.250000,0.937500,2.500000,1.500000,1.000000,0.000001,1,0,0.193520,0.190000,0.043017,0.035618,0.979641,1,1,1,1,1,0.126000,1,0,0,0,0,0,0,0,0,0,0,1,0.020000,0.000000,0.000000,0.000000,0.000000,0.000000,0.000000,0.000000,0.000000,0.000000,0.000000,0.000000,0.000000,0.000000,0.000000,0.000000,0.000000,0.000000,0.000000,0.000000,0.000000
110256,0.886791,-0.057906,0.121112,-0.442245,0.000000,0.000000,0.000000,0.163000,0.211000,-0.954000,23.212229,100290.203125,86.509995,86.180000,0.330000,0.240000,0,1,1,1,3,24,1,24,37.5417676,127.0795315,28.923,0.300000,0.650000,-0.003000,-0.019000,0.024000,0.117000,1582,1597,1314,1507,1448.000000,1552.000000,1589.500000,1410.500000,-104.000000,179.000000,1500.000000,1,0,1,1,1,0.000000,0.000000,0,1,1,1,1,15003,0.002000,0,-0.232264,-0.773478,-0.208416,-0.012693,-0.036058,0.018486,1,31.645782,-31.645782,3.225917,0.039899,0.456527,0.012234,-15.328558,8.782104,-39.584641,-15.328558,8.782104,-39.584641,-0.008790,0.250000,0.937500,2.500000,1.500000,1.000000,0.000009,1,0,0.208790,0.200000,0.042558,0.023213,0.979172,1,1,1,1,1,0.124000,1,0,0,0,0,0,0,0,0,0,0,1,0.020000,0.000000,0.000000,0.000000,0.000000,0.000000,0.000000,0.000000,0.000000,0.000000,0.000000,0.000000,0.000000,0.000000,0.000000,0.000000,0.000000,0.000000,0.000000,0.000000,0.000000
110349,0.886757,-0.057804,0.121108,-0.442328,0.000000,0.000000,0.000000,0.163000,0.208000,-0.957000,23.221889,100292.898438,86.279999,86.180000,0.100000,0.230000,0,1,1,1,3,24,1,24,37.5417676,127.0795315,28.923,0.300000,0.650000,-0.003000,-0.019000,0.024000,0.117000,1582,1597,1314,1507,1448.000000,1552.000000,1589.500000,1410.500000,-104.000000,179.000000,1500.000000,1,0,1,1,1,0.000000,0.000000,0,1,1,1,1,15003,0.001000,0,-0.234573,-0.778857,-0.206279,-0.036661,-0.078731,0.019855,1,31.949070,-31.949070,3.226902,0.051230,1.704542,0.004554,-15.335120,8.783787,-39.584007,-15.335120,8.783787,-39.584007,-0.007592,0.250000,0.937500,2.500000,1.500000,1.000000,0.000007,1,0,0.207592,0.200000,0.043475,0.050632,0.980110,0,0,0,0,0,0.124000,1,0,0,0,0,0,0,0,0,0,0,1,0.020000,0.000000,0.000000,0.000000,0.000000,0.000000,0.000000,0.000000,0.000000,0.000000,0.000000,0.000000,0.000000,0.000000,0.000000,0.000000,0.000000,0.000000,0.000000,0.000000,0.000000
110464,0.886725,-0.057808,0.121217,-0.442362,0.000000,0.000000,0.000000,0.162000,0.209000,-0.956000,23.217138,100289.898438,86.529999,86.180000,0.350000,0.230000,0,1,1,1,3,24,1,24,37.5417676,127.0795315,28.925,0.300000,0.650000,0.009000,0.001000,0.028000,0.118000,1582,1597,1314,1507,1448.000000,1552.000000,1589.500000,1410.500000,-104.000000,179.000000,1500.000000,1,0,1,1,1,0.000000,0.000000,0,1,1,1,1,15003,0.002000,0,-0.235136,-0.777354,-0.218144,-0.024093,-0.056579,0.023307,1,32.316975,-32.316975,3.227969,0.049828,1.637765,0.016805,-15.308481,8.795035,-39.588924,-15.308481,8.795035,-39.588924,-0.041404,0.250000,0.937500,2.500000,1.500000,1.000000,0.000194,1,0,0.221404,0.180000,0.043357,0.044774,0.979989,0,0,0,0,0,0.131000,0,0,0,0,0,0,0,0,0,0,0,1,0.020000,0.000000,0.000000,0.000000,0.000000,0.000000,0.000000,0.000000,0.000000,0.000000,0.000000,0.000000,0.000000,0.000000,0.000000,0.000000,0.000000,0.000000,0.000000,0.000000,0.000000
110543,0.886709,-0.057907,0.121315,-0.442354,0.000000,0.000000,0.000000,0.162000,0.212000,-0.957000,23.220680,100291.601563,86.389999,86.180000,0.210000,0.230000,37,1,1,1,3,24,1,24,37.5417676,127.0795315,28.937,0.300000,0.650000,0.008000,-0.005000,0.020000,0.119000,1582,1598,1314,1507,1448.000000,1552.500000,1590.000000,1410.500000,-104.500000,179.500000,1500.000000,1,0,1,1,1,0.000000,0.000000,0,1,1,1,1,15003,0.002000,0,-0.235433,-0.775593,-0.231948,-0.012818,-0.040234,0.015248,1,32.575268,-32.575268,3.229082,0.043113,0.939736,0.009346,-15.290818,8.801577,-39.591805,-15.290818,8.801577,-39.591805,-0.044399,0.250000,0.937500,2.500000,1.500000,1.000000,0.000224,1,0,0.234399,0.190000,0.042996,0.024392,0.979619,1,1,1,1,1,0.119000,1,0,0,0,0,0,0,0,0,0,0,1,0.020000,0.000000,0.000000,0.000000,0.000000,0.000000,0.000000,0.000000,0.000000,0.000000,0.000000,0.000000,0.000000,0.000000,0.000000,0.000000,0.000000,0.000000,0.000000,0.000000,0.000000
110653,0.886704,-0.058007,0.121314,-0.442352,0.000000,0.000000,0.000000,0.161000,0.209000,-0.957000,23.215244,100290.898438,86.449997,86.180000,0.270000,0.240000,0,1,1,1,3,24,1,24,37.5417676,127.0795314,28.947,0.300000,0.650000,0.004000,-0.005000,0.018000,0.118000,1582,1598,1314,1507,1448.000000,1552.500000,1590.000000,1410.500000,-104.500000,179.500000,1500.000000,1,0,1,1,1,0.000000,0.000000,0,1,1,1,1,15003,0.002000,0,-0.236867,-0.776185,-0.244812,-0.012048,-0.033279,0.011826,1,32.924049,-32.924049,3.229973,0.042365,0.698495,0.003271,-15.277544,8.811470,-39.595634,-15.277544,8.811470,-39.595634,-0.029094,0.250000,0.937500,2.500000,1.500000,1.000000,0.000095,1,0,0.229094,0.200000,0.052958,0.137116,0.989925,1,1,1,1,1,0.125000,1,0,0,0,0,0,0,0,0,0,0,1,0.020000,0.000000,0.000000,0.000000,0.000000,0.000000,0.000000,0.000000,0.000000,0.000000,0.000000,0.000000,0.000000,0.000000,0.000000,0.000000,0.000000,0.000000,0.000000,0.000000,0.000000
110750,0.886693,-0.058006,0.121413,-0.442346,0.000000,0.000000,0.000000,0.163000,0.208000,-0.957000,23.216507,100291.203125,86.430000,86.180000,0.250000,0.240000,0,1,1,1,3,24,1,24,37.5417676,127.0795314,28.953,0.300000,0.650000,0.005000,-0.002000,0.017000,0.117000,1582,1598,1314,1507,1448.000000,1552.500000,1590.000000,1410.500000,-104.500000,179.500000,1500.000000,1,0,1,1,1,0.000000,0.000000,0,1,1,1,1,15003,0.002000,0,-0.238080,-0.776343,-0.255078,-0.004653,-0.018206,0.011497,1,33.240643,-33.240643,3.230789,0.040580,0.458904,0.008367,-15.259087,8.820496,-39.599140,-15.259087,8.820496,-39.599140,-0.057570,0.250000,0.937500,2.500000,1.500000,1.000000,0.000376,1,0,0.257570,0.200000,0.043285,0.023576,0.979916,1,1,1,1,1,0.126000,1,0,0,0,0,0,0,0,0,0,0,1,0.020000,0.000000,0.000000,0.000000,0.000000,0.000000,0.000000,0.000000,0.000000,0.000000,0.000000,0.000000,0.000000,0.000000,0.000000,0.000000,0.000000,0.000000,0.000000,0.000000,0.000000
110850,0.886693,-0.058006,0.121413,-0.442346,0.000000,0.000000,0.000000,0.163000,0.209000,-0.956000,23.219769,100291.500000,86.400002,86.180000,0.220000,0.250000,12,1,1,1,3,24,1,24,37.5417676,127.0795314,28.953,0.300000,0.650000,0.005000,-0.002000,0.017000,0.117000,1582,1598,1314,1507,1448.000000,1552.500000,1590.000000,1410.500000,-104.500000,179.500000,1500.000000,1,0,1,1,1,0.000000,0.000000,0,1,1,1,1,15003,0.001000,0,-0.239852,-0.780415,-0.249746,-0.030791,-0.063085,0.018913,1,33.563759,-33.563759,3.231889,0.049426,1.697727,0.012453,-15.279048,8.821941,-39.598850,-15.279048,8.821941,-39.598850,-0.041936,0.250000,0.937500,2.500000,1.500000,1.000000,0.000198,1,0,0.251936,0.210000,0.047715,0.096403,0.984475,0,0,0,0,0,0.126000,1,0,0,0,0,0,0,0,0,0,0,1,0.023000,0.000000,0.000000,0.000000,0.000000,0.000000,0.000000,0.000000,0.000000,0.000000,0.000000,0.000000,0.000000,0.000000,0.000000,0.000000,0.000000,0.000000,0.000000,0.000000,0.000000
110955,0.886688,-0.058106,0.121412,-0.442344,0.000000,0.000000,0.000000,0.163000,0.210000,-0.953000,23.213282,100289.601563,86.559998,86.180000,0.380000,0.270000,31,1,1,1,3,24,1,24,37.5417676,127.0795314,28.963,0.301000,0.650000,0.000000,0.003000,0.014000,0.086000,1582,1598,1314,1507,1448.000000,1552.500000,1590.000000,1410.500000,-104.500000,179.500000,1500.000000,1,0,1,1,1,0.000000,0.000000,0,1,1,1,1,15003,0.005000,0,-0.241374,-0.779275,-0.262975,-0.029411,-0.048514,0.012038,1,33.903172,-33.903172,3.232962,0.047613,1.570041,0.013266,-15.261443,8.834068,-39.603775,-15.261443,8.834068,-39.603775,-0.034842,0.250000,0.937500,2.500000,1.500000,1.000000,0.000138,1,0,0.264842,0.230000,0.043702,0.057208,0.980343,1,1,1,1,1,0.127000,0,0,0,0,0,0,0,0,0,0,0,1,0.020000,0.000000,0.000000,0.000000,0.000000,0.000000,0.000000,0.000000,0.000000,0.000000,0.000000,0.000000,0.000000,0.000000,0.000000,0.000000,0.000000,0.000000,0.000000,0.000000,0.000000
111043,0.886677,-0.058105,0.121511,-0.442338,0.000000,0.000000,0.000000,0.164000,0.210000,-0.957000,23.219559,100290.500000,86.479996,86.180000,0.300000,0.280000,33,1,1,1,3,24,1,24,37.5417676,127.0795313,28.968,0.301000,0.649000,0.007000,-0.011000,0.018000,0.120000,1582,1598,1314,1507,1448.000000,1552.500000,1590.000000,1410.500000,-104.500000,179.500000,1500.000000,1,0,1,1,1,0.000000,0.000000,0,1,1,1,1,15003,0.001000,0,-0.241295,-0.780049,-0.276363,-0.014142,-0.044136,0.012217,1,34.184467,-34.184467,3.233976,0.042642,1.014916,0.015632,-15.247059,8.835019,-39.603241,-15.247059,8.835019,-39.603241,-0.038341,0.250000,0.937500,2.500000,1.500000,1.000000,0.000167,1,0,0.278341,0.240000,0.042201,0.024397,0.978806,1,1,1,1,1,0.122000,1,0,0,0,0,0,0,0,0,0,0,1,0.020000,0.000000,0.000000,0.000000,0.000000,0.000000,0.000000,0.000000,0.000000,0.000000,0.000000,0.000000,0.000000,0.000000,0.000000,0.000000,0.000000,0.000000,0.000000,0.000000,0.000000
111150,0.886677,-0.058105,0.121511,-0.442338,0.000000,0.000000,0.000000,0.161000,0.209000,-0.953000,23.220312,100291.101563,86.430000,86.180000,0.250000,0.290000,3,1,1,1,3,24,1,24,37.5417676,127.0795313,28.986,0.301000,0.649000,0.001000,-0.009000,0.002000,0.094000,1582,1598,1314,1507,1448.000000,1552.500000,1590.000000,1410.500000,-104.500000,179.500000,1500.000000,1,0,1,1,1,0.000000,0.000000,0,1,1,1,1,15003,0.001000,0,-0.242511,-0.781185,-0.289881,-0.013570,-0.034543,-0.001358,1,34.527351,-34.527351,3.235103,0.040475,0.699190,0.013327,-15.233344,8.845407,-39.606876,-15.233344,8.845407,-39.606876,-0.041680,0.250000,0.937500,2.500000,1.500000,1.000000,0.000197,1,0,0.291680,0.250000,0.043173,0.035589,0.979801,1,1,1,1,1,0.126000,1,0,0,0,0,0,0,0,0,0,0,1,0.020000,0.000000,0.000000,0.000000,0.000000,0.000000,0.000000,0.000000,0.000000,0.000000,0.000000,0.000000,0.000000,0.000000,0.000000,0.000000,0.000000,0.000000,0.000000,0.000000,0.000000
111256,0.886677,-0.058105,0.121511,-0.442338,0.000000,0.000000,0.000000,0.163000,0.209000,-0.954000,23.214720,100290.203125,86.509995,86.180000,0.330000,0.290000,0,1,1,1,3,24,1,24,37.5417676,127.0795312,28.983,0.301000,0.649000,0.006000,0.005000,0.015000,0.113000,1582,1598,1314,1507,1448.000000,1552.500000,1590.000000,1410.500000,-104.500000,179.500000,1500.000000,1,0,1,1,1,0.000000,0.000000,0,1,1,1,1,15003,0.002000,0,-0.243374,-0.782052,-0.301142,-0.006435,-0.016451,0.008333,1,34.876804,-34.876804,3.236096,0.039593,0.456403,0.006513,-15.211428,8.856409,-39.610538,-15.211428,8.856409,-39.610538,-0.053992,0.250000,0.750000,2.500000,1.200000,1.000000,0.000409,1,0,0.303992,0.250000,0.052791,0.028699,0.791800,1,1,1,1,1,0.124000,1,0,0,0,0,0,0,0,0,0,0,1,0.020000,0.000000,0.000000,0.000000,0.000000,0.000000,0.000000,0.000000,0.000000,0.000000,0.000000,0.000000,0.000000,0.000000,0.000000,0.000000,0.000000,0.000000,0.000000,0.000000,0.000000
111349,0.886672,-0.058205,0.121510,-0.442336,0.000000,0.000000,0.000000,0.163000,0.210000,-0.955000,23.225887,100293.101563,86.269997,86.180000,0.090000,0.260000,0,1,1,1,3,24,1,24,37.5417676,127.0795312,28.983,0.301000,0.649000,0.006000,0.005000,0.015000,0.113000,1582,1598,1314,1507,1448.000000,1552.500000,1590.000000,1410.500000,-104.500000,179.500000,1500.000000,1,0,1,1,1,0.000000,0.000000,0,1,1,1,1,15003,0.001000,0,-0.245127,-0.785523,-0.296868,-0.030856,-0.057340,0.013391,1,35.181057,-35.181057,3.237368,0.050408,1.703849,0.013005,-15.229850,8.857758,-39.610840,-15.229850,8.857758,-39.610840,-0.060763,0.250000,0.750000,2.500000,1.200000,1.000000,0.000518,1,0,0.300763,0.240000,0.053371,0.062328,0.792285,0,0,0,0,0,0.124000,1,0,0,0,0,0,0,0,0,0,0,1,0.020000,0.000000,0.000000,0.000000,0.000000,0.000000,0.000000,0.000000,0.000000,0.000000,0.000000,0.000000,0.000000,0.000000,0.000000,0.000000,0.000000,0.000000,0.000000,0.000000,0.000000
111464,0.886661,-0.058204,0.121608,-0.442330,0.000000,0.000000,0.000000,0.163000,0.209000,-0.956000,23.221889,100291.898438,86.369995,86.180000,0.190000,0.240000,0,1,1,1,3,24,1,24,37.5417676,127.0795312,28.994,0.301000,0.649000,0.003000,-0.010000,0.004000,0.112000,1582,1598,1314,1507,1448.000000,1552.500000,1590.000000,1410.500000,-104.500000,179.500000,1500.000000,1,0,1,1,1,0.000000,0.000000,0,1,1,1,1,15003,0.002000,0,-0.246022,-0.787873,-0.304896,-0.028301,-0.061194,0.006687,1,35.550198,-35.550198,3.238607,0.048862,1.645636,0.008710,-15.219047,8.862955,-39.611271,-15.219047,8.862955,-39.611271,-0.100618,0.250000,0.750000,2.500000,1.200000,1.000000,0.001421,1,0,0.310618,0.210000,0.052868,0.055986,0.791864,0,0,0,0,0,0.132000,0,0,0,0,0,0,0,0,0,0,0,1,0.020000,0.000000,0.000000,0.000000,0.000000,0.000000,0.000000,0.000000,0.000000,0.000000,0.000000,0.000000,0.000000,0.000000,0.000000,0.000000,0.000000,0.000000,0.000000,0.000000,0.000000
111558,0.886661,-0.058204,0.121608,-0.442330,0.000000,0.000000,0.000000,0.162000,0.209000,-0.954000,23.223749,100293.101563,86.269997,86.180000,0.090000,0.230000,9,1,1,1,3,24,1,24,37.5417675,127.0795311,29.007,0.302000,0.649000,-0.007000,0.000000,-0.002000,0.082000,1582,1598,1314,1507,1448.000000,1552.500000,1590.000000,1410.500000,-104.500000,179.500000,1500.000000,1,0,1,1,1,0.000000,0.000000,0,1,1,1,1,15003,0.005000,0,-0.248318,-0.787522,-0.304836,-0.029860,-0.040968,0.005610,1,35.844929,-35.844929,3.239493,0.042059,1.253866,0.011369,-15.202879,8.876703,-39.616409,-15.202879,8.876703,-39.616409,-0.121218,0.250000,0.750000,2.500000,1.200000,1.000000,0.002063,1,0,0.311218,0.190000,0.052425,0.063863,0.791494,1,1,1,1,1,0.118000,0,0,0,0,0,0,0,0,0,0,0,1,0.023000,0.000000,0.000000,0.000000,0.000000,0.000000,0.000000,0.000000,0.000000,0.000000,0.000000,0.000000,0.000000,0.000000,0.000000,0.000000,0.000000,0.000000,0.000000,0.000000,0.000000
111653,0.886661,-0.058204,0.121608,-0.442330,0.000000,0.000000,0.000000,0.162000,0.211000,-0.956000,23.218874,100292.101563,86.349998,86.180000,0.170000,0.220000,0,1,1,1,3,24,1,24,37.5417676,127.0795310,29.004,0.302000,0.649000,0.020000,-0.005000,0.014000,0.103000,1582,1598,1314,1507,1448.000000,1552.500000,1590.000000,1410.500000,-104.500000,179.500000,1500.000000,1,0,1,1,1,0.000000,0.000000,0,1,1,1,1,15003,0.002000,0,-0.246806,-0.789521,-0.313993,-0.000402,-0.033402,0.009158,1,36.165699,-36.165699,3.240486,0.040284,0.698422,0.002507,-15.179873,8.873313,-39.612473,-15.179873,8.873313,-39.612473,-0.114565,0.250000,0.750000,2.500000,1.200000,1.000000,0.001822,1,0,0.304565,0.190000,0.063004,0.168620,0.800430,1,1,1,1,1,0.125000,0,0,0,0,0,0,0,0,0,0,0,1,0.020000,0.000000,0.000000,0.000000,0.000000,0.000000,0.000000,0.000000,0.000000,0.000000,0.000000,0.000000,0.000000,0.000000,0.000000,0.000000,0.000000,0.000000,0.000000,0.000000,0.000000
111750,0.886661,-0.058204,0.121608,-0.442330,0.000000,0.000000,0.000000,0.164000,0.210000,-0.954000,23.218155,100290.703125,86.470001,86.180000,0.290000,0.240000,0,1,1,1,3,24,1,24,37.5417676,127.0795310,29.018,0.302000,0.648000,-0.006000,0.000000,0.005000,0.068000,1582,1598,1314,1507,1448.000000,1552.500000,1590.000000,1410.500000,-104.500000,179.500000,1500.000000,1,0,1,1,1,0.000000,0.000000,0,1,1,1,1,15003,0.002000,0,-0.248009,-0.791061,-0.311786,-0.012638,-0.016200,0.004159,1,36.476810,-36.476810,3.241120,0.037914,0.458740,0.010668,-15.167576,8.891148,-39.619400,-15.167576,8.891148,-39.619400,-0.117738,0.250000,0.750000,2.500000,1.200000,1.000000,0.001950,1,0,0.317738,0.200000,0.050552,0.029262,0.789933,1,1,1,1,1,0.126000,1,0,0,0,0,0,0,0,0,0,0,1,0.026000,0.000000,0.000000,0.000000,0.000000,0.000000,0.000000,0.000000,0.000000,0.000000,0.000000,0.000000,0.000000,0.000000,0.000000,0.000000,0.000000,0.000000,0.000000,0.000000,0.000000
111850,0.886661,-0.058204,0.121608,-0.442330,0.000000,0.000000,0.000000,0.162000,0.209000,-0.957000,23.219681,100291.898438,86.369995,86.180000,0.190000,0.230000,12,1,1,1,3,24,1,24,37.5417676,127.0795310,29.018,0.302000,0.648000,-0.006000,0.000000,0.005000,0.068000,1582,1598,1314,1507,1448.000000,1552.500000,1590.000000,1410.500000,-104.500000,179.500000,1500.000000,1,0,1,1,1,0.000000,0.000000,0,1,1,1,1,15003,0.001000,0,-0.250588,-0.794844,-0.298147,-0.038932,-0.059477,0.026364,1,36.800980,-36.800980,3.242014,0.046268,1.694901,0.004068,-15.187112,8.892982,-39.618771,-15.187112,8.892982,-39.618771,-0.114782,0.250000,0.750000,2.500000,1.200000,1.000000,0.001843,1,0,0.304782,0.190000,0.055509,0.118830,0.794078,0,0,0,0,0,0.126000,1,0,0,0,0,0,0,0,0,0,0,1,0.023000,0.000000,0.000000,0.000000,0.000000,0.000000,0.000000,0.000000,0.000000,0.000000,0.000000,0.000000,0.000000,0.000000,0.000000,0.000000,0.000000,0.000000,0.000000,0.000000,0.000000
111955,0.886661,-0.058204,0.121608,-0.442330,0.000000,0.000000,0.300000,0.163000,0.208000,-0.955000,23.222486,100292.898438,86.279999,86.180000,0.100000,0.210000,31,1,1,1,3,24,1,24,37.5417675,127.0795309,29.027,0.302000,0.648000,0.007000,-0.007000,0.006000,0.101000,1582,1598,1314,1507,1448.000000,1552.500000,1590.000000,1410.500000,-104.500000,179.500000,1500.000000,1,0,1,1,1,0.000000,0.000000,0,1,1,1,1,15003,0.005000,0,-0.250785,-0.797486,-0.301362,-0.024961,-0.056179,0.016398,1,37.141434,-37.141434,3.242563,0.044378,1.569115,0.004272,-15.169615,8.894854,-39.617435,-15.169615,8.894854,-39.617435,-0.138831,0.250000,0.750000,2.500000,1.200000,1.000000,0.002712,1,0,0.308831,0.170000,0.050390,0.070645,0.789798,1,1,1,1,1,0.127000,0,0,0,0,0,0,0,0,0,0,0,1,0.020000,0.000000,0.000000,0.000000,0.000000,0.000000,0.000000,0.000000,0.000000,0.000000,0.000000,0.000000,0.000000,0.000000,0.000000,0.000000,0.000000,0.000000,0.000000,0.000000,0.000000
112043,0.886661,-0.058204,0.121608,-0.442330,0.000000,0.000000,0.000000,0.161000,0.209000,-0.957000,23.225466,100294.101563,86.180000,86.180000,0.000000,0.180000,33,1,1,1,3,24,1,24,37.5417675,127.0795309,29.039,0.302000,0.648000,0.003000,0.004000,0.004000,0.091000,1582,1598,1314,1507,1448.000000,1552.500000,1590.000000,1410.500000,-104.500000,179.500000,1500.000000,1,0,1,1,1,0.000000,0.000000,0,1,1,1,1,15003,0.001000,0,-0.251467,-0.797445,-0.303082,-0.017016,-0.030278,0.006244,1,37.423550,-37.423550,3.243478,0.039348,1.014734,0.007640,-15.147839,8.906285,-39.620865,-15.147839,8.906285,-39.620865,-0.171568,0.250000,0.750000,2.500000,1.200000,1.000000,0.004150,1,0,0.311568,0.140000,0.048389,0.030140,0.788137,1,1,1,1,1,0.123000,0,0,0,0,0,0,0,0,0,0,0,1,0.020000,0.000000,0.000000,0.000000,0.000000,0.000000,0.000000,0.000000,0.000000,0.000000,0.000000,0.000000,0.000000,0.000000,0.000000,0.000000,0.000000,0.000000,0.000000,0.000000,0.000000
112150,0.886666,-0.058104,0.121609,-0.442333,0.000000,0.000000,0.000000,0.163000,0.209000,-0.958000,23.220049,100290.398438,86.489998,86.180000,0.310000,0.200000,3,1,1,1,3,24,1,24,37.5417675,127.0795309,29.047,0.302000,0.648000,0.001000,0.006000,0.006000,0.098000,1582,1598,1314,1507,1448.000000,1552.500000,1590.000000,1410.500000,-104.500000,179.500000,1500.000000,1,0,1,1,1,0.000000,0.000000,0,1,1,1,1,15003,0.001000,0,-0.252736,-0.798420,-0.299257,-0.014190,-0.019304,0.008424,1,37.767429,-37.767429,3.244260,0.037345,0.698879,0.003177,-15.132990,8.915368,-39.623436,-15.132990,8.915368,-39.623436,-0.146554,0.250000,0.750000,2.500000,1.200000,1.000000,0.003023,1,0,0.306554,0.160000,0.049793,0.044179,0.789302,1,1,1,1,1,0.125000,1,0,0,0,0,0,0,0,0,0,0,1,0.020000,0.000000,0.000000,0.000000,0.000000,0.000000,0.000000,0.000000,0.000000,0.000000,0.000000,0.000000,0.000000,0.000000,0.000000,0.000000,0.000000,0.000000,0.000000,0.000000,0.000000
112255,0.886666,-0.058104,0.121609,-0.442333,0.000000,0.000000,0.000000,0.162000,0.209000,-0.954000,23.219961,100291.000000,86.439995,86.180000,0.260000,0.200000,0,1,1,1,3,24,1,24,37.5417675,127.0795308,29.061,0.302000,0.648000,0.004000,-0.009000,-0.001000,0.083000,1582,1598,1314,1507,1448.000000,1552.500000,1590.000000,1410.500000,-104.500000,179.500000,1500.000000,1,0,1,1,1,0.000000,0.000000,0,1,1,1,1,15003,0.002000,0,-0.253851,-0.801576,-0.303483,-0.008133,-0.026376,-0.000619,1,38.117863,-38.117863,3.245555,0.037104,0.456394,0.024276,-15.122548,8.916956,-39.622177,-15.122548,8.916956,-39.622177,-0.150951,0.250000,0.750000,2.500000,1.200000,1.000000,0.003209,1,0,0.310951,0.160000,0.049472,0.028827,0.789035,1,1,1,1,1,0.123000,0,0,0,0,0,0,0,0,0,0,0,1,0.020000,0.000000,0.000000,0.000000,0.000000,0.000000,0.000000,0.000000,0.000000,0.000000,0.000000,0.000000,0.000000,0.000000,0.000000,0.000000,0.000000,0.000000,0.000000,0.000000,0.000000
112351,0.886666,-0.058104,0.121609,-0.442333,0.000000,0.000000,0.000000,0.161000,0.210000,-0.956000,23.219698,100290.500000,86.479996,86.180000,0.300000,0.220000,3,1,1,1,3,24,1,24,37.5417675,127.0795308,29.061,0.302000,0.648000,0.004000,-0.009000,-0.001000,0.083000,1582,1598,1314,1507,1448.000000,1552.500000,1590.000000,1410.500000,-104.500000,179.500000,1500.000000,1,0,1,1,1,0.000000,0.000000,0,1,1,1,1,15003,0.005000,0,-0.255757,-0.805859,-0.290632,-0.032939,-0.065738,0.024265,1,38.419765,-38.419765,3.246860,0.045828,1.685746,0.010395,-15.140644,8.918309,-39.622566,-15.140644,8.918309,-39.622566,-0.116318,0.250000,0.937500,2.500000,1.500000,1.000000,0.001525,1,0,0.296318,0.180000,0.048883,0.130825,0.985684,0,0,0,0,0,0.123000,0,0,0,0,0,0,0,0,0,0,0,1,0.020000,0.000000,0.000000,0.000000,0.000000,0.000000,0.000000,0.000000,0.000000,0.000000,0.000000,0.000000,0.000000,0.000000,0.000000,0.000000,0.000000,0.000000,0.000000,0.000000,0.000000
112451,0.886666,-0.058104,0.121609,-0.442333,0.000000,0.000000,0.000000,0.163000,0.208000,-0.954000,23.223099,100290.601563,86.479996,86.180000,0.300000,0.250000,0,1,1,1,3,24,1,24,37.5417675,127.0795308,29.068,0.303000,0.648000,0.002000,-0.001000,0.003000,0.085000,1582,1598,1314,1507,1448.000000,1552.500000,1590.000000,1410.500000,-104.500000,179.500000,1500.000000,1,0,1,1,1,0.000000,0.000000,0,1,1,1,1,15003,0.002000,0,-0.256737,-0.807516,-0.297548,-0.029323,-0.052593,0.019467,1,38.786701,-38.786701,3.247841,0.044335,1.627752,0.018021,-15.121595,8.928679,-39.625450,-15.121595,8.928679,-39.625450,-0.093254,0.250000,0.750000,2.500000,1.200000,1.000000,0.001212,1,0,0.303254,0.210000,0.059114,0.149634,0.797121,1,1,1,1,1,0.133000,1,0,0,0,0,0,0,0,0,0,0,1,0.020000,0.000000,0.000000,0.000000,0.000000,0.000000,0.000000,0.000000,0.000000,0.000000,0.000000,0.000000,0.000000,0.000000,0.000000,0.000000,0.000000,0.000000,0.000000,0.000000,0.000000
112558,0.886666,-0.058104,0.121609,-0.442333,0.000000,0.000000,0.000000,0.163000,0.210000,-0.955000,23.222925,100291.703125,86.379997,86.180000,0.200000,0.250000,12,1,1,1,3,24,1,24,37.5417675,127.0795307,29.082,0.303000,0.648000,-0.001000,0.001000,0.000000,0.071000,1582,1598,1314,1507,1448.000000,1552.500000,1590.000000,1410.500000,-104.500000,179.500000,1500.000000,1,0,1,1,1,0.000000,0.000000,0,1,1,1,1,15003,0.001000,0,-0.257498,-0.808721,-0.306242,-0.025717,-0.039420,0.004655,1,39.098541,-39.098541,3.248643,0.040421,1.176435,0.008282,-15.105923,8.937544,-39.627682,-15.105923,8.937544,-39.627682,-0.101451,0.250000,0.750000,2.500000,1.200000,1.000000,0.001447,1,0,0.311451,0.210000,0.050799,0.064097,0.790139,1,1,1,1,1,0.118000,1,0,0,0,0,0,0,0,0,0,0,1,0.021000,0.000000,0.000000,0.000000,0.000000,0.000000,0.000000,0.000000,0.000000,0.000000,0.000000,0.000000,0.000000,0.000000,0.000000,0.000000,0.000000,0.000000,0.000000,0.000000,0.000000
112644,0.886682,-0.058005,0.121511,-0.442341,0.000000,0.000000,0.000000,0.163000,0.210000,-0.955000,23.222504,100290.898438,86.449997,86.180000,0.270000,0.260000,13,1,1,1,3,24,1,24,37.5417674,127.0795307,29.095,0.303000,0.647000,0.002000,-0.011000,-0.006000,0.100000,1582,1598,1314,1507,1448.000000,1552.500000,1590.000000,1410.500000,-104.500000,179.500000,1500.000000,1,0,1,1,1,0.000000,0.000000,0,1,1,1,1,15003,0.002000,0,-0.258729,-0.811371,-0.315587,-0.013571,-0.033420,-0.007360,1,39.377953,-39.377953,3.249387,0.037505,0.772102,0.007660,-15.089788,8.939526,-39.626667,-15.089788,8.939526,-39.626667,-0.100351,0.250000,0.750000,2.500000,1.200000,1.000000,0.001420,1,0,0.320351,0.220000,0.048366,0.029169,0.788118,1,1,1,1,1,0.125000,1,0,0,0,0,0,0,0,0,0,0,1,0.022000,0.000000,0.000000,0.000000,0.000000,0.000000,0.000000,0.000000,0.000000,0.000000,0.000000,0.000000,0.000000,0.000000,0.000000,0.000000,0.000000,0.000000,0.000000,0.000000,0.000000
112748,0.886682,-0.058005,0.121511,-0.442341,0.000000,0.000000,0.000000,0.162000,0.209000,-0.958000,23.220137,100291.500000,86.400002,86.180000,0.220000,0.260000,31,1,1,1,3,24,1,24,37.5417674,127.0795306,29.111,0.303000,0.647000,-0.009000,0.003000,-0.007000,0.101000,1582,1598,1314,1507,1448.000000,1552.500000,1590.000000,1410.500000,-104.500000,179.500000,1500.000000,1,0,1,1,1,0.000000,0.000000,0,1,1,1,1,15003,0.005000,0,-0.261163,-0.813976,-0.325447,-0.017250,-0.013174,-0.012532,1,39.719208,-39.719208,3.250062,0.037806,0.484943,0.000652,-15.072870,8.953842,-39.633278,-15.072870,8.953842,-39.633278,-0.091579,0.250000,0.750000,2.500000,1.200000,1.000000,0.001174,1,0,0.311579,0.220000,0.055293,0.134430,0.793897,1,1,1,1,1,0.126000,1,0,0,0,0,0,0,0,0,0,0,1,0.020000,0.000000,0.000000,0.000000,0.000000,0.000000,0.000000,0.000000,0.000000,0.000000,0.000000,0.000000,0.000000,0.000000,0.000000,0.000000,0.000000,0.000000,0.000000,0.000000,0.000000
112866,0.886682,-0.058005,0.121511,-0.442341,0.000000,0.000000,0.000000,0.161000,0.208000,-0.957000,23.221487,100290.398438,86.489998,86.180000,0.310000,0.260000,0,1,1,1,3,23,1,23,37.5417674,127.0795306,29.113,0.303000,0.648000,0.005000,0.010000,-0.003000,0.108000,1582,1598,1314,1507,1448.000000,1552.500000,1590.000000,1410.500000,-104.500000,179.500000,1500.000000,1,0,1,1,1,0.000000,0.000000,0,1,1,1,1,15003,0.001000,0,-0.262770,-0.815873,-0.334410,-0.004064,-0.002846,-0.010793,1,40.099483,-40.099483,3.250790,0.038372,0.219850,0.006110,-15.052965,8.958454,-39.633175,-15.052965,8.958454,-39.633175,-0.100928,0.250000,0.750000,2.500000,1.200000,1.000000,0.001434,1,0,0.320928,0.220000,0.049478,0.068761,0.789040,1,1,1,1,1,0.124000,0,0,0,0,0,0,0,0,0,0,0,1,0.020000,0.000000,0.000000,0.000000,0.000000,0.000000,0.000000,0.000000,0.000000,0.000000,0.000000,0.000000,0.000000,0.000000,0.000000,0.000000,0.000000,0.000000,0.000000,0.000000,0.000000
112961,0.886682,-0.058005,0.121511,-0.442341,0.000000,0.000000,0.000000,0.163000,0.208000,-0.960000,23.219927,100291.203125,86.430000,86.180000,0.250000,0.270000,3,1,1,1,3,23,1,23,37.5417674,127.0795306,29.113,0.303000,0.648000,0.005000,0.010000,-0.003000,0.108000,1582,1598,1314,1507,1448.000000,1552.500000,1590.000000,1410.500000,-104.500000,179.500000,1500.000000,1,0,1,1,1,0.000000,0.000000,0,1,1,1,1,15003,0.005000,0,-0.264287,-0.817945,-0.319190,-0.028552,-0.041637,0.009400,1,40.401829,-40.401829,3.251427,0.042282,1.503544,0.010051,-15.070430,8.959976,-39.633553,-15.070430,8.959976,-39.633553,-0.094518,0.250000,0.750000,2.500000,1.200000,1.000000,0.001249,1,0,0.324518,0.230000,0.056376,0.132541,0.794808,0,0,0,0,0,0.124000,0,0,0,0,0,0,0,0,0,0,0,1,0.020000,0.000000,0.000000,0.000000,0.000000,0.000000,0.000000,0.000000,0.000000,0.000000,0.000000,0.000000,0.000000,0.000000,0.000000,0.000000,0.000000,0.000000,0.000000,0.000000,0.000000
113053,0.886687,-0.057906,0.121512,-0.442344,0.000000,0.000000,0.000000,0.162000,0.207000,-0.955000,23.221697,100291.000000,86.439995,86.180000,0.260000,0.260000,0,1,1,1,3,23,1,23,37.5417674,127.0795305,29.123,0.304000,0.648000,0.005000,-0.002000,-0.002000,0.065000,1582,1598,1314,1507,1448.000000,1552.500000,1590.000000,1410.500000,-104.500000,179.500000,1500.000000,1,0,1,1,1,0.000000,0.000000,0,1,1,1,1,15003,0.002000,0,-0.264613,-0.820577,-0.332314,-0.019429,-0.038451,-0.004363,1,40.704239,-40.704239,3.251975,0.039077,0.937882,0.011772,-15.056073,8.962510,-39.632496,-15.056073,8.962510,-39.632496,-0.117793,0.250000,0.750000,2.500000,1.200000,1.000000,0.001956,1,0,0.337793,0.220000,0.048472,0.029179,0.788206,1,1,1,1,1,0.125000,1,0,0,0,0,0,0,0,0,0,0,1,0.020000,0.000000,0.000000,0.000000,0.000000,0.000000,0.000000,0.000000,0.000000,0.000000,0.000000,0.000000,0.000000,0.000000,0.000000,0.000000,0.000000,0.000000,0.000000,0.000000,0.000000
113153,0.886687,-0.057906,0.121512,-0.442344,0.000000,0.000000,0.000000,0.163000,0.208000,-0.957000,23.223013,100291.398438,86.409996,86.180000,0.230000,0.260000,7,1,1,1,3,23,1,23,37.5417674,127.0795304,29.131,0.304000,0.648000,0.013000,-0.003000,0.011000,0.105000,1582,1598,1314,1507,1448.000000,1552.500000,1590.000000,1410.500000,-104.500000,179.500000,1500.000000,1,0,1,1,1,0.000000,0.000000,0,1,1,1,1,15003,0.002000,0,-0.264512,-0.824066,-0.331936,-0.006163,-0.031176,0.011020,1,41.035992,-41.035992,3.253063,0.036278,0.744312,0.002578,-15.037045,8.965119,-39.631317,-15.037045,8.965119,-39.631317,-0.117718,0.250000,0.750000,2.500000,1.200000,1.000000,0.001954,1,0,0.337718,0.220000,0.048371,0.044916,0.788122,1,1,1,1,1,0.125000,0,0,0,0,0,0,0,0,0,0,0,1,0.020000,0.000000,0.000000,0.000000,0.000000,0.000000,0.000000,0.000000,0.000000,0.000000,0.000000,0.000000,0.000000,0.000000,0.000000,0.000000,0.000000,0.000000,0.000000,0.000000,0.000000
113251,0.886698,-0.057906,0.121413,-0.442349,0.000000,0.000000,0.000000,0.163000,0.207000,-0.955000,23.221575,100290.898438,86.449997,86.180000,0.270000,0.260000,0,1,1,1,3,24,1,24,37.5417674,127.0795303,29.130,0.304000,0.648000,0.006000,-0.042000,0.022000,0.118000,1582,1598,1314,1507,1448.000000,1552.500000,1590.000000,1410.500000,-104.500000,179.500000,1500.000000,1,0,1,1,1,0.000000,0.000000,0,1,1,1,1,15003,0.002000,0,-0.265130,-0.831037,-0.342363,-0.003796,-0.053641,0.014423,1,41.348347,-41.348347,3.253760,0.037958,0.563388,0.005865,-15.036293,8.960983,-39.627506,-15.036293,8.960983,-39.627506,-0.111537,0.250000,0.750000,2.500000,1.200000,1.000000,0.001749,1,0,0.331537,0.220000,0.051119,0.092435,0.790404,1,1,1,1,1,0.125000,0,0,0,0,0,0,0,0,0,0,0,1,0.025000,0.000000,0.000000,0.000000,0.000000,0.000000,0.000000,0.000000,0.000000,0.000000,0.000000,0.000000,0.000000,0.000000,0.000000,0.000000,0.000000,0.000000,0.000000,0.000000,0.000000
113350,0.886698,-0.057906,0.121413,-0.442349,0.000000,0.000000,0.000000,0.164000,0.206000,-0.957000,23.225958,100290.101563,86.519997,86.180000,0.340000,0.270000,12,1,1,1,3,24,1,24,37.5417674,127.0795303,29.130,0.304000,0.648000,0.006000,-0.042000,0.022000,0.118000,1582,1598,1314,1507,1448.000000,1552.500000,1590.000000,1410.500000,-104.500000,179.500000,1500.000000,1,0,1,1,1,0.000000,0.000000,0,1,1,1,1,15003,0.001000,0,-0.266830,-0.838480,-0.322822,-0.030282,-0.095237,0.040827,1,41.673752,-41.673752,3.254500,0.046743,1.843510,0.008694,-15.054933,8.962629,-39.627899,-15.054933,8.962629,-39.627899,-0.098685,0.250000,0.750000,2.500000,1.200000,1.000000,0.001363,1,0,0.328685,0.230000,0.055274,0.136380,0.793881,0,0,0,0,0,0.125000,0,0,0,0,0,0,0,0,0,0,0,1,0.023000,0.000000,0.000000,0.000000,0.000000,0.000000,0.000000,0.000000,0.000000,0.000000,0.000000,0.000000,0.000000,0.000000,0.000000,0.000000,0.000000,0.000000,0.000000,0.000000,0.000000
113459,0.886703,-0.057807,0.121414,-0.442351,0.000000,0.000000,0.000000,0.162000,0.208000,-0.954000,23.226658,100292.804688,86.290001,86.180000,0.110000,0.250000,35,1,1,1,3,24,1,24,37.5417674,127.0795303,29.139,0.304000,0.648000,0.014000,0.020000,0.020000,0.107000,1582,1598,1314,1507,1448.000000,1552.500000,1590.000000,1410.500000,-104.500000,179.500000,1500.000000,1,0,1,1,1,0.000000,0.000000,0,1,1,1,1,15003,0.001000,0,-0.265849,-0.835975,-0.327768,-0.017329,-0.033874,0.029839,1,42.025276,-42.025276,3.255452,0.044698,1.644103,0.011469,-15.013541,8.985101,-39.635597,-15.013541,8.985101,-39.635597,-0.124994,0.250000,0.750000,2.500000,1.200000,1.000000,0.002198,1,0,0.334994,0.210000,0.050220,0.082175,0.789656,1,1,1,1,1,0.132000,0,0,0,0,0,0,0,0,0,0,0,1,0.020000,0.000000,0.000000,0.000000,0.000000,0.000000,0.000000,0.000000,0.000000,0.000000,0.000000,0.000000,0.000000,0.000000,0.000000,0.000000,0.000000,0.000000,0.000000,0.000000,0.000000
113543,0.886703,-0.057807,0.121414,-0.442351,0.000000,0.000000,0.000000,0.164000,0.207000,-0.953000,23.226572,100292.898438,86.279999,86.180000,0.100000,0.230000,33,1,1,1,3,24,1,24,37.5417674,127.0795302,29.148,0.305000,0.648000,0.002000,-0.008000,0.009000,0.111000,1582,1598,1314,1507,1448.000000,1552.500000,1590.000000,1410.500000,-104.500000,179.500000,1500.000000,1,0,1,1,1,0.000000,0.000000,0,1,1,1,1,15003,0.001000,0,-0.266558,-0.839750,-0.332722,-0.017742,-0.038087,0.010935,1,42.298771,-42.298771,3.256593,0.038832,1.014950,0.013252,-15.007516,8.988397,-39.635414,-15.007516,8.988397,-39.635414,-0.150198,0.250000,0.750000,2.500000,1.200000,1.000000,0.003183,1,0,0.340198,0.190000,0.047631,0.030968,0.787510,1,1,1,1,1,0.117000,0,0,0,0,0,0,0,0,0,0,0,1,0.020000,0.000000,0.000000,0.000000,0.000000,0.000000,0.000000,0.000000,0.000000,0.000000,0.000000,0.000000,0.000000,0.000000,0.000000,0.000000,0.000000,0.000000,0.000000,0.000000,0.000000
113660,0.886703,-0.057807,0.121414,-0.442351,0.000000,0.000000,0.000000,0.160000,0.207000,-0.958000,23.225239,100292.101563,86.349998,86.180000,0.170000,0.210000,0,1,1,1,3,25,1,25,37.5417674,127.0795301,29.160,0.305000,0.648000,-0.008000,-0.018000,0.002000,0.106000,1582,1598,1314,1507,1448.000000,1552.500000,1590.000000,1410.500000,-104.500000,179.500000,1500.000000,1,0,1,1,1,0.000000,0.000000,0,1,1,1,1,15003,0.002000,0,-0.268366,-0.845353,-0.328120,-0.019085,-0.035553,0.002789,1,42.683132,-42.683132,3.257405,0.037506,0.512805,0.005288,-14.995454,8.996242,-39.636749,-14.995454,8.996242,-39.636749,-0.166443,0.250000,0.750000,2.500000,1.200000,1.000000,0.003899,1,0,0.336443,0.170000,0.050008,0.034166,0.789480,1,1,1,1,1,0.155000,1,0,0,0,0,0,0,0,0,0,0,1,0.021000,0.000000,0.000000,0.000000,0.000000,0.000000,0.000000,0.000000,0.000000,0.000000,0.000000,0.000000,0.000000,0.000000,0.000000,0.000000,0.000000,0.000000,0.000000,0.000000,0.000000
113751,0.886703,-0.057807,0.121414,-0.442351,0.000000,0.000000,0.000000,0.163000,0.210000,-0.953000,23.229568,100292.500000,86.320000,86.180000,0.140000,0.200000,0,1,1,1,3,25,1,25,37.5417673,127.0795301,29.178,0.305000,0.648000,0.008000,0.045000,-0.010000,0.109000,1582,1598,1314,1507,1448.000000,1552.500000,1590.000000,1410.500000,-104.500000,179.500000,1500.000000,1,0,1,1,1,0.000000,0.000000,0,1,1,1,1,15003,0.002000,0,-0.269694,-0.845743,-0.340319,-0.002738,0.023290,-0.013992,1,42.969814,-42.969814,3.257962,0.038799,0.455520,0.007772,-14.955198,9.015085,-39.643250,-14.955198,9.015085,-39.643250,-0.157993,0.250000,0.750000,2.500000,1.200000,1.000000,0.003507,1,0,0.327993,0.170000,0.051659,0.073689,0.790855,1,1,1,1,1,0.098000,0,0,0,0,0,0,0,0,0,0,0,1,0.020000,0.000000,0.000000,0.000000,0.000000,0.000000,0.000000,0.000000,0.000000,0.000000,0.000000,0.000000,0.000000,0.000000,0.000000,0.000000,0.000000,0.000000,0.000000,0.000000,0.000000
