timestamp_ms,baro_temp_c,baro_pressure_pa,baro_rel_alt_lpf_m,baro_age_ms,baro_ready,M1,M2,M3,M4,ekf_pwm_mean,motor_output_allowed,motor_on_detected,flight_mode,ekf_ready,ekf_pos_d,ekf_vel_d,roll_deg,pitch_deg,yaw_deg,baro_innov_m,baro_test_ratio,baro_update_used,baro_rejected,vel_ctrl_active,vel_filt_n_mps,vel_filt_e_mps,vel_err_n_mps,vel_err_e_mps,roll_des_slew_deg,pitch_des_slew_deg,alt_ctrl_enabled,alt_ctrl_allowed,alt_ctrl_active,alt_hold_latched,alt_ctrl_block_reason,alt_sp_m,alt_meas_m,vel_up_mps,alt_err_m,vel_err_mps,alt_p_term_us,alt_d_term_us,alt_i_term_us,alt_throttle_corr_us,alt_throttle_corr_sat,alt_base_pwm_us,alt_cmd_pwm_us,alt_base_pwm_latched
7844,39.402485,100794.203125,-0.110000,19,1,1000,1000,1000,1000,1000.000000,0,0,0,0,0.000000,0.000000,0.000000,0.000000,0.000000,0.000000,0.000000,0,0,0,0.000000,0.000000,0.000000,0.000000,0.000000,0.000000,0,0,0,0,0,0.000000,0.000000,0.000000,0.000000,0.000000,0.000000,0.000000,0.000000,0.000000,0,0.000000,0.000000,0.000000
7951,39.404865,100794.000000,-0.080000,0,1,1000,1000,1000,1000,1000.000000,0,0,0,0,0.000000,0.000000,0.000000,0.000000,0.000000,0.000000,0.000000,0,0,0,0.000000,0.000000,0.000000,0.000000,0.000000,0.000000,0,0,0,0,0,0.000000,0.000000,0.000000,0.000000,0.000000,0.000000,0.000000,0.000000,0.000000,0,0.000000,0.000000,0.000000
8056,39.410671,100795.703125,-0.080000,19,1,1000,1000,1000,1000,1000.000000,0,0,0,0,0.000000,0.000000,0.000000,0.000000,0.000000,0.000000,0.000000,0,0,0,0.000000,0.000000,0.000000,0.000000,0.000000,0.000000,0,0,0,0,0,0.000000,0.000000,0.000000,0.000000,0.000000,0.000000,0.000000,0.000000,0.000000,0,0.000000,0.000000,0.000000
8142,39.408871,100794.304688,-0.080000,21,1,1000,1000,1000,1000,1000.000000,0,0,0,0,0.000000,0.000000,0.000000,0.000000,0.000000,0.000000,0.000000,0,0,0,0.000000,0.000000,0.000000,0.000000,0.000000,0.000000,0,0,0,0,0,0.000000,0.000000,0.000000,0.000000,0.000000,0.000000,0.000000,0.000000,0.000000,0,0.000000,0.000000,0.000000
8249,39.410564,100793.304688,-0.060000,0,1,1000,1000,1000,1000,1000.000000,0,0,0,0,0.000000,0.000000,0.000000,0.000000,0.000000,0.000000,0.000000,0,0,0,0.000000,0.000000,0.000000,0.000000,0.000000,0.000000,0,0,0,0,0,0.000000,0.000000,0.000000,0.000000,0.000000,0.000000,0.000000,0.000000,0.000000,0,0.000000,0.000000,0.000000
8356,39.413082,100792.101563,-0.030000,19,1,1000,1000,1000,1000,1000.000000,0,0,0,0,0.000000,0.000000,0.000000,0.000000,0.000000,0.000000,0.000000,0,0,0,0.000000,0.000000,0.000000,0.000000,0.000000,0.000000,0,0,0,0,0,0.000000,0.000000,0.000000,0.000000,0.000000,0.000000,0.000000,0.000000,0.000000,0,0.000000,0.000000,0.000000
8442,39.419083,100793.804688,-0.040000,21,1,1000,1000,1000,1000,1000.000000,0,0,0,0,0.000000,0.000000,0.000000,0.000000,0.000000,0.000000,0.000000,0,0,0,0.000000,0.000000,0.000000,0.000000,0.000000,0.000000,0,0,0,0,0,0.000000,0.000000,0.000000,0.000000,0.000000,0.000000,0.000000,0.000000,0.000000,0,0.000000,0.000000,0.000000
8549,39.418785,100792.703125,-0.020000,0,1,1000,1000,1000,1000,1000.000000,0,0,0,0,0.000000,0.000000,0.000000,0.000000,0.000000,0.000000,0.000000,0,0,0,0.000000,0.000000,0.000000,0.000000,0.000000,0.000000,0,0,0,0,0,0.000000,0.000000,0.000000,0.000000,0.000000,0.000000,0.000000,0.000000,0.000000,0,0.000000,0.000000,0.000000
8657,39.426441,100795.203125,-0.030000,20,1,1000,1000,1000,1000,1000.000000,0,0,0,0,0.000000,0.000000,0.000000,0.000000,0.000000,0.000000,0.000000,0,0,0,0.000000,0.000000,0.000000,0.000000,0.000000,0.000000,0,0,0,0,0,0.000000,0.000000,0.000000,0.000000,0.000000,0.000000,0.000000,0.000000,0.000000,0,0.000000,0.000000,0.000000
8746,39.424675,100793.500000,-0.020000,23,1,1000,1000,1000,1000,1000.000000,0,0,0,0,0.000000,0.000000,0.000000,0.000000,0.000000,0.000000,0.000000,0,0,0,0.000000,0.000000,0.000000,0.000000,0.000000,0.000000,0,0,0,0,0,0.000000,0.000000,0.000000,0.000000,0.000000,0.000000,0.000000,0.000000,0.000000,0,0.000000,0.000000,0.000000
8857,39.422630,100792.398438,0.010000,6,1,1000,1000,1000,1000,1000.000000,0,0,0,0,0.000000,0.000000,0.000000,0.000000,0.000000,0.000000,0.000000,0,0,0,0.000000,0.000000,0.000000,0.000000,0.000000,0.000000,0,0,0,0,0,0.000000,0.000000,0.000000,0.000000,0.000000,0.000000,0.000000,0.000000,0.000000,0,0.000000,0.000000,0.000000
8942,39.426949,100794.304688,0.010000,5,1,1000,1000,1000,1000,1000.000000,0,0,0,0,0.000000,0.000000,0.000000,0.000000,0.000000,0.000000,0.000000,0,0,0,0.000000,0.000000,0.000000,0.000000,0.000000,0.000000,0,0,0,0,0,0.000000,0.000000,0.000000,0.000000,0.000000,0.000000,0.000000,0.000000,0.000000,0,0.000000,0.000000,0.000000
9047,39.428158,100793.601563,0.000000,26,1,1000,1000,1000,1000,1000.000000,0,0,0,0,0.000000,0.000000,0.000000,0.000000,0.000000,0.000000,0.000000,0,0,0,0.000000,0.000000,0.000000,0.000000,0.000000,0.000000,0,0,0,0,0,0.000000,0.000000,0.000000,0.000000,0.000000,0.000000,0.000000,0.000000,0.000000,0,0.000000,0.000000,0.000000
9151,39.431076,100793.000000,0.010000,2,1,1000,1000,1000,1000,1000.000000,0,0,0,0,0.000000,0.000000,0.000000,0.000000,0.000000,0.000000,0.000000,0,0,0,0.000000,0.000000,0.000000,0.000000,0.000000,0.000000,0,0,0,0,0,0.000000,0.000000,0.000000,0.000000,0.000000,0.000000,0.000000,0.000000,0.000000,0,0.000000,0.000000,0.000000
9256,39.438629,100794.398438,0.010000,19,1,1000,1000,1000,1000,1000.000000,0,0,0,0,0.000000,0.000000,0.000000,0.000000,0.000000,0.000000,0.000000,0,0,0,0.000000,0.000000,0.000000,0.000000,0.000000,0.000000,0,0,0,0,0,0.000000,0.000000,0.000000,0.000000,0.000000,0.000000,0.000000,0.000000,0.000000,0,0.000000,0.000000,0.000000
9342,39.432999,100792.500000,0.030000,21,1,1000,1000,1000,1000,1000.000000,0,0,0,0,0.000000,0.000000,0.000000,0.000000,0.000000,0.000000,0.000000,0,0,0,0.000000,0.000000,0.000000,0.000000,0.000000,0.000000,0,0,0,0,0,0.000000,0.000000,0.000000,0.000000,0.000000,0.000000,0.000000,0.000000,0.000000,0,0.000000,0.000000,0.000000
9447,39.432564,100791.398438,0.060000,0,1,1000,1000,1000,1000,1000.000000,0,0,0,0,0.000000,0.000000,0.000000,0.000000,0.000000,0.000000,0.000000,0,0,0,0.000000,0.000000,0.000000,0.000000,0.000000,0.000000,0,0,0,0,0,0.000000,0.000000,0.000000,0.000000,0.000000,0.000000,0.000000,0.000000,0.000000,0,0.000000,0.000000,0.000000
9554,39.434628,100792.304688,0.080000,19,1,1000,1000,1000,1000,1000.000000,0,0,0,0,0.000000,0.000000,0.000000,0.000000,0.000000,0.000000,0.000000,0,0,0,0.000000,0.000000,0.000000,0.000000,0.000000,0.000000,0,0,0,0,0,0.000000,0.000000,0.000000,0.000000,0.000000,0.000000,0.000000,0.000000,0.000000,0,0.000000,0.000000,0.000000
9642,39.436375,100792.304688,0.100000,23,1,1000,1000,1000,1000,1000.000000,0,0,0,0,0.000000,0.000000,0.000000,0.000000,0.000000,0.000000,0.000000,0,0,0,0.000000,0.000000,0.000000,0.000000,0.000000,0.000000,0,0,0,0,0,0.000000,0.000000,0.000000,0.000000,0.000000,0.000000,0.000000,0.000000,0.000000,0,0.000000,0.000000,0.000000
9752,39.442200,100794.203125,0.070000,0,1,1000,1000,1000,1000,1000.000000,0,0,0,0,0.000000,0.000000,0.000000,0.000000,0.000000,0.000000,0.000000,0,0,0,0.000000,0.000000,0.000000,0.000000,0.000000,0.000000,0,0,0,0,0,0.000000,0.000000,0.000000,0.000000,0.000000,0.000000,0.000000,0.000000,0.000000,0,0.000000,0.000000,0.000000
9856,39.442757,100794.398438,0.050000,19,1,1000,1000,1000,1000,1000.000000,0,0,0,0,0.000000,0.000000,0.000000,0.000000,0.000000,0.000000,0.000000,0,0,0,0.000000,0.000000,0.000000,0.000000,0.000000,0.000000,0,0,0,0,0,0.000000,0.000000,0.000000,0.000000,0.000000,0.000000,0.000000,0.000000,0.000000,0,0.000000,0.000000,0.000000
9947,39.449753,100795.000000,0.030000,26,1,1000,1000,1000,1000,1000.000000,0,0,0,0,0.000000,0.000000,0.000000,0.000000,0.000000,0.000000,0.000000,0,0,0,0.000000,0.000000,0.000000,0.000000,0.000000,0.000000,0,0,0,0,0,0.000000,0.000000,0.000000,0.000000,0.000000,0.000000,0.000000,0.000000,0.000000,0,0.000000,0.000000,0.000000
10051,39.447338,100792.500000,0.030000,2,1,1000,1000,1000,1000,1000.000000,0,0,0,0,0.000000,0.000000,0.000000,0.000000,0.000000,0.000000,0.000000,0,0,0,0.000000,0.000000,0.000000,0.000000,0.000000,0.000000,0,0,0,0,0,0.000000,0.000000,0.000000,0.000000,0.000000,0.000000,0.000000,0.000000,0.000000,0,0.000000,0.000000,0.000000
10156,39.451168,100792.203125,0.050000,19,1,1000,1000,1000,1000,1000.000000,0,0,0,0,0.000000,0.000000,0.000000,0.000000,0.000000,0.000000,0.000000,0,0,0,0.000000,0.000000,0.000000,0.000000,0.000000,0.000000,0,0,0,0,0,0.000000,0.000000,0.000000,0.000000,0.000000,0.000000,0.000000,0.000000,0.000000,0,0.000000,0.000000,0.000000
10242,39.450836,100793.304688,0.050000,20,1,1000,1000,1000,1000,1000.000000,0,0,0,0,0.000000,0.000000,0.000000,0.000000,0.000000,0.000000,0.000000,0,0,0,0.000000,0.000000,0.000000,0.000000,0.000000,0.000000,0,0,0,0,0,0.000000,0.000000,0.000000,0.000000,0.000000,0.000000,0.000000,0.000000,0.000000,0,0.000000,0.000000,0.000000
10351,39.454945,100793.703125,0.060000,0,1,1000,1000,1000,1000,1000.000000,0,0,0,0,0.000000,0.000000,0.000000,0.000000,0.000000,0.000000,0.000000,0,0,0,0.000000,0.000000,0.000000,0.000000,0.000000,0.000000,0,0,0,0,0,0.000000,0.000000,0.000000,0.000000,0.000000,0.000000,0.000000,0.000000,0.000000,0,0.000000,0.000000,0.000000
10456,39.457516,100794.203125,0.050000,19,1,1000,1000,1000,1000,1000.000000,0,0,0,0,0.000000,0.000000,0.000000,0.000000,0.000000,0.000000,0.000000,0,0,0,0.000000,0.000000,0.000000,0.000000,0.000000,0.000000,0,0,0,0,0,0.000000,0.000000,0.000000,0.000000,0.000000,0.000000,0.000000,0.000000,0.000000,0,0.000000,0.000000,0.000000
10542,39.458618,100793.804688,0.040000,21,1,1000,1000,1000,1000,1000.000000,0,0,0,0,0.000000,0.000000,0.000000,0.000000,0.000000,0.000000,0.000000,0,0,0,0.000000,0.000000,0.000000,0.000000,0.000000,0.000000,0,0,0,0,0,0.000000,0.000000,0.000000,0.000000,0.000000,0.000000,0.000000,0.000000,0.000000,0,0.000000,0.000000,0.000000
10649,39.458759,100793.500000,0.020000,0,1,1000,1000,1000,1000,1000.000000,0,0,0,0,0.000000,0.000000,0.000000,0.000000,0.000000,0.000000,0.000000,0,0,0,0.000000,0.000000,0.000000,0.000000,0.000000,0.000000,0,0,0,0,0,0.000000,0.000000,0.000000,0.000000,0.000000,0.000000,0.000000,0.000000,0.000000,0,0.000000,0.000000,0.000000
10759,39.466084,100795.898438,0.000000,22,1,1000,1000,1000,1000,1000.000000,0,0,0,0,0.000000,0.000000,0.000000,0.000000,0.000000,0.000000,0.000000,0,0,0,0.000000,0.000000,0.000000,0.000000,0.000000,0.000000,0,0,0,0,0,0.000000,0.000000,0.000000,0.000000,0.000000,0.000000,0.000000,0.000000,0.000000,0,0.000000,0.000000,0.000000
10843,39.457935,100792.203125,0.010000,20,1,1000,1000,1000,1000,1000.000000,0,0,0,0,0.000000,0.000000,0.000000,0.000000,0.000000,0.000000,0.000000,0,0,0,0.000000,0.000000,0.000000,0.000000,0.000000,0.000000,0,0,0,0,0,0.000000,0.000000,0.000000,0.000000,0.000000,0.000000,0.000000,0.000000,0.000000,0,0.000000,0.000000,0.000000
10952,39.465401,100794.500000,-0.010000,0,1,1000,1000,1000,1000,1000.000000,0,0,0,0,0.000000,0.000000,0.000000,0.000000,0.000000,0.000000,0.000000,0,0,0,0.000000,0.000000,0.000000,0.000000,0.000000,0.000000,0,0,0,0,0,0.000000,0.000000,0.000000,0.000000,0.000000,0.000000,0.000000,0.000000,0.000000,0,0.000000,0.000000,0.000000
11042,39.464180,100793.804688,-0.010000,5,1,1000,1000,1000,1000,1000.000000,0,0,0,0,0.000000,0.000000,0.000000,0.000000,0.000000,0.000000,0.000000,0,0,0,0.000000,0.000000,0.000000,0.000000,0.000000,0.000000,0,0,0,0,0,0.000000,0.000000,0.000000,0.000000,0.000000,0.000000,0.000000,0.000000,0.000000,0,0.000000,0.000000,0.000000
11147,39.468445,100794.898438,-0.020000,26,1,1000,1000,1000,1000,1000.000000,0,0,0,0,0.000000,0.000000,0.000000,0.000000,0.000000,0.000000,0.000000,0,0,0,0.000000,0.000000,0.000000,0.000000,0.000000,0.000000,0,0,0,0,0,0.000000,0.000000,0.000000,0.000000,0.000000,0.000000,0.000000,0.000000,0.000000,0,0.000000,0.000000,0.000000
11251,39.469635,100794.203125,-0.020000,1,1,1000,1000,1000,1000,1000.000000,0,0,0,0,0.000000,0.000000,0.000000,0.000000,0.000000,0.000000,0.000000,0,0,0,0.000000,0.000000,0.000000,0.000000,0.000000,0.000000,0,0,0,0,0,0.000000,0.000000,0.000000,0.000000,0.000000,0.000000,0.000000,0.000000,0.000000,0,0.000000,0.000000,0.000000
11357,39.466259,100794.000000,-0.010000,20,1,1000,1000,1000,1000,1000.000000,0,0,0,0,0.000000,0.000000,0.000000,0.000000,0.000000,0.000000,0.000000,0,0,0,0.000000,0.000000,0.000000,0.000000,0.000000,0.000000,0,0,0,0,0,0.000000,0.000000,0.000000,0.000000,0.000000,0.000000,0.000000,0.000000,0.000000,0,0.000000,0.000000,0.000000
11443,39.472206,100794.101563,-0.020000,20,1,1000,1000,1000,1000,1000.000000,0,0,0,0,0.000000,0.000000,0.000000,0.000000,0.000000,0.000000,0.000000,0,0,0,0.000000,0.000000,0.000000,0.000000,0.000000,0.000000,0,0,0,0,0,0.000000,0.000000,0.000000,0.000000,0.000000,0.000000,0.000000,0.000000,0.000000,0,0.000000,0.000000,0.000000
11552,39.471767,100793.000000,-0.010000,0,1,1000,1000,1000,1000,1000.000000,0,0,0,0,0.000000,0.000000,0.000000,0.000000,0.000000,0.000000,0.000000,0,0,0,0.000000,0.000000,0.000000,0.000000,0.000000,0.000000,0,0,0,0,0,0.000000,0.000000,0.000000,0.000000,0.000000,0.000000,0.000000,0.000000,0.000000,0,0.000000,0.000000,0.000000
11642,39.469196,100792.101563,0.010000,0,1,1000,1000,1000,1000,1000.000000,0,0,0,0,0.000000,0.000000,0.000000,0.000000,0.000000,0.000000,0.000000,0,0,0,0.000000,0.000000,0.000000,0.000000,0.000000,0.000000,0,0,0,0,0,0.000000,0.000000,0.000000,0.000000,0.000000,0.000000,0.000000,0.000000,0.000000,0,0.000000,0.000000,0.000000
11747,39.478569,100793.601563,0.010000,20,1,1000,1000,1000,1000,1000.000000,0,0,0,0,0.000000,0.000000,0.000000,0.000000,0.000000,0.000000,0.000000,0,0,0,0.000000,0.000000,0.000000,0.000000,0.000000,0.000000,0,0,0,0,0,0.000000,0.000000,0.000000,0.000000,0.000000,0.000000,0.000000,0.000000,0.000000,0,0.000000,0.000000,0.000000
11856,39.478306,100793.398438,-0.010000,0,1,1000,1000,1000,1000,1000.000000,0,0,0,0,0.000000,0.000000,0.000000,0.000000,0.000000,0.000000,0.000000,0,0,0,0.000000,0.000000,0.000000,0.000000,0.000000,0.000000,0,0,0,0,0,0.000000,0.000000,0.000000,0.000000,0.000000,0.000000,0.000000,0.000000,0.000000,0,0.000000,0.000000,0.000000
11948,39.476192,100793.398438,-0.010000,0,1,1000,1000,1000,1000,1000.000000,0,0,0,0,0.000000,0.000000,0.000000,0.000000,0.000000,0.000000,0.000000,0,0,0,0.000000,0.000000,0.000000,0.000000,0.000000,0.000000,0,0,0,0,0,0.000000,0.000000,0.000000,0.000000,0.000000,0.000000,0.000000,0.000000,0.000000,0,0.000000,0.000000,0.000000
12057,39.481506,100794.804688,-0.030000,20,1,1000,1000,1000,1000,1000.000000,0,0,0,0,0.000000,0.000000,0.000000,0.000000,0.000000,0.000000,0.000000,0,0,0,0.000000,0.000000,0.000000,0.000000,0.000000,0.000000,0,0,0,0,0,0.000000,0.000000,0.000000,0.000000,0.000000,0.000000,0.000000,0.000000,0.000000,0,0.000000,0.000000,0.000000
12147,39.481052,100793.898438,-0.010000,24,1,1000,1000,1000,1000,1000.000000,0,0,0,0,0.000000,0.000000,0.000000,0.000000,0.000000,0.000000,0.000000,0,0,0,0.000000,0.000000,0.000000,0.000000,0.000000,0.000000,0,0,0,0,0,0.000000,0.000000,0.000000,0.000000,0.000000,0.000000,0.000000,0.000000,0.000000,0,0.000000,0.000000,0.000000
12252,39.484985,100793.804688,0.010000,0,1,1000,1000,1000,1000,1000.000000,0,0,0,0,0.000000,0.000000,0.000000,0.000000,0.000000,0.000000,0.000000,0,0,0,0.000000,0.000000,0.000000,0.000000,0.000000,0.000000,0,0,0,0,0,0.000000,0.000000,0.000000,0.000000,0.000000,0.000000,0.000000,0.000000,0.000000,0,0.000000,0.000000,0.000000
12342,39.488293,100793.804688,0.020000,0,1,1000,1000,1000,1000,1000.000000,0,0,0,0,0.000000,0.000000,0.000000,0.000000,0.000000,0.000000,0.000000,0,0,0,0.000000,0.000000,0.000000,0.000000,0.000000,0.000000,0,0,0,0,0,0.000000,0.000000,0.000000,0.000000,0.000000,0.000000,0.000000,0.000000,0.000000,0,0.000000,0.000000,0.000000
12447,39.488693,100794.898438,0.010000,20,1,1000,1000,1000,1000,1000.000000,0,0,0,0,0.000000,0.000000,0.000000,0.000000,0.000000,0.000000,0.000000,0,0,0,0.000000,0.000000,0.000000,0.000000,0.000000,0.000000,0,0,0,0,0,0.000000,0.000000,0.000000,0.000000,0.000000,0.000000,0.000000,0.000000,0.000000,0,0.000000,0.000000,0.000000
12556,39.493607,100794.398438,0.000000,0,1,1000,1000,1000,1000,1000.000000,0,0,0,0,0.000000,0.000000,0.000000,0.000000,0.000000,0.000000,0.000000,0,0,0,0.000000,0.000000,0.000000,0.000000,0.000000,0.000000,0,0,0,0,0,0.000000,0.000000,0.000000,0.000000,0.000000,0.000000,0.000000,0.000000,0.000000,0,0.000000,0.000000,0.000000
12645,39.495461,100795.203125,-0.010000,0,1,1000,1000,1000,1000,1000.000000,0,0,0,0,0.000000,0.000000,0.000000,0.000000,0.000000,0.000000,0.000000,0,0,0,0.000000,0.000000,0.000000,0.000000,0.000000,0.000000,0,0,0,0,0,0.000000,0.000000,0.000000,0.000000,0.000000,0.000000,0.000000,0.000000,0.000000,0,0.000000,0.000000,0.000000
12752,39.491562,100794.101563,-0.010000,22,1,1000,1000,1000,1000,1000.000000,0,0,0,0,0.000000,0.000000,0.000000,0.000000,0.000000,0.000000,0.000000,0,0,0,0.000000,0.000000,0.000000,0.000000,0.000000,0.000000,0,0,0,0,0,0.000000,0.000000,0.000000,0.000000,0.000000,0.000000,0.000000,0.000000,0.000000,0,0.000000,0.000000,0.000000
12859,39.495094,100792.601563,0.010000,0,1,1000,1000,1000,1000,1000.000000,0,0,0,0,0.000000,0.000000,0.000000,0.000000,0.000000,0.000000,0.000000,0,0,0,0.000000,0.000000,0.000000,0.000000,0.000000,0.000000,0,0,0,0,0,0.000000,0.000000,0.000000,0.000000,0.000000,0.000000,0.000000,0.000000,0.000000,0,0.000000,0.000000,0.000000
12949,39.498119,100793.601563,0.010000,1,1,1000,1000,1000,1000,1000.000000,0,0,0,0,0.000000,0.000000,0.000000,0.000000,0.000000,0.000000,0.000000,0,0,0,0.000000,0.000000,0.000000,0.000000,0.000000,0.000000,0,0,0,0,0,0.000000,0.000000,0.000000,0.000000,0.000000,0.000000,0.000000,0.000000,0.000000,0,0.000000,0.000000,0.000000
13057,39.496861,100792.703125,0.020000,20,1,1000,1000,1000,1000,1000.000000,0,0,0,0,0.000000,0.000000,0.000000,0.000000,0.000000,0.000000,0.000000,0,0,0,0.000000,0.000000,0.000000,0.000000,0.000000,0.000000,0,0,0,0,0,0.000000,0.000000,0.000000,0.000000,0.000000,0.000000,0.000000,0.000000,0.000000,0,0.000000,0.000000,0.000000
13147,39.498188,100794.500000,0.010000,24,1,1000,1000,1000,1000,1000.000000,0,0,0,0,0.000000,0.000000,0.000000,0.000000,0.000000,0.000000,0.000000,0,0,0,0.000000,0.000000,0.000000,0.000000,0.000000,0.000000,0,0,0,0,0,0.000000,0.000000,0.000000,0.000000,0.000000,0.000000,0.000000,0.000000,0.000000,0,0.000000,0.000000,0.000000
13255,39.497768,100793.203125,0.020000,3,1,1000,1000,1000,1000,1000.000000,0,0,0,0,0.000000,0.000000,0.000000,0.000000,0.000000,0.000000,0.000000,0,0,0,0.000000,0.000000,0.000000,0.000000,0.000000,0.000000,0,0,0,0,0,0.000000,0.000000,0.000000,0.000000,0.000000,0.000000,0.000000,0.000000,0.000000,0,0.000000,0.000000,0.000000
13357,39.497963,100792.703125,0.040000,19,1,1000,1000,1000,1000,1000.000000,0,0,0,0,0.000000,0.000000,0.000000,0.000000,0.000000,0.000000,0.000000,0,0,0,0.000000,0.000000,0.000000,0.000000,0.000000,0.000000,0,0,0,0,0,0.000000,0.000000,0.000000,0.000000,0.000000,0.000000,0.000000,0.000000,0.000000,0,0.000000,0.000000,0.000000
13443,39.508575,100795.398438,0.020000,20,1,1000,1000,1000,1000,1000.000000,0,0,0,0,0.000000,0.000000,0.000000,0.000000,0.000000,0.000000,0.000000,0,0,0,0.000000,0.000000,0.000000,0.000000,0.000000,0.000000,0,0,0,0,0,0.000000,0.000000,0.000000,0.000000,0.000000,0.000000,0.000000,0.000000,0.000000,0,0.000000,0.000000,0.000000
13550,39.506477,100793.304688,0.010000,0,1,1000,1000,1000,1000,1000.000000,0,0,0,0,0.000000,0.000000,0.000000,0.000000,0.000000,0.000000,0.000000,0,0,0,0.000000,0.000000,0.000000,0.000000,0.000000,0.000000,0,0,0,0,0,0.000000,0.000000,0.000000,0.000000,0.000000,0.000000,0.000000,0.000000,0.000000,0,0.000000,0.000000,0.000000
13657,39.506897,100792.898438,0.040000,20,1,1000,1000,1000,1000,1000.000000,0,0,0,0,0.000000,0.000000,0.000000,0.000000,0.000000,0.000000,0.000000,0,0,0,0.000000,0.000000,0.000000,0.000000,0.000000,0.000000,0,0,0,0,0,0.000000,0.000000,0.000000,0.000000,0.000000,0.000000,0.000000,0.000000,0.000000,0,0.000000,0.000000,0.000000
13746,39.513054,100794.304688,0.020000,23,1,1000,1000,1000,1000,1000.000000,0,0,0,0,0.000000,0.000000,0.000000,0.000000,0.000000,0.000000,0.000000,0,0,0,0.000000,0.000000,0.000000,0.000000,0.000000,0.000000,0,0,0,0,0,0.000000,0.000000,0.000000,0.000000,0.000000,0.000000,0.000000,0.000000,0.000000,0,0.000000,0.000000,0.000000
13852,39.512142,100793.703125,0.020000,0,1,1000,1000,1000,1000,1000.000000,0,0,0,0,0.000000,0.000000,0.000000,0.000000,0.000000,0.000000,0.000000,0,0,0,0.000000,0.000000,0.000000,0.000000,0.000000,0.000000,0,0,0,0,0,0.000000,0.000000,0.000000,0.000000,0.000000,0.000000,0.000000,0.000000,0.000000,0,0.000000,0.000000,0.000000
13957,39.509712,100791.500000,0.050000,20,1,1000,1000,1000,1000,1000.000000,0,0,0,0,0.000000,0.000000,0.000000,0.000000,0.000000,0.000000,0.000000,0,0,0,0.000000,0.000000,0.000000,0.000000,0.000000,0.000000,0,0,0,0,0,0.000000,0.000000,0.000000,0.000000,0.000000,0.000000,0.000000,0.000000,0.000000,0,0.000000,0.000000,0.000000
14043,39.510464,100793.101563,0.050000,20,1,1000,1000,1000,1000,1000.000000,0,0,0,0,0.000000,0.000000,0.000000,0.000000,0.000000,0.000000,0.000000,0,0,0,0.000000,0.000000,0.000000,0.000000,0.000000,0.000000,0,0,0,0,0,0.000000,0.000000,0.000000,0.000000,0.000000,0.000000,0.000000,0.000000,0.000000,0,0.000000,0.000000,0.000000
14152,39.515884,100793.601563,0.040000,0,1,1000,1000,1000,1000,1000.000000,0,0,0,0,0.000000,0.000000,0.000000,0.000000,0.000000,0.000000,0.000000,0,0,0,0.000000,0.000000,0.000000,0.000000,0.000000,0.000000,0,0,0,0,0,0.000000,0.000000,0.000000,0.000000,0.000000,0.000000,0.000000,0.000000,0.000000,0,0.000000,0.000000,0.000000
14257,39.521202,100794.398438,0.020000,20,1,1000,1000,1000,1000,1000.000000,0,0,0,0,0.000000,0.000000,0.000000,0.000000,0.000000,0.000000,0.000000,0,0,0,0.000000,0.000000,0.000000,0.000000,0.000000,0.000000,0,0,0,0,0,0.000000,0.000000,0.000000,0.000000,0.000000,0.000000,0.000000,0.000000,0.000000,0,0.000000,0.000000,0.000000
14347,39.523491,100794.804688,0.000000,25,1,1000,1000,1000,1000,1000.000000,0,0,0,0,0.000000,0.000000,0.000000,0.000000,0.000000,0.000000,0.000000,0,0,0,0.000000,0.000000,0.000000,0.000000,0.000000,0.000000,0,0,0,0,0,0.000000,0.000000,0.000000,0.000000,0.000000,0.000000,0.000000,0.000000,0.000000,0,0.000000,0.000000,0.000000
14451,39.520973,100793.500000,-0.010000,3,1,1000,1000,1000,1000,1000.000000,0,0,0,0,0.000000,0.000000,0.000000,0.000000,0.000000,0.000000,0.000000,0,0,0,0.000000,0.000000,0.000000,0.000000,0.000000,0.000000,0,0,0,0,0,0.000000,0.000000,0.000000,0.000000,0.000000,0.000000,0.000000,0.000000,0.000000,0,0.000000,0.000000,0.000000
14555,39.525433,100794.804688,-0.010000,19,1,1000,1000,1000,1000,1000.000000,0,0,0,0,0.000000,0.000000,0.000000,0.000000,0.000000,0.000000,0.000000,0,0,0,0.000000,0.000000,0.000000,0.000000,0.000000,0.000000,0,0,0,0,0,0.000000,0.000000,0.000000,0.000000,0.000000,0.000000,0.000000,0.000000,0.000000,0,0.000000,0.000000,0.000000
14642,39.523193,100792.000000,0.010000,22,1,1000,1000,1000,1000,1000.000000,0,0,0,0,0.000000,0.000000,0.000000,0.000000,0.000000,0.000000,0.000000,0,0,0,0.000000,0.000000,0.000000,0.000000,0.000000,0.000000,0,0,0,0,0,0.000000,0.000000,0.000000,0.000000,0.000000,0.000000,0.000000,0.000000,0.000000,0,0.000000,0.000000,0.000000
14752,39.522758,100792.500000,0.030000,0,1,1000,1000,1000,1000,1000.000000,0,0,0,0,0.000000,0.000000,0.000000,0.000000,0.000000,0.000000,0.000000,0,0,0,0.000000,0.000000,0.000000,0.000000,0.000000,0.000000,0,0,0,0,0,0.000000,0.000000,0.000000,0.000000,0.000000,0.000000,0.000000,0.000000,0.000000,0,0.000000,0.000000,0.000000
14857,39.525257,100794.000000,0.030000,20,1,1000,1000,1000,1000,1000.000000,0,0,0,0,0.000000,0.000000,0.000000,0.000000,0.000000,0.000000,0.000000,0,0,0,0.000000,0.000000,0.000000,0.000000,0.000000,0.000000,0,0,0,0,0,0.000000,0.000000,0.000000,0.000000,0.000000,0.000000,0.000000,0.000000,0.000000,0,0.000000,0.000000,0.000000
14942,39.531097,100793.898438,0.030000,20,1,1000,1000,1000,1000,1000.000000,0,0,0,0,0.000000,0.000000,0.000000,0.000000,0.000000,0.000000,0.000000,0,0,0,0.000000,0.000000,0.000000,0.000000,0.000000,0.000000,0,0,0,0,0,0.000000,0.000000,0.000000,0.000000,0.000000,0.000000,0.000000,0.000000,0.000000,0,0.000000,0.000000,0.000000
15048,39.526623,100793.304688,0.030000,0,1,1000,1000,1000,1000,1000.000000,0,0,0,0,0.000000,0.000000,0.000000,0.000000,0.000000,0.000000,0.000000,0,0,0,0.000000,0.000000,0.000000,0.000000,0.000000,0.000000,0,0,0,0,0,0.000000,0.000000,0.000000,0.000000,0.000000,0.000000,0.000000,0.000000,0.000000,0,0.000000,0.000000,0.000000
15155,39.527740,100791.304688,0.050000,19,1,1000,1000,1000,1000,1000.000000,0,0,0,0,0.000000,0.000000,0.000000,0.000000,0.000000,0.000000,0.000000,0,0,0,0.000000,0.000000,0.000000,0.000000,0.000000,0.000000,0,0,0,0,0,0.000000,0.000000,0.000000,0.000000,0.000000,0.000000,0.000000,0.000000,0.000000,0,0.000000,0.000000,0.000000
15242,39.532726,100793.000000,0.050000,22,1,1000,1000,1000,1000,1000.000000,0,0,0,0,0.000000,0.000000,0.000000,0.000000,0.000000,0.000000,0.000000,0,0,0,0.000000,0.000000,0.000000,0.000000,0.000000,0.000000,0,0,0,0,0,0.000000,0.000000,0.000000,0.000000,0.000000,0.000000,0.000000,0.000000,0.000000,0,0.000000,0.000000,0.000000
15349,39.532112,100792.703125,0.050000,0,1,1000,1000,1000,1000,1000.000000,0,0,0,0,0.000000,0.000000,0.000000,0.000000,0.000000,0.000000,0.000000,0,0,0,0.000000,0.000000,0.000000,0.000000,0.000000,0.000000,0,0,0,0,0,0.000000,0.000000,0.000000,0.000000,0.000000,0.000000,0.000000,0.000000,0.000000,0,0.000000,0.000000,0.000000
15442,39.533424,100793.101563,0.040000,5,1,1000,1000,1000,1000,1000.000000,0,0,0,0,0.000000,0.000000,0.000000,0.000000,0.000000,0.000000,0.000000,0,0,0,0.000000,0.000000,0.000000,0.000000,0.000000,0.000000,0,0,0,0,0,0.000000,0.000000,0.000000,0.000000,0.000000,0.000000,0.000000,0.000000,0.000000,0,0.000000,0.000000,0.000000
15547,39.540192,100794.304688,0.030000,25,1,1000,1000,1000,1000,1000.000000,0,0,0,0,0.000000,0.000000,0.000000,0.000000,0.000000,0.000000,0.000000,0,0,0,0.000000,0.000000,0.000000,0.000000,0.000000,0.000000,0,0,0,0,0,0.000000,0.000000,0.000000,0.000000,0.000000,0.000000,0.000000,0.000000,0.000000,0,0.000000,0.000000,0.000000
15651,39.536972,100792.203125,0.040000,3,1,1000,1000,1000,1000,1000.000000,0,0,0,0,0.000000,0.000000,0.000000,0.000000,0.000000,0.000000,0.000000,0,0,0,0.000000,0.000000,0.000000,0.000000,0.000000,0.000000,0,0,0,0,0,0.000000,0.000000,0.000000,0.000000,0.000000,0.000000,0.000000,0.000000,0.000000,0,0.000000,0.000000,0.000000
15755,39.540421,100793.203125,0.050000,19,1,1000,1000,1000,1000,1000.000000,0,0,0,0,0.000000,0.000000,0.000000,0.000000,0.000000,0.000000,0.000000,0,0,0,0.000000,0.000000,0.000000,0.000000,0.000000,0.000000,0,0,0,0,0,0.000000,0.000000,0.000000,0.000000,0.000000,0.000000,0.000000,0.000000,0.000000,0,0.000000,0.000000,0.000000
15842,39.538948,100793.000000,0.050000,22,1,1000,1000,1000,1000,1000.000000,0,0,0,0,0.000000,0.000000,0.000000,0.000000,0.000000,0.000000,0.000000,0,0,0,0.000000,0.000000,0.000000,0.000000,0.000000,0.000000,0,0,0,0,0,0.000000,0.000000,0.000000,0.000000,0.000000,0.000000,0.000000,0.000000,0.000000,0,0.000000,0.000000,0.000000
15949,39.542221,100792.804688,0.060000,0,1,1000,1000,1000,1000,1000.000000,0,0,0,0,0.000000,0.000000,0.000000,0.000000,0.000000,0.000000,0.000000,0,0,0,0.000000,0.000000,0.000000,0.000000,0.000000,0.000000,0,0,0,0,0,0.000000,0.000000,0.000000,0.000000,0.000000,0.000000,0.000000,0.000000,0.000000,0,0.000000,0.000000,0.000000
16057,39.542988,100792.398438,0.070000,20,1,1000,1000,1000,1000,1000.000000,0,0,0,0,0.000000,0.000000,0.000000,0.000000,0.000000,0.000000,0.000000,0,0,0,0.000000,0.000000,0.000000,0.000000,0.000000,0.000000,0,0,0,0,0,0.000000,0.000000,0.000000,0.000000,0.000000,0.000000,0.000000,0.000000,0.000000,0,0.000000,0.000000,0.000000
16142,39.544720,100793.304688,0.080000,20,1,1000,1000,1000,1000,1000.000000,0,0,0,0,0.000000,0.000000,0.000000,0.000000,0.000000,0.000000,0.000000,0,0,0,0.000000,0.000000,0.000000,0.000000,0.000000,0.000000,0,0,0,0,0,0.000000,0.000000,0.000000,0.000000,0.000000,0.000000,0.000000,0.000000,0.000000,0,0.000000,0.000000,0.000000
16249,39.546471,100794.601563,0.050000,0,1,1000,1000,1000,1000,1000.000000,0,0,0,0,0.000000,0.000000,0.000000,0.000000,0.000000,0.000000,0.000000,0,0,0,0.000000,0.000000,0.000000,0.000000,0.000000,0.000000,0,0,0,0,0,0.000000,0.000000,0.000000,0.000000,0.000000,0.000000,0.000000,0.000000,0.000000,0,0.000000,0.000000,0.000000
16357,39.549126,100793.703125,0.030000,20,1,1000,1000,1000,1000,1000.000000,0,0,0,0,0.000000,0.000000,0.000000,0.000000,0.000000,0.000000,0.000000,0,0,0,0.000000,0.000000,0.000000,0.000000,0.000000,0.000000,0,0,0,0,0,0.000000,0.000000,0.000000,0.000000,0.000000,0.000000,0.000000,0.000000,0.000000,0,0.000000,0.000000,0.000000
16442,39.546398,100793.304688,0.030000,20,1,1000,1000,1000,1000,1000.000000,0,0,0,0,0.000000,0.000000,0.000000,0.000000,0.000000,0.000000,0.000000,0,0,0,0.000000,0.000000,0.000000,0.000000,0.000000,0.000000,0,0,0,0,0,0.000000,0.000000,0.000000,0.000000,0.000000,0.000000,0.000000,0.000000,0.000000,0,0.000000,0.000000,0.000000
16551,39.551907,100793.703125,0.050000,2,1,1000,1000,1000,1000,1000.000000,0,0,0,0,0.000000,0.000000,0.000000,0.000000,0.000000,0.000000,0.000000,0,0,0,0.000000,0.000000,0.000000,0.000000,0.000000,0.000000,0,0,0,0,0,0.000000,0.000000,0.000000,0.000000,0.000000,0.000000,0.000000,0.000000,0.000000,0,0.000000,0.000000,0.000000
16657,39.551994,100794.804688,0.030000,20,1,1000,1000,1000,1000,1000.000000,0,0,0,0,0.000000,0.000000,0.000000,0.000000,0.000000,0.000000,0.000000,0,0,0,0.000000,0.000000,0.000000,0.000000,0.000000,0.000000,0,0,0,0,0,0.000000,0.000000,0.000000,0.000000,0.000000,0.000000,0.000000,0.000000,0.000000,0,0.000000,0.000000,0.000000
16742,39.549984,100793.804688,0.040000,20,1,1000,1000,1000,1000,1000.000000,0,0,0,0,0.000000,0.000000,0.000000,0.000000,0.000000,0.000000,0.000000,0,0,0,0.000000,0.000000,0.000000,0.000000,0.000000,0.000000,0,0,0,0,0,0.000000,0.000000,0.000000,0.000000,0.000000,0.000000,0.000000,0.000000,0.000000,0,0.000000,0.000000,0.000000
16848,39.551189,100793.601563,0.060000,0,1,1000,1000,1000,1000,1000.000000,0,0,0,0,0.000000,0.000000,0.000000,0.000000,0.000000,0.000000,0.000000,0,0,0,0.000000,0.000000,0.000000,0.000000,0.000000,0.000000,0,0,0,0,0,0.000000,0.000000,0.000000,0.000000,0.000000,0.000000,0.000000,0.000000,0.000000,0,0.000000,0.000000,0.000000
16955,39.553741,100793.398438,0.060000,19,1,1000,1000,1000,1000,1000.000000,0,0,0,0,0.000000,0.000000,0.000000,0.000000,0.000000,0.000000,0.000000,0,0,0,0.000000,0.000000,0.000000,0.000000,0.000000,0.000000,0,0,0,0,0,0.000000,0.000000,0.000000,0.000000,0.000000,0.000000,0.000000,0.000000,0.000000,0,0.000000,0.000000,0.000000
17042,39.548183,100792.203125,0.070000,22,1,1000,1000,1000,1000,1000.000000,0,0,0,0,0.000000,0.000000,0.000000,0.000000,0.000000,0.000000,0.000000,0,0,0,0.000000,0.000000,0.000000,0.000000,0.000000,0.000000,0,0,0,0,0,0.000000,0.000000,0.000000,0.000000,0.000000,0.000000,0.000000,0.000000,0.000000,0,0.000000,0.000000,0.000000
17149,39.550945,100792.804688,0.070000,0,1,1000,1000,1000,1000,1000.000000,0,0,0,0,0.000000,0.000000,0.000000,0.000000,0.000000,0.000000,0.000000,0,0,0,0.000000,0.000000,0.000000,0.000000,0.000000,0.000000,0,0,0,0,0,0.000000,0.000000,0.000000,0.000000,0.000000,0.000000,0.000000,0.000000,0.000000,0,0.000000,0.000000,0.000000
17257,39.548409,100792.601563,0.070000,20,1,1000,1000,1000,1000,1000.000000,0,0,0,0,0.000000,0.000000,0.000000,0.000000,0.000000,0.000000,0.000000,0,0,0,0.000000,0.000000,0.000000,0.000000,0.000000,0.000000,0,0,0,0,0,0.000000,0.000000,0.000000,0.000000,0.000000,0.000000,0.000000,0.000000,0.000000,0,0.000000,0.000000,0.000000
17342,39.549809,100793.203125,0.070000,20,1,1000,1000,1000,1000,1000.000000,0,0,0,0,0.000000,0.000000,0.000000,0.000000,0.000000,0.000000,0.000000,0,0,0,0.000000,0.000000,0.000000,0.000000,0.000000,0.000000,0,0,0,0,0,0.000000,0.000000,0.000000,0.000000,0.000000,0.000000,0.000000,0.000000,0.000000,0,0.000000,0.000000,0.000000
17448,39.550701,100792.000000,0.090000,0,1,1000,1000,1000,1000,1000.000000,0,0,0,0,0.000000,0.000000,0.000000,0.000000,0.000000,0.000000,0.000000,0,0,0,0.000000,0.000000,0.000000,0.000000,0.000000,0.000000,0,0,0,0,0,0.000000,0.000000,0.000000,0.000000,0.000000,0.000000,0.000000,0.000000,0.000000,0,0.000000,0.000000,0.000000
17555,39.553867,100793.703125,0.080000,19,1,1000,1000,1000,1000,1000.000000,0,0,0,0,0.000000,0.000000,0.000000,0.000000,0.000000,0.000000,0.000000,0,0,0,0.000000,0.000000,0.000000,0.000000,0.000000,0.000000,0,0,0,0,0,0.000000,0.000000,0.000000,0.000000,0.000000,0.000000,0.000000,0.000000,0.000000,0,0.000000,0.000000,0.000000
17642,39.551838,100793.101563,0.080000,22,1,1000,1000,1000,1000,1000.000000,0,0,0,0,0.000000,0.000000,0.000000,0.000000,0.000000,0.000000,0.000000,0,0,0,0.000000,0.000000,0.000000,0.000000,0.000000,0.000000,0,0,0,0,0,0.000000,0.000000,0.000000,0.000000,0.000000,0.000000,0.000000,0.000000,0.000000,0,0.000000,0.000000,0.000000
17752,39.550228,100792.500000,0.100000,0,1,1000,1000,1000,1000,1000.000000,0,0,0,0,0.000000,0.000000,0.000000,0.000000,0.000000,0.000000,0.000000,0,0,0,0.000000,0.000000,0.000000,0.000000,0.000000,0.000000,0,0,0,0,0,0.000000,0.000000,0.000000,0.000000,0.000000,0.000000,0.000000,0.000000,0.000000,0,0.000000,0.000000,0.000000
17857,39.552731,100793.000000,0.100000,20,1,1000,1000,1000,1000,1000.000000,0,0,0,0,0.000000,0.000000,0.000000,0.000000,0.000000,0.000000,0.000000,0,0,0,0.000000,0.000000,0.000000,0.000000,0.000000,0.000000,0,0,0,0,0,0.000000,0.000000,0.000000,0.000000,0.000000,0.000000,0.000000,0.000000,0.000000,0,0.000000,0.000000,0.000000
17942,39.553078,100793.000000,0.110000,20,1,1000,1000,1000,1000,1000.000000,0,0,0,0,0.000000,0.000000,0.000000,0.000000,0.000000,0.000000,0.000000,0,0,0,0.000000,0.000000,0.000000,0.000000,0.000000,0.000000,0,0,0,0,0,0.000000,0.000000,0.000000,0.000000,0.000000,0.000000,0.000000,0.000000,0.000000,0,0.000000,0.000000,0.000000
18048,39.552082,100791.703125,0.110000,0,1,1000,1000,1000,1000,1000.000000,0,0,0,0,0.000000,0.000000,0.000000,0.000000,0.000000,0.000000,0.000000,0,0,0,0.000000,0.000000,0.000000,0.000000,0.000000,0.000000,0,0,0,0,0,0.000000,0.000000,0.000000,0.000000,0.000000,0.000000,0.000000,0.000000,0.000000,0,0.000000,0.000000,0.000000
18155,39.551155,100791.703125,0.100000,19,1,1000,1000,1000,1000,1000.000000,0,0,0,0,0.000000,0.000000,0.000000,0.000000,0.000000,0.000000,0.000000,0,0,0,0.000000,0.000000,0.000000,0.000000,0.000000,0.000000,0,0,0,0,0,0.000000,0.000000,0.000000,0.000000,0.000000,0.000000,0.000000,0.000000,0.000000,0,0.000000,0.000000,0.000000
18242,39.553043,100793.898438,0.090000,22,1,1000,1000,1000,1000,1000.000000,0,0,0,0,0.000000,0.000000,0.000000,0.000000,0.000000,0.000000,0.000000,0,0,0,0.000000,0.000000,0.000000,0.000000,0.000000,0.000000,0,0,0,0,0,0.000000,0.000000,0.000000,0.000000,0.000000,0.000000,0.000000,0.000000,0.000000,0,0.000000,0.000000,0.000000
18349,39.550404,100792.304688,0.100000,0,1,1000,1000,1000,1000,1000.000000,0,0,0,0,0.000000,0.000000,0.000000,0.000000,0.000000,0.000000,0.000000,0,0,0,0.000000,0.000000,0.000000,0.000000,0.000000,0.000000,0,0,0,0,0,0.000000,0.000000,0.000000,0.000000,0.000000,0.000000,0.000000,0.000000,0.000000,0,0.000000,0.000000,0.000000
18457,39.550911,100792.101563,0.110000,20,1,1000,1000,1000,1000,1000.000000,0,0,0,0,0.000000,0.000000,0.000000,0.000000,0.000000,0.000000,0.000000,0,0,0,0.000000,0.000000,0.000000,0.000000,0.000000,0.000000,0,0,0,0,0,0.000000,0.000000,0.000000,0.000000,0.000000,0.000000,0.000000,0.000000,0.000000,0,0.000000,0.000000,0.000000
18542,39.552483,100792.203125,0.120000,20,1,1000,1000,1000,1000,1000.000000,0,0,0,0,0.000000,0.000000,0.000000,0.000000,0.000000,0.000000,0.000000,0,0,0,0.000000,0.000000,0.000000,0.000000,0.000000,0.000000,0,0,0,0,0,0.000000,0.000000,0.000000,0.000000,0.000000,0.000000,0.000000,0.000000,0.000000,0,0.000000,0.000000,0.000000
18648,39.554024,100791.804688,0.110000,0,1,1000,1000,1000,1000,1000.000000,0,0,0,0,0.000000,0.000000,0.000000,0.000000,0.000000,0.000000,0.000000,0,0,0,0.000000,0.000000,0.000000,0.000000,0.000000,0.000000,0,0,0,0,0,0.000000,0.000000,0.000000,0.000000,0.000000,0.000000,0.000000,0.000000,0.000000,0,0.000000,0.000000,0.000000
18756,39.556068,100794.304688,0.110000,20,1,1000,1000,1000,1000,1000.000000,0,0,0,0,0.000000,0.000000,0.000000,0.000000,0.000000,0.000000,0.000000,0,0,0,0.000000,0.000000,0.000000,0.000000,0.000000,0.000000,0,0,0,0,0,0.000000,0.000000,0.000000,0.000000,0.000000,0.000000,0.000000,0.000000,0.000000,0,0.000000,0.000000,0.000000
18842,39.550838,100791.398438,0.110000,22,1,1000,1000,1000,1000,1000.000000,0,0,0,0,0.000000,0.000000,0.000000,0.000000,0.000000,0.000000,0.000000,0,0,0,0.000000,0.000000,0.000000,0.000000,0.000000,0.000000,0,0,0,0,0,0.000000,0.000000,0.000000,0.000000,0.000000,0.000000,0.000000,0.000000,0.000000,0,0.000000,0.000000,0.000000
18949,39.550472,100790.703125,0.130000,0,1,1000,1000,1000,1000,1000.000000,0,0,0,0,0.000000,0.000000,0.000000,0.000000,0.000000,0.000000,0.000000,0,0,0,0.000000,0.000000,0.000000,0.000000,0.000000,0.000000,0,0,0,0,0,0.000000,0.000000,0.000000,0.000000,0.000000,0.000000,0.000000,0.000000,0.000000,0,0.000000,0.000000,0.000000
19057,39.552731,100791.703125,0.130000,20,1,1000,1000,1000,1000,1000.000000,0,0,0,0,0.000000,0.000000,0.000000,0.000000,0.000000,0.000000,0.000000,0,0,0,0.000000,0.000000,0.000000,0.000000,0.000000,0.000000,0,0,0,0,0,0.000000,0.000000,0.000000,0.000000,0.000000,0.000000,0.000000,0.000000,0.000000,0,0.000000,0.000000,0.000000
19142,39.555668,100792.000000,0.130000,20,1,1000,1000,1000,1000,1000.000000,0,0,0,0,0.000000,0.000000,0.000000,0.000000,0.000000,0.000000,0.000000,0,0,0,0.000000,0.000000,0.000000,0.000000,0.000000,0.000000,0,0,0,0,0,0.000000,0.000000,0.000000,0.000000,0.000000,0.000000,0.000000,0.000000,0.000000,0,0.000000,0.000000,0.000000
19249,39.555965,100793.101563,0.110000,0,1,1000,1000,1000,1000,1000.000000,0,0,0,0,0.000000,0.000000,0.000000,0.000000,0.000000,0.000000,0.000000,0,0,0,0.000000,0.000000,0.000000,0.000000,0.000000,0.000000,0,0,0,0,0,0.000000,0.000000,0.000000,0.000000,0.000000,0.000000,0.000000,0.000000,0.000000,0,0.000000,0.000000,0.000000
19357,39.552799,100791.500000,0.130000,20,1,1000,1000,1000,1000,1000.000000,0,0,0,0,0.000000,0.000000,0.000000,0.000000,0.000000,0.000000,0.000000,0,0,0,0.000000,0.000000,0.000000,0.000000,0.000000,0.000000,0,0,0,0,0,0.000000,0.000000,0.000000,0.000000,0.000000,0.000000,0.000000,0.000000,0.000000,0,0.000000,0.000000,0.000000
19442,39.556873,100792.101563,0.130000,20,1,1000,1000,1000,1000,1000.000000,0,0,0,0,0.000000,0.000000,0.000000,0.000000,0.000000,0.000000,0.000000,0,0,0,0.000000,0.000000,0.000000,0.000000,0.000000,0.000000,0,0,0,0,0,0.000000,0.000000,0.000000,0.000000,0.000000,0.000000,0.000000,0.000000,0.000000,0,0.000000,0.000000,0.000000
19549,39.555420,100792.304688,0.110000,0,1,1000,1000,1000,1000,1000.000000,0,0,0,0,0.000000,0.000000,0.000000,0.000000,0.000000,0.000000,0.000000,0,0,0,0.000000,0.000000,0.000000,0.000000,0.000000,0.000000,0,0,0,0,0,0.000000,0.000000,0.000000,0.000000,0.000000,0.000000,0.000000,0.000000,0.000000,0,0.000000,0.000000,0.000000
19657,39.555824,100793.203125,0.110000,20,1,1000,1000,1000,1000,1000.000000,0,0,0,0,0.000000,0.000000,0.000000,0.000000,0.000000,0.000000,0.000000,0,0,0,0.000000,0.000000,0.000000,0.000000,0.000000,0.000000,0,0,0,0,0,0.000000,0.000000,0.000000,0.000000,0.000000,0.000000,0.000000,0.000000,0.000000,0,0.000000,0.000000,0.000000
19742,39.555595,100791.000000,0.130000,20,1,1000,1000,1000,1000,1000.000000,0,0,0,0,0.000000,0.000000,0.000000,0.000000,0.000000,0.000000,0.000000,0,0,0,0.000000,0.000000,0.000000,0.000000,0.000000,0.000000,0,0,0,0,0,0.000000,0.000000,0.000000,0.000000,0.000000,0.000000,0.000000,0.000000,0.000000,0,0.000000,0.000000,0.000000
19855,39.554287,100792.000000,0.130000,7,1,1000,1000,1000,1000,1000.000000,0,0,0,0,0.000000,0.000000,0.000000,0.000000,0.000000,0.000000,0.000000,0,0,0,0.000000,0.000000,0.000000,0.000000,0.000000,0.000000,0,0,0,0,0,0.000000,0.000000,0.000000,0.000000,0.000000,0.000000,0.000000,0.000000,0.000000,0,0.000000,0.000000,0.000000
19956,39.556347,100792.500000,0.120000,20,1,1000,1000,1000,1000,1000.000000,0,0,0,0,0.000000,0.000000,0.000000,0.000000,0.000000,0.000000,0.000000,0,0,0,0.000000,0.000000,0.000000,0.000000,0.000000,0.000000,0,0,0,0,0,0.000000,0.000000,0.000000,0.000000,0.000000,0.000000,0.000000,0.000000,0.000000,0,0.000000,0.000000,0.000000
20042,39.555336,100791.601563,0.130000,22,1,1000,1000,1000,1000,1000.000000,0,0,0,0,0.000000,0.000000,0.000000,0.000000,0.000000,0.000000,0.000000,0,0,0,0.000000,0.000000,0.000000,0.000000,0.000000,0.000000,0,0,0,0,0,0.000000,0.000000,0.000000,0.000000,0.000000,0.000000,0.000000,0.000000,0.000000,0,0.000000,0.000000,0.000000
20149,39.558132,100792.898438,0.130000,0,1,1000,1000,1000,1000,1000.000000,0,0,0,0,0.000000,0.000000,0.000000,0.000000,0.000000,0.000000,0.000000,0,0,0,0.000000,0.000000,0.000000,0.000000,0.000000,0.000000,0,0,0,0,0,0.000000,0.000000,0.000000,0.000000,0.000000,0.000000,0.000000,0.000000,0.000000,0,0.000000,0.000000,0.000000
20257,39.554619,100792.500000,0.130000,20,1,1000,1000,1000,1000,1000.000000,0,0,0,0,0.000000,0.000000,0.000000,0.000000,0.000000,0.000000,0.000000,0,0,0,0.000000,0.000000,0.000000,0.000000,0.000000,0.000000,0,0,0,0,0,0.000000,0.000000,0.000000,0.000000,0.000000,0.000000,0.000000,0.000000,0.000000,0,0.000000,0.000000,0.000000
20342,39.551311,100792.804688,0.120000,20,1,1000,1000,1000,1000,1000.000000,0,0,0,0,0.000000,0.000000,0.000000,0.000000,0.000000,0.000000,0.000000,0,0,0,0.000000,0.000000,0.000000,0.000000,0.000000,0.000000,0,0,0,0,0,0.000000,0.000000,0.000000,0.000000,0.000000,0.000000,0.000000,0.000000,0.000000,0,0.000000,0.000000,0.000000
20448,39.550053,100790.101563,0.130000,0,1,1000,1000,1000,1000,1000.000000,0,0,0,0,0.000000,0.000000,0.000000,0.000000,0.000000,0.000000,0.000000,0,0,0,0.000000,0.000000,0.000000,0.000000,0.000000,0.000000,0,0,0,0,0,0.000000,0.000000,0.000000,0.000000,0.000000,0.000000,0.000000,0.000000,0.000000,0,0.000000,0.000000,0.000000
20555,39.554951,100791.804688,0.140000,19,1,1000,1000,1000,1000,1000.000000,0,0,0,0,0.000000,0.000000,0.000000,0.000000,0.000000,0.000000,0.000000,0,0,0,0.000000,0.000000,0.000000,0.000000,0.000000,0.000000,0,0,0,0,0,0.000000,0.000000,0.000000,0.000000,0.000000,0.000000,0.000000,0.000000,0.000000,0,0.000000,0.000000,0.000000
20642,39.555248,100792.500000,0.150000,22,1,1000,1000,1000,1000,1000.000000,0,0,0,0,0.000000,0.000000,0.000000,0.000000,0.000000,0.000000,0.000000,0,0,0,0.000000,0.000000,0.000000,0.000000,0.000000,0.000000,0,0,0,0,0,0.000000,0.000000,0.000000,0.000000,0.000000,0.000000,0.000000,0.000000,0.000000,0,0.000000,0.000000,0.000000
20752,39.553619,100790.601563,0.150000,0,1,1000,1000,1000,1000,1000.000000,0,0,0,0,0.000000,0.000000,0.000000,0.000000,0.000000,0.000000,0.000000,0,0,0,0.000000,0.000000,0.000000,0.000000,0.000000,0.000000,0,0,0,0,0,0.000000,0.000000,0.000000,0.000000,0.000000,0.000000,0.000000,0.000000,0.000000,0,0.000000,0.000000,0.000000
20857,39.552940,100792.500000,0.150000,20,1,1000,1000,1000,1000,1000.000000,0,0,0,0,0.000000,0.000000,0.000000,0.000000,0.000000,0.000000,0.000000,0,0,0,0.000000,0.000000,0.000000,0.000000,0.000000,0.000000,0,0,0,0,0,0.000000,0.000000,0.000000,0.000000,0.000000,0.000000,0.000000,0.000000,0.000000,0,0.000000,0.000000,0.000000
20947,39.553375,100792.703125,0.150000,25,1,1000,1000,1000,1000,1000.000000,0,0,0,0,0.000000,0.000000,0.000000,0.000000,0.000000,0.000000,0.000000,0,0,0,0.000000,0.000000,0.000000,0.000000,0.000000,0.000000,0,0,0,0,0,0.000000,0.000000,0.000000,0.000000,0.000000,0.000000,0.000000,0.000000,0.000000,0,0.000000,0.000000,0.000000
21051,39.553272,100793.398438,0.130000,3,1,1000,1000,1000,1000,1000.000000,0,0,0,0,0.000000,0.000000,0.000000,0.000000,0.000000,0.000000,0.000000,0,0,0,0.000000,0.000000,0.000000,0.000000,0.000000,0.000000,0,0,0,0,0,0.000000,0.000000,0.000000,0.000000,0.000000,0.000000,0.000000,0.000000,0.000000,0,0.000000,0.000000,0.000000
21155,39.554634,100793.601563,0.120000,19,1,1000,1000,1000,1000,1000.000000,0,0,0,0,0.000000,0.000000,0.000000,0.000000,0.000000,0.000000,0.000000,0,0,0,0.000000,0.000000,0.000000,0.000000,0.000000,0.000000,0,0,0,0,0,0.000000,0.000000,0.000000,0.000000,0.000000,0.000000,0.000000,0.000000,0.000000,0,0.000000,0.000000,0.000000
21242,39.552433,100791.398438,0.140000,22,1,1000,1000,1000,1000,1000.000000,0,0,0,0,0.000000,0.000000,0.000000,0.000000,0.000000,0.000000,0.000000,0,0,0,0.000000,0.000000,0.000000,0.000000,0.000000,0.000000,0,0,0,0,0,0.000000,0.000000,0.000000,0.000000,0.000000,0.000000,0.000000,0.000000,0.000000,0,0.000000,0.000000,0.000000
21349,39.551716,100791.304688,0.160000,0,1,1000,1000,1000,1000,1000.000000,0,0,0,0,0.000000,0.000000,0.000000,0.000000,0.000000,0.000000,0.000000,0,0,0,0.000000,0.000000,0.000000,0.000000,0.000000,0.000000,0,0,0,0,0,0.000000,0.000000,0.000000,0.000000,0.000000,0.000000,0.000000,0.000000,0.000000,0,0.000000,0.000000,0.000000
21457,39.548164,100791.703125,0.170000,20,1,1000,1000,1000,1000,1000.000000,0,0,0,0,0.000000,0.000000,0.000000,0.000000,0.000000,0.000000,0.000000,0,0,0,0.000000,0.000000,0.000000,0.000000,0.000000,0.000000,0,0,0,0,0,0.000000,0.000000,0.000000,0.000000,0.000000,0.000000,0.000000,0.000000,0.000000,0,0.000000,0.000000,0.000000
21542,39.548111,100791.500000,0.180000,20,1,1000,1000,1000,1000,1000.000000,0,0,0,0,0.000000,0.000000,0.000000,0.000000,0.000000,0.000000,0.000000,0,0,0,0.000000,0.000000,0.000000,0.000000,0.000000,0.000000,0,0,0,0,0,0.000000,0.000000,0.000000,0.000000,0.000000,0.000000,0.000000,0.000000,0.000000,0,0.000000,0.000000,0.000000
21648,39.548428,100791.601563,0.180000,0,1,1000,1000,1000,1000,1000.000000,0,0,0,0,0.000000,0.000000,0.000000,0.000000,0.000000,0.000000,0.000000,0,0,0,0.000000,0.000000,0.000000,0.000000,0.000000,0.000000,0,0,0,0,0,0.000000,0.000000,0.000000,0.000000,0.000000,0.000000,0.000000,0.000000,0.000000,0,0.000000,0.000000,0.000000
21755,39.553795,100792.000000,0.170000,19,1,1000,1000,1000,1000,1000.000000,0,0,0,0,0.000000,0.000000,0.000000,0.000000,0.000000,0.000000,0.000000,0,0,0,0.000000,0.000000,0.000000,0.000000,0.000000,0.000000,0,0,0,0,0,0.000000,0.000000,0.000000,0.000000,0.000000,0.000000,0.000000,0.000000,0.000000,0,0.000000,0.000000,0.000000
21842,39.544827,100791.101563,0.180000,22,1,1000,1000,1000,1000,1000.000000,0,0,0,0,0.000000,0.000000,0.000000,0.000000,0.000000,0.000000,0.000000,0,0,0,0.000000,0.000000,0.000000,0.000000,0.000000,0.000000,0,0,0,0,0,0.000000,0.000000,0.000000,0.000000,0.000000,0.000000,0.000000,0.000000,0.000000,0,0.000000,0.000000,0.000000
21949,39.547344,100792.000000,0.190000,0,1,1000,1000,1000,1000,1000.000000,0,0,0,0,0.000000,0.000000,0.000000,0.000000,0.000000,0.000000,0.000000,0,0,0,0.000000,0.000000,0.000000,0.000000,0.000000,0.000000,0,0,0,0,0,0.000000,0.000000,0.000000,0.000000,0.000000,0.000000,0.000000,0.000000,0.000000,0,0.000000,0.000000,0.000000
22057,39.547779,100791.500000,0.180000,20,1,1000,1000,1000,1000,1000.000000,0,0,0,0,0.000000,0.000000,0.000000,0.000000,0.000000,0.000000,0.000000,0,0,0,0.000000,0.000000,0.000000,0.000000,0.000000,0.000000,0,0,0,0,0,0.000000,0.000000,0.000000,0.000000,0.000000,0.000000,0.000000,0.000000,0.000000,0,0.000000,0.000000,0.000000
22142,39.544178,100792.000000,0.180000,20,1,1000,1000,1000,1000,1000.000000,0,0,0,0,0.000000,0.000000,0.000000,0.000000,0.000000,0.000000,0.000000,0,0,0,0.000000,0.000000,0.000000,0.000000,0.000000,0.000000,0,0,0,0,0,0.000000,0.000000,0.000000,0.000000,0.000000,0.000000,0.000000,0.000000,0.000000,0,0.000000,0.000000,0.000000
22249,39.543358,100791.203125,0.190000,0,1,1000,1000,1000,1000,1000.000000,0,0,0,0,0.000000,0.000000,0.000000,0.000000,0.000000,0.000000,0.000000,0,0,0,0.000000,0.000000,0.000000,0.000000,0.000000,0.000000,0,0,0,0,0,0.000000,0.000000,0.000000,0.000000,0.000000,0.000000,0.000000,0.000000,0.000000,0,0.000000,0.000000,0.000000
22357,39.543617,100792.703125,0.180000,20,1,1000,1000,1000,1000,1000.000000,0,0,0,0,0.000000,0.000000,0.000000,0.000000,0.000000,0.000000,0.000000,0,0,0,0.000000,0.000000,0.000000,0.000000,0.000000,0.000000,0,0,0,0,0,0.000000,0.000000,0.000000,0.000000,0.000000,0.000000,0.000000,0.000000,0.000000,0,0.000000,0.000000,0.000000
22442,39.539368,100791.398438,0.170000,20,1,1000,1000,1000,1000,1000.000000,0,0,0,0,0.000000,0.000000,0.000000,0.000000,0.000000,0.000000,0.000000,0,0,0,0.000000,0.000000,0.000000,0.000000,0.000000,0.000000,0,0,0,0,0,0.000000,0.000000,0.000000,0.000000,0.000000,0.000000,0.000000,0.000000,0.000000,0,0.000000,0.000000,0.000000
22549,39.539074,100792.101563,0.160000,0,1,1000,1000,1000,1000,1000.000000,0,0,0,0,0.000000,0.000000,0.000000,0.000000,0.000000,0.000000,0.000000,0,0,0,0.000000,0.000000,0.000000,0.000000,0.000000,0.000000,0,0,0,0,0,0.000000,0.000000,0.000000,0.000000,0.000000,0.000000,0.000000,0.000000,0.000000,0,0.000000,0.000000,0.000000
22657,39.538528,100792.398438,0.150000,20,1,1000,1000,1000,1000,1000.000000,0,0,0,0,0.000000,0.000000,0.000000,0.000000,0.000000,0.000000,0.000000,0,0,0,0.000000,0.000000,0.000000,0.000000,0.000000,0.000000,0,0,0,0,0,0.000000,0.000000,0.000000,0.000000,0.000000,0.000000,0.000000,0.000000,0.000000,0,0.000000,0.000000,0.000000
22742,39.538006,100790.304688,0.170000,20,1,1000,1000,1000,1000,1000.000000,0,0,0,0,0.000000,0.000000,0.000000,0.000000,0.000000,0.000000,0.000000,0,0,0,0.000000,0.000000,0.000000,0.000000,0.000000,0.000000,0,0,0,0,0,0.000000,0.000000,0.000000,0.000000,0.000000,0.000000,0.000000,0.000000,0.000000,0,0.000000,0.000000,0.000000
22848,39.538128,100791.898438,0.180000,0,1,1000,1000,1000,1000,1000.000000,0,0,0,0,0.000000,0.000000,0.000000,0.000000,0.000000,0.000000,0.000000,0,0,0,0.000000,0.000000,0.000000,0.000000,0.000000,0.000000,0,0,0,0,0,0.000000,0.000000,0.000000,0.000000,0.000000,0.000000,0.000000,0.000000,0.000000,0,0.000000,0.000000,0.000000
22955,39.531921,100792.500000,0.170000,19,1,1000,1000,1000,1000,1000.000000,0,0,0,0,0.000000,0.000000,0.000000,0.000000,0.000000,0.000000,0.000000,0,0,0,0.000000,0.000000,0.000000,0.000000,0.000000,0.000000,0,0,0,0,0,0.000000,0.000000,0.000000,0.000000,0.000000,0.000000,0.000000,0.000000,0.000000,0,0.000000,0.000000,0.000000
23042,39.530312,100790.898438,0.180000,22,1,1000,1000,1000,1000,1000.000000,0,0,0,0,0.000000,0.000000,0.000000,0.000000,0.000000,0.000000,0.000000,0,0,0,0.000000,0.000000,0.000000,0.000000,0.000000,0.000000,0,0,0,0,0,0.000000,0.000000,0.000000,0.000000,0.000000,0.000000,0.000000,0.000000,0.000000,0,0.000000,0.000000,0.000000
23154,39.528336,100792.500000,0.170000,5,1,1000,1000,1000,1000,1000.000000,0,0,0,0,0.000000,0.000000,0.000000,0.000000,0.000000,0.000000,0.000000,0,0,0,0.000000,0.000000,0.000000,0.000000,0.000000,0.000000,0,0,0,0,0,0.000000,0.000000,0.000000,0.000000,0.000000,0.000000,0.000000,0.000000,0.000000,0,0.000000,0.000000,0.000000
23257,39.527287,100790.898438,0.180000,20,1,1000,1000,1000,1000,1000.000000,0,0,0,0,0.000000,0.000000,0.000000,0.000000,0.000000,0.000000,0.000000,0,0,0,0.000000,0.000000,0.000000,0.000000,0.000000,0.000000,0,0,0,0,0,0.000000,0.000000,0.000000,0.000000,0.000000,0.000000,0.000000,0.000000,0.000000,0,0.000000,0.000000,0.000000
23342,39.525555,100791.304688,0.190000,20,1,1000,1000,1000,1000,1000.000000,0,0,0,0,0.000000,0.000000,0.000000,0.000000,0.000000,0.000000,0.000000,0,0,0,0.000000,0.000000,0.000000,0.000000,0.000000,0.000000,0,0,0,0,0,0.000000,0.000000,0.000000,0.000000,0.000000,0.000000,0.000000,0.000000,0.000000,0,0.000000,0.000000,0.000000
23448,39.524525,100792.101563,0.180000,0,1,1000,1000,1000,1000,1000.000000,0,0,0,0,0.000000,0.000000,0.000000,0.000000,0.000000,0.000000,0.000000,0,0,0,0.000000,0.000000,0.000000,0.000000,0.000000,0.000000,0,0,0,0,0,0.000000,0.000000,0.000000,0.000000,0.000000,0.000000,0.000000,0.000000,0.000000,0,0.000000,0.000000,0.000000
23555,39.520065,100791.500000,0.190000,19,1,1000,1000,1000,1000,1000.000000,0,0,0,0,0.000000,0.000000,0.000000,0.000000,0.000000,0.000000,0.000000,0,0,0,0.000000,0.000000,0.000000,0.000000,0.000000,0.000000,0,0,0,0,0,0.000000,0.000000,0.000000,0.000000,0.000000,0.000000,0.000000,0.000000,0.000000,0,0.000000,0.000000,0.000000
23642,39.519783,100792.203125,0.190000,22,1,1000,1000,1000,1000,1000.000000,0,0,0,0,0.000000,0.000000,0.000000,0.000000,0.000000,0.000000,0.000000,0,0,0,0.000000,0.000000,0.000000,0.000000,0.000000,0.000000,0,0,0,0,0,0.000000,0.000000,0.000000,0.000000,0.000000,0.000000,0.000000,0.000000,0.000000,0,0.000000,0.000000,0.000000
23752,39.516899,100793.398438,0.170000,0,1,1000,1000,1000,1000,1000.000000,0,0,0,0,0.000000,0.000000,0.000000,0.000000,0.000000,0.000000,0.000000,0,0,0,0.000000,0.000000,0.000000,0.000000,0.000000,0.000000,0,0,0,0,0,0.000000,0.000000,0.000000,0.000000,0.000000,0.000000,0.000000,0.000000,0.000000,0,0.000000,0.000000,0.000000
23857,39.515099,100793.398438,0.160000,20,1,1000,1000,1000,1000,1000.000000,0,0,0,0,0.000000,0.000000,0.000000,0.000000,0.000000,0.000000,0.000000,0,0,0,0.000000,0.000000,0.000000,0.000000,0.000000,0.000000,0,0,0,0,0,0.000000,0.000000,0.000000,0.000000,0.000000,0.000000,0.000000,0.000000,0.000000,0,0.000000,0.000000,0.000000
23942,39.515118,100792.898438,0.140000,20,1,1000,1000,1000,1000,1000.000000,0,0,0,0,0.000000,0.000000,0.000000,0.000000,0.000000,0.000000,0.000000,0,0,0,0.000000,0.000000,0.000000,0.000000,0.000000,0.000000,0,0,0,0,0,0.000000,0.000000,0.000000,0.000000,0.000000,0.000000,0.000000,0.000000,0.000000,0,0.000000,0.000000,0.000000
24048,39.506794,100790.703125,0.150000,0,1,1000,1000,1000,1000,1000.000000,0,0,0,0,0.000000,0.000000,0.000000,0.000000,0.000000,0.000000,0.000000,0,0,0,0.000000,0.000000,0.000000,0.000000,0.000000,0.000000,0,0,0,0,0,0.000000,0.000000,0.000000,0.000000,0.000000,0.000000,0.000000,0.000000,0.000000,0,0.000000,0.000000,0.000000
24155,39.505760,100790.304688,0.170000,19,1,1000,1000,1000,1000,1000.000000,0,0,0,0,0.000000,0.000000,0.000000,0.000000,0.000000,0.000000,0.000000,0,0,0,0.000000,0.000000,0.000000,0.000000,0.000000,0.000000,0,0,0,0,0,0.000000,0.000000,0.000000,0.000000,0.000000,0.000000,0.000000,0.000000,0.000000,0,0.000000,0.000000,0.000000
24247,39.504623,100792.203125,0.180000,27,1,1000,1000,1000,1000,1000.000000,0,0,0,0,0.000000,0.000000,0.000000,0.000000,0.000000,0.000000,0.000000,0,0,0,0.000000,0.000000,0.000000,0.000000,0.000000,0.000000,0,0,0,0,0,0.000000,0.000000,0.000000,0.000000,0.000000,0.000000,0.000000,0.000000,0.000000,0,0.000000,0.000000,0.000000
24351,39.497471,100789.601563,0.200000,2,1,1000,1000,1000,1000,1000.000000,0,0,0,0,0.000000,0.000000,0.000000,0.000000,0.000000,0.000000,0.000000,0,0,0,0.000000,0.000000,0.000000,0.000000,0.000000,0.000000,0,0,0,0,0,0.000000,0.000000,0.000000,0.000000,0.000000,0.000000,0.000000,0.000000,0.000000,0,0.000000,0.000000,0.000000
24456,39.500584,100791.304688,0.210000,19,1,1000,1000,1000,1000,1000.000000,0,0,0,0,0.000000,0.000000,0.000000,0.000000,0.000000,0.000000,0.000000,0,0,0,0.000000,0.000000,0.000000,0.000000,0.000000,0.000000,0,0,0,0,0,0.000000,0.000000,0.000000,0.000000,0.000000,0.000000,0.000000,0.000000,0.000000,0,0.000000,0.000000,0.000000
24542,39.495338,100789.500000,0.220000,21,1,1000,1000,1000,1000,1000.000000,0,0,0,0,0.000000,0.000000,0.000000,0.000000,0.000000,0.000000,0.000000,0,0,0,0.000000,0.000000,0.000000,0.000000,0.000000,0.000000,0,0,0,0,0,0.000000,0.000000,0.000000,0.000000,0.000000,0.000000,0.000000,0.000000,0.000000,0,0.000000,0.000000,0.000000
24647,39.490181,100791.703125,0.220000,0,1,1000,1000,1000,1000,1000.000000,0,0,0,0,0.000000,0.000000,0.000000,0.000000,0.000000,0.000000,0.000000,0,0,0,0.000000,0.000000,0.000000,0.000000,0.000000,0.000000,0,0,0,0,0,0.000000,0.000000,0.000000,0.000000,0.000000,0.000000,0.000000,0.000000,0.000000,0,0.000000,0.000000,0.000000
24754,39.490704,100792.703125,0.220000,19,1,1000,1000,1000,1000,1000.000000,0,0,0,0,0.000000,0.000000,0.000000,0.000000,0.000000,0.000000,0.000000,0,0,0,0.000000,0.000000,0.000000,0.000000,0.000000,0.000000,0,0,0,0,0,0.000000,0.000000,0.000000,0.000000,0.000000,0.000000,0.000000,0.000000,0.000000,0,0.000000,0.000000,0.000000
24842,39.485493,100790.101563,0.240000,23,1,1000,1000,1000,1000,1000.000000,0,0,0,0,0.000000,0.000000,0.000000,0.000000,0.000000,0.000000,0.000000,0,0,0,0.000000,0.000000,0.000000,0.000000,0.000000,0.000000,0,0,0,0,0,0.000000,0.000000,0.000000,0.000000,0.000000,0.000000,0.000000,0.000000,0.000000,0,0.000000,0.000000,0.000000
24948,39.483852,100791.398438,0.240000,0,1,1000,1000,1000,1000,1000.000000,0,0,0,0,0.000000,0.000000,0.000000,0.000000,0.000000,0.000000,0.000000,0,0,0,0.000000,0.000000,0.000000,0.000000,0.000000,0.000000,0,0,0,0,0,0.000000,0.000000,0.000000,0.000000,0.000000,0.000000,0.000000,0.000000,0.000000,0,0.000000,0.000000,0.000000
25056,39.481419,100791.898438,0.230000,19,1,1000,1000,1000,1000,1000.000000,0,0,0,0,0.000000,0.000000,0.000000,0.000000,0.000000,0.000000,0.000000,0,0,0,0.000000,0.000000,0.000000,0.000000,0.000000,0.000000,0,0,0,0,0,0.000000,0.000000,0.000000,0.000000,0.000000,0.000000,0.000000,0.000000,0.000000,0,0.000000,0.000000,0.000000
25142,39.479374,100791.898438,0.220000,21,1,1000,1000,1000,1000,1000.000000,0,0,0,0,0.000000,0.000000,0.000000,0.000000,0.000000,0.000000,0.000000,0,0,0,0.000000,0.000000,0.000000,0.000000,0.000000,0.000000,0,0,0,0,0,0.000000,0.000000,0.000000,0.000000,0.000000,0.000000,0.000000,0.000000,0.000000,0,0.000000,0.000000,0.000000
25249,39.474270,100791.500000,0.220000,0,1,1000,1000,1000,1000,1000.000000,0,0,0,0,0.000000,0.000000,0.000000,0.000000,0.000000,0.000000,0.000000,0,0,0,0.000000,0.000000,0.000000,0.000000,0.000000,0.000000,0,0,0,0,0,0.000000,0.000000,0.000000,0.000000,0.000000,0.000000,0.000000,0.000000,0.000000,0,0.000000,0.000000,0.000000
25356,39.473831,100791.398438,0.220000,19,1,1000,1000,1000,1000,1000.000000,0,0,0,0,0.000000,0.000000,0.000000,0.000000,0.000000,0.000000,0.000000,0,0,0,0.000000,0.000000,0.000000,0.000000,0.000000,0.000000,0,0,0,0,0,0.000000,0.000000,0.000000,0.000000,0.000000,0.000000,0.000000,0.000000,0.000000,0,0.000000,0.000000,0.000000
25442,39.465420,100790.500000,0.220000,21,1,1000,1000,1000,1000,1000.000000,0,0,0,0,0.000000,0.000000,0.000000,0.000000,0.000000,0.000000,0.000000,0,0,0,0.000000,0.000000,0.000000,0.000000,0.000000,0.000000,0,0,0,0,0,0.000000,0.000000,0.000000,0.000000,0.000000,0.000000,0.000000,0.000000,0.000000,0,0.000000,0.000000,0.000000
25549,39.467396,100791.101563,0.250000,0,1,1000,1000,1000,1000,1000.000000,0,0,0,0,0.000000,0.000000,0.000000,0.000000,0.000000,0.000000,0.000000,0,0,0,0.000000,0.000000,0.000000,0.000000,0.000000,0.000000,0,0,0,0,0,0.000000,0.000000,0.000000,0.000000,0.000000,0.000000,0.000000,0.000000,0.000000,0,0.000000,0.000000,0.000000
25656,39.465649,100791.601563,0.230000,19,1,1000,1000,1000,1000,1000.000000,0,0,0,0,0.000000,0.000000,0.000000,0.000000,0.000000,0.000000,0.000000,0,0,0,0.000000,0.000000,0.000000,0.000000,0.000000,0.000000,0,0,0,0,0,0.000000,0.000000,0.000000,0.000000,0.000000,0.000000,0.000000,0.000000,0.000000,0,0.000000,0.000000,0.000000
25742,39.460697,100791.000000,0.240000,21,1,1000,1000,1000,1000,1000.000000,0,0,0,0,0.000000,0.000000,0.000000,0.000000,0.000000,0.000000,0.000000,0,0,0,0.000000,0.000000,0.000000,0.000000,0.000000,0.000000,0,0,0,0,0,0.000000,0.000000,0.000000,0.000000,0.000000,0.000000,0.000000,0.000000,0.000000,0,0.000000,0.000000,0.000000
25847,39.458443,100791.500000,0.240000,0,1,1000,1000,1000,1000,1000.000000,0,0,0,0,0.000000,0.000000,0.000000,0.000000,0.000000,0.000000,0.000000,0,0,0,0.000000,0.000000,0.000000,0.000000,0.000000,0.000000,0,0,0,0,0,0.000000,0.000000,0.000000,0.000000,0.000000,0.000000,0.000000,0.000000,0.000000,0,0.000000,0.000000,0.000000
25954,39.452217,100791.500000,0.230000,19,1,1000,1000,1000,1000,1000.000000,0,0,0,0,0.000000,0.000000,0.000000,0.000000,0.000000,0.000000,0.000000,0,0,0,0.000000,0.000000,0.000000,0.000000,0.000000,0.000000,0,0,0,0,0,0.000000,0.000000,0.000000,0.000000,0.000000,0.000000,0.000000,0.000000,0.000000,0,0.000000,0.000000,0.000000
26042,39.451187,100793.898438,0.200000,23,1,1000,1000,1000,1000,1000.000000,0,0,0,0,0.000000,0.000000,0.000000,0.000000,0.000000,0.000000,0.000000,0,0,0,0.000000,0.000000,0.000000,0.000000,0.000000,0.000000,0,0,0,0,0,0.000000,0.000000,0.000000,0.000000,0.000000,0.000000,0.000000,0.000000,0.000000,0,0.000000,0.000000,0.000000
26149,39.446342,100790.398438,0.220000,0,1,1000,1000,1000,1000,1000.000000,0,0,0,0,0.000000,0.000000,0.000000,0.000000,0.000000,0.000000,0.000000,0,0,0,0.000000,0.000000,0.000000,0.000000,0.000000,0.000000,0,0,0,0,0,0.000000,0.000000,0.000000,0.000000,0.000000,0.000000,0.000000,0.000000,0.000000,0,0.000000,0.000000,0.000000
26256,39.446903,100791.398438,0.230000,19,1,1000,1000,1000,1000,1000.000000,0,0,0,0,0.000000,0.000000,0.000000,0.000000,0.000000,0.000000,0.000000,0,0,0,0.000000,0.000000,0.000000,0.000000,0.000000,0.000000,0,0,0,0,0,0.000000,0.000000,0.000000,0.000000,0.000000,0.000000,0.000000,0.000000,0.000000,0,0.000000,0.000000,0.000000
26342,39.443020,100792.203125,0.220000,20,1,1000,1000,1000,1000,1000.000000,0,0,0,0,0.000000,0.000000,0.000000,0.000000,0.000000,0.000000,0.000000,0,0,0,0.000000,0.000000,0.000000,0.000000,0.000000,0.000000,0,0,0,0,0,0.000000,0.000000,0.000000,0.000000,0.000000,0.000000,0.000000,0.000000,0.000000,0,0.000000,0.000000,0.000000
26455,39.434311,100790.203125,0.220000,7,1,1000,1000,1000,1000,1000.000000,0,0,0,0,0.000000,0.000000,0.000000,0.000000,0.000000,0.000000,0.000000,0,0,0,0.000000,0.000000,0.000000,0.000000,0.000000,0.000000,0,0,0,0,0,0.000000,0.000000,0.000000,0.000000,0.000000,0.000000,0.000000,0.000000,0.000000,0,0.000000,0.000000,0.000000
26556,39.432159,100790.203125,0.230000,20,1,1000,1000,1000,1000,1000.000000,0,0,0,0,0.000000,0.000000,0.000000,0.000000,0.000000,0.000000,0.000000,0,0,0,0.000000,0.000000,0.000000,0.000000,0.000000,0.000000,0,0,0,0,0,0.000000,0.000000,0.000000,0.000000,0.000000,0.000000,0.000000,0.000000,0.000000,0,0.000000,0.000000,0.000000
26642,39.433159,100792.804688,0.220000,22,1,1000,1000,1000,1000,1000.000000,0,0,0,0,0.000000,0.000000,0.000000,0.000000,0.000000,0.000000,0.000000,0,0,0,0.000000,0.000000,0.000000,0.000000,0.000000,0.000000,0,0,0,0,0,0.000000,0.000000,0.000000,0.000000,0.000000,0.000000,0.000000,0.000000,0.000000,0,0.000000,0.000000,0.000000
26752,39.422771,100790.601563,0.230000,0,1,1000,1000,1000,1000,1000.000000,0,0,0,0,0.000000,0.000000,0.000000,0.000000,0.000000,0.000000,0.000000,0,0,0,0.000000,0.000000,0.000000,0.000000,0.000000,0.000000,0,0,0,0,0,0.000000,0.000000,0.000000,0.000000,0.000000,0.000000,0.000000,0.000000,0.000000,0,0.000000,0.000000,0.000000
26857,39.426689,100791.398438,0.230000,20,1,1000,1000,1000,1000,1000.000000,0,0,0,0,0.000000,0.000000,0.000000,0.000000,0.000000,0.000000,0.000000,0,0,0,0.000000,0.000000,0.000000,0.000000,0.000000,0.000000,0,0,0,0,0,0.000000,0.000000,0.000000,0.000000,0.000000,0.000000,0.000000,0.000000,0.000000,0,0.000000,0.000000,0.000000
26942,39.421284,100792.500000,0.220000,20,1,1000,1000,1000,1000,1000.000000,0,0,0,0,0.000000,0.000000,0.000000,0.000000,0.000000,0.000000,0.000000,0,0,0,0.000000,0.000000,0.000000,0.000000,0.000000,0.000000,0,0,0,0,0,0.000000,0.000000,0.000000,0.000000,0.000000,0.000000,0.000000,0.000000,0.000000,0,0.000000,0.000000,0.000000
27048,39.417473,100792.601563,0.230000,0,1,1000,1000,1000,1000,1000.000000,0,0,0,0,0.000000,0.000000,0.000000,0.000000,0.000000,0.000000,0.000000,0,0,0,0.000000,0.000000,0.000000,0.000000,0.000000,0.000000,0,0,0,0,0,0.000000,0.000000,0.000000,0.000000,0.000000,0.000000,0.000000,0.000000,0.000000,0,0.000000,0.000000,0.000000
27155,39.410652,100790.000000,0.230000,19,1,1000,1000,1000,1000,1000.000000,0,0,0,0,0.000000,0.000000,0.000000,0.000000,0.000000,0.000000,0.000000,0,0,0,0.000000,0.000000,0.000000,0.000000,0.000000,0.000000,0,0,0,0,0,0.000000,0.000000,0.000000,0.000000,0.000000,0.000000,0.000000,0.000000,0.000000,0,0.000000,0.000000,0.000000
27242,39.406631,100789.398438,0.240000,22,1,1000,1000,1000,1000,1000.000000,0,0,0,0,0.000000,0.000000,0.000000,0.000000,0.000000,0.000000,0.000000,0,0,0,0.000000,0.000000,0.000000,0.000000,0.000000,0.000000,0,0,0,0,0,0.000000,0.000000,0.000000,0.000000,0.000000,0.000000,0.000000,0.000000,0.000000,0,0.000000,0.000000,0.000000
27349,39.406754,100790.101563,0.260000,0,1,1000,1000,1000,1000,1000.000000,0,0,0,0,0.000000,0.000000,0.000000,0.000000,0.000000,0.000000,0.000000,0,0,0,0.000000,0.000000,0.000000,0.000000,0.000000,0.000000,0,0,0,0,0,0.000000,0.000000,0.000000,0.000000,0.000000,0.000000,0.000000,0.000000,0.000000,0,0.000000,0.000000,0.000000
27457,39.406544,100792.500000,0.240000,20,1,1000,1000,1000,1000,1000.000000,0,0,0,0,0.000000,0.000000,0.000000,0.000000,0.000000,0.000000,0.000000,0,0,0,0.000000,0.000000,0.000000,0.000000,0.000000,0.000000,0,0,0,0,0,0.000000,0.000000,0.000000,0.000000,0.000000,0.000000,0.000000,0.000000,0.000000,0,0.000000,0.000000,0.000000
27547,39.400211,100791.101563,0.230000,25,1,1000,1000,1000,1000,1000.000000,0,0,0,0,0.000000,0.000000,0.000000,0.000000,0.000000,0.000000,0.000000,0,0,0,0.000000,0.000000,0.000000,0.000000,0.000000,0.000000,0,0,0,0,0,0.000000,0.000000,0.000000,0.000000,0.000000,0.000000,0.000000,0.000000,0.000000,0,0.000000,0.000000,0.000000
27651,39.394180,100790.000000,0.250000,3,1,1000,1000,1000,1000,1000.000000,0,0,0,0,0.000000,0.000000,0.000000,0.000000,0.000000,0.000000,0.000000,0,0,0,0.000000,0.000000,0.000000,0.000000,0.000000,0.000000,0,0,0,0,0,0.000000,0.000000,0.000000,0.000000,0.000000,0.000000,0.000000,0.000000,0.000000,0,0.000000,0.000000,0.000000
27755,39.390770,100791.101563,0.270000,19,1,1000,1000,1000,1000,1000.000000,0,0,0,0,0.000000,0.000000,0.000000,0.000000,0.000000,0.000000,0.000000,0,0,0,0.000000,0.000000,0.000000,0.000000,0.000000,0.000000,0,0,0,0,0,0.000000,0.000000,0.000000,0.000000,0.000000,0.000000,0.000000,0.000000,0.000000,0,0.000000,0.000000,0.000000
27842,39.389160,100791.601563,0.240000,22,1,1000,1000,1000,1000,1000.000000,0,0,0,0,0.000000,0.000000,0.000000,0.000000,0.000000,0.000000,0.000000,0,0,0,0.000000,0.000000,0.000000,0.000000,0.000000,0.000000,0,0,0,0,0,0.000000,0.000000,0.000000,0.000000,0.000000,0.000000,0.000000,0.000000,0.000000,0,0.000000,0.000000,0.000000
27949,39.381886,100792.000000,0.230000,0,1,1000,1000,1000,1000,1000.000000,0,0,0,0,0.000000,0.000000,0.000000,0.000000,0.000000,0.000000,0.000000,0,0,0,0.000000,0.000000,0.000000,0.000000,0.000000,0.000000,0,0,0,0,0,0.000000,0.000000,0.000000,0.000000,0.000000,0.000000,0.000000,0.000000,0.000000,0,0.000000,0.000000,0.000000
28057,39.380768,100791.898438,0.220000,20,1,1000,1000,1000,1000,1000.000000,0,0,0,0,0.000000,0.000000,0.000000,0.000000,0.000000,0.000000,0.000000,0,0,0,0.000000,0.000000,0.000000,0.000000,0.000000,0.000000,0,0,0,0,0,0.000000,0.000000,0.000000,0.000000,0.000000,0.000000,0.000000,0.000000,0.000000,0,0.000000,0.000000,0.000000
28142,39.378441,100791.804688,0.220000,20,1,1000,1000,1000,1000,1000.000000,0,0,0,0,0.000000,0.000000,0.000000,0.000000,0.000000,0.000000,0.000000,0,0,0,0.000000,0.000000,0.000000,0.000000,0.000000,0.000000,0,0,0,0,0,0.000000,0.000000,0.000000,0.000000,0.000000,0.000000,0.000000,0.000000,0.000000,0,0.000000,0.000000,0.000000
28249,39.373302,100792.000000,0.220000,0,1,1000,1000,1000,1000,1000.000000,0,0,0,0,0.000000,0.000000,0.000000,0.000000,0.000000,0.000000,0.000000,0,0,0,0.000000,0.000000,0.000000,0.000000,0.000000,0.000000,0,0,0,0,0,0.000000,0.000000,0.000000,0.000000,0.000000,0.000000,0.000000,0.000000,0.000000,0,0.000000,0.000000,0.000000
28357,39.368843,100792.500000,0.210000,20,1,1000,1000,1000,1000,1000.000000,0,0,0,0,0.000000,0.000000,0.000000,0.000000,0.000000,0.000000,0.000000,0,0,0,0.000000,0.000000,0.000000,0.000000,0.000000,0.000000,0,0,0,0,0,0.000000,0.000000,0.000000,0.000000,0.000000,0.000000,0.000000,0.000000,0.000000,0,0.000000,0.000000,0.000000
28442,39.363720,100791.898438,0.210000,20,1,1000,1000,1000,1000,1000.000000,0,0,0,0,0.000000,0.000000,0.000000,0.000000,0.000000,0.000000,0.000000,0,0,0,0.000000,0.000000,0.000000,0.000000,0.000000,0.000000,0,0,0,0,0,0.000000,0.000000,0.000000,0.000000,0.000000,0.000000,0.000000,0.000000,0.000000,0,0.000000,0.000000,0.000000
28549,39.365170,100793.101563,0.200000,0,1,1000,1000,1000,1000,1000.000000,0,0,0,0,0.000000,0.000000,0.000000,0.000000,0.000000,0.000000,0.000000,0,0,0,0.000000,0.000000,0.000000,0.000000,0.000000,0.000000,0,0,0,0,0,0.000000,0.000000,0.000000,0.000000,0.000000,0.000000,0.000000,0.000000,0.000000,0,0.000000,0.000000,0.000000
28657,39.355289,100792.000000,0.200000,20,1,1000,1000,1000,1000,1000.000000,0,0,0,0,0.000000,0.000000,0.000000,0.000000,0.000000,0.000000,0.000000,0,0,0,0.000000,0.000000,0.000000,0.000000,0.000000,0.000000,0,0,0,0,0,0.000000,0.000000,0.000000,0.000000,0.000000,0.000000,0.000000,0.000000,0.000000,0,0.000000,0.000000,0.000000
28742,39.352528,100792.101563,0.200000,20,1,1000,1000,1000,1000,1000.000000,0,0,0,0,0.000000,0.000000,0.000000,0.000000,0.000000,0.000000,0.000000,0,0,0,0.000000,0.000000,0.000000,0.000000,0.000000,0.000000,0,0,0,0,0,0.000000,0.000000,0.000000,0.000000,0.000000,0.000000,0.000000,0.000000,0.000000,0,0.000000,0.000000,0.000000
28848,39.347790,100790.500000,0.220000,0,1,1000,1000,1000,1000,1000.000000,0,0,0,0,0.000000,0.000000,0.000000,0.000000,0.000000,0.000000,0.000000,0,0,0,0.000000,0.000000,0.000000,0.000000,0.000000,0.000000,0,0,0,0,0,0.000000,0.000000,0.000000,0.000000,0.000000,0.000000,0.000000,0.000000,0.000000,0,0.000000,0.000000,0.000000
28955,39.343277,100790.304688,0.240000,19,1,1000,1000,1000,1000,1000.000000,0,0,0,0,0.000000,0.000000,0.000000,0.000000,0.000000,0.000000,0.000000,0,0,0,0.000000,0.000000,0.000000,0.000000,0.000000,0.000000,0,0,0,0,0,0.000000,0.000000,0.000000,0.000000,0.000000,0.000000,0.000000,0.000000,0.000000,0,0.000000,0.000000,0.000000
29042,39.342823,100790.898438,0.250000,22,1,1000,1000,1000,1000,1000.000000,0,0,0,0,0.000000,0.000000,0.000000,0.000000,0.000000,0.000000,0.000000,0,0,0,0.000000,0.000000,0.000000,0.000000,0.000000,0.000000,0,0,0,0,0,0.000000,0.000000,0.000000,0.000000,0.000000,0.000000,0.000000,0.000000,0.000000,0,0.000000,0.000000,0.000000
29149,39.334465,100790.703125,0.250000,0,1,1000,1000,1000,1000,1000.000000,0,0,0,0,0.000000,0.000000,0.000000,0.000000,0.000000,0.000000,0.000000,0,0,0,0.000000,0.000000,0.000000,0.000000,0.000000,0.000000,0,0,0,0,0,0.000000,0.000000,0.000000,0.000000,0.000000,0.000000,0.000000,0.000000,0.000000,0,0.000000,0.000000,0.000000
29257,39.334427,100790.804688,0.240000,20,1,1000,1000,1000,1000,1000.000000,0,0,0,0,0.000000,0.000000,0.000000,0.000000,0.000000,0.000000,0.000000,0,0,0,0.000000,0.000000,0.000000,0.000000,0.000000,0.000000,0,0,0,0,0,0.000000,0.000000,0.000000,0.000000,0.000000,0.000000,0.000000,0.000000,0.000000,0,0.000000,0.000000,0.000000
29342,39.328274,100791.703125,0.230000,20,1,1000,1000,1000,1000,1000.000000,0,0,0,0,0.000000,0.000000,0.000000,0.000000,0.000000,0.000000,0.000000,0,0,0,0.000000,0.000000,0.000000,0.000000,0.000000,0.000000,0,0,0,0,0,0.000000,0.000000,0.000000,0.000000,0.000000,0.000000,0.000000,0.000000,0.000000,0,0.000000,0.000000,0.000000
29448,39.324654,100790.101563,0.240000,0,1,1000,1000,1000,1000,1000.000000,0,0,0,0,0.000000,0.000000,0.000000,0.000000,0.000000,0.000000,0.000000,0,0,0,0.000000,0.000000,0.000000,0.000000,0.000000,0.000000,0,0,0,0,0,0.000000,0.000000,0.000000,0.000000,0.000000,0.000000,0.000000,0.000000,0.000000,0,0.000000,0.000000,0.000000
29555,39.321785,100791.304688,0.240000,19,1,1000,1000,1000,1000,1000.000000,0,0,0,0,0.000000,0.000000,0.000000,0.000000,0.000000,0.000000,0.000000,0,0,0,0.000000,0.000000,0.000000,0.000000,0.000000,0.000000,0,0,0,0,0,0.000000,0.000000,0.000000,0.000000,0.000000,0.000000,0.000000,0.000000,0.000000,0,0.000000,0.000000,0.000000
29642,39.315334,100790.203125,0.250000,22,1,1000,1000,1000,1000,1000.000000,0,0,0,0,0.000000,0.000000,0.000000,0.000000,0.000000,0.000000,0.000000,0,0,0,0.000000,0.000000,0.000000,0.000000,0.000000,0.000000,0,0,0,0,0,0.000000,0.000000,0.000000,0.000000,0.000000,0.000000,0.000000,0.000000,0.000000,0,0.000000,0.000000,0.000000
29752,39.308861,100789.804688,0.260000,0,1,1000,1000,1000,1000,1000.000000,0,0,0,0,0.000000,0.000000,0.000000,0.000000,0.000000,0.000000,0.000000,0,0,0,0.000000,0.000000,0.000000,0.000000,0.000000,0.000000,0,0,0,0,0,0.000000,0.000000,0.000000,0.000000,0.000000,0.000000,0.000000,0.000000,0.000000,0,0.000000,0.000000,0.000000
29856,39.310314,100791.703125,0.250000,19,1,1000,1000,1000,1000,1000.000000,0,0,0,0,0.000000,0.000000,0.000000,0.000000,0.000000,0.000000,0.000000,0,0,0,0.000000,0.000000,0.000000,0.000000,0.000000,0.000000,0,0,0,0,0,0.000000,0.000000,0.000000,0.000000,0.000000,0.000000,0.000000,0.000000,0.000000,0,0.000000,0.000000,0.000000
29942,39.309982,100791.703125,0.230000,21,1,1000,1000,1000,1000,1000.000000,0,0,0,0,0.000000,0.000000,0.000000,0.000000,0.000000,0.000000,0.000000,0,0,0,0.000000,0.000000,0.000000,0.000000,0.000000,0.000000,0,0,0,0,0,0.000000,0.000000,0.000000,0.000000,0.000000,0.000000,0.000000,0.000000,0.000000,0,0.000000,0.000000,0.000000
30047,39.300049,100790.601563,0.240000,0,1,1000,1000,1000,1000,1000.000000,0,0,0,0,0.000000,0.000000,0.000000,0.000000,0.000000,0.000000,0.000000,0,0,0,0.000000,0.000000,0.000000,0.000000,0.000000,0.000000,0,0,0,0,0,0.000000,0.000000,0.000000,0.000000,0.000000,0.000000,0.000000,0.000000,0.000000,0,0.000000,0.000000,0.000000
30154,39.298843,100791.500000,0.250000,19,1,1000,1000,1000,1000,1000.000000,0,0,0,0,0.000000,0.000000,0.000000,0.000000,0.000000,0.000000,0.000000,0,0,0,0.000000,0.000000,0.000000,0.000000,0.000000,0.000000,0,0,0,0,0,0.000000,0.000000,0.000000,0.000000,0.000000,0.000000,0.000000,0.000000,0.000000,0,0.000000,0.000000,0.000000
30242,39.295277,100792.203125,0.240000,23,1,1000,1000,1000,1000,1000.000000,0,0,0,0,0.000000,0.000000,0.000000,0.000000,0.000000,0.000000,0.000000,0,0,0,0.000000,0.000000,0.000000,0.000000,0.000000,0.000000,0,0,0,0,0,0.000000,0.000000,0.000000,0.000000,0.000000,0.000000,0.000000,0.000000,0.000000,0,0.000000,0.000000,0.000000
30349,39.294804,100793.304688,0.220000,0,1,1000,1000,1000,1000,1000.000000,0,0,0,0,0.000000,0.000000,0.000000,0.000000,0.000000,0.000000,0.000000,0,0,0,0.000000,0.000000,0.000000,0.000000,0.000000,0.000000,0,0,0,0,0,0.000000,0.000000,0.000000,0.000000,0.000000,0.000000,0.000000,0.000000,0.000000,0,0.000000,0.000000,0.000000
30456,39.283279,100791.601563,0.210000,19,1,1000,1000,1000,1000,1000.000000,0,0,0,0,0.000000,0.000000,0.000000,0.000000,0.000000,0.000000,0.000000,0,0,0,0.000000,0.000000,0.000000,0.000000,0.000000,0.000000,0,0,0,0,0,0.000000,0.000000,0.000000,0.000000,0.000000,0.000000,0.000000,0.000000,0.000000,0,0.000000,0.000000,0.000000
30542,39.281425,100790.601563,0.220000,21,1,1000,1000,1000,1000,1000.000000,0,0,0,0,0.000000,0.000000,0.000000,0.000000,0.000000,0.000000,0.000000,0,0,0,0.000000,0.000000,0.000000,0.000000,0.000000,0.000000,0,0,0,0,0,0.000000,0.000000,0.000000,0.000000,0.000000,0.000000,0.000000,0.000000,0.000000,0,0.000000,0.000000,0.000000
30647,39.275356,100790.898438,0.230000,0,1,1000,1000,1000,1000,1000.000000,0,0,0,0,0.000000,0.000000,0.000000,0.000000,0.000000,0.000000,0.000000,0,0,0,0.000000,0.000000,0.000000,0.000000,0.000000,0.000000,0,0,0,0,0,0.000000,0.000000,0.000000,0.000000,0.000000,0.000000,0.000000,0.000000,0.000000,0,0.000000,0.000000,0.000000
30754,39.270306,100790.101563,0.250000,19,1,1000,1000,1000,1000,1000.000000,0,0,0,0,0.000000,0.000000,0.000000,0.000000,0.000000,0.000000,0.000000,0,0,0,0.000000,0.000000,0.000000,0.000000,0.000000,0.000000,0,0,0,0,0,0.000000,0.000000,0.000000,0.000000,0.000000,0.000000,0.000000,0.000000,0.000000,0,0.000000,0.000000,0.000000
30854,39.271107,100791.500000,0.250000,35,1,1000,1000,1000,1000,1000.000000,0,0,0,0,0.000000,0.000000,0.000000,0.000000,0.000000,0.000000,0.000000,0,0,0,0.000000,0.000000,0.000000,0.000000,0.000000,0.000000,0,0,0,0,0,0.000000,0.000000,0.000000,0.000000,0.000000,0.000000,0.000000,0.000000,0.000000,0,0.000000,0.000000,0.000000
30955,39.265007,100792.203125,0.220000,7,1,1000,1000,1000,1000,1000.000000,0,0,0,0,0.000000,0.000000,0.000000,0.000000,0.000000,0.000000,0.000000,0,0,0,0.000000,0.000000,0.000000,0.000000,0.000000,0.000000,0,0,0,0,0,0.000000,0.000000,0.000000,0.000000,0.000000,0.000000,0.000000,0.000000,0.000000,0,0.000000,0.000000,0.000000
31056,39.260983,100790.398438,0.230000,19,1,1000,1000,1000,1000,1000.000000,0,0,0,0,0.000000,0.000000,0.000000,0.000000,0.000000,0.000000,0.000000,0,0,0,0.000000,0.000000,0.000000,0.000000,0.000000,0.000000,0,0,0,0,0,0.000000,0.000000,0.000000,0.000000,0.000000,0.000000,0.000000,0.000000,0.000000,0,0.000000,0.000000,0.000000
31142,39.256210,100790.601563,0.240000,21,1,1000,1000,1000,1000,1000.000000,0,0,0,0,0.000000,0.000000,0.000000,0.000000,0.000000,0.000000,0.000000,0,0,0,0.000000,0.000000,0.000000,0.000000,0.000000,0.000000,0,0,0,0,0,0.000000,0.000000,0.000000,0.000000,0.000000,0.000000,0.000000,0.000000,0.000000,0,0.000000,0.000000,0.000000
31249,39.249199,100789.703125,0.240000,0,1,1000,1000,1000,1000,1000.000000,0,0,0,0,0.000000,0.000000,0.000000,0.000000,0.000000,0.000000,0.000000,0,0,0,0.000000,0.000000,0.000000,0.000000,0.000000,0.000000,0,0,0,0,0,0.000000,0.000000,0.000000,0.000000,0.000000,0.000000,0.000000,0.000000,0.000000,0,0.000000,0.000000,0.000000
31357,39.249409,100792.000000,0.240000,20,1,1000,1000,1000,1000,1000.000000,0,0,0,0,0.000000,0.000000,0.000000,0.000000,0.000000,0.000000,0.000000,0,0,0,0.000000,0.000000,0.000000,0.000000,0.000000,0.000000,0,0,0,0,0,0.000000,0.000000,0.000000,0.000000,0.000000,0.000000,0.000000,0.000000,0.000000,0,0.000000,0.000000,0.000000
31442,39.241539,100791.203125,0.230000,20,1,1000,1000,1000,1000,1000.000000,0,0,0,0,0.000000,0.000000,0.000000,0.000000,0.000000,0.000000,0.000000,0,0,0,0.000000,0.000000,0.000000,0.000000,0.000000,0.000000,0,0,0,0,0,0.000000,0.000000,0.000000,0.000000,0.000000,0.000000,0.000000,0.000000,0.000000,0,0.000000,0.000000,0.000000
31549,39.238319,100790.703125,0.230000,0,1,1000,1000,1000,1000,1000.000000,0,0,0,0,0.000000,0.000000,0.000000,0.000000,0.000000,0.000000,0.000000,0,0,0,0.000000,0.000000,0.000000,0.000000,0.000000,0.000000,0,0,0,0,0,0.000000,0.000000,0.000000,0.000000,0.000000,0.000000,0.000000,0.000000,0.000000,0,0.000000,0.000000,0.000000
31657,39.234943,100791.500000,0.220000,20,1,1000,1000,1000,1000,1000.000000,0,0,0,0,0.000000,0.000000,0.000000,0.000000,0.000000,0.000000,0.000000,0,0,0,0.000000,0.000000,0.000000,0.000000,0.000000,0.000000,0,0,0,0,0,0.000000,0.000000,0.000000,0.000000,0.000000,0.000000,0.000000,0.000000,0.000000,0,0.000000,0.000000,0.000000
31742,39.229176,100791.804688,0.200000,20,1,1000,1000,1000,1000,1000.000000,0,0,0,0,0.000000,0.000000,0.000000,0.000000,0.000000,0.000000,0.000000,0,0,0,0.000000,0.000000,0.000000,0.000000,0.000000,0.000000,0,0,0,0,0,0.000000,0.000000,0.000000,0.000000,0.000000,0.000000,0.000000,0.000000,0.000000,0,0.000000,0.000000,0.000000
31848,39.228127,100792.804688,0.180000,0,1,1000,1000,1000,1000,1000.000000,0,0,0,0,0.000000,0.000000,0.000000,0.000000,0.000000,0.000000,0.000000,0,0,0,0.000000,0.000000,0.000000,0.000000,0.000000,0.000000,0,0,0,0,0,0.000000,0.000000,0.000000,0.000000,0.000000,0.000000,0.000000,0.000000,0.000000,0,0.000000,0.000000,0.000000
31955,39.222023,100791.398438,0.180000,19,1,1000,1000,1000,1000,1000.000000,0,0,0,0,0.000000,0.000000,0.000000,0.000000,0.000000,0.000000,0.000000,0,0,0,0.000000,0.000000,0.000000,0.000000,0.000000,0.000000,0,0,0,0,0,0.000000,0.000000,0.000000,0.000000,0.000000,0.000000,0.000000,0.000000,0.000000,0,0.000000,0.000000,0.000000
32042,39.217442,100792.601563,0.170000,22,1,1000,1000,1000,1000,1000.000000,0,0,0,0,0.000000,0.000000,0.000000,0.000000,0.000000,0.000000,0.000000,0,0,0,0.000000,0.000000,0.000000,0.000000,0.000000,0.000000,0,0,0,0,0,0.000000,0.000000,0.000000,0.000000,0.000000,0.000000,0.000000,0.000000,0.000000,0,0.000000,0.000000,0.000000
32149,39.212299,100791.804688,0.190000,0,1,1000,1000,1000,1000,1000.000000,0,0,0,0,0.000000,0.000000,0.000000,0.000000,0.000000,0.000000,0.000000,0,0,0,0.000000,0.000000,0.000000,0.000000,0.000000,0.000000,0,0,0,0,0,0.000000,0.000000,0.000000,0.000000,0.000000,0.000000,0.000000,0.000000,0.000000,0,0.000000,0.000000,0.000000
32257,39.210972,100791.398438,0.190000,20,1,1000,1000,1000,1000,1000.000000,0,0,0,0,0.000000,0.000000,0.000000,0.000000,0.000000,0.000000,0.000000,0,0,0,0.000000,0.000000,0.000000,0.000000,0.000000,0.000000,0,0,0,0,0,0.000000,0.000000,0.000000,0.000000,0.000000,0.000000,0.000000,0.000000,0.000000,0,0.000000,0.000000,0.000000
32342,39.202770,100791.101563,0.210000,20,1,1000,1000,1000,1000,1000.000000,0,0,0,0,0.000000,0.000000,0.000000,0.000000,0.000000,0.000000,0.000000,0,0,0,0.000000,0.000000,0.000000,0.000000,0.000000,0.000000,0,0,0,0,0,0.000000,0.000000,0.000000,0.000000,0.000000,0.000000,0.000000,0.000000,0.000000,0,0.000000,0.000000,0.000000
32448,39.194305,100790.398438,0.240000,0,1,1000,1000,1000,1000,1000.000000,0,0,0,0,0.000000,0.000000,0.000000,0.000000,0.000000,0.000000,0.000000,0,0,0,0.000000,0.000000,0.000000,0.000000,0.000000,0.000000,0,0,0,0,0,0.000000,0.000000,0.000000,0.000000,0.000000,0.000000,0.000000,0.000000,0.000000,0,0.000000,0.000000,0.000000
32555,39.194447,100791.601563,0.230000,19,1,1000,1000,1000,1000,1000.000000,0,0,0,0,0.000000,0.000000,0.000000,0.000000,0.000000,0.000000,0.000000,0,0,0,0.000000,0.000000,0.000000,0.000000,0.000000,0.000000,0,0,0,0,0,0.000000,0.000000,0.000000,0.000000,0.000000,0.000000,0.000000,0.000000,0.000000,0,0.000000,0.000000,0.000000
32642,39.190895,100794.203125,0.200000,22,1,1000,1000,1000,1000,1000.000000,0,0,0,0,0.000000,0.000000,0.000000,0.000000,0.000000,0.000000,0.000000,0,0,0,0.000000,0.000000,0.000000,0.000000,0.000000,0.000000,0,0,0,0,0,0.000000,0.000000,0.000000,0.000000,0.000000,0.000000,0.000000,0.000000,0.000000,0,0.000000,0.000000,0.000000
32752,39.182064,100791.898438,0.180000,0,1,1000,1000,1000,1000,1000.000000,0,0,0,0,0.000000,0.000000,0.000000,0.000000,0.000000,0.000000,0.000000,0,0,0,0.000000,0.000000,0.000000,0.000000,0.000000,0.000000,0,0,0,0,0,0.000000,0.000000,0.000000,0.000000,0.000000,0.000000,0.000000,0.000000,0.000000,0,0.000000,0.000000,0.000000
32849,39.177502,100791.203125,0.190000,12,1,1000,1000,1000,1000,1000.000000,1,0,0,1,-0.009626,0.017276,-3.964918,-2.109957,-82.755203,0.000431,0.000000,1,0,0,0.000000,0.000000,0.000000,0.000000,0.000000,0.000000,0,0,0,0,0,0.000000,0.000000,0.000000,0.000000,0.000000,0.000000,0.000000,0.000000,0.000000,0,0.000000,0.000000,0.000000
32953,39.170452,100791.101563,0.190000,30,1,1000,1000,1000,1000,1000.000000,1,0,0,1,0.002328,0.001925,-3.962634,-2.116160,-82.755707,0.016294,0.000060,1,0,0,0.000000,0.000000,0.000000,0.000000,0.000000,0.000000,0,0,0,0,0,0.000000,0.000000,0.000000,0.000000,0.000000,0.000000,0.000000,0.000000,0.000000,0,0.000000,0.000000,0.000000
33043,39.171696,100793.398438,0.170000,34,1,1000,1000,1000,1000,1000.000000,1,0,0,1,0.010242,0.011144,-3.956321,-2.130464,-82.771446,-0.007581,0.000014,1,0,0,0.000000,0.000000,0.000000,0.000000,0.000000,0.000000,0,0,0,0,0,0.000000,0.000000,0.000000,0.000000,0.000000,0.000000,0.000000,0.000000,0.000000,0,0.000000,0.000000,0.000000
33146,39.164017,100791.804688,0.150000,1,1,1000,1000,1000,1000,1000.000000,1,0,0,1,0.014951,0.036382,-3.952843,-2.137587,-82.774384,-0.018853,0.000092,1,0,0,0.000000,0.000000,0.000000,0.000000,0.000000,0.000000,0,0,0,0,0,0.000000,0.000000,0.000000,0.000000,0.000000,0.000000,0.000000,0.000000,0.000000,0,0.000000,0.000000,0.000000
33254,39.157074,100791.898438,0.140000,20,1,1000,1000,1000,1000,1000.000000,1,0,0,1,0.026970,0.053350,-3.952134,-2.128237,-82.752090,-0.015447,0.000064,1,0,0,0.000000,0.000000,0.000000,0.000000,0.000000,0.000000,0,0,0,0,0,0.000000,0.000000,0.000000,0.000000,0.000000,0.000000,0.000000,0.000000,0.000000,0,0.000000,0.000000,0.000000
33350,39.155468,100791.500000,0.150000,23,1,1000,1000,1000,1000,1000.000000,1,0,0,1,0.031407,0.059248,-3.948062,-2.141222,-82.763474,0.000174,0.000000,1,0,0,0.000000,0.000000,0.000000,0.000000,0.000000,0.000000,0,0,0,0,0,0.000000,0.000000,0.000000,0.000000,0.000000,0.000000,0.000000,0.000000,0.000000,0,0.000000,0.000000,0.000000
33442,39.148560,100791.304688,0.170000,29,1,1000,1000,1000,1000,1000.000000,1,0,0,1,0.031908,0.060790,-3.946174,-2.127804,-82.740013,0.021918,0.000132,1,0,0,0.000000,0.000000,0.000000,0.000000,0.000000,0.000000,0,0,0,0,0,0.000000,0.000000,0.000000,0.000000,0.000000,0.000000,0.000000,0.000000,0.000000,0,0.000000,0.000000,0.000000
33555,39.143173,100792.398438,0.180000,0,1,1000,1000,1000,1000,1000.000000,1,0,0,1,0.022305,0.038360,-3.934560,-2.143214,-82.755722,0.031401,0.000274,1,0,0,0.000000,0.000000,0.000000,0.000000,0.000000,0.000000,0,0,0,0,0,0.000000,0.000000,0.000000,0.000000,0.000000,0.000000,0.000000,0.000000,0.000000,0,0.000000,0.000000,0.000000
33657,39.136841,100790.304688,0.180000,0,1,1000,1000,1000,1000,1000.000000,1,0,0,1,0.018756,0.039397,-3.923609,-2.140436,-82.751930,0.019815,0.000110,1,0,0,0.000000,0.000000,0.000000,0.000000,0.000000,0.000000,0,0,0,0,0,0.000000,0.000000,0.000000,0.000000,0.000000,0.000000,0.000000,0.000000,0.000000,0,0.000000,0.000000,0.000000
33763,39.133137,100791.203125,0.190000,1,1,1000,1000,1000,1000,1000.000000,1,0,0,1,0.017430,0.044894,-3.919375,-2.137011,-82.743912,0.026311,0.000195,1,0,0,0.000000,0.000000,0.000000,0.000000,0.000000,0.000000,0,0,0,0,0,0.000000,0.000000,0.000000,0.000000,0.000000,0.000000,0.000000,0.000000,0.000000,0,0.000000,0.000000,0.000000
33852,39.126736,100791.500000,0.180000,4,1,1000,1000,1000,1000,1000.000000,1,0,0,1,0.015236,0.043435,-3.916871,-2.128685,-82.731819,0.015954,0.000072,1,0,0,0.000000,0.000000,0.000000,0.000000,0.000000,0.000000,0,0,0,0,0,0.000000,0.000000,0.000000,0.000000,0.000000,0.000000,0.000000,0.000000,0.000000,0,0.000000,0.000000,0.000000
33957,39.126156,100792.601563,0.160000,20,1,1000,1000,1000,1000,1000.000000,1,0,0,1,0.016821,0.043369,-3.909559,-2.122849,-82.724457,-0.004195,0.000005,1,0,0,0.000000,0.000000,0.000000,0.000000,0.000000,0.000000,0,0,0,0,0,0.000000,0.000000,0.000000,0.000000,0.000000,0.000000,0.000000,0.000000,0.000000,0,0.000000,0.000000,0.000000
34053,39.119091,100792.804688,0.140000,19,1,1000,1000,1000,1000,1000.000000,1,0,0,1,0.019301,0.039883,-3.903567,-2.116527,-82.717972,-0.022188,0.000140,1,0,0,0.000000,0.000000,0.000000,0.000000,0.000000,0.000000,0,0,0,0,0,0.000000,0.000000,0.000000,0.000000,0.000000,0.000000,0.000000,0.000000,0.000000,0,0.000000,0.000000,0.000000
34158,39.117764,100792.398438,0.140000,39,1,1000,1000,1000,1000,1000.000000,1,0,0,1,0.022484,0.036702,-3.898727,-2.107047,-82.709122,-0.019754,0.000111,1,0,0,0.000000,0.000000,0.000000,0.000000,0.000000,0.000000,0,0,0,0,0,0.000000,0.000000,0.000000,0.000000,0.000000,0.000000,0.000000,0.000000,0.000000,0,0.000000,0.000000,0.000000
34260,39.108879,100792.500000,0.130000,7,1,1000,1000,1000,1000,1000.000000,1,0,0,1,0.025962,0.035283,-3.895752,-2.104835,-82.705566,-0.024889,0.000177,1,0,0,0.000000,0.000000,0.000000,0.000000,0.000000,0.000000,0,0,0,0,0,0.000000,0.000000,0.000000,0.000000,0.000000,0.000000,0.000000,0.000000,0.000000,0,0.000000,0.000000,0.000000
34354,39.105820,100791.703125,0.130000,0,1,1000,1000,1000,1000,1000.000000,1,0,0,1,0.028042,0.029481,-3.895673,-2.101504,-82.702271,-0.034701,0.000345,1,0,0,0.000000,0.000000,0.000000,0.000000,0.000000,0.000000,0,0,0,0,0,0.000000,0.000000,0.000000,0.000000,0.000000,0.000000,0.000000,0.000000,0.000000,0,0.000000,0.000000,0.000000
34452,39.103634,100793.601563,0.120000,0,1,1000,1000,1000,1000,1000.000000,1,0,0,1,0.029929,0.025276,-3.890964,-2.097436,-82.701256,-0.021779,0.000136,1,0,0,0.000000,0.000000,0.000000,0.000000,0.000000,0.000000,0,0,0,0,0,0.000000,0.000000,0.000000,0.000000,0.000000,0.000000,0.000000,0.000000,0.000000,0,0.000000,0.000000,0.000000
34551,39.092510,100791.203125,0.130000,14,1,1000,1000,1000,1000,1000.000000,1,0,0,1,0.034434,0.028851,-3.883193,-2.103801,-82.704163,-0.016348,0.000077,1,0,0,0.000000,0.000000,0.000000,0.000000,0.000000,0.000000,0,0,0,0,0,0.000000,0.000000,0.000000,0.000000,0.000000,0.000000,0.000000,0.000000,0.000000,0,0.000000,0.000000,0.000000
34654,39.091290,100792.804688,0.130000,31,1,1000,1000,1000,1000,1000.000000,1,0,0,1,0.037750,0.031572,-3.880835,-2.110535,-82.707146,-0.012775,0.000047,1,0,0,0.000000,0.000000,0.000000,0.000000,0.000000,0.000000,0,0,0,0,0,0.000000,0.000000,0.000000,0.000000,0.000000,0.000000,0.000000,0.000000,0.000000,0,0.000000,0.000000,0.000000
34761,39.088123,100793.804688,0.120000,9,1,1000,1000,1000,1000,1000.000000,1,0,0,1,0.042540,0.035789,-3.877208,-2.118093,-82.710304,-0.018155,0.000095,1,0,0,0.000000,0.000000,0.000000,0.000000,0.000000,0.000000,0,0,0,0,0,0.000000,0.000000,0.000000,0.000000,0.000000,0.000000,0.000000,0.000000,0.000000,0,0.000000,0.000000,0.000000
34847,39.079815,100791.500000,0.130000,9,1,1000,1000,1000,1000,1000.000000,1,0,0,1,0.045224,0.035621,-3.870746,-2.122018,-82.712837,-0.005075,0.000007,1,0,0,0.000000,0.000000,0.000000,0.000000,0.000000,0.000000,0,0,0,0,0,0.000000,0.000000,0.000000,0.000000,0.000000,0.000000,0.000000,0.000000,0.000000,0,0.000000,0.000000,0.000000
34953,39.077332,100793.703125,0.120000,29,1,1000,1000,1000,1000,1000.000000,1,0,0,1,0.047596,0.032824,-3.870349,-2.120591,-82.714790,-0.013617,0.000053,1,0,0,0.000000,0.000000,0.000000,0.000000,0.000000,0.000000,0,0,0,0,0,0.000000,0.000000,0.000000,0.000000,0.000000,0.000000,0.000000,0.000000,0.000000,0,0.000000,0.000000,0.000000
35063,39.068783,100793.203125,0.110000,10,1,1016,1004,1000,1000,1005.000000,1,0,1,1,0.050589,0.029071,-3.869819,-2.120315,-82.717155,-0.020224,0.000117,1,0,0,0.000000,0.000000,0.000000,0.000000,0.000000,0.000000,0,0,0,0,0,0.000000,0.000000,0.000000,0.000000,0.000000,0.000000,0.000000,0.000000,0.000000,0,0.000000,0.000000,0.000000
35157,39.069096,100793.203125,0.110000,18,1,1016,1004,1000,1000,1005.000000,1,0,1,1,0.051905,0.024841,-3.868929,-2.108767,-82.718323,-0.016472,0.000078,1,0,0,0.000000,0.000000,0.000000,0.000000,0.000000,0.000000,0,0,0,0,0,0.000000,0.000000,0.000000,0.000000,0.000000,0.000000,0.000000,0.000000,0.000000,0,0.000000,0.000000,0.000000
35258,39.058689,100793.000000,0.110000,32,1,1016,1004,1000,1000,1005.000000,1,0,1,1,0.056061,0.027577,-3.865172,-2.116705,-82.721657,-0.015380,0.000068,1,0,0,0.000000,0.000000,0.000000,0.000000,0.000000,0.000000,0,0,0,0,0,0.000000,0.000000,0.000000,0.000000,0.000000,0.000000,0.000000,0.000000,0.000000,0,0.000000,0.000000,0.000000
35347,39.053341,100793.898438,0.090000,23,1,1016,1004,1000,1000,1005.000000,1,0,1,1,0.058296,0.026592,-3.863363,-2.119201,-82.723701,-0.033633,0.000322,1,0,0,0.000000,0.000000,0.000000,0.000000,0.000000,0.000000,0,0,0,0,0,0.000000,0.000000,0.000000,0.000000,0.000000,0.000000,0.000000,0.000000,0.000000,0,0.000000,0.000000,0.000000
35456,39.044140,100793.804688,0.100000,4,1,1016,1004,1000,1000,1005.000000,1,0,1,1,0.060363,0.026483,-3.856331,-2.114671,-82.726089,-0.020466,0.000119,1,0,0,0.000000,0.000000,0.000000,0.000000,0.000000,0.000000,0,0,0,0,0,0.000000,0.000000,0.000000,0.000000,0.000000,0.000000,0.000000,0.000000,0.000000,0,0.000000,0.000000,0.000000
35546,39.043213,100791.500000,0.110000,8,1,1016,1004,1000,1000,1005.000000,1,0,1,1,0.060697,0.023763,-3.850085,-2.105754,-82.728012,-0.009848,0.000028,1,0,0,0.000000,0.000000,0.000000,0.000000,0.000000,0.000000,0,0,0,0,0,0.000000,0.000000,0.000000,0.000000,0.000000,0.000000,0.000000,0.000000,0.000000,0,0.000000,0.000000,0.000000
35655,39.034801,100792.304688,0.110000,31,1,1016,1004,1000,1000,1005.000000,1,0,1,1,0.060973,0.020719,-3.855677,-2.107414,-82.730949,-0.007025,0.000014,1,0,0,0.000000,0.000000,0.000000,0.000000,0.000000,0.000000,0,0,0,0,0,0.000000,0.000000,0.000000,0.000000,0.000000,0.000000,0.000000,0.000000,0.000000,0,0.000000,0.000000,0.000000
35763,39.034138,100792.500000,0.110000,10,1,1016,1004,1000,1000,1005.000000,1,0,1,1,0.064179,0.021605,-3.852106,-2.114839,-82.734100,-0.006207,0.000011,1,0,0,0.000000,0.000000,0.000000,0.000000,0.000000,0.000000,0,0,0,0,0,0.000000,0.000000,0.000000,0.000000,0.000000,0.000000,0.000000,0.000000,0.000000,0,0.000000,0.000000,0.000000
35849,39.030186,100791.601563,0.130000,10,1,1016,1004,1000,1000,1005.000000,1,0,1,1,0.062308,0.017804,-3.850129,-2.103557,-82.736076,0.012793,0.000046,1,0,0,0.000000,0.000000,0.000000,0.000000,0.000000,0.000000,0,0,0,0,0,0.000000,0.000000,0.000000,0.000000,0.000000,0.000000,0.000000,0.000000,0.000000,0,0.000000,0.000000,0.000000
35955,39.024994,100792.203125,0.130000,30,1,1016,1004,1000,1000,1005.000000,1,0,1,1,0.059839,0.012600,-3.846126,-2.109995,-82.738853,0.009956,0.000028,1,0,0,0.000000,0.000000,0.000000,0.000000,0.000000,0.000000,0,0,0,0,0,0.000000,0.000000,0.000000,0.000000,0.000000,0.000000,0.000000,0.000000,0.000000,0,0.000000,0.000000,0.000000
36041,39.022141,100792.000000,0.140000,30,1,1016,1004,1000,1000,1005.000000,1,0,1,1,0.056083,0.006993,-3.852835,-2.107157,-82.741348,0.019630,0.000109,1,0,0,0.000000,0.000000,0.000000,0.000000,0.000000,0.000000,0,0,0,0,0,0.000000,0.000000,0.000000,0.000000,0.000000,0.000000,0.000000,0.000000,0.000000,0,0.000000,0.000000,0.000000
36158,39.015953,100792.804688,0.140000,18,1,1218,1206,1196,1180,1200.000000,1,1,1,1,0.052317,-0.004088,-3.844688,-2.106129,-82.742218,0.015123,0.000064,1,0,0,0.000000,0.000000,0.000000,0.000000,0.000000,0.000000,0,0,0,0,0,0.000000,0.000000,0.000000,0.000000,0.000000,0.000000,0.000000,0.000000,0.000000,0,0.000000,0.000000,0.000000
36259,39.010109,100792.000000,0.130000,33,1,1213,1207,1196,1183,1200.000000,1,1,1,1,0.051189,-0.012675,-3.891032,-2.108821,-82.755074,0.001636,0.000001,1,0,0,0.000000,0.000000,0.000000,0.000000,0.000000,0.000000,0,0,0,0,0,0.000000,0.000000,0.000000,0.000000,0.000000,0.000000,0.000000,0.000000,0.000000,0,0.000000,0.000000,0.000000
36350,39.010269,100789.703125,0.150000,25,1,1209,1202,1188,1201,1200.000000,1,1,1,1,0.046573,-0.021408,-3.856983,-2.071984,-82.743042,0.018099,0.000092,1,0,0,0.000000,0.000000,0.000000,0.000000,0.000000,0.000000,0,0,0,0,0,0.000000,0.000000,0.000000,0.000000,0.000000,0.000000,0.000000,0.000000,0.000000,0,0.000000,0.000000,0.000000
36457,38.998901,100788.500000,0.230000,4,1,1212,1212,1199,1177,1200.000000,1,1,1,1,0.032254,-0.014099,-3.491262,-1.986210,-82.708275,0.087560,0.002134,1,0,0,0.000000,0.000000,0.000000,0.000000,0.000000,0.000000,0,0,0,0,0,0.000000,0.000000,0.000000,0.000000,0.000000,0.000000,0.000000,0.000000,0.000000,0,0.000000,0.000000,0.000000
36546,38.992817,100788.601563,0.260000,7,1,1219,1211,1197,1172,1200.000000,1,1,1,1,0.019112,-0.003559,-3.444349,-1.986380,-82.755981,0.105359,0.003094,1,0,0,0.000000,0.000000,0.000000,0.000000,0.000000,0.000000,0,0,0,0,0,0.000000,0.000000,0.000000,0.000000,0.000000,0.000000,0.000000,0.000000,0.000000,0,0.000000,0.000000,0.000000
36657,38.992378,100789.101563,0.280000,32,1,1213,1202,1195,1191,1200.000000,1,1,1,1,0.002126,-0.016105,-3.334353,-2.030517,-82.772980,0.111408,0.003407,1,0,0,0.000000,0.000000,0.000000,0.000000,0.000000,0.000000,0,0,0,0,0,0.000000,0.000000,0.000000,0.000000,0.000000,0.000000,0.000000,0.000000,0.000000,0,0.000000,0.000000,0.000000
36741,38.987938,100789.101563,0.310000,30,1,1212,1203,1198,1187,1200.000000,1,1,1,1,-0.016249,-0.047199,-3.387158,-2.067564,-82.774788,0.122998,0.004191,1,0,0,0.000000,0.000000,0.000000,0.000000,0.000000,0.000000,0,0,0,0,0,0.000000,0.000000,0.000000,0.000000,0.000000,0.000000,0.000000,0.000000,0.000000,0,0.000000,0.000000,0.000000
36849,38.979752,100787.898438,0.320000,9,1,1215,1201,1199,1184,1200.000000,1,1,1,1,-0.030869,0.019821,-3.263541,-2.076942,-82.818214,0.116898,0.003777,1,0,0,0.000000,0.000000,0.000000,0.000000,0.000000,0.000000,0,0,0,0,0,0.000000,0.000000,0.000000,0.000000,0.000000,0.000000,0.000000,0.000000,0.000000,0,0.000000,0.000000,0.000000
36955,38.979103,100791.000000,0.290000,29,1,1219,1206,1195,1180,1200.000000,1,1,1,1,-0.039512,0.039008,-3.163092,-2.042530,-82.808174,0.074394,0.001533,1,0,0,0.000000,0.000000,0.000000,0.000000,0.000000,0.000000,0,0,0,0,0,0.000000,0.000000,0.000000,0.000000,0.000000,0.000000,0.000000,0.000000,0.000000,0,0.000000,0.000000,0.000000
37041,38.972267,100789.203125,0.310000,29,1,1213,1203,1194,1189,1200.000000,1,1,1,1,-0.052102,0.012988,-3.167370,-2.033195,-82.830551,0.087178,0.002074,1,0,0,0.000000,0.000000,0.000000,0.000000,0.000000,0.000000,0,0,0,0,0,0.000000,0.000000,0.000000,0.000000,0.000000,0.000000,0.000000,0.000000,0.000000,0,0.000000,0.000000,0.000000
37159,38.966949,100790.898438,0.290000,18,1,1213,1203,1194,1190,1200.000000,1,1,1,1,-0.070505,-0.045850,-3.090801,-2.011925,-82.843903,0.048682,0.000647,1,0,0,0.000000,0.000000,0.000000,0.000000,0.000000,0.000000,0,0,0,0,0,0.000000,0.000000,0.000000,0.000000,0.000000,0.000000,0.000000,0.000000,0.000000,0,0.000000,0.000000,0.000000
37260,38.963402,100789.804688,0.290000,33,1,1221,1205,1196,1178,1200.000000,1,1,1,1,-0.082067,-0.062932,-3.098664,-1.987041,-82.865440,0.032258,0.000287,1,0,0,0.000000,0.000000,0.000000,0.000000,0.000000,0.000000,0,0,0,0,0,0.000000,0.000000,0.000000,0.000000,0.000000,0.000000,0.000000,0.000000,0.000000,0,0.000000,0.000000,0.000000
37345,38.959133,100791.304688,0.260000,20,1,1215,1204,1195,1186,1200.000000,1,1,1,1,-0.078276,0.026359,-3.039109,-2.001573,-82.897041,0.001289,0.000000,1,0,0,0.000000,0.000000,0.000000,0.000000,0.000000,0.000000,0,0,0,0,0,0.000000,0.000000,0.000000,0.000000,0.000000,0.000000,0.000000,0.000000,0.000000,0,0.000000,0.000000,0.000000
37447,38.952000,100789.804688,0.270000,36,1,1217,1204,1198,1181,1200.000000,1,1,1,1,-0.078847,0.039629,-3.195354,-2.098792,-82.910515,0.010682,0.000032,1,0,0,0.000000,0.000000,0.000000,0.000000,0.000000,0.000000,0,0,0,0,0,0.000000,0.000000,0.000000,0.000000,0.000000,0.000000,0.000000,0.000000,0.000000,0,0.000000,0.000000,0.000000
37551,38.946716,100791.101563,0.280000,11,1,1219,1201,1196,1184,1200.000000,1,1,1,1,-0.084772,0.017384,-3.169470,-2.102207,-82.891510,0.016188,0.000073,1,0,0,0.000000,0.000000,0.000000,0.000000,0.000000,0.000000,0,0,0,0,0,0.000000,0.000000,0.000000,0.000000,0.000000,0.000000,0.000000,0.000000,0.000000,0,0.000000,0.000000,0.000000
37657,38.940037,100791.101563,0.280000,31,1,1219,1205,1189,1187,1200.000000,1,1,1,1,-0.089440,0.000703,-3.200034,-2.180552,-82.879417,0.015880,0.000069,1,0,0,0.000000,0.000000,0.000000,0.000000,0.000000,0.000000,0,0,0,0,0,0.000000,0.000000,0.000000,0.000000,0.000000,0.000000,0.000000,0.000000,0.000000,0,0.000000,0.000000,0.000000
37741,38.932953,100788.898438,0.280000,29,1,1216,1206,1192,1186,1200.000000,1,1,1,1,-0.089858,0.004912,-3.295669,-2.214551,-82.873398,0.010765,0.000032,1,0,0,0.000000,0.000000,0.000000,0.000000,0.000000,0.000000,0,0,0,0,0,0.000000,0.000000,0.000000,0.000000,0.000000,0.000000,0.000000,0.000000,0.000000,0,0.000000,0.000000,0.000000
37851,38.927410,100790.804688,0.300000,10,1,1211,1207,1198,1184,1200.000000,1,1,1,1,-0.093031,0.043284,-3.067880,-2.146761,-82.871445,0.028754,0.000228,1,0,0,0.000000,0.000000,0.000000,0.000000,0.000000,0.000000,0,0,0,0,0,0.000000,0.000000,0.000000,0.000000,0.000000,0.000000,0.000000,0.000000,0.000000,0,0.000000,0.000000,0.000000
37957,38.921082,100790.500000,0.290000,30,1,1214,1205,1197,1184,1200.000000,1,1,1,1,-0.099208,0.010712,-3.020957,-2.128045,-82.883446,0.011353,0.000036,1,0,0,0.000000,0.000000,0.000000,0.000000,0.000000,0.000000,0,0,0,0,0,0.000000,0.000000,0.000000,0.000000,0.000000,0.000000,0.000000,0.000000,0.000000,0,0.000000,0.000000,0.000000
38050,38.918560,100789.804688,0.290000,37,1,1216,1200,1199,1185,1200.000000,1,1,1,1,-0.106929,-0.037797,-2.968030,-2.158763,-82.923920,0.010632,0.000031,1,0,0,0.000000,0.000000,0.000000,0.000000,0.000000,0.000000,0,0,0,0,0,0.000000,0.000000,0.000000,0.000000,0.000000,0.000000,0.000000,0.000000,0.000000,0,0.000000,0.000000,0.000000
38159,38.908504,100790.000000,0.310000,17,1,1217,1207,1190,1185,1200.000000,1,1,1,1,-0.118246,-0.025329,-2.885032,-2.132918,-82.901733,0.016320,0.000073,1,0,0,0.000000,0.000000,0.000000,0.000000,0.000000,0.000000,0,0,0,0,0,0.000000,0.000000,0.000000,0.000000,0.000000,0.000000,0.000000,0.000000,0.000000,0,0.000000,0.000000,0.000000
38241,38.906357,100790.601563,0.290000,13,1,1218,1205,1189,1187,1200.000000,1,1,1,1,-0.118003,-0.005913,-2.954326,-2.083286,-82.881386,-0.008530,0.000020,1,0,0,0.000000,0.000000,0.000000,0.000000,0.000000,0.000000,0,0,0,0,0,0.000000,0.000000,0.000000,0.000000,0.000000,0.000000,0.000000,0.000000,0.000000,0,0.000000,0.000000,0.000000
38349,38.899712,100791.101563,0.280000,19,1,1217,1206,1193,1184,1200.000000,1,1,1,1,-0.117402,0.031528,-2.792217,-2.038580,-82.856682,-0.019370,0.000103,1,0,0,0.000000,0.000000,0.000000,0.000000,0.000000,0.000000,0,0,0,0,0,0.000000,0.000000,0.000000,0.000000,0.000000,0.000000,0.000000,0.000000,0.000000,0,0.000000,0.000000,0.000000
38459,38.890301,100791.203125,0.280000,1,1,1213,1204,1199,1184,1200.000000,1,1,1,1,-0.121498,-0.003412,-2.900128,-2.045981,-82.830360,-0.022845,0.000144,1,0,0,0.000000,0.000000,0.000000,0.000000,0.000000,0.000000,0,0,0,0,0,0.000000,0.000000,0.000000,0.000000,0.000000,0.000000,0.000000,0.000000,0.000000,0,0.000000,0.000000,0.000000
38577,38.881451,100789.500000,0.290000,33,1,1219,1208,1195,1179,1200.000000,1,1,1,1,-0.123337,-0.007317,-2.742619,-1.962997,-82.801971,-0.014050,0.000055,1,0,0,0.000000,0.000000,0.000000,0.000000,0.000000,0.000000,0,0,0,0,0,0.000000,0.000000,0.000000,0.000000,0.000000,0.000000,0.000000,0.000000,0.000000,0,0.000000,0.000000,0.000000
38659,38.877186,100790.804688,0.280000,29,1,1218,1208,1191,1182,1200.000000,1,1,1,1,-0.126172,-0.006906,-2.782580,-2.008051,-82.806694,-0.021938,0.000131,1,0,0,0.000000,0.000000,0.000000,0.000000,0.000000,0.000000,0,0,0,0,0,0.000000,0.000000,0.000000,0.000000,0.000000,0.000000,0.000000,0.000000,0.000000,0,0.000000,0.000000,0.000000
38743,38.870399,100788.703125,0.300000,20,1,1215,1206,1194,1185,1200.000000,1,1,1,1,-0.124124,0.015376,-2.793418,-2.027443,-82.805603,-0.004684,0.000006,1,0,0,0.000000,0.000000,0.000000,0.000000,0.000000,0.000000,0,0,0,0,0,0.000000,0.000000,0.000000,0.000000,0.000000,0.000000,0.000000,0.000000,0.000000,0,0.000000,0.000000,0.000000
38853,38.864174,100790.500000,0.310000,1,1,1215,1208,1199,1178,1200.000000,1,1,1,1,-0.128476,-0.001770,-2.828550,-2.065708,-82.849617,0.001549,0.000001,1,0,0,0.000000,0.000000,0.000000,0.000000,0.000000,0.000000,0,0,0,0,0,0.000000,0.000000,0.000000,0.000000,0.000000,0.000000,0.000000,0.000000,0.000000,0,0.000000,0.000000,0.000000
38942,38.856567,100790.703125,0.320000,4,1,1218,1206,1196,1180,1200.000000,1,1,1,1,-0.130288,0.043674,-2.904252,-2.108919,-82.836449,0.010417,0.000030,1,0,0,0.000000,0.000000,0.000000,0.000000,0.000000,0.000000,0,0,0,0,0,0.000000,0.000000,0.000000,0.000000,0.000000,0.000000,0.000000,0.000000,0.000000,0,0.000000,0.000000,0.000000
39054,38.844570,100790.304688,0.340000,19,1,1217,1205,1190,1188,1200.000000,1,1,1,1,-0.137894,0.010470,-2.859504,-2.068849,-82.816185,0.023540,0.000153,1,0,0,0.000000,0.000000,0.000000,0.000000,0.000000,0.000000,0,0,0,0,0,0.000000,0.000000,0.000000,0.000000,0.000000,0.000000,0.000000,0.000000,0.000000,0,0.000000,0.000000,0.000000
39153,38.841579,100791.203125,0.330000,19,1,1220,1205,1200,1176,1200.000000,1,1,1,1,-0.144571,0.015369,-2.779503,-2.093116,-82.822449,0.011442,0.000035,1,0,0,0.000000,0.000000,0.000000,0.000000,0.000000,0.000000,0,0,0,0,0,0.000000,0.000000,0.000000,0.000000,0.000000,0.000000,0.000000,0.000000,0.000000,0,0.000000,0.000000,0.000000
39243,38.834740,100790.804688,0.330000,20,1,1214,1205,1193,1188,1200.000000,1,1,1,1,-0.145287,0.010547,-2.888569,-2.174019,-82.836967,0.004910,0.000007,1,0,0,0.000000,0.000000,0.000000,0.000000,0.000000,0.000000,0,0,0,0,0,0.000000,0.000000,0.000000,0.000000,0.000000,0.000000,0.000000,0.000000,0.000000,0,0.000000,0.000000,0.000000
39356,38.823181,100789.601563,0.320000,1,1,1218,1210,1194,1179,1200.000000,1,1,1,1,-0.150018,-0.001358,-2.823816,-2.189446,-82.844330,-0.010725,0.000032,1,0,0,0.000000,0.000000,0.000000,0.000000,0.000000,0.000000,0,0,0,0,0,0.000000,0.000000,0.000000,0.000000,0.000000,0.000000,0.000000,0.000000,0.000000,0,0.000000,0.000000,0.000000
39452,38.817516,100789.304688,0.330000,1,1,1217,1211,1196,1176,1200.000000,1,1,1,1,-0.152437,0.025676,-2.701931,-2.137244,-82.855812,-0.003784,0.000004,1,0,0,0.000000,0.000000,0.000000,0.000000,0.000000,0.000000,0,0,0,0,0,0.000000,0.000000,0.000000,0.000000,0.000000,0.000000,0.000000,0.000000,0.000000,0,0.000000,0.000000,0.000000
39542,38.809402,100790.703125,0.320000,3,1,1220,1204,1188,1188,1200.000000,1,1,1,1,-0.159911,-0.022783,-2.728229,-2.076907,-82.792053,-0.021345,0.000126,1,0,0,0.000000,0.000000,0.000000,0.000000,0.000000,0.000000,0,0,0,0,0,0.000000,0.000000,0.000000,0.000000,0.000000,0.000000,0.000000,0.000000,0.000000,0,0.000000,0.000000,0.000000
39651,38.799870,100789.101563,0.320000,27,1,1219,1206,1193,1181,1200.000000,1,1,1,1,-0.163471,-0.007114,-2.634871,-2.104917,-82.794853,-0.019220,0.000101,1,0,0,0.000000,0.000000,0.000000,0.000000,0.000000,0.000000,0,0,0,0,0,0.000000,0.000000,0.000000,0.000000,0.000000,0.000000,0.000000,0.000000,0.000000,0,0.000000,0.000000,0.000000
39744,38.797108,100789.398438,0.330000,19,1,1224,1209,1195,1173,1200.000000,1,1,1,1,-0.161642,-0.008211,-2.710114,-2.093429,-82.795364,-0.012424,0.000042,1,0,0,0.000000,0.000000,0.000000,0.000000,0.000000,0.000000,0,0,0,0,0,0.000000,0.000000,0.000000,0.000000,0.000000,0.000000,0.000000,0.000000,0.000000,0,0.000000,0.000000,0.000000
39854,38.788536,100789.000000,0.340000,1,1,1221,1207,1189,1183,1200.000000,1,1,1,1,-0.169517,-0.019613,-2.599634,-2.036837,-82.711060,-0.020200,0.000113,1,0,0,0.000000,0.000000,0.000000,0.000000,0.000000,0.000000,0,0,0,0,0,0.000000,0.000000,0.000000,0.000000,0.000000,0.000000,0.000000,0.000000,0.000000,0,0.000000,0.000000,0.000000
39943,38.777924,100788.703125,0.360000,4,1,1217,1208,1200,1175,1200.000000,1,1,1,1,-0.172160,0.047405,-2.681371,-2.017448,-82.646866,0.008424,0.000020,1,0,0,0.000000,0.000000,0.000000,0.000000,0.000000,0.000000,0,0,0,0,0,0.000000,0.000000,0.000000,0.000000,0.000000,0.000000,0.000000,0.000000,0.000000,0,0.000000,0.000000,0.000000
40052,38.773006,100791.101563,0.340000,19,1,1220,1209,1194,1177,1200.000000,1,1,1,1,-0.170568,0.058326,-2.511178,-2.011780,-82.664162,-0.012575,0.000044,1,0,0,0.000000,0.000000,0.000000,0.000000,0.000000,0.000000,0,0,0,0,0,0.000000,0.000000,0.000000,0.000000,0.000000,0.000000,0.000000,0.000000,0.000000,0,0.000000,0.000000,0.000000
40152,38.761517,100790.000000,0.340000,19,1,1220,1211,1196,1172,1200.000000,1,1,1,1,-0.174242,0.000035,-2.505556,-2.064104,-82.667923,-0.005493,0.000008,1,0,0,0.000000,0.000000,0.000000,0.000000,0.000000,0.000000,0,0,0,0,0,0.000000,0.000000,0.000000,0.000000,0.000000,0.000000,0.000000,0.000000,0.000000,0,0.000000,0.000000,0.000000
40242,38.748436,100789.500000,0.340000,20,1,1218,1206,1197,1180,1200.000000,1,1,1,1,-0.170826,0.019405,-2.561202,-2.012003,-82.625671,-0.012099,0.000040,1,0,0,0.000000,0.000000,0.000000,0.000000,0.000000,0.000000,0,0,0,0,0,0.000000,0.000000,0.000000,0.000000,0.000000,0.000000,0.000000,0.000000,0.000000,0,0.000000,0.000000,0.000000
40355,38.737751,100791.804688,0.310000,1,1,1222,1212,1193,1173,1200.000000,1,1,1,1,-0.173323,-0.011822,-2.557455,-2.034426,-82.633682,-0.035437,0.000347,1,0,0,0.000000,0.000000,0.000000,0.000000,0.000000,0.000000,0,0,0,0,0,0.000000,0.000000,0.000000,0.000000,0.000000,0.000000,0.000000,0.000000,0.000000,0,0.000000,0.000000,0.000000
40453,38.729988,100789.398438,0.310000,1,1,1222,1205,1191,1182,1200.000000,1,1,1,1,-0.171834,0.004398,-2.610044,-2.036330,-82.601730,-0.055997,0.000865,1,0,0,0.000000,0.000000,0.000000,0.000000,0.000000,0.000000,0,0,0,0,0,0.000000,0.000000,0.000000,0.000000,0.000000,0.000000,0.000000,0.000000,0.000000,0,0.000000,0.000000,0.000000
40542,38.719879,100790.000000,0.320000,3,1,1213,1206,1197,1184,1200.000000,1,1,1,1,-0.167856,0.039879,-2.485028,-2.072621,-82.636185,-0.029882,0.000247,1,0,0,0.000000,0.000000,0.000000,0.000000,0.000000,0.000000,0,0,0,0,0,0.000000,0.000000,0.000000,0.000000,0.000000,0.000000,0.000000,0.000000,0.000000,0,0.000000,0.000000,0.000000
40653,38.710121,100790.101563,0.310000,29,1,1223,1209,1194,1174,1200.000000,1,1,1,1,-0.168917,0.002829,-2.408272,-2.079742,-82.637009,-0.031879,0.000277,1,0,0,0.000000,0.000000,0.000000,0.000000,0.000000,0.000000,0,0,0,0,0,0.000000,0.000000,0.000000,0.000000,0.000000,0.000000,0.000000,0.000000,0.000000,0,0.000000,0.000000,0.000000
40744,38.701218,100788.703125,0.320000,30,1,1220,1204,1190,1186,1200.000000,1,1,1,1,-0.163705,0.007845,-2.463338,-2.131404,-82.642860,-0.025827,0.000184,1,0,0,0.000000,0.000000,0.000000,0.000000,0.000000,0.000000,0,0,0,0,0,0.000000,0.000000,0.000000,0.000000,0.000000,0.000000,0.000000,0.000000,0.000000,0,0.000000,0.000000,0.000000
40851,38.699730,100791.703125,0.290000,9,1,1218,1203,1190,1188,1200.000000,1,1,1,1,-0.156839,0.034567,-2.395497,-2.149038,-82.683266,-0.050543,0.000703,1,0,0,0.000000,0.000000,0.000000,0.000000,0.000000,0.000000,0,0,0,0,0,0.000000,0.000000,0.000000,0.000000,0.000000,0.000000,0.000000,0.000000,0.000000,0,0.000000,0.000000,0.000000
40957,38.680038,100789.000000,0.300000,29,1,1219,1207,1193,1180,1200.000000,1,1,1,1,-0.158820,0.012000,-2.399893,-2.163854,-82.666061,-0.041988,0.000487,1,0,0,0.000000,0.000000,0.000000,0.000000,0.000000,0.000000,0,0,0,0,0,0.000000,0.000000,0.000000,0.000000,0.000000,0.000000,0.000000,0.000000,0.000000,0,0.000000,0.000000,0.000000
41051,38.677959,100790.500000,0.290000,37,1,1222,1209,1197,1172,1200.000000,1,1,1,1,-0.161600,0.004396,-2.210399,-2.055816,-82.600029,-0.044253,0.000533,1,0,0,0.000000,0.000000,0.000000,0.000000,0.000000,0.000000,0,0,0,0,0,0.000000,0.000000,0.000000,0.000000,0.000000,0.000000,0.000000,0.000000,0.000000,0,0.000000,0.000000,0.000000
41160,38.666138,100791.398438,0.290000,17,1,1223,1208,1189,1180,1200.000000,1,1,1,1,-0.156886,0.036084,-2.277414,-2.114824,-82.653091,-0.044933,0.000550,1,0,0,0.000000,0.000000,0.000000,0.000000,0.000000,0.000000,0,0,0,0,0,0.000000,0.000000,0.000000,0.000000,0.000000,0.000000,0.000000,0.000000,0.000000,0,0.000000,0.000000,0.000000
41242,38.653805,100791.101563,0.280000,13,1,1222,1210,1194,1173,1200.000000,1,1,1,1,-0.146759,0.050667,-2.181857,-2.133541,-82.668129,-0.051314,0.000721,1,0,0,0.000000,0.000000,0.000000,0.000000,0.000000,0.000000,0,0,0,0,0,0.000000,0.000000,0.000000,0.000000,0.000000,0.000000,0.000000,0.000000,0.000000,0,0.000000,0.000000,0.000000
41350,38.644188,100790.203125,0.290000,19,1,1217,1213,1198,1172,1200.000000,1,1,1,1,-0.149383,0.015837,-2.186637,-2.190787,-82.686501,-0.042707,0.000502,1,0,0,0.000000,0.000000,0.000000,0.000000,0.000000,0.000000,0,0,0,0,0,0.000000,0.000000,0.000000,0.000000,0.000000,0.000000,0.000000,0.000000,0.000000,0,0.000000,0.000000,0.000000
41459,38.637543,100789.898438,0.300000,0,1,1219,1211,1191,1179,1200.000000,1,1,1,1,-0.154060,0.017800,-2.150872,-2.130775,-82.642448,-0.037093,0.000380,1,0,0,0.000000,0.000000,0.000000,0.000000,0.000000,0.000000,0,0,0,0,0,0.000000,0.000000,0.000000,0.000000,0.000000,0.000000,0.000000,0.000000,0.000000,0,0.000000,0.000000,0.000000
41555,38.622433,100791.703125,0.290000,10,1,1218,1212,1192,1178,1200.000000,1,1,1,1,-0.154335,0.005381,-2.095743,-2.122969,-82.647110,-0.047584,0.000626,1,0,0,0.000000,0.000000,0.000000,0.000000,0.000000,0.000000,0,0,0,0,0,0.000000,0.000000,0.000000,0.000000,0.000000,0.000000,0.000000,0.000000,0.000000,0,0.000000,0.000000,0.000000
41661,38.614212,100789.304688,0.300000,30,1,1217,1210,1193,1180,1200.000000,1,1,1,1,-0.157972,-0.003642,-2.237862,-2.167071,-82.606483,-0.030971,0.000261,1,0,0,0.000000,0.000000,0.000000,0.000000,0.000000,0.000000,0,0,0,0,0,0.000000,0.000000,0.000000,0.000000,0.000000,0.000000,0.000000,0.000000,0.000000,0,0.000000,0.000000,0.000000
41747,38.607410,100789.304688,0.300000,19,1,1221,1207,1193,1178,1200.000000,1,1,1,1,-0.152745,-0.004393,-2.103972,-2.126738,-82.592949,-0.035322,0.000342,1,0,0,0.000000,0.000000,0.000000,0.000000,0.000000,0.000000,0,0,0,0,0,0.000000,0.000000,0.000000,0.000000,0.000000,0.000000,0.000000,0.000000,0.000000,0,0.000000,0.000000,0.000000
41845,38.598385,100791.703125,0.310000,20,1,1224,1208,1193,1175,1200.000000,1,1,1,1,-0.155617,0.032938,-1.972441,-2.089281,-82.574837,-0.028307,0.000220,1,0,0,0.000000,0.000000,0.000000,0.000000,0.000000,0.000000,0,0,0,0,0,0.000000,0.000000,0.000000,0.000000,0.000000,0.000000,0.000000,0.000000,0.000000,0,0.000000,0.000000,0.000000
41949,38.586910,100789.898438,0.300000,20,1,1217,1208,1190,1185,1200.000000,1,1,1,1,-0.159895,0.016777,-1.855888,-1.997616,-82.584122,-0.043198,0.000514,1,0,0,0.000000,0.000000,0.000000,0.000000,0.000000,0.000000,0,0,0,0,0,0.000000,0.000000,0.000000,0.000000,0.000000,0.000000,0.000000,0.000000,0.000000,0,0.000000,0.000000,0.000000
42058,38.569687,100790.101563,0.290000,0,1,1214,1207,1193,1187,1200.000000,1,1,1,1,-0.164086,0.008073,-1.733308,-1.967452,-82.601944,-0.045339,0.000560,1,0,0,0.000000,0.000000,0.000000,0.000000,0.000000,0.000000,0,0,0,0,0,0.000000,0.000000,0.000000,0.000000,0.000000,0.000000,0.000000,0.000000,0.000000,0,0.000000,0.000000,0.000000
42156,38.565014,100790.000000,0.300000,12,1,1219,1208,1191,1182,1200.000000,1,1,1,1,-0.162098,0.030206,-1.675273,-1.950450,-82.598274,-0.036140,0.000356,1,0,0,0.000000,0.000000,0.000000,0.000000,0.000000,0.000000,0,0,0,0,0,0.000000,0.000000,0.000000,0.000000,0.000000,0.000000,0.000000,0.000000,0.000000,0,0.000000,0.000000,0.000000
42242,38.557320,100790.898438,0.290000,12,1,1217,1208,1196,1179,1200.000000,1,1,1,1,-0.154487,0.020068,-1.760929,-2.037068,-82.682449,-0.048377,0.000641,1,0,0,0.000000,0.000000,0.000000,0.000000,0.000000,0.000000,0,0,0,0,0,0.000000,0.000000,0.000000,0.000000,0.000000,0.000000,0.000000,0.000000,0.000000,0,0.000000,0.000000,0.000000
42350,38.541561,100789.804688,0.300000,19,1,1220,1207,1193,1181,1200.000000,1,1,1,1,-0.168450,-0.061691,-1.733721,-2.060870,-82.698814,-0.050965,0.000715,1,0,0,0.000000,0.000000,0.000000,0.000000,0.000000,0.000000,0,0,0,0,0,0.000000,0.000000,0.000000,0.000000,0.000000,0.000000,0.000000,0.000000,0.000000,0,0.000000,0.000000,0.000000
42441,38.534447,100790.804688,0.310000,25,1,1227,1206,1188,1179,1200.000000,1,1,1,1,-0.175935,-0.045915,-1.866860,-2.159966,-82.734703,-0.048048,0.000638,1,0,0,0.000000,0.000000,0.000000,0.000000,0.000000,0.000000,0,0,0,0,0,0.000000,0.000000,0.000000,0.000000,0.000000,0.000000,0.000000,0.000000,0.000000,0,0.000000,0.000000,0.000000
42555,38.524162,100789.804688,0.330000,10,1,1216,1209,1192,1184,1200.000000,1,1,1,1,-0.182343,-0.017753,-1.798176,-2.196322,-82.764076,-0.034478,0.000329,1,0,0,0.000000,0.000000,0.000000,0.000000,0.000000,0.000000,0,0,0,0,0,0.000000,0.000000,0.000000,0.000000,0.000000,0.000000,0.000000,0.000000,0.000000,0,0.000000,0.000000,0.000000
42661,38.508720,100789.500000,0.350000,30,1,1226,1206,1187,1181,1200.000000,1,1,1,1,-0.192583,-0.013440,-1.744561,-2.194818,-82.813354,-0.012550,0.000043,1,0,0,0.000000,0.000000,0.000000,0.000000,0.000000,0.000000,0,0,0,0,0,0.000000,0.000000,0.000000,0.000000,0.000000,0.000000,0.000000,0.000000,0.000000,0,0.000000,0.000000,0.000000
42747,38.496387,100789.304688,0.350000,19,1,1219,1207,1190,1184,1200.000000,1,1,1,1,-0.190416,-0.004240,-1.778905,-2.236229,-82.808792,-0.021978,0.000132,1,0,0,0.000000,0.000000,0.000000,0.000000,0.000000,0.000000,0,0,0,0,0,0.000000,0.000000,0.000000,0.000000,0.000000,0.000000,0.000000,0.000000,0.000000,0,0.000000,0.000000,0.000000
42845,38.491947,100789.703125,0.350000,20,1,1221,1205,1187,1186,1200.000000,1,1,1,1,-0.196557,-0.004091,-1.735593,-2.332208,-82.824699,-0.028494,0.000223,1,0,0,0.000000,0.000000,0.000000,0.000000,0.000000,0.000000,0,0,0,0,0,0.000000,0.000000,0.000000,0.000000,0.000000,0.000000,0.000000,0.000000,0.000000,0,0.000000,0.000000,0.000000
42949,38.472919,100788.398438,0.360000,20,1,1221,1209,1192,1179,1200.000000,1,1,1,1,-0.197390,0.047995,-1.886494,-2.438079,-82.827225,-0.019786,0.000108,1,0,0,0.000000,0.000000,0.000000,0.000000,0.000000,0.000000,0,0,0,0,0,0.000000,0.000000,0.000000,0.000000,0.000000,0.000000,0.000000,0.000000,0.000000,0,0.000000,0.000000,0.000000
43052,38.469421,100791.703125,0.330000,37,1,1229,1209,1186,1176,1200.000000,1,1,1,1,-0.193957,0.074719,-1.851955,-2.475252,-82.873924,-0.042160,0.000484,1,0,0,0.000000,0.000000,0.000000,0.000000,0.000000,0.000000,0,0,0,0,0,0.000000,0.000000,0.000000,0.000000,0.000000,0.000000,0.000000,0.000000,0.000000,0,0.000000,0.000000,0.000000
43161,38.451004,100789.601563,0.310000,16,1,1224,1208,1190,1178,1200.000000,1,1,1,1,-0.180652,0.116674,-1.883072,-2.464866,-82.887375,-0.047011,0.000602,1,0,0,0.000000,0.000000,0.000000,0.000000,0.000000,0.000000,0,0,0,0,0,0.000000,0.000000,0.000000,0.000000,0.000000,0.000000,0.000000,0.000000,0.000000,0,0.000000,0.000000,0.000000
43243,38.446510,100792.101563,0.290000,13,1,1224,1215,1192,1170,1200.000000,1,1,1,1,-0.161400,0.148753,-1.970920,-2.484427,-82.890457,-0.057536,0.000907,1,0,0,0.000000,0.000000,0.000000,0.000000,0.000000,0.000000,0,0,0,0,0,0.000000,0.000000,0.000000,0.000000,0.000000,0.000000,0.000000,0.000000,0.000000,0,0.000000,0.000000,0.000000
43354,38.433723,100790.398438,0.280000,23,1,1224,1208,1194,1175,1200.000000,1,1,1,1,-0.157474,0.082956,-1.990626,-2.531757,-82.926720,-0.063813,0.001121,1,0,0,0.000000,0.000000,0.000000,0.000000,0.000000,0.000000,0,0,0,0,0,0.000000,0.000000,0.000000,0.000000,0.000000,0.000000,0.000000,0.000000,0.000000,0,0.000000,0.000000,0.000000
43442,38.424370,100790.000000,0.290000,26,1,1223,1209,1191,1176,1200.000000,1,1,1,1,-0.155956,0.074249,-2.003386,-2.568781,-82.911064,-0.051134,0.000723,1,0,0,0.000000,0.000000,0.000000,0.000000,0.000000,0.000000,0,0,0,0,0,0.000000,0.000000,0.000000,0.000000,0.000000,0.000000,0.000000,0.000000,0.000000,0,0.000000,0.000000,0.000000
43555,38.411583,100791.203125,0.280000,10,1,1218,1208,1196,1178,1200.000000,1,1,1,1,-0.150224,0.062754,-1.990391,-2.583986,-82.954346,-0.054491,0.000821,1,0,0,0.000000,0.000000,0.000000,0.000000,0.000000,0.000000,0,0,0,0,0,0.000000,0.000000,0.000000,0.000000,0.000000,0.000000,0.000000,0.000000,0.000000,0,0.000000,0.000000,0.000000
43660,38.397224,100789.601563,0.290000,29,1,1322,1308,1289,1281,1300.000000,1,1,1,1,-0.152224,0.040507,-1.951084,-2.613880,-82.961960,-0.031803,0.000189,1,0,0,0.000000,0.000000,0.000000,0.000000,0.000000,0.000000,0,0,0,0,0,0.000000,0.000000,0.000000,0.000000,0.000000,0.000000,0.000000,0.000000,0.000000,0,0.000000,0.000000,0.000000
43748,38.392502,100789.203125,0.300000,31,1,1318,1303,1290,1290,1300.000000,1,1,1,1,-0.145535,0.039067,-1.816166,-2.505191,-82.936546,-0.027977,0.000147,1,0,0,0.000000,0.000000,0.000000,0.000000,0.000000,0.000000,0,0,0,0,0,0.000000,0.000000,0.000000,0.000000,0.000000,0.000000,0.000000,0.000000,0.000000,0,0.000000,0.000000,0.000000
43856,38.376411,100785.898438,0.370000,10,1,1322,1294,1288,1295,1300.000000,1,1,1,1,-0.151957,0.080508,-1.621251,-2.517324,-82.756607,0.039794,0.000297,1,0,0,0.000000,0.000000,0.000000,0.000000,0.000000,0.000000,0,0,0,0,0,0.000000,0.000000,0.000000,0.000000,0.000000,0.000000,0.000000,0.000000,0.000000,0,0.000000,0.000000,0.000000
43942,38.364326,100784.398438,0.440000,10,1,1340,1288,1274,1297,1300.000000,1,1,1,1,-0.178206,-0.039166,-1.299307,-2.488699,-82.291664,0.086347,0.001398,1,0,0,0.000000,0.000000,0.000000,0.000000,0.000000,0.000000,0,0,0,0,0,0.000000,0.000000,0.000000,0.000000,0.000000,0.000000,0.000000,0.000000,0.000000,0,0.000000,0.000000,0.000000
44046,38.353222,100788.398438,0.460000,19,1,1342,1280,1272,1307,1300.000000,1,1,1,1,-0.207680,-0.060861,-1.304373,-2.552351,-81.420914,0.077404,0.001122,1,0,0,0.000000,0.000000,0.000000,0.000000,0.000000,0.000000,0,0,0,0,0,0.000000,0.000000,0.000000,0.000000,0.000000,0.000000,0.000000,0.000000,0.000000,0,0.000000,0.000000,0.000000
44160,38.335644,100785.101563,0.520000,0,1,1364,1260,1241,1334,1300.000000,1,1,1,1,-0.236672,-0.025219,-1.106832,-2.707561,-80.055061,0.109044,0.002226,1,0,0,0.000000,0.000000,0.000000,0.000000,0.000000,0.000000,0,0,0,0,0,0.000000,0.000000,0.000000,0.000000,0.000000,0.000000,0.000000,0.000000,0.000000,0,0.000000,0.000000,0.000000
44249,38.327564,100786.000000,0.540000,4,1,1370,1258,1242,1330,1300.000000,1,1,1,1,-0.251762,-0.024911,-1.271400,-2.617990,-78.740173,0.115456,0.002468,1,0,0,0.000000,0.000000,0.000000,0.000000,0.000000,0.000000,0,0,0,0,0,0.000000,0.000000,0.000000,0.000000,0.000000,0.000000,0.000000,0.000000,0.000000,0,0.000000,0.000000,0.000000
44357,38.316792,100784.101563,0.570000,26,1,1393,1238,1218,1350,1300.000000,1,1,1,1,-0.279967,-0.098433,-1.224797,-2.330579,-76.618782,0.118889,0.002637,1,0,0,0.000000,0.000000,0.000000,0.000000,0.000000,0.000000,0,0,0,0,0,0.000000,0.000000,0.000000,0.000000,0.000000,0.000000,0.000000,0.000000,0.000000,0,0.000000,0.000000,0.000000
44447,38.311069,100786.203125,0.590000,30,1,1381,1251,1233,1335,1300.000000,1,1,1,1,-0.299923,0.010479,-1.702622,-2.235804,-74.972282,0.116005,0.002518,1,0,0,0.000000,0.000000,0.000000,0.000000,0.000000,0.000000,0,0,0,0,0,0.000000,0.000000,0.000000,0.000000,0.000000,0.000000,0.000000,0.000000,0.000000,0,0.000000,0.000000,0.000000
44555,38.289944,100787.804688,0.600000,9,1,1342,1280,1267,1311,1300.000000,1,1,1,1,-0.337632,-0.057218,-1.858025,-2.441278,-74.254837,0.088358,0.001802,1,0,0,0.000000,0.000000,0.000000,0.000000,0.000000,0.000000,0,0,0,0,0,0.000000,0.000000,0.000000,0.000000,0.000000,0.000000,0.000000,0.000000,0.000000,0,0.000000,0.000000,0.000000
44641,38.282806,100789.101563,0.580000,9,1,1336,1289,1273,1302,1300.000000,1,1,1,1,-0.352699,-0.070899,-1.377173,-2.289114,-74.145760,0.051483,0.000605,1,0,0,0.000000,0.000000,0.000000,0.000000,0.000000,0.000000,0,0,0,0,0,0.000000,0.000000,0.000000,0.000000,0.000000,0.000000,0.000000,0.000000,0.000000,0,0.000000,0.000000,0.000000
44751,38.266857,100786.898438,0.590000,33,1,1359,1281,1258,1302,1300.000000,1,1,1,1,-0.377830,-0.031145,-1.368518,-2.387595,-73.898499,0.035833,0.000296,1,0,0,0.000000,0.000000,0.000000,0.000000,0.000000,0.000000,0,0,0,0,0,0.000000,0.000000,0.000000,0.000000,0.000000,0.000000,0.000000,0.000000,0.000000,0,0.000000,0.000000,0.000000
44859,38.255367,100786.304688,0.590000,12,1,1352,1274,1259,1315,1300.000000,1,1,1,1,-0.398902,-0.012898,-1.341020,-2.477721,-73.427574,0.012029,0.000033,1,0,0,0.000000,0.000000,0.000000,0.000000,0.000000,0.000000,0,0,0,0,0,0.000000,0.000000,0.000000,0.000000,0.000000,0.000000,0.000000,0.000000,0.000000,0,0.000000,0.000000,0.000000
44948,38.243473,100785.804688,0.600000,15,1,1351,1274,1257,1318,1300.000000,1,1,1,1,-0.428419,-0.150745,-1.452404,-2.195881,-72.948189,-0.006661,0.000010,1,0,0,0.000000,0.000000,0.000000,0.000000,0.000000,0.000000,0,0,0,0,0,0.000000,0.000000,0.000000,0.000000,0.000000,0.000000,0.000000,0.000000,0.000000,0,0.000000,0.000000,0.000000
45051,38.231213,100786.000000,0.620000,19,1,1353,1275,1258,1314,1300.000000,1,1,1,1,-0.450684,-0.101977,-1.292614,-2.187129,-72.528221,-0.009789,0.000022,1,0,0,0.000000,0.000000,0.000000,0.000000,0.000000,0.000000,0,0,0,0,0,0.000000,0.000000,0.000000,0.000000,0.000000,0.000000,0.000000,0.000000,0.000000,0,0.000000,0.000000,0.000000
45161,38.218586,100784.398438,0.620000,1,1,1351,1266,1253,1330,1300.000000,1,1,1,1,-0.466750,-0.078094,-0.816826,-2.234864,-71.971931,-0.035676,0.000291,1,0,0,0.000000,0.000000,0.000000,0.000000,0.000000,0.000000,0,0,0,0,0,0.000000,0.000000,0.000000,0.000000,0.000000,0.000000,0.000000,0.000000,0.000000,0,0.000000,0.000000,0.000000
45259,38.204750,100787.398438,0.630000,13,1,1368,1263,1246,1323,1300.000000,1,1,1,1,-0.468768,-0.021026,-0.717746,-2.140353,-71.281281,-0.019923,0.000091,1,0,0,0.000000,0.000000,0.000000,0.000000,0.000000,0.000000,0,0,0,0,0,0.000000,0.000000,0.000000,0.000000,0.000000,0.000000,0.000000,0.000000,0.000000,0,0.000000,0.000000,0.000000
45343,38.191250,100786.601563,0.620000,11,1,1369,1271,1242,1318,1300.000000,1,1,1,1,-0.485792,-0.064950,-0.977395,-2.111348,-70.636253,-0.048512,0.000544,1,0,0,0.000000,0.000000,0.000000,0.000000,0.000000,0.000000,0,0,0,0,0,0.000000,0.000000,0.000000,0.000000,0.000000,0.000000,0.000000,0.000000,0.000000,0,0.000000,0.000000,0.000000
45447,38.179829,100785.703125,0.630000,29,1,1358,1266,1248,1328,1300.000000,1,1,1,1,-0.490604,-0.020871,-0.868627,-2.151128,-69.986320,-0.042773,0.000424,1,0,0,0.000000,0.000000,0.000000,0.000000,0.000000,0.000000,0,0,0,0,0,0.000000,0.000000,0.000000,0.000000,0.000000,0.000000,0.000000,0.000000,0.000000,0,0.000000,0.000000,0.000000
45556,38.160919,100785.101563,0.660000,9,1,1362,1264,1245,1329,1300.000000,1,1,1,1,-0.498030,-0.004029,-0.690059,-2.003005,-69.445175,-0.019170,0.000085,1,0,0,0.000000,0.000000,0.000000,0.000000,0.000000,0.000000,0,0,0,0,0,0.000000,0.000000,0.000000,0.000000,0.000000,0.000000,0.000000,0.000000,0.000000,0,0.000000,0.000000,0.000000
45653,38.149570,100786.101563,0.670000,1,1,1370,1272,1243,1315,1300.000000,1,1,1,1,-0.510620,-0.016211,-0.784046,-2.043227,-68.900635,-0.008265,0.000016,1,0,0,0.000000,0.000000,0.000000,0.000000,0.000000,0.000000,0,0,0,0,0,0.000000,0.000000,0.000000,0.000000,0.000000,0.000000,0.000000,0.000000,0.000000,0,0.000000,0.000000,0.000000
45747,38.139442,100787.101563,0.660000,9,1,1357,1262,1249,1333,1300.000000,1,1,1,1,-0.505036,0.046321,-0.884739,-2.104148,-68.392128,-0.027064,0.000168,1,0,0,0.000000,0.000000,0.000000,0.000000,0.000000,0.000000,0,0,0,0,0,0.000000,0.000000,0.000000,0.000000,0.000000,0.000000,0.000000,0.000000,0.000000,0,0.000000,0.000000,0.000000
45842,38.123440,100785.601563,0.650000,3,1,1368,1268,1248,1317,1300.000000,1,1,1,1,-0.518927,-0.022669,-0.764638,-2.054767,-67.920143,-0.052392,0.000633,1,0,0,0.000000,0.000000,0.000000,0.000000,0.000000,0.000000,0,0,0,0,0,0.000000,0.000000,0.000000,0.000000,0.000000,0.000000,0.000000,0.000000,0.000000,0,0.000000,0.000000,0.000000
45948,38.112160,100787.203125,0.640000,24,1,1363,1273,1249,1315,1300.000000,1,1,1,1,-0.516599,0.055649,-0.906496,-2.100737,-67.559265,-0.061679,0.000881,1,0,0,0.000000,0.000000,0.000000,0.000000,0.000000,0.000000,0,0,0,0,0,0.000000,0.000000,0.000000,0.000000,0.000000,0.000000,0.000000,0.000000,0.000000,0,0.000000,0.000000,0.000000
46062,38.091259,100786.500000,0.650000,9,1,1360,1268,1254,1318,1300.000000,1,1,1,1,-0.493841,0.188797,-1.056203,-2.133178,-67.376450,-0.026414,0.000162,1,0,0,0.000000,0.000000,0.000000,0.000000,0.000000,0.000000,0,0,0,0,0,0.000000,0.000000,0.000000,0.000000,0.000000,0.000000,0.000000,0.000000,0.000000,0,0.000000,0.000000,0.000000
46156,38.079399,100787.203125,0.640000,17,1,1362,1261,1254,1323,1300.000000,1,1,1,1,-0.482213,0.202013,-0.711791,-2.110230,-67.134148,-0.017650,0.000071,1,0,0,0.000000,0.000000,0.000000,0.000000,0.000000,0.000000,0,0,0,0,0,0.000000,0.000000,0.000000,0.000000,0.000000,0.000000,0.000000,0.000000,0.000000,0,0.000000,0.000000,0.000000
46260,38.061543,100782.703125,0.670000,20,1,1367,1274,1251,1309,1300.000000,1,1,1,1,-0.462637,0.192941,-0.809271,-2.076758,-66.731590,0.025754,0.000152,1,0,0,0.000000,0.000000,0.000000,0.000000,0.000000,0.000000,0,0,0,0,0,0.000000,0.000000,0.000000,0.000000,0.000000,0.000000,0.000000,0.000000,0.000000,0,0.000000,0.000000,0.000000
46350,38.052219,100784.898438,0.680000,24,1,1364,1268,1246,1322,1300.000000,1,1,1,1,-0.462801,0.180429,-0.553536,-2.145882,-66.421791,0.035441,0.000291,1,0,0,0.000000,0.000000,0.000000,0.000000,0.000000,0.000000,0,0,0,0,0,0.000000,0.000000,0.000000,0.000000,0.000000,0.000000,0.000000,0.000000,0.000000,0,0.000000,0.000000,0.000000
46459,38.031895,100783.601563,0.730000,4,1,1371,1264,1246,1319,1300.000000,1,1,1,1,-0.473634,0.056488,-0.629076,-2.168150,-66.170288,0.081529,0.001537,1,0,0,0.000000,0.000000,0.000000,0.000000,0.000000,0.000000,0,0,0,0,0,0.000000,0.000000,0.000000,0.000000,0.000000,0.000000,0.000000,0.000000,0.000000,0,0.000000,0.000000,0.000000
46551,38.023220,100785.203125,0.730000,10,1,1369,1270,1243,1318,1300.000000,1,1,1,1,-0.487501,-0.010087,-0.758127,-2.281381,-65.886024,0.066592,0.001029,1,0,0,0.000000,0.000000,0.000000,0.000000,0.000000,0.000000,0,0,0,0,0,0.000000,0.000000,0.000000,0.000000,0.000000,0.000000,0.000000,0.000000,0.000000,0,0.000000,0.000000,0.000000
46643,38.007584,100785.304688,0.730000,0,1,1368,1259,1241,1333,1300.000000,1,1,1,1,-0.496197,0.004607,-0.492185,-2.373859,-65.488144,0.058583,0.000778,1,0,0,0.000000,0.000000,0.000000,0.000000,0.000000,0.000000,0,0,0,0,0,0.000000,0.000000,0.000000,0.000000,0.000000,0.000000,0.000000,0.000000,0.000000,0,0.000000,0.000000,0.000000
46741,37.992680,100785.398438,0.740000,13,1,1375,1261,1234,1330,1300.000000,1,1,1,1,-0.494735,0.093321,-0.399132,-2.392914,-65.037804,0.069350,0.001105,1,0,0,0.000000,0.000000,0.000000,0.000000,0.000000,0.000000,0,0,0,0,0,0.000000,0.000000,0.000000,0.000000,0.000000,0.000000,0.000000,0.000000,0.000000,0,0.000000,0.000000,0.000000
46849,37.980614,100787.398438,0.700000,19,1,1363,1264,1247,1326,1300.000000,1,1,1,1,-0.478002,0.225752,-0.643269,-2.690735,-64.676750,0.040200,0.000373,1,0,0,0.000000,0.000000,0.000000,0.000000,0.000000,0.000000,0,0,0,0,0,0.000000,0.000000,0.000000,0.000000,0.000000,0.000000,0.000000,0.000000,0.000000,0,0.000000,0.000000,0.000000
46958,37.959850,100787.101563,0.710000,0,1,1361,1269,1251,1319,1300.000000,1,1,1,1,-0.492212,0.074683,-0.458046,-2.683273,-64.624496,0.048213,0.000538,1,0,0,0.000000,0.000000,0.000000,0.000000,0.000000,0.000000,0,0,0,0,0,0.000000,0.000000,0.000000,0.000000,0.000000,0.000000,0.000000,0.000000,0.000000,0,0.000000,0.000000,0.000000
47054,37.947399,100784.703125,0.710000,8,1,1362,1270,1254,1314,1300.000000,1,1,1,1,-0.486029,0.211184,-0.304818,-2.569094,-64.540825,0.045727,0.000485,1,0,0,0.000000,0.000000,0.000000,0.000000,0.000000,0.000000,0,0,0,0,0,0.000000,0.000000,0.000000,0.000000,0.000000,0.000000,0.000000,0.000000,0.000000,0,0.000000,0.000000,0.000000
47161,37.932304,100783.601563,0.730000,30,1,1366,1273,1248,1313,1300.000000,1,1,1,1,-0.486164,0.126321,-0.696956,-2.773033,-64.470016,0.079254,0.001438,1,0,0,0.000000,0.000000,0.000000,0.000000,0.000000,0.000000,0,0,0,0,0,0.000000,0.000000,0.000000,0.000000,0.000000,0.000000,0.000000,0.000000,0.000000,0,0.000000,0.000000,0.000000
47249,37.922962,100785.304688,0.730000,32,1,1353,1271,1251,1325,1300.000000,1,1,1,1,-0.484398,0.102656,-0.735322,-2.749043,-64.370033,0.066734,0.001029,1,0,0,0.000000,0.000000,0.000000,0.000000,0.000000,0.000000,0,0,0,0,0,0.000000,0.000000,0.000000,0.000000,0.000000,0.000000,0.000000,0.000000,0.000000,0,0.000000,0.000000,0.000000
47358,37.902847,100785.398438,0.710000,12,1,1365,1270,1246,1319,1300.000000,1,1,1,1,-0.487350,0.126702,-0.528638,-2.635557,-64.226158,0.044246,0.000452,1,0,0,0.000000,0.000000,0.000000,0.000000,0.000000,0.000000,0,0,0,0,0,0.000000,0.000000,0.000000,0.000000,0.000000,0.000000,0.000000,0.000000,0.000000,0,0.000000,0.000000,0.000000
47469,37.881107,100785.398438,0.700000,26,1,1358,1264,1251,1327,1300.000000,1,1,1,1,-0.481554,0.176129,-0.435096,-2.579359,-64.067474,0.036391,0.000306,1,0,0,0.000000,0.000000,0.000000,0.000000,0.000000,0.000000,0,0,0,0,0,0.000000,0.000000,0.000000,0.000000,0.000000,0.000000,0.000000,0.000000,0.000000,0,0.000000,0.000000,0.000000
47551,37.876385,100786.703125,0.670000,20,1,1361,1275,1253,1311,1300.000000,1,1,1,1,-0.486270,0.038190,-0.315088,-2.560554,-64.054390,0.003072,0.000002,1,0,0,0.000000,0.000000,0.000000,0.000000,0.000000,0.000000,0,0,0,0,0,0.000000,0.000000,0.000000,0.000000,0.000000,0.000000,0.000000,0.000000,0.000000,0,0.000000,0.000000,0.000000
47660,37.847229,100785.398438,0.660000,0,1,1368,1272,1248,1313,1300.000000,1,1,1,1,-0.484067,0.040214,-0.094720,-2.567671,-63.948036,-0.012945,0.000039,1,0,0,0.000000,0.000000,0.000000,0.000000,0.000000,0.000000,0,0,0,0,0,0.000000,0.000000,0.000000,0.000000,0.000000,0.000000,0.000000,0.000000,0.000000,0,0.000000,0.000000,0.000000
47755,37.834808,100785.804688,0.670000,9,1,1361,1265,1253,1321,1300.000000,1,1,1,1,-0.482615,0.023312,-0.103672,-2.578501,-63.832134,0.007823,0.000014,1,0,0,0.000000,0.000000,0.000000,0.000000,0.000000,0.000000,0,0,0,0,0,0.000000,0.000000,0.000000,0.000000,0.000000,0.000000,0.000000,0.000000,0.000000,0,0.000000,0.000000,0.000000
47846,37.824001,100786.804688,0.650000,3,1,1358,1274,1252,1316,1300.000000,1,1,1,1,-0.492460,-0.033929,0.147400,-2.769145,-63.799152,-0.024102,0.000134,1,0,0,0.000000,0.000000,0.000000,0.000000,0.000000,0.000000,0,0,0,0,0,0.000000,0.000000,0.000000,0.000000,0.000000,0.000000,0.000000,0.000000,0.000000,0,0.000000,0.000000,0.000000
47952,37.809849,100785.601563,0.660000,24,1,1360,1272,1252,1316,1300.000000,1,1,1,1,-0.500889,0.000215,-0.112261,-2.584980,-63.747509,-0.022094,0.000113,1,0,0,0.000000,0.000000,0.000000,0.000000,0.000000,0.000000,0,0,0,0,0,0.000000,0.000000,0.000000,0.000000,0.000000,0.000000,0.000000,0.000000,0.000000,0,0.000000,0.000000,0.000000
48061,37.791363,100786.304688,0.640000,4,1,1361,1271,1250,1318,1300.000000,1,1,1,1,-0.496399,0.072456,-0.027732,-2.661360,-63.663567,-0.038773,0.000348,1,0,0,0.000000,0.000000,0.000000,0.000000,0.000000,0.000000,0,0,0,0,0,0.000000,0.000000,0.000000,0.000000,0.000000,0.000000,0.000000,0.000000,0.000000,0,0.000000,0.000000,0.000000
48152,37.777317,100787.203125,0.610000,9,1,1365,1274,1249,1312,1300.000000,1,1,1,1,-0.480108,0.127371,0.094351,-2.583734,-63.593262,-0.054699,0.000685,1,0,0,0.000000,0.000000,0.000000,0.000000,0.000000,0.000000,0,0,0,0,0,0.000000,0.000000,0.000000,0.000000,0.000000,0.000000,0.000000,0.000000,0.000000,0,0.000000,0.000000,0.000000
48241,37.760769,100787.804688,0.600000,12,1,1368,1273,1245,1315,1300.000000,1,1,1,1,-0.511272,-0.180093,-0.232664,-2.579374,-63.466625,-0.095575,0.002112,1,0,0,0.000000,0.000000,0.000000,0.000000,0.000000,0.000000,0,0,0,0,0,0.000000,0.000000,0.000000,0.000000,0.000000,0.000000,0.000000,0.000000,0.000000,0,0.000000,0.000000,0.000000
48351,37.742195,100786.304688,0.580000,24,1,1363,1278,1247,1312,1300.000000,1,1,1,1,-0.511123,-0.090536,-0.322218,-2.500145,-63.296513,-0.116250,0.003124,1,0,0,0.000000,0.000000,0.000000,0.000000,0.000000,0.000000,0,0,0,0,0,0.000000,0.000000,0.000000,0.000000,0.000000,0.000000,0.000000,0.000000,0.000000,0,0.000000,0.000000,0.000000
48444,37.734219,100786.398438,0.580000,19,1,1458,1368,1354,1420,1400.000000,1,1,1,1,-0.487560,0.085554,0.045400,-2.592717,-63.223297,-0.093831,0.001551,1,0,0,0.000000,0.000000,0.000000,0.000000,0.000000,0.000000,0,0,0,0,0,0.000000,0.000000,0.000000,0.000000,0.000000,0.000000,0.000000,0.000000,0.000000,0,0.000000,0.000000,0.000000
48554,37.704918,100782.703125,0.630000,0,1,1464,1364,1340,1432,1400.000000,1,1,1,1,-0.469776,0.084319,0.334375,-2.351964,-62.919682,-0.059186,0.000612,1,0,0,0.000000,0.000000,0.000000,0.000000,0.000000,0.000000,0,0,0,0,0,0.000000,0.000000,0.000000,0.000000,0.000000,0.000000,0.000000,0.000000,0.000000,0,0.000000,0.000000,0.000000
48644,37.692989,100783.304688,0.690000,4,1,1445,1387,1346,1423,1400.000000,1,1,1,1,-0.469515,-0.021469,0.766659,-1.732845,-62.712605,0.043286,0.000325,1,0,0,0.000000,0.000000,0.000000,0.000000,0.000000,0.000000,0,0,0,0,0,0.000000,0.000000,0.000000,0.000000,0.000000,0.000000,0.000000,0.000000,0.000000,0,0.000000,0.000000,0.000000
48760,37.678226,100786.601563,0.670000,34,1,1424,1409,1357,1410,1400.000000,1,1,1,1,-0.456937,0.080018,0.985945,-0.326122,-63.248291,0.032820,0.000188,1,0,0,0.000000,0.000000,0.000000,0.000000,0.000000,0.000000,0,0,0,0,0,0.000000,0.000000,0.000000,0.000000,0.000000,0.000000,0.000000,0.000000,0.000000,0,0.000000,0.000000,0.000000
48844,37.660561,100789.500000,0.620000,20,1,1416,1422,1357,1405,1400.000000,1,1,1,1,-0.451338,0.092210,0.909691,1.033798,-63.963795,-0.013819,0.000033,1,0,0,0.000000,0.000000,0.000000,0.000000,0.000000,0.000000,0,0,0,0,0,0.000000,0.000000,0.000000,0.000000,0.000000,0.000000,0.000000,0.000000,0.000000,0,0.000000,0.000000,0.000000
48954,37.640850,100789.203125,0.550000,1,1,1407,1414,1358,1421,1400.000000,1,1,1,1,-0.415653,0.270351,1.162391,2.588885,-64.850761,-0.053035,0.000484,1,0,0,0.000000,0.000000,0.000000,0.000000,0.000000,0.000000,0,0,0,0,0,0.000000,0.000000,0.000000,0.000000,0.000000,0.000000,0.000000,0.000000,0.000000,0,0.000000,0.000000,0.000000
49043,37.626087,100788.000000,0.540000,4,1,1397,1418,1369,1415,1400.000000,1,1,1,1,-0.398878,0.165826,1.831867,3.558900,-65.595390,-0.041039,0.000295,1,0,0,0.000000,0.000000,0.000000,0.000000,0.000000,0.000000,0,0,0,0,0,0.000000,0.000000,0.000000,0.000000,0.000000,0.000000,0.000000,0.000000,0.000000,0,0.000000,0.000000,0.000000
49157,37.609417,100789.203125,0.510000,32,1,1391,1439,1369,1401,1400.000000,1,1,1,1,-0.381274,0.130792,1.925754,4.622884,-66.921631,-0.048254,0.000406,1,0,0,0.000000,0.000000,0.000000,0.000000,0.000000,0.000000,0,0,0,0,0,0.000000,0.000000,0.000000,0.000000,0.000000,0.000000,0.000000,0.000000,0.000000,0,0.000000,0.000000,0.000000
49241,37.601109,100789.304688,0.500000,30,1,1391,1452,1364,1392,1400.000000,1,1,1,1,-0.361829,0.209450,1.634327,5.514712,-67.961494,-0.049671,0.000433,1,0,0,0.000000,0.000000,0.000000,0.000000,0.000000,0.000000,0,0,0,0,0,0.000000,0.000000,0.000000,0.000000,0.000000,0.000000,0.000000,0.000000,0.000000,0,0.000000,0.000000,0.000000
49349,37.580048,100789.804688,0.450000,9,1,1382,1460,1367,1392,1400.000000,1,1,1,1,-0.353418,0.124340,0.388399,6.827665,-69.411125,-0.088681,0.001378,1,0,0,0.000000,0.000000,0.000000,0.000000,0.000000,0.000000,0,0,0,0,0,0.000000,0.000000,0.000000,0.000000,0.000000,0.000000,0.000000,0.000000,0.000000,0,0.000000,0.000000,0.000000
49455,37.558971,100789.000000,0.450000,29,1,1379,1458,1380,1384,1400.000000,1,1,1,1,-0.342911,0.113325,0.406336,7.430512,-70.871872,-0.079490,0.001109,1,0,0,0.000000,0.000000,0.000000,0.000000,0.000000,0.000000,0,0,0,0,0,0.000000,0.000000,0.000000,0.000000,0.000000,0.000000,0.000000,0.000000,0.000000,0,0.000000,0.000000,0.000000
49541,37.543350,100787.000000,0.460000,29,1,1375,1457,1394,1374,1400.000000,1,1,1,1,-0.332123,0.140380,0.595115,7.013746,-72.264023,-0.050210,0.000438,1,0,0,0.000000,0.000000,0.000000,0.000000,0.000000,0.000000,0,0,0,0,0,0.000000,0.000000,0.000000,0.000000,0.000000,0.000000,0.000000,0.000000,0.000000,0,0.000000,0.000000,0.000000
49658,37.525524,100789.203125,0.440000,17,1,1381,1456,1408,1355,1400.000000,1,1,1,1,-0.312181,0.158268,0.960182,5.851132,-74.086365,-0.046298,0.000373,1,0,0,0.000000,0.000000,0.000000,0.000000,0.000000,0.000000,0,0,0,0,0,0.000000,0.000000,0.000000,0.000000,0.000000,0.000000,0.000000,0.000000,0.000000,0,0.000000,0.000000,0.000000
49759,37.512180,100789.898438,0.410000,32,1,1381,1455,1412,1352,1400.000000,1,1,1,1,-0.283271,0.220392,1.417614,4.267436,-75.936630,-0.063228,0.000566,1,0,0,0.000000,0.000000,0.000000,0.000000,0.000000,0.000000,0,0,0,0,0,0.000000,0.000000,0.000000,0.000000,0.000000,0.000000,0.000000,0.000000,0.000000,0,0.000000,0.000000,0.000000
49845,37.496540,100789.500000,0.410000,20,1,1381,1456,1417,1346,1400.000000,1,1,1,1,-0.280202,0.166126,1.388726,3.348320,-77.247154,-0.055767,0.000440,1,0,0,0.000000,0.000000,0.000000,0.000000,0.000000,0.000000,0,0,0,0,0,0.000000,0.000000,0.000000,0.000000,0.000000,0.000000,0.000000,0.000000,0.000000,0,0.000000,0.000000,0.000000
49956,37.475952,100789.304688,0.380000,0,1,1387,1455,1411,1348,1400.000000,1,1,1,1,-0.264943,0.186245,0.849381,2.611079,-78.835869,-0.075543,0.000808,1,0,0,0.000000,0.000000,0.000000,0.000000,0.000000,0.000000,0,0,0,0,0,0.000000,0.000000,0.000000,0.000000,0.000000,0.000000,0.000000,0.000000,0.000000,0,0.000000,0.000000,0.000000
50053,37.458706,100788.703125,0.380000,11,1,1385,1461,1392,1361,1400.000000,1,1,1,1,-0.251564,0.159823,0.717729,2.959636,-79.904839,-0.054941,0.000427,1,0,0,0.000000,0.000000,0.000000,0.000000,0.000000,0.000000,0,0,0,0,0,0.000000,0.000000,0.000000,0.000000,0.000000,0.000000,0.000000,0.000000,0.000000,0,0.000000,0.000000,0.000000
50157,37.447441,100792.398438,0.350000,29,1,1384,1478,1387,1351,1400.000000,1,1,1,1,-0.232775,0.150691,-0.037622,3.870900,-80.770241,-0.064179,0.000578,1,0,0,0.000000,0.000000,0.000000,0.000000,0.000000,0.000000,0,0,0,0,0,0.000000,0.000000,0.000000,0.000000,0.000000,0.000000,0.000000,0.000000,0.000000,0,0.000000,0.000000,0.000000
50243,37.424458,100790.000000,0.340000,29,1,1222,1583,1488,1307,1400.000000,1,1,1,1,-0.220824,-0.082471,0.787792,6.771150,-83.290848,-0.062986,0.000560,1,0,0,0.000000,0.000000,0.000000,0.000000,0.000000,0.000000,0,0,0,0,0,0.000000,0.000000,0.000000,0.000000,0.000000,0.000000,0.000000,0.000000,0.000000,0,0.000000,0.000000,0.000000
50352,37.409100,100791.500000,0.300000,9,1,1195,1595,1542,1268,1400.000000,1,1,1,1,-0.205676,-0.013868,3.590228,10.514001,-88.630943,-0.089860,0.001140,1,0,0,0.000000,0.000000,0.000000,0.000000,0.000000,0.000000,0,0,0,0,0,0.000000,0.000000,0.000000,0.000000,0.000000,0.000000,0.000000,0.000000,0.000000,0,0.000000,0.000000,0.000000
50444,37.391171,100789.101563,0.300000,0,1,1212,1621,1579,1188,1400.000000,1,1,1,1,-0.187112,0.168637,4.393824,9.858290,-94.592201,-0.070451,0.000700,1,0,0,0.000000,0.000000,0.000000,0.000000,0.000000,0.000000,0,0,0,0,0,0.000000,0.000000,0.000000,0.000000,0.000000,0.000000,0.000000,0.000000,0.000000,0,0.000000,0.000000,0.000000
50553,37.383438,100788.804688,0.320000,24,1,1230,1638,1562,1170,1400.000000,1,1,1,1,-0.172184,0.197447,1.747858,7.066042,-102.490906,-0.027931,0.000109,1,0,0,0.000000,0.000000,0.000000,0.000000,0.000000,0.000000,0,0,0,0,0,0.000000,0.000000,0.000000,0.000000,0.000000,0.000000,0.000000,0.000000,0.000000,0,0.000000,0.000000,0.000000
50654,37.365036,100789.304688,0.330000,39,1,1197,1665,1535,1203,1400.000000,1,1,1,1,-0.164961,0.093720,-0.562231,7.972677,-108.823273,-0.006835,0.000007,1,0,0,0.000000,0.000000,0.000000,0.000000,0.000000,0.000000,0,0,0,0,0,0.000000,0.000000,0.000000,0.000000,0.000000,0.000000,0.000000,0.000000,0.000000,0,0.000000,0.000000,0.000000
50748,37.344116,100789.500000,0.330000,4,1,1197,1639,1522,1243,1400.000000,1,1,1,1,-0.151428,0.146024,-1.217920,10.949069,-114.590218,-0.001504,0.000000,1,0,0,0.000000,0.000000,0.000000,0.000000,0.000000,0.000000,0,0,0,0,0,0.000000,0.000000,0.000000,0.000000,0.000000,0.000000,0.000000,0.000000,0.000000,0,0.000000,0.000000,0.000000
50846,37.333477,100792.703125,0.300000,12,1,1223,1522,1513,1342,1400.000000,1,1,1,1,-0.137331,0.081227,0.298683,11.992538,-119.014297,-0.019232,0.000052,1,0,0,0.000000,0.000000,0.000000,0.000000,0.000000,0.000000,0,0,0,0,0,0.000000,0.000000,0.000000,0.000000,0.000000,0.000000,0.000000,0.000000,0.000000,0,0.000000,0.000000,0.000000
50947,37.314358,100791.000000,0.290000,28,1,1241,1604,1503,1252,1400.000000,1,1,1,1,-0.108994,0.234550,1.176464,12.037291,-123.118286,-0.005479,0.000004,1,0,0,0.000000,0.000000,0.000000,0.000000,0.000000,0.000000,0,0,0,0,0,0.000000,0.000000,0.000000,0.000000,0.000000,0.000000,0.000000,0.000000,0.000000,0,0.000000,0.000000,0.000000
51057,37.295677,100792.101563,0.260000,9,1,1304,1580,1450,1266,1400.000000,1,1,1,1,-0.083983,0.248057,-1.842206,12.100146,-126.759926,-0.005219,0.000004,1,0,0,0.000000,0.000000,0.000000,0.000000,0.000000,0.000000,0,0,0,0,0,0.000000,0.000000,0.000000,0.000000,0.000000,0.000000,0.000000,0.000000,0.000000,0,0.000000,0.000000,0.000000
51144,37.283520,100792.000000,0.240000,10,1,1338,1546,1415,1302,1400.000000,1,1,1,1,-0.062163,0.243074,-4.403286,11.698302,-128.382874,-0.003316,0.000002,1,0,0,0.000000,0.000000,0.000000,0.000000,0.000000,0.000000,0,0,0,0,0,0.000000,0.000000,0.000000,0.000000,0.000000,0.000000,0.000000,0.000000,0.000000,0,0.000000,0.000000,0.000000
51255,37.270908,100793.500000,0.200000,35,1,1363,1509,1388,1340,1400.000000,1,1,1,1,0.015156,0.514829,-5.811112,11.410415,-128.805420,0.018536,0.000048,1,0,0,0.000000,0.000000,0.000000,0.000000,0.000000,0.000000,0,0,0,0,0,0.000000,0.000000,0.000000,0.000000,0.000000,0.000000,0.000000,0.000000,0.000000,0,0.000000,0.000000,0.000000
51360,37.249130,100793.804688,0.170000,11,1,1369,1477,1381,1372,1400.000000,1,1,1,1,0.073756,0.540456,-4.426400,11.467076,-128.064209,0.061315,0.000530,1,0,0,0.000000,0.000000,0.000000,0.000000,0.000000,0.000000,0,0,0,0,0,0.000000,0.000000,0.000000,0.000000,0.000000,0.000000,0.000000,0.000000,0.000000,0,0.000000,0.000000,0.000000
51452,37.231812,100788.703125,0.200000,8,1,1387,1446,1371,1397,1400.000000,1,1,1,1,0.113021,0.520106,-2.193887,11.253859,-126.630219,0.136862,0.002644,1,0,0,0.000000,0.000000,0.000000,0.000000,0.000000,0.000000,0,0,0,0,0,0.000000,0.000000,0.000000,0.000000,0.000000,0.000000,0.000000,0.000000,0.000000,0,0.000000,0.000000,0.000000
51558,37.222172,100790.304688,0.210000,28,1,1403,1413,1379,1405,1400.000000,1,1,1,1,0.154336,0.499402,0.792292,9.917410,-124.399422,0.179940,0.004566,1,0,0,0.000000,0.000000,0.000000,0.000000,0.000000,0.000000,0,0,0,0,0,0.000000,0.000000,0.000000,0.000000,0.000000,0.000000,0.000000,0.000000,0.000000,0,0.000000,0.000000,0.000000
51652,37.204384,100790.203125,0.220000,32,1,1426,1408,1372,1394,1400.000000,1,1,1,1,0.176772,0.475089,1.670324,7.965327,-122.481491,0.215594,0.006515,1,0,0,0.000000,0.000000,0.000000,0.000000,0.000000,0.000000,0,0,0,0,0,0.000000,0.000000,0.000000,0.000000,0.000000,0.000000,0.000000,0.000000,0.000000,0,0.000000,0.000000,0.000000
51758,37.185421,100791.500000,0.210000,9,1,1456,1398,1345,1401,1400.000000,1,1,1,1,0.193583,0.401981,1.297030,5.844778,-119.519081,0.233992,0.007681,1,0,0,0.000000,0.000000,0.000000,0.000000,0.000000,0.000000,0,0,0,0,0,0.000000,0.000000,0.000000,0.000000,0.000000,0.000000,0.000000,0.000000,0.000000,0,0.000000,0.000000,0.000000
51848,37.173264,100791.398438,0.210000,12,1,1494,1379,1303,1424,1400.000000,1,1,1,1,0.174863,0.142041,0.268886,4.625556,-116.166107,0.214301,0.006457,1,0,0,0.000000,0.000000,0.000000,0.000000,0.000000,0.000000,0,0,0,0,0,0.000000,0.000000,0.000000,0.000000,0.000000,0.000000,0.000000,0.000000,0.000000,0,0.000000,0.000000,0.000000
51950,37.158218,100790.398438,0.220000,24,1,1475,1384,1302,1439,1400.000000,1,1,1,1,0.160479,0.050604,-0.746686,4.552587,-111.856712,0.209333,0.006182,1,0,0,0.000000,0.000000,0.000000,0.000000,0.000000,0.000000,0,0,0,0,0,0.000000,0.000000,0.000000,0.000000,0.000000,0.000000,0.000000,0.000000,0.000000,0,0.000000,0.000000,0.000000
52041,37.145817,100788.804688,0.240000,29,1,1446,1380,1322,1452,1400.000000,1,1,1,1,0.153837,0.162129,0.299029,5.030935,-108.264091,0.213045,0.006364,1,0,0,0.000000,0.000000,0.000000,0.000000,0.000000,0.000000,0,0,0,0,0,0.000000,0.000000,0.000000,0.000000,0.000000,0.000000,0.000000,0.000000,0.000000,0,0.000000,0.000000,0.000000
52159,37.123844,100787.203125,0.300000,18,1,1548,1483,1425,1545,1500.000000,1,1,1,1,0.146915,0.246019,2.403940,5.406985,-104.119041,0.269140,0.008210,1,0,0,0.000000,0.000000,0.000000,0.000000,0.000000,0.000000,0,0,0,0,0,0.000000,0.000000,0.000000,0.000000,0.000000,0.000000,0.000000,0.000000,0.000000,0,0.000000,0.000000,0.000000
52260,37.116516,100785.703125,0.370000,33,1,1560,1499,1406,1535,1500.000000,1,1,1,1,0.141690,0.078198,2.579885,5.557941,-99.674568,0.342092,0.013318,1,0,0,0.000000,0.000000,0.000000,0.000000,0.000000,0.000000,0,0,0,0,0,0.000000,0.000000,0.000000,0.000000,0.000000,0.000000,0.000000,0.000000,0.000000,0,0.000000,0.000000,0.000000
52348,37.095577,100785.203125,0.430000,24,1,1566,1500,1387,1546,1500.000000,1,1,1,1,0.133719,0.030440,1.752132,6.198205,-96.206505,0.398575,0.018075,1,0,0,0.000000,0.000000,0.000000,0.000000,0.000000,0.000000,0,0,0,0,0,0.000000,0.000000,0.000000,0.000000,0.000000,0.000000,0.000000,0.000000,0.000000,0,0.000000,0.000000,0.000000
52457,37.082264,100787.898438,0.470000,4,1,1561,1512,1385,1542,1500.000000,1,1,1,1,0.099958,-0.037824,0.234739,7.363600,-92.103813,0.406632,0.018793,1,0,0,0.000000,0.000000,0.000000,0.000000,0.000000,0.000000,0,0,0,0,0,0.000000,0.000000,0.000000,0.000000,0.000000,0.000000,0.000000,0.000000,0.000000,0,0.000000,0.000000,0.000000
52543,37.067204,100789.101563,0.450000,4,1,1557,1523,1392,1528,1500.000000,1,1,1,1,0.086109,0.080697,-1.506283,8.197617,-89.437065,0.370827,0.015651,1,0,0,0.000000,0.000000,0.000000,0.000000,0.000000,0.000000,0,0,0,0,0,0.000000,0.000000,0.000000,0.000000,0.000000,0.000000,0.000000,0.000000,0.000000,0,0.000000,0.000000,0.000000
52649,37.060905,100789.703125,0.450000,24,1,1542,1545,1405,1507,1500.000000,1,1,1,1,0.051780,-0.142743,-3.643557,8.708092,-86.970322,0.340885,0.013125,1,0,0,0.000000,0.000000,0.000000,0.000000,0.000000,0.000000,0,0,0,0,0,0.000000,0.000000,0.000000,0.000000,0.000000,0.000000,0.000000,0.000000,0.000000,0,0.000000,0.000000,0.000000
52741,37.041630,100789.203125,0.430000,29,1,1528,1551,1426,1495,1500.000000,1,1,1,1,0.043144,0.013818,-4.540774,8.689352,-85.567680,0.305465,0.010596,1,0,0,0.000000,0.000000,0.000000,0.000000,0.000000,0.000000,0,0,0,0,0,0.000000,0.000000,0.000000,0.000000,0.000000,0.000000,0.000000,0.000000,0.000000,0,0.000000,0.000000,0.000000
52847,37.023136,100788.203125,0.430000,6,1,1525,1556,1440,1480,1500.000000,1,1,1,1,-0.019088,-0.280836,-5.553948,8.188596,-84.556107,0.243019,0.006699,1,0,0,0.000000,0.000000,0.000000,0.000000,0.000000,0.000000,0,0,0,0,0,0.000000,0.000000,0.000000,0.000000,0.000000,0.000000,0.000000,0.000000,0.000000,0,0.000000,0.000000,0.000000
52957,37.009457,100786.000000,0.460000,30,1,1508,1553,1464,1475,1500.000000,1,1,1,1,-0.046145,-0.155509,-5.342022,7.328830,-83.972511,0.247418,0.006959,1,0,0,0.000000,0.000000,0.000000,0.000000,0.000000,0.000000,0,0,0,0,0,0.000000,0.000000,0.000000,0.000000,0.000000,0.000000,0.000000,0.000000,0.000000,0,0.000000,0.000000,0.000000
53056,36.993469,100782.898438,0.560000,0,1,1506,1552,1478,1463,1500.000000,1,1,1,1,-0.082170,-0.215048,-4.624924,5.670710,-83.655418,0.270897,0.008287,1,0,0,0.000000,0.000000,0.000000,0.000000,0.000000,0.000000,0,0,0,0,0,0.000000,0.000000,0.000000,0.000000,0.000000,0.000000,0.000000,0.000000,0.000000,0,0.000000,0.000000,0.000000
53154,36.986053,100783.203125,0.630000,12,1,1516,1555,1472,1456,1500.000000,1,1,1,1,-0.142920,-0.228640,-4.401188,4.338449,-83.564102,0.317216,0.011358,1,0,0,0.000000,0.000000,0.000000,0.000000,0.000000,0.000000,0,0,0,0,0,0.000000,0.000000,0.000000,0.000000,0.000000,0.000000,0.000000,0.000000,0.000000,0,0.000000,0.000000,0.000000
53260,36.967911,100780.101563,0.730000,32,1,1531,1544,1461,1463,1500.000000,1,1,1,1,-0.210257,-0.387521,-5.045444,3.154324,-83.253227,0.368035,0.015330,1,0,0,0.000000,0.000000,0.000000,0.000000,0.000000,0.000000,0,0,0,0,0,0.000000,0.000000,0.000000,0.000000,0.000000,0.000000,0.000000,0.000000,0.000000,0,0.000000,0.000000,0.000000
53348,36.953495,100779.203125,0.830000,24,1,1513,1541,1472,1474,1500.000000,1,1,1,1,-0.291173,-0.498857,-4.915967,2.886603,-83.042580,0.386172,0.016920,1,0,0,0.000000,0.000000,0.000000,0.000000,0.000000,0.000000,0,0,0,0,0,0.000000,0.000000,0.000000,0.000000,0.000000,0.000000,0.000000,0.000000,0.000000,0,0.000000,0.000000,0.000000
53457,36.933868,100777.304688,0.950000,4,1,1491,1556,1487,1467,1500.000000,1,1,1,1,-0.431956,-0.735783,-3.410195,2.928750,-83.210854,0.356703,0.017864,1,0,0,0.000000,0.000000,0.000000,0.000000,0.000000,0.000000,0,0,0,0,0,0.000000,0.000000,0.000000,0.000000,0.000000,0.000000,0.000000,0.000000,0.000000,0,0.000000,0.000000,0.000000
53547,36.919350,100774.000000,1.060000,8,1,1480,1569,1492,1459,1500.000000,1,1,1,1,-0.547186,-0.773848,-2.556222,3.357055,-83.692787,0.356615,0.017910,1,0,0,0.000000,0.000000,0.000000,0.000000,0.000000,0.000000,0,0,0,0,0,0.000000,0.000000,0.000000,0.000000,0.000000,0.000000,0.000000,0.000000,0.000000,0,0.000000,0.000000,0.000000
53656,36.908451,100774.804688,1.150000,31,1,1473,1574,1493,1459,1500.000000,1,1,1,1,-0.677405,-0.870074,-2.276567,3.720418,-84.476105,0.342102,0.016358,1,0,0,0.000000,0.000000,0.000000,0.000000,0.000000,0.000000,0,0,0,0,0,0.000000,0.000000,0.000000,0.000000,0.000000,0.000000,0.000000,0.000000,0.000000,0,0.000000,0.000000,0.000000
53741,36.896206,100774.000000,1.250000,30,1,1478,1578,1495,1449,1500.000000,1,1,1,1,-0.791149,-0.964010,-2.442163,4.046117,-85.151321,0.322990,0.017447,1,0,0,0.000000,0.000000,0.000000,0.000000,0.000000,0.000000,0,0,0,0,0,0.000000,0.000000,0.000000,0.000000,0.000000,0.000000,0.000000,0.000000,0.000000,0,0.000000,0.000000,0.000000
53849,36.876858,100771.500000,1.390000,9,1,1453,1569,1519,1459,1500.000000,1,1,1,1,-0.954288,-1.000991,-1.349412,4.258723,-86.073936,0.275605,0.012725,1,0,0,0.000000,0.000000,0.000000,0.000000,0.000000,0.000000,0,0,0,0,0,0.000000,0.000000,0.000000,0.000000,0.000000,0.000000,0.000000,0.000000,0.000000,0,0.000000,0.000000,0.000000
53955,36.860920,100769.000000,1.510000,29,1,1437,1573,1535,1455,1500.000000,1,1,1,1,-1.098427,-1.002565,1.849963,4.268914,-87.261902,0.270436,0.012289,1,0,0,0.000000,0.000000,0.000000,0.000000,0.000000,0.000000,0,0,0,0,0,0.000000,0.000000,0.000000,0.000000,0.000000,0.000000,0.000000,0.000000,0.000000,0,0.000000,0.000000,0.000000
54041,36.854046,100768.398438,1.630000,29,1,1487,1590,1489,1434,1500.000000,1,1,1,1,-1.231063,-1.069574,1.514938,4.002839,-88.186081,0.272922,0.012408,1,0,0,0.000000,0.000000,0.000000,0.000000,0.000000,0.000000,0,0,0,0,0,0.000000,0.000000,0.000000,0.000000,0.000000,0.000000,0.000000,0.000000,0.000000,0,0.000000,0.000000,0.000000
54141,36.839157,100767.601563,1.820000,0,1,1663,1588,1334,1414,1500.000000,1,1,1,1,-1.366769,-0.856095,-8.372337,3.242447,-87.557846,0.289146,0.014036,1,0,0,0.000000,0.000000,0.000000,0.000000,0.000000,0.000000,0,0,0,0,0,0.000000,0.000000,0.000000,0.000000,0.000000,0.000000,0.000000,0.000000,0.000000,0,0.000000,0.000000,0.000000
54258,36.825268,100766.000000,1.910000,31,1,1768,1473,1279,1480,1500.000000,1,1,1,1,-1.506187,-0.430486,-33.561138,0.672089,-80.371933,0.252709,0.010729,1,0,0,0.000000,0.000000,0.000000,0.000000,0.000000,0.000000,0,0,0,0,0,0.000000,0.000000,0.000000,0.000000,0.000000,0.000000,0.000000,0.000000,0.000000,0,0.000000,0.000000,0.000000
54349,36.809277,100767.500000,1.980000,19,1,1708,1440,1348,1503,1500.000000,1,1,1,1,-1.643819,-0.703609,-42.960770,-1.272379,-73.938530,0.180738,0.005490,1,0,0,0.000000,0.000000,0.000000,0.000000,0.000000,0.000000,0,0,0,0,0,0.000000,0.000000,0.000000,0.000000,0.000000,0.000000,0.000000,0.000000,0.000000,0,0.000000,0.000000,0.000000
54458,36.789581,100762.703125,2.120000,0,1,1649,1437,1407,1508,1500.000000,1,1,1,1,-1.764601,-0.727282,-42.216793,-3.916301,-67.739769,0.165942,0.004641,1,0,0,0.000000,0.000000,0.000000,0.000000,0.000000,0.000000,0,0,0,0,0,0.000000,0.000000,0.000000,0.000000,0.000000,0.000000,0.000000,0.000000,0.000000,0,0.000000,0.000000,0.000000
54554,36.783806,100761.703125,2.230000,10,1,1614,1453,1429,1504,1500.000000,1,1,1,1,-1.880952,-0.785164,-36.182503,-5.708208,-64.549217,0.185820,0.005819,1,0,0,0.000000,0.000000,0.000000,0.000000,0.000000,0.000000,0,0,0,0,0,0.000000,0.000000,0.000000,0.000000,0.000000,0.000000,0.000000,0.000000,0.000000,0,0.000000,0.000000,0.000000
54659,36.763847,100755.000000,2.400000,29,1,1567,1491,1455,1487,1500.000000,1,1,1,1,-1.990630,-0.777819,-27.787865,-6.254565,-64.124901,0.269457,0.012123,1,0,0,0.000000,0.000000,0.000000,0.000000,0.000000,0.000000,0,0,0,0,0,0.000000,0.000000,0.000000,0.000000,0.000000,0.000000,0.000000,0.000000,0.000000,0,0.000000,0.000000,0.000000
54747,36.750919,100753.000000,2.590000,20,1,1512,1505,1489,1494,1500.000000,1,1,1,1,-2.098699,-0.820102,-18.965973,-5.646899,-65.333153,0.347687,0.020251,1,0,0,0.000000,0.000000,0.000000,0.000000,0.000000,0.000000,0,0,0,0,0,0.000000,0.000000,0.000000,0.000000,0.000000,0.000000,0.000000,0.000000,0.000000,0,0.000000,0.000000,0.000000
54845,36.735664,100751.898438,2.770000,20,1,1453,1520,1531,1496,1500.000000,1,1,1,1,-2.204255,-0.783836,-8.912247,-3.906262,-67.627380,0.424526,0.030284,1,0,0,0.000000,0.000000,0.000000,0.000000,0.000000,0.000000,0,0,0,0,0,0.000000,0.000000,0.000000,0.000000,0.000000,0.000000,0.000000,0.000000,0.000000,0,0.000000,0.000000,0.000000
54949,36.720356,100752.304688,2.900000,20,1,1421,1544,1555,1480,1500.000000,1,1,1,1,-2.306620,-0.666748,-0.285209,-1.629269,-70.520355,0.451083,0.034205,1,0,0,0.000000,0.000000,0.000000,0.000000,0.000000,0.000000,0,0,0,0,0,0.000000,0.000000,0.000000,0.000000,0.000000,0.000000,0.000000,0.000000,0.000000,0,0.000000,0.000000,0.000000
55058,36.705399,100753.101563,3.040000,0,1,1414,1573,1545,1468,1500.000000,1,1,1,1,-2.402922,-0.583482,5.004313,0.997204,-73.539360,0.441488,0.032547,1,0,0,0.000000,0.000000,0.000000,0.000000,0.000000,0.000000,0,0,0,0,0,0.000000,0.000000,0.000000,0.000000,0.000000,0.000000,0.000000,0.000000,0.000000,0,0.000000,0.000000,0.000000
55157,36.692959,100754.500000,3.100000,0,1,1415,1591,1532,1461,1500.000000,1,1,1,1,-2.516439,-0.550910,6.624731,3.334531,-76.132111,0.425973,0.030561,1,0,0,0.000000,0.000000,0.000000,0.000000,0.000000,0.000000,0,0,0,0,0,0.000000,0.000000,0.000000,0.000000,0.000000,0.000000,0.000000,0.000000,0.000000,0,0.000000,0.000000,0.000000
55246,36.676899,100755.703125,3.130000,4,1,1420,1594,1528,1458,1500.000000,1,1,1,1,-2.609859,-0.661881,6.698501,5.129080,-78.124405,0.361857,0.021881,1,0,0,0.000000,0.000000,0.000000,0.000000,0.000000,0.000000,0,0,0,0,0,0.000000,0.000000,0.000000,0.000000,0.000000,0.000000,0.000000,0.000000,0.000000,0,0.000000,0.000000,0.000000
55342,36.665092,100755.601563,3.140000,12,1,1418,1591,1530,1461,1500.000000,1,1,1,1,-2.671055,-0.533289,6.564511,6.536817,-80.226341,0.311633,0.016333,1,0,0,0.000000,0.000000,0.000000,0.000000,0.000000,0.000000,0,0,0,0,0,0.000000,0.000000,0.000000,0.000000,0.000000,0.000000,0.000000,0.000000,0.000000,0,0.000000,0.000000,0.000000
55445,36.653355,100759.500000,3.110000,29,1,1408,1569,1548,1475,1500.000000,1,1,1,1,-2.716911,-0.329325,7.695748,7.061175,-82.095116,0.233277,0.009176,1,0,0,0.000000,0.000000,0.000000,0.000000,0.000000,0.000000,0,0,0,0,0,0.000000,0.000000,0.000000,0.000000,0.000000,0.000000,0.000000,0.000000,0.000000,0,0.000000,0.000000,0.000000
55557,36.632133,100758.203125,3.080000,12,1,1353,1540,1610,1497,1500.000000,1,1,1,1,-2.764706,-0.176400,12.420796,6.975338,-84.347252,0.144308,0.003510,1,0,0,0.000000,0.000000,0.000000,0.000000,0.000000,0.000000,0,0,0,0,0,0.000000,0.000000,0.000000,0.000000,0.000000,0.000000,0.000000,0.000000,0.000000,0,0.000000,0.000000,0.000000
55661,36.619186,100759.601563,3.050000,30,1,1349,1509,1636,1506,1500.000000,1,1,1,1,-2.788239,-0.100663,20.986103,6.082570,-86.972450,0.097716,0.001595,1,0,0,0.000000,0.000000,0.000000,0.000000,0.000000,0.000000,0,0,0,0,0,0.000000,0.000000,0.000000,0.000000,0.000000,0.000000,0.000000,0.000000,0.000000,0,0.000000,0.000000,0.000000
55748,36.601254,100761.898438,2.990000,20,1,1415,1576,1578,1431,1500.000000,1,1,1,1,-2.794554,-0.004388,22.398643,4.876959,-89.417290,0.016468,0.000045,1,0,0,0.000000,0.000000,0.000000,0.000000,0.000000,0.000000,0,0,0,0,0,0.000000,0.000000,0.000000,0.000000,0.000000,0.000000,0.000000,0.000000,0.000000,0,0.000000,0.000000,0.000000
55847,36.588097,100767.203125,2.870000,20,1,1477,1620,1519,1384,1500.000000,1,1,1,1,-2.777163,-0.017465,13.654815,3.552524,-91.662865,-0.091875,0.001419,1,0,0,0.000000,0.000000,0.000000,0.000000,0.000000,0.000000,0,0,0,0,0,0.000000,0.000000,0.000000,0.000000,0.000000,0.000000,0.000000,0.000000,0.000000,0,0.000000,0.000000,0.000000
55949,36.567158,100767.898438,2.730000,20,1,1515,1602,1478,1405,1500.000000,1,1,1,1,-2.734442,0.030493,3.593530,2.443305,-92.671898,-0.195706,0.006439,1,0,0,0.000000,0.000000,0.000000,0.000000,0.000000,0.000000,0,0,0,0,0,0.000000,0.000000,0.000000,0.000000,0.000000,0.000000,0.000000,0.000000,0.000000,0,0.000000,0.000000,0.000000
56058,36.553108,100767.898438,2.580000,0,1,1517,1573,1463,1446,1500.000000,1,1,1,1,-2.687469,-0.006357,-2.348823,2.304192,-92.374481,-0.278449,0.012948,1,0,0,0.000000,0.000000,0.000000,0.000000,0.000000,0.000000,0,0,0,0,0,0.000000,0.000000,0.000000,0.000000,0.000000,0.000000,0.000000,0.000000,0.000000,0,0.000000,0.000000,0.000000
56153,36.540916,100770.804688,2.460000,9,1,1514,1557,1457,1471,1500.000000,1,1,1,1,-2.631844,0.054189,-4.073555,2.871933,-91.718086,-0.374995,0.023471,1,0,0,0.000000,0.000000,0.000000,0.000000,0.000000,0.000000,0,0,0,0,0,0.000000,0.000000,0.000000,0.000000,0.000000,0.000000,0.000000,0.000000,0.000000,0,0.000000,0.000000,0.000000
56259,36.532047,100769.304688,2.380000,29,1,1505,1561,1455,1479,1500.000000,1,1,1,1,-2.571051,-0.024773,-4.714907,3.908969,-90.861847,-0.391984,0.025834,1,0,0,0.000000,0.000000,0.000000,0.000000,0.000000,0.000000,0,0,0,0,0,0.000000,0.000000,0.000000,0.000000,0.000000,0.000000,0.000000,0.000000,0.000000,0,0.000000,0.000000,0.000000
56353,36.513573,100768.898438,2.320000,23,1,1505,1565,1456,1474,1500.000000,1,1,1,1,-2.486075,0.161495,-5.128894,4.803264,-90.184464,-0.370064,0.023036,1,0,0,0.000000,0.000000,0.000000,0.000000,0.000000,0.000000,0,0,0,0,0,0.000000,0.000000,0.000000,0.000000,0.000000,0.000000,0.000000,0.000000,0.000000,0,0.000000,0.000000,0.000000
56442,36.496445,100769.304688,2.260000,27,1,1509,1567,1456,1468,1500.000000,1,1,1,1,-2.412916,0.115091,-5.775650,5.316264,-89.661850,-0.354578,0.021204,1,0,0,0.000000,0.000000,0.000000,0.000000,0.000000,0.000000,0,0,0,0,0,0.000000,0.000000,0.000000,0.000000,0.000000,0.000000,0.000000,0.000000,0.000000,0,0.000000,0.000000,0.000000
56557,36.481327,100769.500000,2.210000,13,1,1513,1573,1455,1459,1500.000000,1,1,1,1,-2.317303,0.180960,-6.625151,5.469112,-89.111923,-0.304497,0.015634,1,0,0,0.000000,0.000000,0.000000,0.000000,0.000000,0.000000,0,0,0,0,0,0.000000,0.000000,0.000000,0.000000,0.000000,0.000000,0.000000,0.000000,0.000000,0,0.000000,0.000000,0.000000
56659,36.468681,100770.000000,2.160000,29,1,1519,1563,1456,1463,1500.000000,1,1,1,1,-2.238427,0.234917,-7.595734,5.277546,-88.599319,-0.308346,0.015876,1,0,0,0.000000,0.000000,0.000000,0.000000,0.000000,0.000000,0,0,0,0,0,0.000000,0.000000,0.000000,0.000000,0.000000,0.000000,0.000000,0.000000,0.000000,0,0.000000,0.000000,0.000000
56747,36.458408,100772.601563,2.100000,20,1,1515,1559,1463,1464,1500.000000,1,1,1,1,-2.188813,0.169176,-8.028574,4.730677,-87.998672,-0.289098,0.014006,1,0,0,0.000000,0.000000,0.000000,0.000000,0.000000,0.000000,0,0,0,0,0,0.000000,0.000000,0.000000,0.000000,0.000000,0.000000,0.000000,0.000000,0.000000,0,0.000000,0.000000,0.000000
56845,36.440880,100768.804688,2.100000,20,1,1525,1549,1461,1465,1500.000000,1,1,1,1,-2.121446,0.125140,-7.786131,4.142467,-87.281898,-0.216051,0.007846,1,0,0,0.000000,0.000000,0.000000,0.000000,0.000000,0.000000,0,0,0,0,0,0.000000,0.000000,0.000000,0.000000,0.000000,0.000000,0.000000,0.000000,0.000000,0,0.000000,0.000000,0.000000
56949,36.427181,100771.601563,2.080000,20,1,1517,1543,1466,1473,1500.000000,1,1,1,1,-2.057415,0.146827,-7.278690,3.651942,-86.567963,-0.169709,0.004843,1,0,0,0.000000,0.000000,0.000000,0.000000,0.000000,0.000000,0,0,0,0,0,0.000000,0.000000,0.000000,0.000000,0.000000,0.000000,0.000000,0.000000,0.000000,0,0.000000,0.000000,0.000000
57058,36.409863,100770.304688,2.050000,0,1,1527,1540,1456,1476,1500.000000,1,1,1,1,-2.002637,0.148468,-6.733385,3.268594,-85.769142,-0.160255,0.004289,1,0,0,0.000000,0.000000,0.000000,0.000000,0.000000,0.000000,0,0,0,0,0,0.000000,0.000000,0.000000,0.000000,0.000000,0.000000,0.000000,0.000000,0.000000,0,0.000000,0.000000,0.000000
57156,36.390373,100767.898438,2.050000,0,1,1527,1534,1460,1479,1500.000000,1,1,1,1,-1.957171,0.096267,-6.265264,3.144530,-85.134399,-0.129331,0.002812,1,0,0,0.000000,0.000000,0.000000,0.000000,0.000000,0.000000,0,0,0,0,0,0.000000,0.000000,0.000000,0.000000,0.000000,0.000000,0.000000,0.000000,0.000000,0,0.000000,0.000000,0.000000
57246,36.377060,100769.398438,2.050000,4,1,1527,1539,1457,1476,1500.000000,1,1,1,1,-1.936326,0.092545,-5.942846,3.052566,-84.636185,-0.070548,0.000832,1,0,0,0.000000,0.000000,0.000000,0.000000,0.000000,0.000000,0,0,0,0,0,0.000000,0.000000,0.000000,0.000000,0.000000,0.000000,0.000000,0.000000,0.000000,0,0.000000,0.000000,0.000000
57353,36.367558,100768.703125,2.070000,23,1,1522,1542,1461,1475,1500.000000,1,1,1,1,-1.917461,-0.035716,-5.903749,3.019184,-84.112862,-0.028363,0.000135,1,0,0,0.000000,0.000000,0.000000,0.000000,0.000000,0.000000,0,0,0,0,0,0.000000,0.000000,0.000000,0.000000,0.000000,0.000000,0.000000,0.000000,0.000000,0,0.000000,0.000000,0.000000
57445,36.357430,100767.203125,2.090000,30,1,1520,1539,1456,1484,1500.000000,1,1,1,1,-1.900222,-0.082379,-5.805889,3.006606,-83.703667,0.012057,0.000025,1,0,0,0.000000,0.000000,0.000000,0.000000,0.000000,0.000000,0,0,0,0,0,0.000000,0.000000,0.000000,0.000000,0.000000,0.000000,0.000000,0.000000,0.000000,0,0.000000,0.000000,0.000000
57554,36.340458,100765.601563,2.130000,10,1,1516,1541,1460,1483,1500.000000,1,1,1,1,-1.899463,-0.155038,-5.438560,3.138635,-83.253365,0.054704,0.000505,1,0,0,0.000000,0.000000,0.000000,0.000000,0.000000,0.000000,0,0,0,0,0,0.000000,0.000000,0.000000,0.000000,0.000000,0.000000,0.000000,0.000000,0.000000,0,0.000000,0.000000,0.000000
57659,36.327881,100767.398438,2.150000,29,1,1515,1544,1463,1478,1500.000000,1,1,1,1,-1.902439,-0.163723,-5.140380,3.228058,-82.956306,0.053588,0.000480,1,0,0,0.000000,0.000000,0.000000,0.000000,0.000000,0.000000,0,0,0,0,0,0.000000,0.000000,0.000000,0.000000,0.000000,0.000000,0.000000,0.000000,0.000000,0,0.000000,0.000000,0.000000
57747,36.321651,100766.898438,2.180000,20,1,1517,1545,1465,1474,1500.000000,1,1,1,1,-1.930057,-0.247343,-5.153404,3.214392,-82.792969,0.079347,0.001055,1,0,0,0.000000,0.000000,0.000000,0.000000,0.000000,0.000000,0,0,0,0,0,0.000000,0.000000,0.000000,0.000000,0.000000,0.000000,0.000000,0.000000,0.000000,0,0.000000,0.000000,0.000000
57845,36.305119,100765.000000,2.210000,20,1,1521,1548,1462,1469,1500.000000,1,1,1,1,-1.943457,-0.285751,-5.618944,3.143702,-82.718407,0.097355,0.001593,1,0,0,0.000000,0.000000,0.000000,0.000000,0.000000,0.000000,0,0,0,0,0,0.000000,0.000000,0.000000,0.000000,0.000000,0.000000,0.000000,0.000000,0.000000,0,0.000000,0.000000,0.000000
57949,36.287586,100763.000000,2.260000,20,1,1517,1550,1465,1468,1500.000000,1,1,1,1,-1.967953,-0.318960,-5.954266,3.238769,-82.729401,0.125177,0.002635,1,0,0,0.000000,0.000000,0.000000,0.000000,0.000000,0.000000,0,0,0,0,0,0.000000,0.000000,0.000000,0.000000,0.000000,0.000000,0.000000,0.000000,0.000000,0,0.000000,0.000000,0.000000
58058,36.276112,100762.601563,2.340000,0,1,1511,1551,1466,1472,1500.000000,1,1,1,1,-2.003908,-0.360820,-5.955461,3.417458,-82.777946,0.132376,0.002927,1,0,0,0.000000,0.000000,0.000000,0.000000,0.000000,0.000000,0,0,0,0,0,0.000000,0.000000,0.000000,0.000000,0.000000,0.000000,0.000000,0.000000,0.000000,0,0.000000,0.000000,0.000000
58157,36.264702,100762.601563,2.390000,1,1,1508,1553,1466,1473,1500.000000,1,1,1,1,-2.045687,-0.422809,-5.661810,3.759919,-82.894203,0.151444,0.003856,1,0,0,0.000000,0.000000,0.000000,0.000000,0.000000,0.000000,0,0,0,0,0,0.000000,0.000000,0.000000,0.000000,0.000000,0.000000,0.000000,0.000000,0.000000,0,0.000000,0.000000,0.000000
58246,36.247276,100760.203125,2.480000,4,1,1489,1540,1481,1489,1500.000000,1,1,1,1,-2.115971,-0.510881,-4.677630,4.000691,-82.964851,0.195760,0.006405,1,0,0,0.000000,0.000000,0.000000,0.000000,0.000000,0.000000,0,0,0,0,0,0.000000,0.000000,0.000000,0.000000,0.000000,0.000000,0.000000,0.000000,0.000000,0,0.000000,0.000000,0.000000
58353,36.240753,100760.101563,2.550000,23,1,1456,1519,1517,1508,1500.000000,1,1,1,1,-2.178033,-0.447128,-0.979532,4.362031,-83.187508,0.214871,0.007762,1,0,0,0.000000,0.000000,0.000000,0.000000,0.000000,0.000000,0,0,0,0,0,0.000000,0.000000,0.000000,0.000000,0.000000,0.000000,0.000000,0.000000,0.000000,0,0.000000,0.000000,0.000000
58441,36.236710,100759.703125,2.600000,26,1,1360,1458,1616,1566,1500.000000,1,1,1,1,-2.233869,-0.307582,8.166255,4.548987,-83.781616,0.206506,0.007191,1,0,0,0.000000,0.000000,0.000000,0.000000,0.000000,0.000000,0,0,0,0,0,0.000000,0.000000,0.000000,0.000000,0.000000,0.000000,0.000000,0.000000,0.000000,0,0.000000,0.000000,0.000000
58557,36.215332,100760.601563,2.660000,13,1,1365,1514,1633,1488,1500.000000,1,1,1,1,-2.310748,-0.390502,23.245850,3.824771,-85.998672,0.181856,0.005575,1,0,0,0.000000,0.000000,0.000000,0.000000,0.000000,0.000000,0,0,0,0,0,0.000000,0.000000,0.000000,0.000000,0.000000,0.000000,0.000000,0.000000,0.000000,0,0.000000,0.000000,0.000000
58659,36.208244,100758.500000,2.700000,29,1,1466,1629,1538,1367,1500.000000,1,1,1,1,-2.352760,-0.367814,18.053404,2.711291,-89.096046,0.173060,0.005000,1,0,0,0.000000,0.000000,0.000000,0.000000,0.000000,0.000000,0,0,0,0,0,0.000000,0.000000,0.000000,0.000000,0.000000,0.000000,0.000000,0.000000,0.000000,0,0.000000,0.000000,0.000000
58747,36.193024,100758.804688,2.730000,20,1,1509,1640,1492,1360,1500.000000,1,1,1,1,-2.402414,-0.304972,5.204406,1.756088,-91.150124,0.163425,0.004475,1,0,0,0.000000,0.000000,0.000000,0.000000,0.000000,0.000000,0,0,0,0,0,0.000000,0.000000,0.000000,0.000000,0.000000,0.000000,0.000000,0.000000,0.000000,0,0.000000,0.000000,0.000000
58845,36.182053,100758.203125,2.780000,20,1,1512,1597,1475,1415,1500.000000,1,1,1,1,-2.437526,-0.300097,-3.851006,1.357969,-91.926224,0.178380,0.005348,1,0,0,0.000000,0.000000,0.000000,0.000000,0.000000,0.000000,0,0,0,0,0,0.000000,0.000000,0.000000,0.000000,0.000000,0.000000,0.000000,0.000000,0.000000,0,0.000000,0.000000,0.000000
58949,36.167847,100758.804688,2.810000,20,1,1510,1574,1466,1450,1500.000000,1,1,1,1,-2.470635,-0.390912,-7.277062,1.900107,-91.782120,0.176539,0.005240,1,0,0,0.000000,0.000000,0.000000,0.000000,0.000000,0.000000,0,0,0,0,0,0.000000,0.000000,0.000000,0.000000,0.000000,0.000000,0.000000,0.000000,0.000000,0,0.000000,0.000000,0.000000
59058,36.151611,100760.601563,2.830000,0,1,1515,1569,1455,1462,1500.000000,1,1,1,1,-2.494784,-0.311240,-8.458607,2.940491,-91.184898,0.141664,0.003351,1,0,0,0.000000,0.000000,0.000000,0.000000,0.000000,0.000000,0,0,0,0,0,0.000000,0.000000,0.000000,0.000000,0.000000,0.000000,0.000000,0.000000,0.000000,0,0.000000,0.000000,0.000000
59157,36.144089,100760.898438,2.810000,1,1,1509,1573,1460,1457,1500.000000,1,1,1,1,-2.510985,-0.253617,-9.132156,3.777920,-90.710968,0.122847,0.002537,1,0,0,0.000000,0.000000,0.000000,0.000000,0.000000,0.000000,0,0,0,0,0,0.000000,0.000000,0.000000,0.000000,0.000000,0.000000,0.000000,0.000000,0.000000,0,0.000000,0.000000,0.000000
59246,36.133801,100759.601563,2.810000,4,1,1513,1583,1459,1445,1500.000000,1,1,1,1,-2.552896,-0.346181,-10.645545,4.071892,-90.358955,0.082015,0.001124,1,0,0,0.000000,0.000000,0.000000,0.000000,0.000000,0.000000,0,0,0,0,0,0.000000,0.000000,0.000000,0.000000,0.000000,0.000000,0.000000,0.000000,0.000000,0,0.000000,0.000000,0.000000
59342,36.120575,100761.000000,2.800000,12,1,1499,1578,1476,1448,1500.000000,1,1,1,1,-2.551721,-0.298990,-11.045837,4.117014,-90.164932,0.075526,0.000959,1,0,0,0.000000,0.000000,0.000000,0.000000,0.000000,0.000000,0,0,0,0,0,0.000000,0.000000,0.000000,0.000000,0.000000,0.000000,0.000000,0.000000,0.000000,0,0.000000,0.000000,0.000000
59447,36.112457,100760.398438,2.790000,31,1,1498,1569,1485,1449,1500.000000,1,1,1,1,-2.547579,-0.189798,-9.988747,3.863506,-90.050751,0.071033,0.000851,1,0,0,0.000000,0.000000,0.000000,0.000000,0.000000,0.000000,0,0,0,0,0,0.000000,0.000000,0.000000,0.000000,0.000000,0.000000,0.000000,0.000000,0.000000,0,0.000000,0.000000,0.000000
59557,36.096622,100759.304688,2.800000,12,1,1521,1576,1466,1437,1500.000000,1,1,1,1,-2.547689,-0.075756,-10.172915,3.313177,-89.836601,0.076952,0.000998,1,0,0,0.000000,0.000000,0.000000,0.000000,0.000000,0.000000,0,0,0,0,0,0.000000,0.000000,0.000000,0.000000,0.000000,0.000000,0.000000,0.000000,0.000000,0,0.000000,0.000000,0.000000
59661,36.092491,100760.898438,2.790000,30,1,1539,1568,1452,1441,1500.000000,1,1,1,1,-2.541820,-0.058874,-12.346476,2.724884,-89.256248,0.058159,0.000565,1,0,0,0.000000,0.000000,0.000000,0.000000,0.000000,0.000000,0,0,0,0,0,0.000000,0.000000,0.000000,0.000000,0.000000,0.000000,0.000000,0.000000,0.000000,0,0.000000,0.000000,0.000000
59752,36.078827,100760.703125,2.790000,23,1,1536,1561,1449,1454,1500.000000,1,1,1,1,-2.549927,0.013544,-13.241548,2.310943,-88.631660,0.063448,0.000675,1,0,0,0.000000,0.000000,0.000000,0.000000,0.000000,0.000000,0,0,0,0,0,0.000000,0.000000,0.000000,0.000000,0.000000,0.000000,0.000000,0.000000,0.000000,0,0.000000,0.000000,0.000000
59846,36.069031,100761.500000,2.760000,20,1,1518,1558,1464,1461,1500.000000,1,1,1,1,-2.537980,-0.109663,-12.630687,2.326522,-88.079819,0.046302,0.000360,1,0,0,0.000000,0.000000,0.000000,0.000000,0.000000,0.000000,0,0,0,0,0,0.000000,0.000000,0.000000,0.000000,0.000000,0.000000,0.000000,0.000000,0.000000,0,0.000000,0.000000,0.000000
59949,36.059059,100761.703125,2.740000,20,1,1494,1566,1478,1461,1500.000000,1,1,1,1,-2.513499,-0.068455,-11.236947,2.790345,-87.918648,0.050420,0.000427,1,0,0,0.000000,0.000000,0.000000,0.000000,0.000000,0.000000,0,0,0,0,0,0.000000,0.000000,0.000000,0.000000,0.000000,0.000000,0.000000,0.000000,0.000000,0,0.000000,0.000000,0.000000
60058,36.040810,100762.101563,2.740000,0,1,1495,1583,1480,1442,1500.000000,1,1,1,1,-2.484393,0.042959,-10.778847,3.086128,-88.120117,0.046761,0.000365,1,0,0,0.000000,0.000000,0.000000,0.000000,0.000000,0.000000,0,0,0,0,0,0.000000,0.000000,0.000000,0.000000,0.000000,0.000000,0.000000,0.000000,0.000000,0,0.000000,0.000000,0.000000
60157,36.034702,100763.000000,2.720000,0,1,1473,1585,1498,1444,1500.000000,1,1,1,1,-2.456439,0.084351,-10.064855,3.424394,-88.674431,0.062943,0.000666,1,0,0,0.000000,0.000000,0.000000,0.000000,0.000000,0.000000,0,0,0,0,0,0.000000,0.000000,0.000000,0.000000,0.000000,0.000000,0.000000,0.000000,0.000000,0,0.000000,0.000000,0.000000
60247,36.024818,100762.101563,2.710000,3,1,1471,1588,1506,1436,1500.000000,1,1,1,1,-2.463076,0.029917,-8.773920,3.553273,-89.360336,0.071254,0.000848,1,0,0,0.000000,0.000000,0.000000,0.000000,0.000000,0.000000,0,0,0,0,0,0.000000,0.000000,0.000000,0.000000,0.000000,0.000000,0.000000,0.000000,0.000000,0,0.000000,0.000000,0.000000
60358,36.014374,100763.804688,2.680000,28,1,1458,1598,1515,1429,1500.000000,1,1,1,1,-2.421718,0.116749,-8.058669,3.629924,-90.471855,0.079517,0.001063,1,0,0,0.000000,0.000000,0.000000,0.000000,0.000000,0.000000,0,0,0,0,0,0.000000,0.000000,0.000000,0.000000,0.000000,0.000000,0.000000,0.000000,0.000000,0,0.000000,0.000000,0.000000
60447,36.006691,100764.804688,2.640000,31,1,1448,1607,1524,1421,1500.000000,1,1,1,1,-2.384295,0.103993,-7.693952,3.617977,-91.503960,0.076639,0.000990,1,0,0,0.000000,0.000000,0.000000,0.000000,0.000000,0.000000,0,0,0,0,0,0.000000,0.000000,0.000000,0.000000,0.000000,0.000000,0.000000,0.000000,0.000000,0,0.000000,0.000000,0.000000
60554,35.996056,100763.898438,2.610000,9,1,1446,1603,1531,1420,1500.000000,1,1,1,1,-2.346090,0.155959,-6.827116,3.616595,-92.921898,0.087630,0.001295,1,0,0,0.000000,0.000000,0.000000,0.000000,0.000000,0.000000,0,0,0,0,0,0.000000,0.000000,0.000000,0.000000,0.000000,0.000000,0.000000,0.000000,0.000000,0,0.000000,0.000000,0.000000
60661,35.985821,100763.101563,2.590000,30,1,1456,1601,1523,1420,1500.000000,1,1,1,1,-2.300922,0.224362,-6.406486,3.451255,-94.180634,0.071326,0.000850,1,0,0,0.000000,0.000000,0.000000,0.000000,0.000000,0.000000,0,0,0,0,0,0.000000,0.000000,0.000000,0.000000,0.000000,0.000000,0.000000,0.000000,0.000000,0,0.000000,0.000000,0.000000
60748,35.972626,100761.601563,2.600000,20,1,1472,1590,1506,1432,1500.000000,1,1,1,1,-2.295067,0.197219,-6.519449,3.258462,-94.780571,0.128751,0.002778,1,0,0,0.000000,0.000000,0.000000,0.000000,0.000000,0.000000,0,0,0,0,0,0.000000,0.000000,0.000000,0.000000,0.000000,0.000000,0.000000,0.000000,0.000000,0,0.000000,0.000000,0.000000
60846,35.966328,100762.898438,2.610000,19,1,1492,1570,1489,1448,1500.000000,1,1,1,1,-2.263000,0.190471,-6.678988,3.131360,-94.832222,0.173032,0.005033,1,0,0,0.000000,0.000000,0.000000,0.000000,0.000000,0.000000,0,0,0,0,0,0.000000,0.000000,0.000000,0.000000,0.000000,0.000000,0.000000,0.000000,0.000000,0,0.000000,0.000000,0.000000
60949,35.959698,100763.398438,2.600000,20,1,1508,1554,1475,1462,1500.000000,1,1,1,1,-2.224291,0.246691,-6.955690,2.722386,-94.140854,0.201713,0.006842,1,0,0,0.000000,0.000000,0.000000,0.000000,0.000000,0.000000,0,0,0,0,0,0.000000,0.000000,0.000000,0.000000,0.000000,0.000000,0.000000,0.000000,0.000000,0,0.000000,0.000000,0.000000
61058,35.946678,100764.601563,2.580000,0,1,1503,1539,1483,1474,1500.000000,1,1,1,1,-2.189468,0.200016,-6.617260,2.210177,-93.069038,0.190472,0.006059,1,0,0,0.000000,0.000000,0.000000,0.000000,0.000000,0.000000,0,0,0,0,0,0.000000,0.000000,0.000000,0.000000,0.000000,0.000000,0.000000,0.000000,0.000000,0,0.000000,0.000000,0.000000
61160,35.932350,100763.804688,2.570000,8,1,1498,1530,1490,1482,1500.000000,1,1,1,1,-2.165581,0.274144,-5.138043,1.753233,-92.189133,0.236883,0.009451,1,0,0,0.000000,0.000000,0.000000,0.000000,0.000000,0.000000,0,0,0,0,0,0.000000,0.000000,0.000000,0.000000,0.000000,0.000000,0.000000,0.000000,0.000000,0,0.000000,0.000000,0.000000
61246,35.925598,100763.898438,2.560000,4,1,1484,1530,1510,1475,1500.000000,1,1,1,1,-2.169371,0.200438,-3.476112,1.330354,-91.543831,0.224272,0.008398,1,0,0,0.000000,0.000000,0.000000,0.000000,0.000000,0.000000,0,0,0,0,0,0.000000,0.000000,0.000000,0.000000,0.000000,0.000000,0.000000,0.000000,0.000000,0,0.000000,0.000000,0.000000
61350,35.920837,100766.203125,2.530000,20,1,1478,1539,1514,1468,1500.000000,1,1,1,1,-2.138233,0.169794,-1.932607,0.805771,-91.215546,0.220736,0.008193,1,0,0,0.000000,0.000000,0.000000,0.000000,0.000000,0.000000,0,0,0,0,0,0.000000,0.000000,0.000000,0.000000,0.000000,0.000000,0.000000,0.000000,0.000000,0,0.000000,0.000000,0.000000
61460,35.905876,100765.601563,2.480000,1,1,1474,1556,1520,1450,1500.000000,1,1,1,1,-2.092952,0.301828,-1.538203,0.352012,-91.362015,0.216159,0.007879,1,0,0,0.000000,0.000000,0.000000,0.000000,0.000000,0.000000,0,0,0,0,0,0.000000,0.000000,0.000000,0.000000,0.000000,0.000000,0.000000,0.000000,0.000000,0,0.000000,0.000000,0.000000
61557,35.894417,100767.703125,2.430000,12,1,1471,1572,1516,1440,1500.000000,1,1,1,1,-2.068389,0.237776,-1.854186,0.252305,-91.755707,0.189495,0.006053,1,0,0,0.000000,0.000000,0.000000,0.000000,0.000000,0.000000,0,0,0,0,0,0.000000,0.000000,0.000000,0.000000,0.000000,0.000000,0.000000,0.000000,0.000000,0,0.000000,0.000000,0.000000
61661,35.889221,100768.000000,2.390000,30,1,1504,1548,1530,1506,1522.000000,1,1,2,1,-2.025894,0.247678,-2.326942,0.491799,-92.392395,0.149320,0.003724,1,0,0,0.000000,0.000000,0.000000,0.000000,0.000000,0.000000,1,1,1,1,0,2.026638,2.026638,-0.248140,0.000000,0.248140,0.000000,22.332567,0.000000,22.332520,0,1500.000000,1522.332520,1500.000000
61748,35.877499,100766.203125,2.360000,31,1,1496,1562,1526,1488,1518.000000,1,1,2,1,-2.023100,0.185550,-2.668774,0.927190,-93.086884,0.160285,0.004322,1,0,0,0.000000,0.000000,0.000000,0.000000,0.000000,0.000000,1,1,1,1,0,2.026638,2.025006,-0.196001,0.001632,0.196001,0.081599,17.640053,0.000136,17.721802,0,1500.000000,1517.721802,1500.000000
61857,35.865952,100768.898438,2.320000,11,1,1487,1596,1519,1462,1516.000000,1,1,2,1,-1.989868,0.159343,-4.932748,1.840771,-94.466759,0.156965,0.004145,1,0,0,0.000000,0.000000,0.000000,0.000000,0.000000,0.000000,1,1,1,1,0,2.026638,1.991477,-0.162372,0.035161,0.162372,1.758051,14.613464,0.001742,16.373291,0,1500.000000,1516.373291,1500.000000
61941,35.852707,100767.804688,2.290000,9,1,1491,1620,1523,1454,1522.000000,1,1,2,1,-1.951389,0.190459,-7.375730,2.495739,-95.760323,0.166483,0.004672,1,0,0,0.000000,0.000000,0.000000,0.000000,0.000000,0.000000,1,1,1,1,0,2.026638,1.943913,-0.198577,0.082725,0.198577,4.136247,17.871939,0.004082,22.012207,0,1500.000000,1522.012207,1500.000000
62046,35.848820,100769.000000,2.250000,19,1,1492,1627,1522,1459,1525.000000,1,1,2,1,-1.908302,0.197143,-10.433649,3.260475,-97.666435,0.166693,0.004682,1,0,0,0.000000,0.000000,0.000000,0.000000,0.000000,0.000000,1,1,1,1,0,2.026638,1.911994,-0.213430,0.114644,0.213430,5.732184,19.208658,0.008379,24.949219,0,1500.000000,1524.949219,1500.000000
62161,35.836208,100767.601563,2.210000,0,1,1482,1628,1540,1454,1526.000000,1,1,2,1,-1.865843,0.165664,-11.925331,3.802499,-99.691963,0.124582,0.002592,1,0,0,0.000000,0.000000,0.000000,0.000000,0.000000,0.000000,1,1,1,1,0,2.026638,1.869114,-0.198321,0.157524,0.198321,7.876187,17.848923,0.015929,25.741089,0,1500.000000,1525.741089,1500.000000
62251,35.832951,100768.000000,2.210000,4,1,1466,1613,1537,1440,1514.000000,1,1,2,1,-1.883848,0.026431,-12.086946,3.896106,-101.058907,0.155561,0.004042,1,0,0,0.000000,0.000000,0.000000,0.000000,0.000000,0.000000,1,1,1,1,0,2.026638,1.875392,-0.067434,0.151246,0.067434,7.562309,6.069048,0.022041,13.653442,0,1500.000000,1513.653442,1500.000000
62357,35.817101,100767.398438,2.210000,24,1,1465,1616,1557,1439,1519.000000,1,1,2,1,-1.844485,0.112014,-11.566701,3.399085,-102.723045,0.193004,0.006267,1,0,0,0.000000,0.000000,0.000000,0.000000,0.000000,0.000000,1,1,1,1,0,2.026638,1.844937,-0.114387,0.181701,0.114387,9.085041,10.294789,0.032311,19.412109,0,1500.000000,1519.412109,1500.000000
62449,35.811028,100766.101563,2.220000,30,1,1480,1611,1564,1450,1526.000000,1,1,2,1,-1.815534,0.165191,-11.000881,2.602114,-103.835243,0.232014,0.009078,1,0,0,0.000000,0.000000,0.000000,0.000000,0.000000,0.000000,1,1,1,1,0,2.026638,1.817536,-0.168382,0.209102,0.168382,10.455090,15.154408,0.040158,25.649658,0,1500.000000,1525.649658,1500.000000
62557,35.799446,100766.703125,2.240000,9,1,1497,1590,1540,1457,1521.000000,1,1,2,1,-1.808111,0.109331,-10.574191,1.729298,-104.774796,0.265121,0.011851,1,0,0,0.000000,0.000000,0.000000,0.000000,0.000000,0.000000,1,1,1,1,0,2.026638,1.808551,-0.110593,0.218087,0.110593,10.904342,9.953383,0.052756,20.910522,0,1500.000000,1520.910522,1500.000000
62644,35.795090,100766.101563,2.250000,10,1,1525,1572,1510,1473,1520.000000,1,1,2,1,-1.828644,0.061659,-10.814860,1.162601,-104.910561,0.256631,0.011000,1,0,0,0.000000,0.000000,0.000000,0.000000,0.000000,0.000000,1,1,1,1,0,2.026638,1.813575,-0.102597,0.213063,0.102597,10.653144,9.233775,0.061430,19.948364,0,1500.000000,1519.948364,1500.000000
62753,35.781948,100766.304688,2.260000,33,1,1549,1557,1496,1506,1527.000000,1,1,2,1,-1.807063,0.213038,-11.842734,0.839141,-103.790115,0.282059,0.013385,1,0,0,0.000000,0.000000,0.000000,0.000000,0.000000,0.000000,1,1,1,1,0,2.026638,1.811020,-0.181692,0.215618,0.181692,10.780907,16.352304,0.072798,27.206055,0,1500.000000,1527.206055,1500.000000
62841,35.771976,100764.703125,2.300000,35,1,1523,1543,1495,1499,1515.000000,1,1,2,1,-1.815181,0.055444,-10.552391,1.077973,-103.098305,0.319836,0.017244,1,0,0,0.000000,0.000000,0.000000,0.000000,0.000000,0.000000,1,1,1,1,0,2.026638,1.815798,-0.047237,0.210840,0.047237,10.542011,4.251312,0.083509,14.876831,0,1500.000000,1514.876831,1500.000000
62950,35.761074,100767.304688,2.290000,15,1,1491,1543,1512,1490,1509.000000,1,1,2,1,-1.832353,-0.045812,-8.646088,1.275567,-102.585686,0.293329,0.014505,1,0,0,0.000000,0.000000,0.000000,0.000000,0.000000,0.000000,1,1,1,1,0,2.026638,1.816638,0.016013,0.210000,-0.016013,10.499996,-1.441195,0.093580,9.152344,0,1500.000000,1509.152344,1500.000000
63055,35.752693,100766.703125,2.280000,23,1,1482,1552,1513,1477,1506.000000,1,1,2,1,-1.828987,-0.040741,-7.047862,1.538618,-102.563347,0.286581,0.013847,1,0,0,0.000000,0.000000,0.000000,0.000000,0.000000,0.000000,1,1,1,1,0,2.026638,1.828908,0.039163,0.197730,-0.039163,9.886521,-3.524662,0.105065,6.466919,0,1500.000000,1506.466919,1500.000000
63141,35.746414,100766.398438,2.290000,24,1,1476,1548,1495,1461,1495.000000,1,1,2,1,-1.866761,-0.148856,-6.590120,1.738559,-102.665543,0.261918,0.011482,1,0,0,0.000000,0.000000,0.000000,0.000000,0.000000,0.000000,1,1,1,1,0,2.026638,1.865591,0.143134,0.161047,-0.143134,8.052355,-12.882045,0.112239,-4.717407,0,1500.000000,1495.282593,1500.000000
63250,35.729877,100764.203125,2.340000,4,1,1471,1562,1508,1451,1498.000000,1,1,2,1,-1.883566,-0.173091,-6.640505,1.903509,-102.935188,0.294321,0.014464,1,0,0,0.000000,0.000000,0.000000,0.000000,0.000000,0.000000,1,1,1,1,0,2.026638,1.863787,0.115101,0.162851,-0.115101,8.142567,-10.359103,0.121187,-2.095337,0,1500.000000,1497.904663,1500.000000
63357,35.723843,100764.898438,2.360000,25,1,1471,1569,1515,1446,1500.000000,1,1,2,1,-1.884964,-0.080399,-6.894088,1.998898,-103.419685,0.313790,0.016568,1,0,0,0.000000,0.000000,0.000000,0.000000,0.000000,0.000000,1,1,1,1,0,2.026638,1.884642,0.080542,0.141996,-0.080542,7.099783,-7.248814,0.130273,-0.018799,0,1500.000000,1499.981201,1500.000000
63447,35.711784,100765.000000,2.380000,29,1,1475,1580,1516,1449,1505.000000,1,1,2,1,-1.885273,-0.032057,-7.297828,2.056832,-103.993813,0.332381,0.018638,1,0,0,0.000000,0.000000,0.000000,0.000000,0.000000,0.000000,1,1,1,1,0,2.026638,1.884968,0.028803,0.141670,-0.028803,7.083499,-2.592246,0.135884,4.627197,0,1500.000000,1504.627197,1500.000000
63556,35.700989,100766.398438,2.380000,9,1,1464,1580,1517,1443,1501.000000,1,1,2,1,-1.902564,-0.057153,-7.521158,2.079148,-104.733208,0.313796,0.016609,1,0,0,0.000000,0.000000,0.000000,0.000000,0.000000,0.000000,1,1,1,1,0,2.026638,1.902280,0.056535,0.124358,-0.056535,6.217921,-5.088150,0.143408,1.273193,0,1500.000000,1501.273193,1500.000000
63642,35.694271,100766.898438,2.360000,9,1,1457,1573,1520,1433,1496.000000,1,1,2,1,-1.940113,-0.143574,-7.214104,1.991460,-105.370361,0.255943,0.010947,1,0,0,0.000000,0.000000,0.000000,0.000000,0.000000,0.000000,1,1,1,1,0,2.026638,1.924057,0.099915,0.102581,-0.099915,5.129039,-8.992313,0.147775,-3.715454,0,1500.000000,1496.284546,1500.000000
63755,35.683266,100766.000000,2.360000,36,1,1457,1577,1524,1434,1498.000000,1,1,2,1,-1.936898,-0.076971,-6.770675,1.762016,-106.305786,0.259820,0.011361,1,0,0,0.000000,0.000000,0.000000,0.000000,0.000000,0.000000,1,1,1,1,0,2.026638,1.936744,0.076334,0.089894,-0.076334,4.494679,-6.870066,0.154224,-2.221191,0,1500.000000,1497.778809,1500.000000
63860,35.671349,100765.601563,2.350000,12,1,1447,1582,1521,1430,1495.000000,1,1,2,1,-1.948639,-0.102728,-6.737365,1.745251,-107.180321,0.235002,0.009292,1,0,0,0.000000,0.000000,0.000000,0.000000,0.000000,0.000000,1,1,1,1,0,2.026638,1.947598,0.104301,0.079040,-0.104301,3.951979,-9.387047,0.158727,-5.276367,0,1500.000000,1494.723633,1500.000000
63954,35.663353,100766.703125,2.340000,20,1,1442,1582,1520,1427,1493.000000,1,1,2,1,-1.950307,-0.140219,-6.880990,2.122555,-107.916023,0.223763,0.008441,1,0,0,0.000000,0.000000,0.000000,0.000000,0.000000,0.000000,1,1,1,1,0,2.026638,1.935977,0.129411,0.090661,-0.129411,4.533029,-11.647003,0.162082,-6.951904,0,1500.000000,1493.048096,1500.000000
64056,35.651245,100764.804688,2.340000,23,1,1447,1586,1520,1434,1497.000000,1,1,2,1,-1.948187,-0.076720,-6.728867,2.684639,-108.622147,0.225322,0.008558,1,0,0,0.000000,0.000000,0.000000,0.000000,0.000000,0.000000,1,1,1,1,0,2.026638,1.948033,0.077896,0.078605,-0.077896,3.930259,-7.010639,0.166462,-2.913940,0,1500.000000,1497.086060,1500.000000
64142,35.646698,100766.101563,2.340000,24,1,1427,1572,1526,1440,1491.000000,1,1,2,1,-1.979186,-0.123047,-5.718547,3.149271,-109.181786,0.195128,0.006367,1,0,0,0.000000,0.000000,0.000000,0.000000,0.000000,0.000000,1,1,1,1,0,2.026638,1.978200,0.123639,0.048438,-0.123639,2.421898,-11.127526,0.168982,-8.536621,0,1500.000000,1491.463379,1500.000000
64252,35.632996,100765.500000,2.350000,5,1,1400,1565,1540,1431,1484.000000,1,1,2,1,-2.002567,-0.226624,-3.602062,3.577136,-110.075928,0.179341,0.005374,1,0,0,0.000000,0.000000,0.000000,0.000000,0.000000,0.000000,1,1,1,1,0,2.026638,1.987476,0.201747,0.039162,-0.201747,1.958096,-18.157269,0.171769,-16.027344,0,1500.000000,1483.972656,1500.000000
64345,35.626244,100765.000000,2.360000,12,1,1404,1580,1546,1426,1489.000000,1,1,2,1,-1.999554,-0.157857,-2.437186,3.806620,-111.018517,0.192649,0.006246,1,0,0,0.000000,0.000000,0.000000,0.000000,0.000000,0.000000,1,1,1,1,0,2.026638,1.987351,0.143596,0.039287,-0.143596,1.964343,-12.923665,0.173487,-10.785889,0,1500.000000,1489.214111,1500.000000
64449,35.618824,100766.101563,2.370000,30,1,1429,1589,1539,1423,1495.000000,1,1,2,1,-1.995548,-0.075069,-2.265352,3.701311,-111.996323,0.207162,0.007240,1,0,0,0.000000,0.000000,0.000000,0.000000,0.000000,0.000000,1,1,1,1,0,2.026638,1.994616,0.080612,0.032022,-0.080612,1.601124,-7.255099,0.174820,-5.479126,0,1500.000000,1494.520874,1500.000000
64557,35.603058,100763.804688,2.420000,9,1,1441,1599,1524,1404,1492.000000,1,1,2,1,-2.007644,-0.098756,-3.878356,3.287049,-112.812386,0.245373,0.010153,1,0,0,0.000000,0.000000,0.000000,0.000000,0.000000,0.000000,1,1,1,1,0,2.026638,2.007240,0.103343,0.019398,-0.103343,0.969911,-9.300884,0.176000,-8.155029,0,1500.000000,1491.844971,1500.000000
64643,35.596653,100764.601563,2.440000,9,1,1458,1596,1514,1404,1493.000000,1,1,2,1,-2.042622,-0.113880,-5.876457,2.948786,-113.167183,0.231830,0.008978,1,0,0,0.000000,0.000000,0.000000,0.000000,0.000000,0.000000,1,1,1,1,0,2.026638,2.028011,0.079991,-0.001373,-0.079991,-0.068629,-7.199206,0.176320,-7.091553,0,1500.000000,1492.908447,1500.000000
64756,35.582676,100763.898438,2.450000,36,1,1465,1576,1492,1411,1486.000000,1,1,2,1,-2.048580,-0.149298,-8.396975,2.401983,-113.097420,0.239350,0.009639,1,0,0,0.000000,0.000000,0.000000,0.000000,0.000000,0.000000,1,1,1,1,0,2.026638,2.048282,0.149436,-0.021644,-0.149436,-1.082182,-13.449252,0.176203,-14.355225,0,1500.000000,1485.644775,1500.000000
64841,35.581100,100764.101563,2.450000,35,1,1472,1563,1483,1425,1486.000000,1,1,2,1,-2.046873,-0.142565,-9.420803,2.176220,-112.784233,0.240641,0.009763,1,0,0,0.000000,0.000000,0.000000,0.000000,0.000000,0.000000,1,1,1,1,0,2.026638,2.045111,0.150471,-0.018473,-0.150471,-0.923669,-13.542347,0.175484,-14.290527,0,1500.000000,1485.709473,1500.000000
64954,35.567154,100766.101563,2.440000,11,1,1474,1561,1481,1440,1489.000000,1,1,2,1,-2.058222,-0.118134,-10.036977,2.194535,-112.136780,0.214298,0.007733,1,0,0,0.000000,0.000000,0.000000,0.000000,0.000000,0.000000,1,1,1,1,0,2.026638,2.044612,0.109457,-0.017974,-0.109457,-0.898695,-9.851085,0.174068,-10.575684,0,1500.000000,1489.424316,1500.000000
65051,35.554661,100762.101563,2.460000,19,1,1472,1550,1486,1444,1488.000000,1,1,2,1,-2.057893,-0.134453,-9.859715,2.356518,-111.498550,0.236930,0.009467,1,0,0,0.000000,0.000000,0.000000,0.000000,0.000000,0.000000,1,1,1,1,0,2.026638,2.043070,0.123922,-0.016432,-0.123922,-0.821602,-11.152978,0.172281,-11.802246,0,1500.000000,1488.197754,1500.000000
65156,35.545807,100761.703125,2.500000,39,1,1468,1538,1485,1446,1484.000000,1,1,2,1,-2.060150,-0.117638,-9.042422,2.410331,-110.860901,0.240507,0.009713,1,0,0,0.000000,0.000000,0.000000,0.000000,0.000000,0.000000,1,1,1,1,0,2.026638,2.096775,0.142046,-0.070137,-0.142046,-3.506827,-12.784099,0.169218,-16.121704,0,1500.000000,1483.878296,1500.000000
65250,35.540997,100763.203125,2.530000,4,1,1466,1539,1488,1442,1484.000000,1,1,2,1,-2.113610,-0.171860,-8.011086,2.318242,-110.227104,0.250440,0.010525,1,0,0,0.000000,0.000000,0.000000,0.000000,0.000000,0.000000,1,1,1,1,0,2.026638,2.097755,0.135882,-0.071117,-0.135882,-3.555834,-12.229352,0.166797,-15.618408,0,1500.000000,1484.381592,1500.000000
65357,35.528713,100761.703125,2.560000,19,1,1464,1544,1497,1439,1486.000000,1,1,2,1,-2.116333,-0.099248,-7.170773,2.093222,-109.782433,0.280900,0.013273,1,0,0,0.000000,0.000000,0.000000,0.000000,0.000000,0.000000,1,1,1,1,0,2.026638,2.115522,0.103946,-0.088884,-0.103946,-4.444182,-9.355166,0.162192,-13.637207,0,1500.000000,1486.362793,1500.000000
65447,35.525089,100764.101563,2.560000,24,1,1461,1543,1495,1437,1484.000000,1,1,2,1,-2.120120,-0.134685,-6.644375,1.931856,-109.548698,0.277078,0.012952,1,0,0,0.000000,0.000000,0.000000,0.000000,0.000000,0.000000,1,1,1,1,0,2.026638,2.117794,0.123728,-0.091156,-0.123728,-4.557776,-11.135508,0.158535,-15.534790,0,1500.000000,1484.465210,1500.000000
65556,35.511948,100764.000000,2.550000,4,1,1462,1548,1502,1448,1490.000000,1,1,2,1,-2.132591,-0.062554,-6.262832,1.946559,-109.347939,0.250050,0.010554,1,0,0,0.000000,0.000000,0.000000,0.000000,0.000000,0.000000,1,1,1,1,0,2.026638,2.119839,0.056822,-0.093201,-0.056822,-4.660058,-5.113974,0.152230,-9.621826,0,1500.000000,1490.378174,1500.000000
65648,35.502483,100763.203125,2.550000,10,1,1464,1562,1503,1440,1492.000000,1,1,2,1,-2.161830,-0.053478,-5.874624,2.187309,-109.307755,0.221565,0.008208,1,0,0,0.000000,0.000000,0.000000,0.000000,0.000000,0.000000,1,1,1,1,0,2.026638,2.148310,0.022785,-0.121672,-0.022785,-6.083584,-2.050678,0.147655,-7.986572,0,1500.000000,1492.013428,1500.000000
65742,35.492249,100763.203125,2.550000,4,1,1453,1565,1498,1429,1486.000000,1,1,2,1,-2.162389,-0.110907,-6.053024,2.447779,-109.366356,0.219822,0.008113,1,0,0,0.000000,0.000000,0.000000,0.000000,0.000000,0.000000,1,1,1,1,0,2.026638,2.149653,0.087215,-0.123015,-0.087215,-6.150734,-7.849308,0.141738,-13.858276,0,1500.000000,1486.141724,1500.000000
65853,35.488976,100764.398438,2.550000,29,1,1450,1563,1492,1431,1484.000000,1,1,2,1,-2.158906,-0.105002,-6.337703,2.731776,-109.490112,0.225249,0.008554,1,0,0,0.000000,0.000000,0.000000,0.000000,0.000000,0.000000,1,1,1,1,0,2.026638,2.157328,0.105284,-0.130690,-0.105284,-6.534517,-9.475543,0.135345,-15.874756,0,1500.000000,1484.125244,1500.000000
65962,35.478931,100764.703125,2.530000,0,1,1461,1576,1493,1427,1489.000000,1,1,2,1,-2.149281,-0.052325,-7.146382,3.153607,-109.599037,0.225049,0.008531,1,0,0,0.000000,0.000000,0.000000,0.000000,0.000000,0.000000,1,1,1,1,0,2.026638,2.148743,0.055525,-0.122105,-0.055525,-6.105232,-4.997286,0.127573,-10.974976,0,1500.000000,1489.025024,1500.000000
66052,35.465141,100764.203125,2.530000,4,1,1466,1575,1491,1427,1490.000000,1,1,2,1,-2.147044,-0.069215,-7.889822,3.458493,-109.676819,0.213896,0.007718,1,0,0,0.000000,0.000000,0.000000,0.000000,0.000000,0.000000,1,1,1,1,0,2.026638,2.135066,0.052926,-0.108428,-0.052926,-5.421400,-4.763334,0.122312,-10.062378,0,1500.000000,1489.937622,1500.000000
66143,35.460648,100763.601563,2.540000,9,1,1459,1563,1482,1420,1481.000000,1,1,2,1,-2.178206,-0.163224,-8.624547,3.592552,-109.689369,0.193847,0.006287,1,0,0,0.000000,0.000000,0.000000,0.000000,0.000000,0.000000,1,1,1,1,0,2.026638,2.165890,0.131127,-0.139252,-0.131127,-6.962585,-11.801407,0.115893,-18.648071,0,1500.000000,1481.351929,1500.000000
66253,35.451881,100763.203125,2.540000,33,1,1470,1568,1491,1431,1490.000000,1,1,2,1,-2.157450,-0.032618,-8.894553,3.505803,-109.638008,0.215115,0.007791,1,0,0,0.000000,0.000000,0.000000,0.000000,0.000000,0.000000,1,1,1,1,0,2.026638,2.156763,0.038014,-0.130125,-0.038014,-6.506240,-3.421266,0.110135,-9.817383,0,1500.000000,1490.182617,1500.000000
66350,35.439930,100762.398438,2.570000,1,1,1474,1570,1504,1444,1498.000000,1,1,2,1,-2.138262,0.041415,-8.643481,3.386707,-109.491356,0.253217,0.010815,1,0,0,0.000000,0.000000,0.000000,0.000000,0.000000,0.000000,1,1,1,1,0,2.026638,2.139053,-0.037855,-0.112415,0.037855,-5.620766,3.406917,0.104132,-2.109741,0,1500.000000,1497.890259,1500.000000
66449,35.432755,100762.101563,2.600000,14,1,1473,1571,1501,1447,1498.000000,1,1,2,1,-2.140052,0.020884,-8.114767,3.321049,-109.419205,0.294780,0.014655,1,0,0,0.000000,0.000000,0.000000,0.000000,0.000000,0.000000,1,1,1,1,0,2.026638,2.125283,-0.031314,-0.098645,0.031314,-4.932237,2.818272,0.098421,-2.015503,0,1500.000000,1497.984497,1500.000000
66553,35.428047,100763.101563,2.600000,19,1,1467,1572,1506,1443,1497.000000,1,1,2,1,-2.129503,-0.003275,-7.676865,3.399078,-109.377586,0.306246,0.015815,1,0,0,0.000000,0.000000,0.000000,0.000000,0.000000,0.000000,1,1,1,1,0,2.026638,2.113754,-0.016921,-0.087116,0.016921,-4.355776,1.522905,0.092731,-2.740112,0,1500.000000,1497.259888,1500.000000
66663,35.412178,100763.898438,2.580000,1,1,1464,1579,1506,1439,1497.000000,1,1,2,1,-2.117663,0.013747,-7.213367,3.561032,-109.430786,0.264516,0.011704,1,0,0,0.000000,0.000000,0.000000,0.000000,0.000000,0.000000,1,1,1,1,0,2.026638,2.117927,-0.018444,-0.091289,0.018444,-4.564428,1.659979,0.086036,-2.818359,0,1500.000000,1497.181641,1500.000000
66753,35.406384,100763.398438,2.580000,4,1,1460,1569,1495,1443,1492.000000,1,1,2,1,-2.162152,-0.074775,-6.840744,3.775712,-109.519226,0.253000,0.010698,1,0,0,0.000000,0.000000,0.000000,0.000000,0.000000,0.000000,1,1,1,1,0,2.026638,2.146530,0.019761,-0.119892,-0.019761,-5.994606,-1.778504,0.081535,-7.691528,0,1500.000000,1492.308472,1500.000000
66844,35.398670,100764.398438,2.570000,9,1,1455,1577,1503,1437,1493.000000,1,1,2,1,-2.146802,-0.037480,-6.619598,3.959799,-109.647392,0.256955,0.011118,1,0,0,0.000000,0.000000,0.000000,0.000000,0.000000,0.000000,1,1,1,1,0,2.026638,2.133009,0.018097,-0.106371,-0.018097,-5.318558,-1.628759,0.075775,-6.871582,0,1500.000000,1493.128418,1500.000000
66953,35.388748,100762.804688,2.560000,32,1,1452,1582,1520,1439,1498.000000,1,1,2,1,-2.125422,0.032845,-6.031456,4.061191,-109.964584,0.267412,0.012057,1,0,0,0.000000,0.000000,0.000000,0.000000,0.000000,0.000000,1,1,1,1,0,2.026638,2.125929,-0.034578,-0.099291,0.034578,-4.964566,3.112000,0.070129,-1.782471,0,1500.000000,1498.217529,1500.000000
67060,35.382309,100763.398438,2.570000,10,1,1449,1583,1529,1435,1499.000000,1,1,2,1,-2.117266,0.039313,-5.140957,3.911897,-110.350677,0.287403,0.013927,1,0,0,0.000000,0.000000,0.000000,0.000000,0.000000,0.000000,1,1,1,1,0,2.026638,2.117423,-0.038874,-0.090785,0.038874,-4.539239,3.498625,0.063944,-0.976685,0,1500.000000,1499.023315,1500.000000
67155,35.369778,100761.601563,2.580000,0,1,1440,1582,1531,1426,1495.000000,1,1,2,1,-2.081338,0.082090,-4.149339,3.551277,-110.822037,0.274777,0.012655,1,0,0,0.000000,0.000000,0.000000,0.000000,0.000000,0.000000,1,1,1,1,0,2.026638,2.130896,-0.002084,-0.104258,0.002084,-5.212891,0.187584,0.060069,-4.965210,0,1500.000000,1495.034790,1500.000000
67248,35.373226,100764.398438,2.570000,4,1,1446,1599,1536,1419,1500.000000,1,1,2,1,-2.127024,0.000449,-4.011461,3.172807,-111.409760,0.279612,0.013072,1,0,0,0.000000,0.000000,0.000000,0.000000,0.000000,0.000000,1,1,1,1,0,2.026638,2.110883,-0.041647,-0.084245,0.041647,-4.212260,3.748266,0.056434,-0.407593,0,1500.000000,1499.592407,1500.000000
67361,35.361382,100762.703125,2.570000,30,1,1455,1611,1531,1419,1504.000000,1,1,2,1,-2.102937,0.082865,-4.648824,2.988888,-112.200317,0.301128,0.015262,1,0,0,0.000000,0.000000,0.000000,0.000000,0.000000,0.000000,1,1,1,1,0,2.026638,2.103266,-0.081788,-0.076628,0.081788,-3.831398,7.360907,0.051746,3.581299,0,1500.000000,1503.581299,1500.000000
67447,35.354782,100763.101563,2.570000,30,1,1461,1611,1533,1431,1509.000000,1,1,2,1,-2.081289,0.139055,-5.517811,3.095410,-112.754440,0.321719,0.017459,1,0,0,0.000000,0.000000,0.000000,0.000000,0.000000,0.000000,1,1,1,1,0,2.026638,2.082659,-0.134643,-0.056021,0.134643,-2.801037,12.117871,0.049103,9.365967,0,1500.000000,1509.365967,1500.000000
67556,35.349430,100765.000000,2.550000,10,1,1451,1618,1529,1426,1506.000000,1,1,2,1,-2.076521,0.092518,-6.097181,3.493155,-113.376884,0.308947,0.016099,1,0,0,0.000000,0.000000,0.000000,0.000000,0.000000,0.000000,1,1,1,1,0,2.026638,2.076890,-0.091921,-0.050252,0.091921,-2.512598,8.272876,0.045591,5.805908,0,1500.000000,1505.805908,1500.000000
67641,35.340034,100765.203125,2.530000,9,1,1457,1613,1519,1427,1504.000000,1,1,2,1,-2.100641,0.036175,-6.620745,3.935542,-113.788689,0.265190,0.011749,1,0,0,0.000000,0.000000,0.000000,0.000000,0.000000,0.000000,1,1,1,1,0,2.026638,2.084972,-0.081129,-0.058334,0.081129,-2.916718,7.301633,0.043312,4.428223,0,1500.000000,1504.428223,1500.000000
67747,35.333557,100764.601563,2.520000,29,1,1469,1599,1501,1428,1499.000000,1,1,2,1,-2.083832,0.022205,-7.469162,4.434917,-114.013641,0.270225,0.012287,1,0,0,0.000000,0.000000,0.000000,0.000000,0.000000,0.000000,1,1,1,1,0,2.026638,2.084029,-0.017262,-0.057391,0.017262,-2.869558,1.553557,0.041264,-1.274780,0,1500.000000,1498.725220,1500.000000
67856,35.322868,100765.601563,2.480000,9,1,1493,1610,1491,1430,1506.000000,1,1,2,1,-2.068058,0.086350,-9.187477,4.534822,-113.870781,0.244593,0.010067,1,0,0,0.000000,0.000000,0.000000,0.000000,0.000000,0.000000,1,1,1,1,0,2.026638,2.068489,-0.086338,-0.041851,0.086338,-2.092564,7.770444,0.038741,5.716675,0,1500.000000,1505.716675,1500.000000
67942,35.314293,100763.398438,2.480000,9,1,1517,1600,1486,1448,1513.000000,1,1,2,1,-2.040242,0.132541,-10.679666,4.379958,-113.301048,0.273215,0.012585,1,0,0,0.000000,0.000000,0.000000,0.000000,0.000000,0.000000,1,1,1,1,0,2.026638,2.026785,-0.139565,-0.000147,0.139565,-0.007331,12.560827,0.037796,12.591309,0,1500.000000,1512.591309,1500.000000
68051,35.302551,100761.203125,2.510000,19,1,1542,1583,1468,1463,1514.000000,1,1,2,1,-2.015213,0.132834,-12.141255,3.841265,-111.862267,0.329899,0.018345,1,0,0,0.000000,0.000000,0.000000,0.000000,0.000000,0.000000,1,1,1,1,0,2.026638,2.000819,-0.141847,0.025819,0.141847,1.290953,12.766242,0.037485,14.094727,0,1500.000000,1514.094727,1500.000000
68161,35.299000,100765.601563,2.490000,0,1,1561,1558,1462,1484,1516.000000,1,1,2,1,-2.004653,0.149617,-12.699309,3.094866,-109.751465,0.321909,0.017474,1,0,0,0.000000,0.000000,0.000000,0.000000,0.000000,0.000000,1,1,1,1,0,2.026638,1.991027,-0.162340,0.035612,0.162340,1.780576,14.610582,0.038024,16.429199,0,1500.000000,1516.429199,1500.000000
68250,35.293488,100766.703125,2.470000,4,1,1564,1525,1448,1495,1508.000000,1,1,2,1,-2.028519,0.041519,-11.972188,2.495777,-107.797050,0.278270,0.012936,1,0,0,0.000000,0.000000,0.000000,0.000000,0.000000,0.000000,1,1,1,1,0,2.026638,2.013114,-0.086198,0.013524,0.086198,0.676215,7.757849,0.038774,8.472778,0,1500.000000,1508.472778,1500.000000
68356,35.283985,100766.500000,2.430000,24,1,1591,1507,1421,1521,1510.000000,1,1,2,1,-1.996714,0.100235,-11.224633,1.933239,-104.868011,0.265280,0.011846,1,0,0,0.000000,0.000000,0.000000,0.000000,0.000000,0.000000,1,1,1,1,0,2.026638,1.996914,-0.099229,0.029724,0.099229,1.486218,8.930605,0.040231,10.457031,0,1500.000000,1510.457031,1500.000000
68453,35.279945,100765.500000,2.430000,35,1,1581,1499,1418,1534,1508.000000,1,1,2,1,-1.971732,0.045136,-10.514162,1.740755,-102.110771,0.291210,0.014302,1,0,0,0.000000,0.000000,0.000000,0.000000,0.000000,0.000000,1,1,1,1,0,2.026638,1.972753,-0.060199,0.053885,0.060199,2.694243,5.417928,0.041933,8.154053,0,1500.000000,1508.154053,1500.000000
68556,35.271019,100765.101563,2.420000,9,1,1589,1504,1426,1536,1514.000000,1,1,2,1,-1.954838,0.108592,-9.818963,1.801045,-99.598984,0.300021,0.015180,1,0,0,0.000000,0.000000,0.000000,0.000000,0.000000,0.000000,1,1,1,1,0,2.026638,1.955388,-0.111368,0.071250,0.111368,3.562492,10.023125,0.045135,13.630737,0,1500.000000,1513.630737,1500.000000
68642,35.266068,100766.398438,2.400000,9,1,1578,1504,1420,1530,1508.000000,1,1,2,1,-1.978629,0.008497,-9.082724,1.941312,-97.611092,0.256744,0.011015,1,0,0,0.000000,0.000000,0.000000,0.000000,0.000000,0.000000,1,1,1,1,0,2.026638,1.963255,-0.053595,0.063383,0.053595,3.169131,4.823578,0.047737,8.040405,0,1500.000000,1508.040405,1500.000000
68755,35.255867,100766.000000,2.390000,36,1,1564,1502,1436,1534,1509.000000,1,1,2,1,-1.944776,0.049368,-7.552330,2.273641,-95.471054,0.278126,0.013017,1,0,0,0.000000,0.000000,0.000000,0.000000,0.000000,0.000000,1,1,1,1,0,2.026638,1.944876,-0.050209,0.081762,0.050209,4.088110,4.518783,0.053324,8.660156,0,1500.000000,1508.660156,1500.000000
68860,35.250965,100766.898438,2.360000,12,1,1565,1514,1453,1532,1516.000000,1,1,2,1,-1.918631,0.115783,-6.291138,2.143054,-93.984665,0.274953,0.012718,1,0,0,0.000000,0.000000,0.000000,0.000000,0.000000,0.000000,1,1,1,1,0,2.026638,1.919808,-0.118665,0.106830,0.118665,5.341506,10.679841,0.058689,16.080078,0,1500.000000,1516.080078,1500.000000
68954,35.244003,100765.398438,2.350000,20,1,1566,1527,1469,1527,1522.000000,1,1,2,1,-1.884300,0.137431,-5.605576,1.846811,-93.027512,0.298636,0.015034,1,0,0,0.000000,0.000000,0.000000,0.000000,0.000000,0.000000,1,1,1,1,0,2.026638,1.871678,-0.157638,0.154960,0.157638,7.747984,14.187449,0.063964,21.999390,0,1500.000000,1521.999390,1500.000000
69052,35.234013,100766.000000,2.350000,19,1,1565,1540,1471,1524,1525.000000,1,1,2,1,-1.853216,0.160158,-5.055674,1.576990,-92.242157,0.330869,0.018452,1,0,0,0.000000,0.000000,0.000000,0.000000,0.000000,0.000000,1,1,1,1,0,2.026638,1.839309,-0.178140,0.187329,0.178140,9.366446,16.032616,0.071367,25.470459,0,1500.000000,1525.470459,1500.000000
69162,35.228374,100767.203125,2.330000,0,1,1562,1540,1466,1524,1523.000000,1,1,2,1,-1.823053,0.126357,-4.896215,1.401860,-91.597771,0.297737,0.014822,1,0,0,0.000000,0.000000,0.000000,0.000000,0.000000,0.000000,1,1,1,1,0,2.026638,1.825484,-0.146122,0.201154,0.146122,10.057693,13.150998,0.081610,23.290283,0,1500.000000,1523.290283,1500.000000
69251,35.223022,100766.601563,2.320000,4,1,1551,1541,1458,1511,1515.000000,1,1,2,1,-1.866719,0.020484,-5.013642,1.547805,-91.242737,0.290769,0.014126,1,0,0,0.000000,0.000000,0.000000,0.000000,0.000000,0.000000,1,1,1,1,0,2.026638,1.850320,-0.066630,0.176318,0.066630,8.815890,5.996665,0.088900,14.901489,0,1500.000000,1514.901489,1500.000000
69357,35.217335,100769.601563,2.280000,24,1,1534,1532,1448,1510,1506.000000,1,1,2,1,-1.845026,-0.038442,-4.852169,2.233236,-90.970703,0.270302,0.012295,1,0,0,0.000000,0.000000,0.000000,0.000000,0.000000,0.000000,1,1,1,1,0,2.026638,1.844874,0.037196,0.181764,-0.037196,9.088206,-3.347673,0.099821,5.840332,0,1500.000000,1505.840332,1500.000000
69450,35.209091,100766.804688,2.280000,31,1,1539,1551,1464,1517,1518.000000,1,1,2,1,-1.817827,0.083987,-4.772119,2.685549,-90.918465,0.295014,0.014683,1,0,0,0.000000,0.000000,0.000000,0.000000,0.000000,0.000000,1,1,1,1,0,2.026638,1.818857,-0.086338,0.207781,0.086338,10.389036,7.770429,0.107567,18.267090,0,1500.000000,1518.267090,1500.000000
69558,35.203285,100767.304688,2.260000,10,1,1535,1546,1466,1505,1513.000000,1,1,2,1,-1.807727,0.024285,-4.333219,2.902068,-90.945564,0.286867,0.013878,1,0,0,0.000000,0.000000,0.000000,0.000000,0.000000,0.000000,1,1,1,1,0,2.026638,1.807879,-0.026539,0.218759,0.026539,10.937941,2.388518,0.119921,13.446411,0,1500.000000,1513.446411,1500.000000
69644,35.198193,100767.703125,2.250000,10,1,1526,1539,1465,1506,1509.000000,1,1,2,1,-1.837821,-0.060887,-3.993557,2.874691,-91.014038,0.247348,0.010220,1,0,0,0.000000,0.000000,0.000000,0.000000,0.000000,0.000000,1,1,1,1,0,2.026638,1.822611,0.020149,0.204027,-0.020149,10.201347,-1.813444,0.128392,8.516235,0,1500.000000,1508.516235,1500.000000
69756,35.190441,100766.304688,2.240000,36,1,1531,1545,1459,1489,1506.000000,1,1,2,1,-1.816476,-0.055561,-4.371113,2.682237,-91.142380,0.259075,0.011293,1,0,0,0.000000,0.000000,0.000000,0.000000,0.000000,0.000000,1,1,1,1,0,2.026638,1.816366,0.054546,0.210272,-0.054546,10.513621,-4.909141,0.141907,5.746338,0,1500.000000,1505.746338,1500.000000
69841,35.182549,100765.500000,2.260000,35,1,1523,1543,1459,1488,1503.000000,1,1,2,1,-1.804238,-0.107520,-4.912542,2.423127,-91.261589,0.294012,0.014572,1,0,0,0.000000,0.000000,0.000000,0.000000,0.000000,0.000000,1,1,1,1,0,2.026638,1.803145,0.090332,0.223493,-0.090332,11.174649,-8.129869,0.150752,3.195557,0,1500.000000,1503.195557,1500.000000
69954,35.175880,100764.601563,2.310000,0,1,1527,1549,1464,1487,1507.000000,1,1,2,1,-1.796113,-0.068314,-6.142850,2.174489,-91.380974,0.333850,0.018767,1,0,0,0.000000,0.000000,0.000000,0.000000,0.000000,0.000000,1,1,1,1,0,2.026638,1.794913,0.053527,0.231725,-0.053527,11.586255,-4.817447,0.161644,6.930420,0,1500.000000,1506.930420,1500.000000
70047,35.165680,100766.000000,2.320000,7,1,1541,1552,1452,1487,1508.000000,1,1,2,1,-1.812270,-0.047823,-7.049491,2.123700,-91.474686,0.345882,0.020173,1,0,0,0.000000,0.000000,0.000000,0.000000,0.000000,0.000000,1,1,1,1,0,2.026638,1.793888,0.038795,0.232750,-0.038795,11.637515,-3.491569,0.172375,8.318359,0,1500.000000,1508.318359,1500.000000
70153,35.166168,100764.804688,2.340000,24,1,1524,1530,1434,1476,1491.000000,1,1,2,1,-1.814655,-0.148448,-7.305829,2.121455,-91.564163,0.322375,0.017343,1,0,0,0.000000,0.000000,0.000000,0.000000,0.000000,0.000000,1,1,1,1,0,2.026638,1.857396,0.193277,0.169242,-0.193277,8.462107,-17.394890,0.182199,-8.750610,0,1500.000000,1491.249390,1500.000000
70244,35.155285,100763.804688,2.360000,29,1,1517,1526,1435,1478,1489.000000,1,1,2,1,-1.867249,-0.211630,-7.126258,2.126837,-91.531738,0.336050,0.018997,1,0,0,0.000000,0.000000,0.000000,0.000000,0.000000,0.000000,1,1,1,1,0,2.026638,1.865969,0.215148,0.160669,-0.215148,8.033466,-19.363293,0.191711,-11.138062,0,1500.000000,1488.861938,1500.000000
70354,35.144279,100761.898438,2.430000,3,1,1522,1535,1452,1491,1500.000000,1,1,2,1,-1.891628,-0.127360,-7.015831,2.291506,-91.482674,0.379906,0.024204,1,0,0,0.000000,0.000000,0.000000,0.000000,0.000000,0.000000,1,1,1,1,0,2.026638,1.868734,0.085156,0.157904,-0.085156,7.895207,-7.664008,0.199586,0.430786,0,1500.000000,1500.430786,1500.000000
70445,35.146065,100763.703125,2.450000,1,1,1523,1540,1445,1485,1498.000000,1,1,2,1,-1.882183,-0.097833,-6.860266,2.464439,-91.560440,0.403478,0.027438,1,0,0,0.000000,0.000000,0.000000,0.000000,0.000000,0.000000,1,1,1,1,0,2.026638,1.881180,0.103439,0.145458,-0.103439,7.272882,-9.309503,0.206481,-1.830200,0,1500.000000,1498.169800,1500.000000
70550,35.136597,100762.000000,2.490000,20,1,1513,1536,1438,1476,1491.000000,1,1,2,1,-1.916949,-0.166910,-7.226006,2.637141,-91.730385,0.417904,0.029444,1,0,0,0.000000,0.000000,0.000000,0.000000,0.000000,0.000000,1,1,1,1,0,2.026638,1.913686,0.160805,0.112952,-0.160805,5.647606,-14.472470,0.211960,-8.612915,0,1500.000000,1491.387085,1500.000000
70663,35.129562,100763.101563,2.530000,4,1,1486,1522,1434,1465,1477.000000,1,1,2,1,-1.952285,-0.154127,-7.175371,2.808520,-91.925987,0.419498,0.029661,1,0,0,0.000000,0.000000,0.000000,0.000000,0.000000,0.000000,1,1,1,1,0,2.026638,1.980449,0.282738,0.046189,-0.282738,2.309442,-25.446430,0.216620,-22.920410,0,1500.000000,1477.079590,1500.000000
70754,35.125031,100761.398438,2.550000,9,1,1511,1531,1446,1476,1491.000000,1,1,2,1,-2.007332,-0.163927,-6.757266,2.810908,-92.086029,0.385163,0.024878,1,0,0,0.000000,0.000000,0.000000,0.000000,0.000000,0.000000,1,1,1,1,0,2.026638,1.983382,0.124874,0.043256,-0.124874,2.162784,-11.238617,0.218929,-8.856934,0,1500.000000,1491.143066,1500.000000
70857,35.118816,100761.703125,2.580000,26,1,1493,1523,1441,1463,1480.000000,1,1,2,1,-2.026283,-0.229688,-6.205962,2.535104,-92.304314,0.400459,0.026984,1,0,0,0.000000,0.000000,0.000000,0.000000,0.000000,0.000000,1,1,1,1,0,2.026638,2.025825,0.228356,0.000813,-0.228356,0.040662,-20.552048,0.220206,-20.291138,0,1500.000000,1479.708862,1500.000000
70952,35.113674,100761.898438,2.590000,35,1,1495,1529,1450,1462,1484.000000,1,1,2,1,-2.033293,-0.184861,-5.732269,2.131386,-92.581268,0.404283,0.027523,1,0,0,0.000000,0.000000,0.000000,0.000000,0.000000,0.000000,1,1,1,1,0,2.026638,2.029962,0.183107,-0.003324,-0.183107,-0.166178,-16.479666,0.220026,-16.425781,0,1500.000000,1483.574219,1500.000000
71056,35.104313,100762.203125,2.620000,10,1,1495,1528,1459,1462,1486.000000,1,1,2,1,-2.065740,-0.140368,-5.583103,1.706864,-92.964302,0.395283,0.026350,1,0,0,0.000000,0.000000,0.000000,0.000000,0.000000,0.000000,1,1,1,1,0,2.026638,2.065035,0.141546,-0.038397,-0.141546,-1.919866,-12.739175,0.218125,-14.440918,0,1500.000000,1485.559082,1500.000000
71142,35.105206,100763.898438,2.610000,10,1,1500,1526,1457,1458,1485.000000,1,1,2,1,-2.117373,-0.183621,-5.458096,1.243068,-93.313400,0.333436,0.018586,1,0,0,0.000000,0.000000,0.000000,0.000000,0.000000,0.000000,1,1,1,1,0,2.026638,2.096564,0.130780,-0.069926,-0.130780,-3.496277,-11.770200,0.215698,-15.050781,0,1500.000000,1484.949219,1500.000000
71251,35.099060,100763.500000,2.610000,33,1,1495,1532,1462,1451,1485.000000,1,1,2,1,-2.118425,-0.116611,-5.395964,0.796576,-93.752174,0.333299,0.018696,1,0,0,0.000000,0.000000,0.000000,0.000000,0.000000,0.000000,1,1,1,1,0,2.026638,2.116509,0.122835,-0.089871,-0.122835,-4.493535,-11.055121,0.212516,-15.336182,0,1500.000000,1484.663818,1500.000000
71359,35.087879,100763.703125,2.590000,12,1,1498,1529,1462,1455,1486.000000,1,1,2,1,-2.131411,-0.100429,-5.606600,0.457718,-94.262222,0.295414,0.014684,1,0,0,0.000000,0.000000,0.000000,0.000000,0.000000,0.000000,1,1,1,1,0,2.026638,2.130410,0.099305,-0.103772,-0.099305,-5.188584,-8.937480,0.207044,-13.919067,0,1500.000000,1486.080933,1500.000000
71442,35.085152,100761.500000,2.600000,9,1,1500,1540,1469,1455,1491.000000,1,1,2,1,-2.124253,-0.073104,-5.807384,0.204911,-94.666084,0.312589,0.016468,1,0,0,0.000000,0.000000,0.000000,0.000000,0.000000,0.000000,1,1,1,1,0,2.026638,2.107303,0.053984,-0.080665,-0.053984,-4.033267,-4.858568,0.203302,-8.688477,0,1500.000000,1491.311523,1500.000000
71555,35.079674,100760.804688,2.620000,28,1,1490,1539,1474,1458,1490.000000,1,1,2,1,-2.113993,-0.067845,-5.216779,0.218906,-95.227776,0.345809,0.020142,1,0,0,0.000000,0.000000,0.000000,0.000000,0.000000,0.000000,1,1,1,1,0,2.026638,2.113993,0.067845,-0.087355,-0.067845,-4.367745,-6.106029,0.197346,-10.276367,0,1500.000000,1489.723633,1500.000000
71641,35.074039,100761.398438,2.630000,24,1,1472,1529,1474,1453,1482.000000,1,1,2,1,-2.158643,-0.122291,-4.152708,0.369430,-95.827240,0.313138,0.016374,1,0,0,0.000000,0.000000,0.000000,0.000000,0.000000,0.000000,1,1,1,1,0,2.026638,2.157902,0.124637,-0.131264,-0.124637,-6.563210,-11.217293,0.192964,-17.587524,0,1500.000000,1482.412476,1500.000000
71758,35.067127,100761.804688,2.620000,9,1,1451,1554,1502,1449,1489.000000,1,1,2,1,-2.159068,-0.047667,-2.610788,0.676740,-96.967934,0.299272,0.014957,1,0,0,0.000000,0.000000,0.000000,0.000000,0.000000,0.000000,1,1,1,1,0,2.026638,2.158879,0.046894,-0.132241,-0.046894,-6.612051,-4.220425,0.186595,-10.645874,0,1500.000000,1489.354126,1500.000000
71844,35.060074,100760.804688,2.650000,9,1,1459,1564,1506,1440,1492.000000,1,1,2,1,-2.151243,-0.062915,-1.805385,0.839801,-98.006538,0.337011,0.019113,1,0,0,0.000000,0.000000,0.000000,0.000000,0.000000,0.000000,1,1,1,1,0,2.026638,2.132923,0.032577,-0.106285,-0.032577,-5.314243,-2.931944,0.182271,-8.063965,0,1500.000000,1491.936035,1500.000000
71951,35.058201,100762.304688,2.660000,30,1,1455,1573,1505,1424,1489.000000,1,1,2,1,-2.146987,-0.060508,-2.105596,0.914689,-99.580681,0.353062,0.021016,1,0,0,0.000000,0.000000,0.000000,0.000000,0.000000,0.000000,1,1,1,1,0,2.026638,2.145939,0.062811,-0.119301,-0.062811,-5.965030,-5.653004,0.176068,-11.442017,0,1500.000000,1488.557983,1500.000000
72060,35.046093,100762.304688,2.680000,10,1,1457,1582,1506,1419,1491.000000,1,1,2,1,-2.156196,-0.033208,-3.027588,0.906252,-101.109306,0.362694,0.022178,1,0,0,0.000000,0.000000,0.000000,0.000000,0.000000,0.000000,1,1,1,1,0,2.026638,2.156037,0.030357,-0.129399,-0.030357,-6.469929,-2.732147,0.168001,-9.034058,0,1500.000000,1490.965942,1500.000000
72155,35.039112,100761.203125,2.700000,0,1,1449,1585,1499,1411,1486.000000,1,1,2,1,-2.128553,0.025220,-3.957106,0.965209,-102.574532,0.351922,0.020752,1,0,0,0.000000,0.000000,0.000000,0.000000,0.000000,0.000000,1,1,1,1,0,2.026638,2.180571,0.072514,-0.153933,-0.072514,-7.696664,-6.526237,0.162324,-14.060547,0,1500.000000,1485.939453,1500.000000
72250,35.036747,100761.601563,2.700000,10,1,1463,1604,1508,1421,1499.000000,1,1,2,1,-2.184261,0.011058,-4.701422,1.224109,-103.815048,0.355959,0.021242,1,0,0,0.000000,0.000000,0.000000,0.000000,0.000000,0.000000,1,1,1,1,0,2.026638,2.164388,-0.058336,-0.137750,0.058336,-6.887484,5.250214,0.156118,-1.481201,0,1500.000000,1498.518799,1500.000000
72341,35.034210,100760.804688,2.710000,7,1,1459,1600,1496,1421,1494.000000,1,1,2,1,-2.176452,-0.026277,-5.283600,1.875533,-105.074898,0.374187,0.023529,1,0,0,0.000000,0.000000,0.000000,0.000000,0.000000,0.000000,1,1,1,1,0,2.026638,2.155815,-0.000814,-0.129177,0.000814,-6.458831,0.073255,0.149093,-6.236450,0,1500.000000,1493.763550,1500.000000
72443,35.025795,100761.203125,2.700000,24,1,1445,1590,1503,1430,1492.000000,1,1,2,1,-2.165854,-0.015102,-5.351570,2.489524,-106.431137,0.373654,0.023535,1,0,0,0.000000,0.000000,0.000000,0.000000,0.000000,0.000000,1,1,1,1,0,2.026638,2.165754,0.009440,-0.139116,-0.009440,-6.955802,-0.849615,0.141770,-7.663696,0,1500.000000,1492.336304,1500.000000
72552,35.021210,100760.804688,2.720000,4,1,1442,1601,1511,1426,1495.000000,1,1,2,1,-2.175210,-0.010460,-4.793673,3.062777,-107.785095,0.384431,0.024931,1,0,0,0.000000,0.000000,0.000000,0.000000,0.000000,0.000000,1,1,1,1,0,2.026638,2.155673,-0.009230,-0.129035,0.009230,-6.451762,0.830743,0.134064,-5.486938,0,1500.000000,1494.513062,1500.000000
72644,35.011551,100759.101563,2.750000,10,1,1427,1592,1511,1414,1486.000000,1,1,2,1,-2.220885,-0.114556,-4.147341,3.339212,-108.992592,0.371875,0.023119,1,0,0,0.000000,0.000000,0.000000,0.000000,0.000000,0.000000,1,1,1,1,0,2.026638,2.198125,0.056954,-0.171487,-0.056954,-8.574331,-5.125883,0.126179,-13.573975,0,1500.000000,1486.426025,1500.000000
72756,35.010326,100762.398438,2.730000,36,1,1424,1594,1519,1408,1486.000000,1,1,2,1,-2.210599,-0.059854,-3.526340,3.337545,-110.563469,0.360645,0.021892,1,0,0,0.000000,0.000000,0.000000,0.000000,0.000000,0.000000,1,1,1,1,0,2.026638,2.210480,0.059339,-0.183842,-0.059339,-9.192085,-5.340509,0.116432,-14.416138,0,1500.000000,1485.583862,1500.000000
72858,35.009293,100764.304688,2.690000,9,1,1422,1603,1525,1401,1488.000000,1,1,2,1,-2.209531,-0.036639,-3.329183,2.934262,-111.940178,0.317605,0.016974,1,0,0,0.000000,0.000000,0.000000,0.000000,0.000000,0.000000,1,1,1,1,0,2.026638,2.209388,0.034798,-0.182750,-0.034798,-9.137499,-3.131789,0.107782,-12.161499,0,1500.000000,1487.838501,1500.000000
72955,34.994854,100761.398438,2.690000,1,1,1435,1606,1533,1402,1494.000000,1,1,2,1,-2.176605,0.015205,-3.588905,2.380562,-113.293823,0.351178,0.020773,1,0,0,0.000000,0.000000,0.000000,0.000000,0.000000,0.000000,1,1,1,1,0,2.026638,2.176925,-0.016576,-0.150287,0.016576,-7.514358,1.491845,0.101276,-5.921265,0,1500.000000,1494.078735,1500.000000
73047,34.991180,100761.703125,2.710000,7,1,1443,1605,1524,1408,1495.000000,1,1,2,1,-2.182888,0.000095,-3.756398,2.187500,-114.381020,0.365893,0.022578,1,0,0,0.000000,0.000000,0.000000,0.000000,0.000000,0.000000,1,1,1,1,0,2.026638,2.164205,-0.016567,-0.137567,0.016567,-6.878352,1.491071,0.093174,-5.294067,0,1500.000000,1494.705933,1500.000000
73159,34.988380,100760.000000,2.730000,30,1,1443,1607,1512,1419,1495.000000,1,1,2,1,-2.173655,0.024614,-4.055551,2.372690,-115.464844,0.347353,0.020138,1,0,0,0.000000,0.000000,0.000000,0.000000,0.000000,0.000000,1,1,1,1,0,2.026638,2.173801,-0.023839,-0.147163,0.023839,-7.358134,2.145551,0.083090,-5.129517,0,1500.000000,1494.870483,1500.000000
73244,34.982292,100760.601563,2.750000,29,1,1436,1596,1507,1422,1490.000000,1,1,2,1,-2.213033,-0.007011,-4.106981,2.961697,-116.062782,0.377393,0.023961,1,0,0,0.000000,0.000000,0.000000,0.000000,0.000000,0.000000,1,1,1,1,0,2.026638,2.212992,0.007045,-0.186354,-0.007045,-9.317684,-0.634045,0.076436,-9.875244,0,1500.000000,1490.124756,1500.000000
73354,34.979107,100760.898438,2.760000,3,1,1439,1596,1495,1426,1489.000000,1,1,2,1,-2.227303,-0.063020,-3.981124,4.094658,-116.716408,0.373867,0.023442,1,0,0,0.000000,0.000000,0.000000,0.000000,0.000000,0.000000,1,1,1,1,0,2.026638,2.205742,0.026801,-0.179104,-0.026801,-8.955181,-2.412061,0.067341,-11.299927,0,1500.000000,1488.700073,1500.000000
73445,34.969429,100761.000000,2.770000,1,1,1441,1601,1498,1445,1496.000000,1,1,2,1,-2.193871,0.059113,-4.047896,5.182393,-117.168861,0.415675,0.029124,1,0,0,0.000000,0.000000,0.000000,0.000000,0.000000,0.000000,1,1,1,1,0,2.026638,2.194435,-0.053009,-0.167797,0.053009,-8.389831,4.770810,0.057918,-3.561157,0,1500.000000,1496.438843,1500.000000
73546,34.966873,100760.804688,2.760000,16,1,1439,1605,1499,1441,1496.000000,1,1,2,1,-2.200212,0.040173,-3.910079,6.065606,-117.490921,0.399676,0.026932,1,0,0,0.000000,0.000000,0.000000,0.000000,0.000000,0.000000,1,1,1,1,0,2.026638,2.200959,-0.051590,-0.174321,0.051590,-8.716047,4.643092,0.048287,-4.024658,0,1500.000000,1495.975342,1500.000000
73656,34.959438,100761.101563,2.760000,40,1,1443,1586,1487,1436,1488.000000,1,1,2,1,-2.181538,0.106306,-3.717962,6.393828,-117.668121,0.361694,0.021943,1,0,0,0.000000,0.000000,0.000000,0.000000,0.000000,0.000000,1,1,1,1,0,2.026638,2.239248,0.012747,-0.212610,-0.012747,-10.630512,-1.147197,0.036739,-11.740967,0,1500.000000,1488.259033,1500.000000
73754,34.953487,100763.000000,2.720000,9,1,1465,1590,1491,1442,1497.000000,1,1,2,1,-2.229825,0.032509,-3.862502,6.315675,-117.624954,0.328675,0.018116,1,0,0,0.000000,0.000000,0.000000,0.000000,0.000000,0.000000,1,1,1,1,0,2.026638,2.212196,-0.073111,-0.185558,0.073111,-9.277880,6.580033,0.029594,-2.668213,0,1500.000000,1497.331787,1500.000000
73857,34.951317,100761.304688,2.720000,26,1,1483,1591,1488,1439,1500.000000,1,1,2,1,-2.203025,0.098127,-4.618189,5.696410,-117.283325,0.353693,0.021050,1,0,0,0.000000,0.000000,0.000000,0.000000,0.000000,0.000000,1,1,1,1,0,2.026638,2.203220,-0.096924,-0.176582,0.096924,-8.829093,8.723184,0.018914,-0.087036,0,1500.000000,1499.912964,1500.000000
73950,34.943897,100761.101563,2.730000,33,1,1514,1593,1486,1447,1510.000000,1,1,2,1,-2.169742,0.195310,-5.874249,4.680364,-116.742821,0.395074,0.026284,1,0,0,0.000000,0.000000,0.000000,0.000000,0.000000,0.000000,1,1,1,1,0,2.026638,2.172804,-0.188167,-0.146166,0.188167,-7.308292,16.934996,0.012467,9.639160,0,1500.000000,1509.639160,1500.000000
74056,34.938385,100762.000000,2.710000,10,1,1560,1596,1464,1444,1516.000000,1,1,2,1,-2.153513,0.251527,-8.722171,3.389025,-115.807610,0.395564,0.026387,1,0,0,0.000000,0.000000,0.000000,0.000000,0.000000,0.000000,1,1,1,1,0,2.026638,2.154766,-0.249838,-0.128128,0.249838,-6.406415,22.485453,0.003804,16.082886,0,1500.000000,1516.082886,1500.000000
74142,34.933575,100763.500000,2.680000,10,1,1584,1588,1444,1452,1517.000000,1,1,2,1,-2.173220,0.203774,-12.354407,2.306470,-114.460213,0.346431,0.020063,1,0,0,0.000000,0.000000,0.000000,0.000000,0.000000,0.000000,1,1,1,1,0,2.026638,2.153569,-0.256467,-0.126930,0.256467,-6.346524,23.082020,-0.001375,16.734131,0,1500.000000,1516.734131,1500.000000
74251,34.931877,100764.101563,2.630000,33,1,1591,1574,1428,1471,1516.000000,1,1,2,1,-2.130736,0.244212,-16.144758,1.613517,-112.259491,0.329058,0.018224,1,0,0,0.000000,0.000000,0.000000,0.000000,0.000000,0.000000,1,1,1,1,0,2.026638,2.134676,-0.243350,-0.108038,0.243350,-5.401897,21.901529,-0.006205,16.493408,0,1500.000000,1516.493408,1500.000000
74359,34.925873,100764.804688,2.560000,12,1,1544,1539,1452,1509,1511.000000,1,1,2,1,-2.103867,0.151187,-14.888969,1.932174,-110.377701,0.290097,0.014160,1,0,0,0.000000,0.000000,0.000000,0.000000,0.000000,0.000000,1,1,1,1,0,2.026638,2.105441,-0.161982,-0.078803,0.161982,-3.940153,14.578360,-0.011167,10.627075,0,1500.000000,1510.627075,1500.000000
74447,34.921867,100764.500000,2.540000,14,1,1513,1551,1486,1526,1519.000000,1,1,2,1,-2.057858,0.195878,-11.100462,2.617761,-109.389214,0.316071,0.016842,1,0,0,0.000000,0.000000,0.000000,0.000000,0.000000,0.000000,1,1,1,1,0,2.026638,2.044365,-0.219377,-0.017727,0.219377,-0.886369,19.743929,-0.013208,18.844360,0,1500.000000,1518.844360,1500.000000
74555,34.915131,100762.703125,2.540000,28,1,1487,1577,1511,1504,1524.000000,1,1,2,1,-2.014812,0.215405,-6.549751,3.803741,-109.086349,0.357939,0.021593,1,0,0,0.000000,0.000000,0.000000,0.000000,0.000000,0.000000,1,1,1,1,0,2.026638,2.014812,-0.215405,0.011827,0.215405,0.591326,19.386417,-0.014189,19.963501,0,1500.000000,1519.963501,1500.000000
74641,34.907921,100764.000000,2.530000,24,1,1459,1590,1499,1468,1504.000000,1,1,2,1,-2.041245,0.049267,-4.811105,4.575658,-109.389145,0.327231,0.017887,1,0,0,0.000000,0.000000,0.000000,0.000000,0.000000,0.000000,1,1,1,1,0,2.026638,2.041554,-0.053820,-0.014916,0.053820,-0.745797,4.843808,-0.014137,4.083862,0,1500.000000,1504.083862,1500.000000
74750,34.904873,100764.000000,2.500000,1,1,1460,1623,1526,1459,1517.000000,1,1,2,1,-1.992161,0.158596,-4.286877,5.429455,-110.376694,0.338752,0.019304,1,0,0,0.000000,0.000000,0.000000,0.000000,0.000000,0.000000,1,1,1,1,0,2.026638,1.994818,-0.172772,0.031820,0.172772,1.591015,15.549493,-0.012235,17.128296,0,1500.000000,1517.128296,1500.000000
74844,34.903667,100766.500000,2.460000,9,1,1462,1635,1530,1449,1519.000000,1,1,2,1,-1.969476,0.139301,-4.495116,5.849978,-111.481148,0.327342,0.018038,1,0,0,0.000000,0.000000,0.000000,0.000000,0.000000,0.000000,1,1,1,1,0,2.026638,1.953004,-0.174363,0.073634,0.174363,3.681690,15.692672,-0.009650,19.364746,0,1500.000000,1519.364746,1500.000000
74950,34.896965,100765.804688,2.450000,29,1,1464,1637,1544,1447,1523.000000,1,1,2,1,-1.927722,0.188031,-4.577595,5.864312,-112.843224,0.355094,0.021253,1,0,0,0.000000,0.000000,0.000000,0.000000,0.000000,0.000000,1,1,1,1,0,2.026638,1.931659,-0.206482,0.094979,0.206482,4.748935,18.583422,-0.005989,23.326416,0,1500.000000,1523.326416,1500.000000
75051,34.890141,100765.000000,2.430000,1,1,1466,1638,1554,1450,1527.000000,1,1,2,1,-1.887457,0.218040,-4.265478,5.547692,-114.002274,0.313638,0.016404,1,0,0,0.000000,0.000000,0.000000,0.000000,0.000000,0.000000,1,1,1,1,0,2.026638,1.891920,-0.229740,0.134718,0.229740,6.735903,20.676556,-0.001220,27.411255,0,1500.000000,1527.411255,1500.000000
75155,34.877312,100763.304688,2.440000,0,1,1492,1627,1519,1430,1517.000000,1,1,2,1,-1.854038,0.195344,-5.138287,4.591592,-114.904083,0.353774,0.020971,1,0,0,0.000000,0.000000,0.000000,0.000000,0.000000,0.000000,1,1,1,1,0,2.026638,1.912730,-0.125521,0.113908,0.125521,5.695420,11.296864,0.004776,16.997070,0,1500.000000,1516.997070,1500.000000
75250,34.877399,100764.500000,2.450000,10,1,1549,1616,1475,1436,1519.000000,1,1,2,1,-1.904950,0.091840,-8.597748,3.551760,-114.888428,0.386612,0.025059,1,0,0,0.000000,0.000000,0.000000,0.000000,0.000000,0.000000,1,1,1,1,0,2.026638,1.884209,-0.136373,0.142429,0.136373,7.121432,12.273560,0.012454,19.407471,0,1500.000000,1519.407471,1500.000000
75341,34.870052,100762.101563,2.470000,7,1,1576,1599,1450,1467,1523.000000,1,1,2,1,-1.883205,0.127982,-12.482923,2.809382,-113.751846,0.429526,0.031004,1,0,0,0.000000,0.000000,0.000000,0.000000,0.000000,0.000000,1,1,1,1,0,2.026638,1.860795,-0.160003,0.165843,0.160003,8.292145,14.400290,0.019798,22.712280,0,1500.000000,1522.712280,1500.000000
75443,34.871067,100764.898438,2.470000,24,1,1571,1559,1448,1501,1520.000000,1,1,2,1,-1.863494,0.124618,-14.183244,2.595086,-111.870224,0.446825,0.033656,1,0,0,0.000000,0.000000,0.000000,0.000000,0.000000,0.000000,1,1,1,1,0,2.026638,1.864501,-0.126924,0.162137,0.126924,8.106846,11.423190,0.027417,19.557495,0,1500.000000,1519.557495,1500.000000
75552,34.861599,100762.000000,2.500000,4,1,1537,1535,1480,1523,1519.000000,1,1,2,1,-1.870425,0.096884,-11.100864,2.508027,-110.039711,0.473773,0.037866,1,0,0,0.000000,0.000000,0.000000,0.000000,0.000000,0.000000,1,1,1,1,0,2.026638,1.848301,-0.116667,0.178337,0.116667,8.916861,10.500018,0.034941,19.451782,0,1500.000000,1519.451782,1500.000000
75644,34.855141,100760.398438,2.540000,10,1,1521,1528,1488,1500,1509.000000,1,1,2,1,-1.918086,-0.050432,-7.381743,2.006458,-108.800507,0.470210,0.036962,1,0,0,0.000000,0.000000,0.000000,0.000000,0.000000,0.000000,1,1,1,1,0,2.026638,1.889790,-0.024860,0.136848,0.024860,6.842387,2.237381,0.042419,9.122192,0,1500.000000,1509.122192,1500.000000
75756,34.853600,100763.101563,2.550000,36,1,1526,1544,1512,1482,1516.000000,1,1,2,1,-1.891138,0.103894,-4.309429,0.783985,-107.750542,0.501624,0.042354,1,0,0,0.000000,0.000000,0.000000,0.000000,0.000000,0.000000,1,1,1,1,0,2.026638,1.891346,-0.104416,0.135292,0.104416,6.764608,9.397417,0.051733,16.213745,0,1500.000000,1516.213745,1500.000000
75860,34.846130,100763.898438,2.550000,11,1,1524,1544,1508,1472,1512.000000,1,1,2,1,-1.903130,0.066786,-3.670655,-0.638313,-107.315231,0.492540,0.040821,1,0,0,0.000000,0.000000,0.000000,0.000000,0.000000,0.000000,1,1,1,1,0,2.026638,1.903810,-0.069616,0.122828,0.069616,6.141395,6.265483,0.058626,12.465454,0,1500.000000,1512.465454,1500.000000
75955,34.837013,100764.203125,2.540000,1,1,1527,1556,1507,1482,1518.000000,1,1,2,1,-1.868714,0.115585,-3.691918,-1.301942,-107.010620,0.524202,0.046286,1,0,0,0.000000,0.000000,0.000000,0.000000,0.000000,0.000000,1,1,1,1,0,2.026638,1.870971,-0.110502,0.155667,0.110502,7.783353,9.945171,0.064486,17.792969,0,1500.000000,1517.792969,1500.000000
76047,34.828613,100762.804688,2.550000,7,1,1518,1558,1506,1482,1516.000000,1,1,2,1,-1.889853,0.065242,-3.644013,-1.310664,-106.786201,0.505720,0.043133,1,0,0,0.000000,0.000000,0.000000,0.000000,0.000000,0.000000,1,1,1,1,0,2.026638,1.864795,-0.086681,0.161843,0.086681,8.092141,7.801332,0.071491,15.964966,0,1500.000000,1515.964966,1500.000000
76151,34.825916,100762.898438,2.550000,22,1,1486,1547,1483,1463,1495.000000,1,1,2,1,-1.886923,0.000337,-3.583339,-0.708854,-106.711441,0.457066,0.034869,1,0,0,0.000000,0.000000,0.000000,0.000000,0.000000,0.000000,1,1,1,1,0,2.026638,1.940881,0.108166,0.085757,-0.108166,4.287875,-9.734896,0.077389,-5.369629,0,1500.000000,1494.630371,1500.000000
76262,34.820107,100762.101563,2.580000,4,1,1473,1552,1484,1455,1491.000000,1,1,2,1,-1.974661,-0.223400,-3.292283,0.338155,-106.951866,0.452627,0.034226,1,0,0,0.000000,0.000000,0.000000,0.000000,0.000000,0.000000,1,1,1,1,0,2.026638,1.946776,0.148186,0.079862,-0.148186,3.993088,-13.336753,0.084035,-9.259644,0,1500.000000,1490.740356,1500.000000
76351,34.814735,100761.304688,2.620000,0,1,1473,1567,1491,1453,1496.000000,1,1,2,1,-1.948147,-0.091372,-3.188888,1.140726,-107.341743,0.513037,0.044291,1,0,0,0.000000,0.000000,0.000000,0.000000,0.000000,0.000000,1,1,1,1,0,2.026638,1.946733,0.085375,0.079905,-0.085375,3.995246,-7.683750,0.087259,-3.601196,0,1500.000000,1496.398804,1500.000000
76445,34.808033,100761.898438,2.640000,9,1,1482,1581,1491,1450,1501.000000,1,1,2,1,-1.978554,-0.057815,-3.666837,1.926238,-107.880119,0.508439,0.043560,1,0,0,0.000000,0.000000,0.000000,0.000000,0.000000,0.000000,1,1,1,1,0,2.026638,1.951493,0.034359,0.075145,-0.034359,3.757256,-3.092293,0.090187,0.755127,0,1500.000000,1500.755127,1500.000000
76554,34.800964,100760.601563,2.670000,19,1,1490,1590,1488,1444,1503.000000,1,1,2,1,-1.985795,-0.023765,-5.018353,2.360139,-108.390892,0.532450,0.047775,1,0,0,0.000000,0.000000,0.000000,0.000000,0.000000,0.000000,1,1,1,1,0,2.026638,1.957550,0.004688,0.069088,-0.004688,3.454423,-0.421951,0.092138,3.124634,0,1500.000000,1503.124634,1500.000000
76664,34.796169,100761.398438,2.680000,1,1,1513,1589,1481,1441,1506.000000,1,1,2,1,-1.990025,0.060523,-6.951946,2.038570,-108.631226,0.484586,0.039274,1,0,0,0.000000,0.000000,0.000000,0.000000,0.000000,0.000000,1,1,1,1,0,2.026638,1.990952,-0.042783,0.035686,0.042783,1.784313,3.850471,0.093354,5.728149,0,1500.000000,1505.728149,1500.000000
76753,34.786175,100762.000000,2.680000,4,1,1520,1564,1473,1446,1501.000000,1,1,2,1,-2.067065,-0.058099,-8.103267,1.425961,-108.493889,0.460644,0.035454,1,0,0,0.000000,0.000000,0.000000,0.000000,0.000000,0.000000,1,1,1,1,0,2.026638,2.039680,-0.017231,-0.013042,0.017231,-0.652099,1.550810,0.093318,0.992065,0,1500.000000,1500.992065,1500.000000
76844,34.782936,100762.398438,2.670000,9,1,1528,1550,1468,1470,1504.000000,1,1,2,1,-2.061117,0.011944,-8.493268,0.896617,-107.944778,0.452827,0.034522,1,0,0,0.000000,0.000000,0.000000,0.000000,0.000000,0.000000,1,1,1,1,0,2.026638,2.037273,-0.050117,-0.010635,0.050117,-0.531757,4.510506,0.092924,4.071655,0,1500.000000,1504.071655,1500.000000
76954,34.781624,100763.000000,2.650000,33,1,1516,1515,1452,1490,1493.000000,1,1,2,1,-2.060959,-0.080738,-7.229826,0.919844,-106.894470,0.433187,0.031638,1,0,0,0.000000,0.000000,0.000000,0.000000,0.000000,0.000000,1,1,1,1,0,2.026638,2.059568,0.056268,-0.032930,-0.056268,-1.646495,-5.064091,0.091222,-6.619385,0,1500.000000,1493.380615,1500.000000
77060,34.772282,100763.398438,2.630000,10,1,1520,1513,1452,1499,1496.000000,1,1,2,1,-2.074446,-0.014658,-4.989420,1.164194,-105.703407,0.396032,0.026447,1,0,0,0.000000,0.000000,0.000000,0.000000,0.000000,0.000000,1,1,1,1,0,2.026638,2.074361,0.019368,-0.047723,-0.019368,-2.386165,-1.743155,0.088099,-4.041260,0,1500.000000,1495.958740,1500.000000
77156,34.764862,100763.703125,2.610000,0,1,1517,1520,1455,1500,1491.000000,1,1,2,1,-2.046260,-0.008064,-4.004334,1.385656,-104.715012,0.365183,0.022347,1,0,0,0.000000,0.000000,0.000000,0.000000,0.000000,0.000000,1,1,1,1,0,2.026638,2.046260,0.008064,-0.019622,-0.008064,-0.981081,-0.725754,0.085535,-1.621338,0,1500.000000,1498.378662,1500.000000
77249,34.754395,100761.898438,2.620000,4,1,1513,1527,1452,1485,1494.000000,1,1,2,1,-2.109465,-0.084089,-3.890578,1.515981,-103.991798,0.351481,0.020654,1,0,0,0.000000,0.000000,0.000000,0.000000,0.000000,0.000000,1,1,1,1,0,2.026638,2.088115,0.033100,-0.061477,-0.033100,-3.073847,-2.979041,0.083501,-5.969360,0,1500.000000,1494.030640,1500.000000
77355,34.753799,100763.398438,2.610000,24,1,1508,1526,1458,1480,1496.000000,1,1,2,1,-2.097922,-0.039478,-3.961393,1.448732,-103.353218,0.351618,0.020816,1,0,0,0.000000,0.000000,0.000000,0.000000,0.000000,0.000000,1,1,1,1,0,2.026638,2.097922,0.039478,-0.071284,-0.039478,-3.564191,-3.553007,0.080102,-7.037109,0,1500.000000,1492.962891,1500.000000
77448,34.747604,100762.398438,2.610000,31,1,1516,1539,1468,1473,1499.000000,1,1,2,1,-2.082731,0.019482,-4.250399,1.183178,-102.926567,0.365492,0.022533,1,0,0,0.000000,0.000000,0.000000,0.000000,0.000000,0.000000,1,1,1,1,0,2.026638,2.082927,-0.019577,-0.056289,0.019577,-2.814472,1.761918,0.077509,-0.975098,0,1500.000000,1499.024902,1500.000000
77556,34.738926,100764.601563,2.590000,10,1,1513,1531,1473,1483,1500.000000,1,1,2,1,-2.083942,0.032616,-4.245970,0.901497,-102.512077,0.343471,0.019899,1,0,0,0.000000,0.000000,0.000000,0.000000,0.000000,0.000000,1,1,1,1,0,2.026638,2.084110,-0.034466,-0.057472,0.034466,-2.873600,3.101909,0.073536,0.301880,0,1500.000000,1500.301880,1500.000000
77642,34.737701,100762.703125,2.590000,10,1,1511,1530,1463,1473,1494.000000,1,1,2,1,-2.120113,-0.070643,-3.624377,0.621405,-102.153839,0.308743,0.015931,1,0,0,0.000000,0.000000,0.000000,0.000000,0.000000,0.000000,1,1,1,1,0,2.026638,2.101257,0.021323,-0.074619,-0.021323,-3.730941,-1.919061,0.070741,-5.579224,0,1500.000000,1494.420776,1500.000000
77748,34.724857,100761.304688,2.610000,30,1,1511,1525,1468,1475,1495.000000,1,1,2,1,-2.104542,-0.021500,-3.015504,0.217732,-101.714104,0.344285,0.019948,1,0,0,0.000000,0.000000,0.000000,0.000000,0.000000,0.000000,1,1,1,1,0,2.026638,2.104345,0.018332,-0.077707,-0.018332,-3.885341,-1.649887,0.067954,-5.467285,0,1500.000000,1494.532715,1500.000000
77858,34.718189,100761.601563,2.630000,11,1,1507,1519,1469,1484,1495.000000,1,1,2,1,-2.106968,-0.007974,-1.931192,-0.099159,-101.288963,0.362555,0.022116,1,0,0,0.000000,0.000000,0.000000,0.000000,0.000000,0.000000,1,1,1,1,0,2.026638,2.106879,0.010620,-0.080241,-0.010620,-4.012072,-0.955832,0.063732,-4.904175,0,1500.000000,1495.095825,1500.000000
77945,34.710087,100761.601563,2.650000,12,1,1509,1525,1472,1482,1497.000000,1,1,2,1,-2.098168,-0.022304,-1.293027,-0.050912,-100.954735,0.392320,0.025949,1,0,0,0.000000,0.000000,0.000000,0.000000,0.000000,0.000000,1,1,1,1,0,2.026638,2.077662,0.009234,-0.051024,-0.009234,-2.551186,-0.831080,0.060893,-3.321411,0,1500.000000,1496.678589,1500.000000
78047,34.708160,100763.000000,2.640000,19,1,1516,1525,1460,1486,1497.000000,1,1,2,1,-2.092371,-0.008022,-1.154955,0.125998,-100.629471,0.388014,0.025374,1,0,0,0.000000,0.000000,0.000000,0.000000,0.000000,0.000000,1,1,1,1,0,2.026638,2.071947,0.006493,-0.045309,-0.006493,-2.265453,-0.584390,0.057135,-2.792725,0,1500.000000,1497.207275,1500.000000
78161,34.699921,100762.601563,2.660000,0,1,1511,1538,1465,1470,1496.000000,1,1,2,1,-2.084673,-0.003106,-1.943758,0.277032,-100.326904,0.364003,0.022133,1,0,0,0.000000,0.000000,0.000000,0.000000,0.000000,0.000000,1,1,1,1,0,2.026638,2.084560,0.009893,-0.057922,-0.009893,-2.896106,-0.890326,0.052336,-3.734131,0,1500.000000,1496.265869,1500.000000
78250,34.690468,100762.703125,2.640000,4,1,1518,1539,1457,1471,1496.000000,1,1,2,1,-2.143884,-0.034079,-2.638085,0.373030,-100.170357,0.336407,0.018906,1,0,0,0.000000,0.000000,0.000000,0.000000,0.000000,0.000000,1,1,1,1,0,2.026638,2.123825,-0.011919,-0.097187,0.011919,-4.859340,1.072713,0.048822,-3.737793,0,1500.000000,1496.262207,1500.000000
78342,34.683887,100760.703125,2.660000,10,1,1510,1532,1465,1478,1496.000000,1,1,2,1,-2.134062,-0.020681,-3.237835,0.384248,-99.986694,0.365334,0.022475,1,0,0,0.000000,0.000000,0.000000,0.000000,0.000000,0.000000,1,1,1,1,0,2.026638,2.114666,-0.005782,-0.088027,0.005782,-4.401374,0.520414,0.044322,-3.836670,0,1500.000000,1496.163330,1500.000000
78448,34.680790,100761.000000,2.660000,30,1,1519,1527,1460,1479,1496.000000,1,1,2,1,-2.121644,0.010176,-3.158980,0.345629,-99.680473,0.377432,0.024034,1,0,0,0.000000,0.000000,0.000000,0.000000,0.000000,0.000000,1,1,1,1,0,2.026638,2.121732,-0.007233,-0.095094,0.007233,-4.754686,0.651009,0.039169,-4.064453,0,1500.000000,1495.935547,1500.000000
78556,34.674194,100762.898438,2.660000,9,1,1517,1513,1455,1488,1493.000000,1,1,2,1,-2.127295,-0.018285,-2.815800,0.035870,-99.286667,0.371836,0.023320,1,0,0,0.000000,0.000000,0.000000,0.000000,0.000000,0.000000,1,1,1,1,0,2.026638,2.127223,0.017869,-0.100585,-0.017869,-5.029261,-1.608221,0.032739,-6.604736,0,1500.000000,1493.395264,1500.000000
78642,34.663097,100761.601563,2.660000,9,1,1520,1506,1456,1486,1492.000000,1,1,2,1,-2.168949,-0.074736,-2.278176,-0.267041,-98.839310,0.331310,0.018339,1,0,0,0.000000,0.000000,0.000000,0.000000,0.000000,0.000000,1,1,1,1,0,2.026638,2.148642,0.025119,-0.122004,-0.025119,-6.100190,-2.260678,0.028092,-8.332764,0,1500.000000,1491.667236,1500.000000
78755,34.662415,100764.101563,2.640000,36,1,1533,1514,1448,1481,1493.000000,1,1,2,1,-2.148839,-0.003404,-2.238881,-0.932214,-98.096970,0.328975,0.018211,1,0,0,0.000000,0.000000,0.000000,0.000000,0.000000,0.000000,1,1,1,1,0,2.026638,2.148839,0.003404,-0.122201,-0.003404,-6.110048,-0.306388,0.021814,-6.394653,0,1500.000000,1493.605347,1500.000000
78860,34.653770,100761.398438,2.660000,12,1,1540,1501,1435,1480,1489.000000,1,1,2,1,-2.149986,-0.051018,-2.672123,-1.381186,-97.311600,0.349294,0.020530,1,0,0,0.000000,0.000000,0.000000,0.000000,0.000000,0.000000,1,1,1,1,0,2.026638,2.149382,0.051770,-0.122744,-0.051770,-6.137192,-4.659321,0.016258,-10.780273,0,1500.000000,1489.219727,1500.000000
78954,34.641663,100759.804688,2.680000,20,1,1547,1518,1444,1495,1501.000000,1,1,2,1,-2.128655,0.045070,-3.580154,-1.567662,-96.686928,0.390671,0.025732,1,0,0,0.000000,0.000000,0.000000,0.000000,0.000000,0.000000,1,1,1,1,0,2.026638,2.109328,-0.054393,-0.082690,0.054393,-4.134512,4.895385,0.011904,0.772827,0,1500.000000,1500.772827,1500.000000
79048,34.638668,100762.500000,2.680000,20,1,1550,1526,1447,1488,1503.000000,1,1,2,1,-2.114875,0.076062,-4.565781,-1.787102,-96.154068,0.404809,0.027621,1,0,0,0.000000,0.000000,0.000000,0.000000,0.000000,0.000000,1,1,1,1,0,2.026638,2.095865,-0.072849,-0.069227,0.072849,-3.461361,6.556382,0.006765,3.101807,0,1500.000000,1503.101807,1500.000000
79161,34.628922,100762.804688,2.670000,0,1,1554,1530,1455,1494,1508.000000,1,1,2,1,-2.092307,0.113961,-5.426284,-1.770328,-95.676598,0.366957,0.022476,1,0,0,0.000000,0.000000,0.000000,0.000000,0.000000,0.000000,1,1,1,1,0,2.026638,2.094250,-0.127235,-0.067612,0.127235,-3.380609,11.451125,0.000915,8.071411,0,1500.000000,1508.071411,1500.000000
79251,34.617161,100761.203125,2.680000,4,1,1542,1529,1447,1487,1501.000000,1,1,2,1,-2.148912,0.013326,-5.612386,-1.618855,-95.322990,0.373338,0.023302,1,0,0,0.000000,0.000000,0.000000,0.000000,0.000000,0.000000,1,1,1,1,0,2.026638,2.127748,-0.063789,-0.101110,0.063789,-5.055523,5.741051,-0.002803,0.682739,0,1500.000000,1500.682739,1500.000000
79357,34.616985,100763.000000,2.660000,24,1,1539,1521,1447,1497,1501.000000,1,1,2,1,-2.125321,0.068574,-5.249450,-1.320901,-94.959930,0.372977,0.023420,1,0,0,0.000000,0.000000,0.000000,0.000000,0.000000,0.000000,1,1,1,1,0,2.026638,2.125458,-0.068758,-0.098820,0.068758,-4.940999,6.188244,-0.008705,1.238525,0,1500.000000,1501.238525,1500.000000
79451,34.611595,100764.398438,2.640000,32,1,1524,1514,1453,1497,1497.000000,1,1,2,1,-2.113266,0.017621,-4.629635,-0.789046,-94.696213,0.364898,0.022464,1,0,0,0.000000,0.000000,0.000000,0.000000,0.000000,0.000000,1,1,1,1,0,2.026638,2.113508,-0.014067,-0.086870,0.014067,-4.343510,1.266003,-0.012418,-3.089966,0,1500.000000,1496.910034,1500.000000
79558,34.597702,100761.101563,2.640000,10,1,1525,1530,1457,1488,1500.000000,1,1,2,1,-2.107998,0.044883,-4.076302,-0.584868,-94.608559,0.370767,0.023187,1,0,0,0.000000,0.000000,0.000000,0.000000,0.000000,0.000000,1,1,1,1,0,2.026638,2.108221,-0.044240,-0.081583,0.044240,-4.079127,3.981601,-0.018053,-0.115601,0,1500.000000,1499.884399,1500.000000
79644,34.592522,100761.601563,2.650000,10,1,1514,1527,1468,1483,1498.000000,1,1,2,1,-2.144340,-0.019975,-3.747291,-0.659553,-94.658791,0.346520,0.020068,1,0,0,0.000000,0.000000,0.000000,0.000000,0.000000,0.000000,1,1,1,1,0,2.026638,2.123479,-0.037185,-0.096841,0.037185,-4.842067,3.346662,-0.021783,-1.517212,0,1500.000000,1498.482788,1500.000000
79756,34.585205,100762.203125,2.640000,36,1,1521,1551,1468,1460,1500.000000,1,1,2,1,-2.115263,0.055037,-3.712007,-1.064283,-95.040939,0.362625,0.022130,1,0,0,0.000000,0.000000,0.000000,0.000000,0.000000,0.000000,1,1,1,1,0,2.026638,2.115371,-0.053617,-0.088733,0.053617,-4.436660,4.825522,-0.026104,0.362793,0,1500.000000,1500.362793,1500.000000
79841,34.581093,100765.101563,2.610000,35,1,1530,1566,1491,1466,1513.000000,1,1,2,1,-2.081012,0.180075,-4.562229,-1.421470,-95.479996,0.361829,0.022075,1,0,0,0.000000,0.000000,0.000000,0.000000,0.000000,0.000000,1,1,1,1,0,2.026638,2.082788,-0.174692,-0.056150,0.174692,-2.807510,15.722318,-0.028787,12.885986,0,1500.000000,1512.885986,1500.000000
79947,34.574951,100764.898438,2.570000,4,1,1542,1571,1481,1461,1514.000000,1,1,2,1,-2.070182,0.152266,-5.942402,-1.997967,-96.075157,0.337676,0.019199,1,0,0,0.000000,0.000000,0.000000,0.000000,0.000000,0.000000,1,1,1,1,0,2.026638,2.054034,-0.170069,-0.027396,0.170069,-1.369810,15.306199,-0.031400,13.905029,0,1500.000000,1513.905029,1500.000000
80052,34.565063,100764.601563,2.550000,20,1,1543,1567,1484,1474,1517.000000,1,1,2,1,-2.035312,0.189737,-7.109946,-2.379921,-96.476677,0.348997,0.020538,1,0,0,0.000000,0.000000,0.000000,0.000000,0.000000,0.000000,1,1,1,1,0,2.026638,2.021003,-0.183740,0.005635,0.183740,0.281739,16.536606,-0.033200,16.785156,0,1500.000000,1516.785156,1500.000000
80162,34.554337,100763.703125,2.520000,1,1,1524,1563,1483,1478,1512.000000,1,1,2,1,-2.002432,0.115151,-7.423479,-2.222296,-96.890472,0.300694,0.015180,1,0,0,0.000000,0.000000,0.000000,0.000000,0.000000,0.000000,1,1,1,1,0,2.026638,2.052246,-0.145212,-0.025608,0.145212,-1.280379,13.069042,-0.034158,11.754517,0,1500.000000,1511.754517,1500.000000
80256,34.553635,100765.101563,2.520000,9,1,1511,1564,1480,1469,1506.000000,1,1,2,1,-2.045268,0.074236,-6.993186,-1.643400,-97.330673,0.311973,0.016330,1,0,0,0.000000,0.000000,0.000000,0.000000,0.000000,0.000000,1,1,1,1,0,2.026638,2.045561,-0.072138,-0.018923,0.072138,-0.946140,6.492424,-0.034241,5.512085,0,1500.000000,1505.512085,1500.000000
80345,34.544693,100766.601563,2.490000,12,1,1505,1587,1482,1466,1510.000000,1,1,2,1,-2.017948,0.064748,-7.073326,-0.804184,-97.996208,0.307642,0.015932,1,0,0,0.000000,0.000000,0.000000,0.000000,0.000000,0.000000,1,1,1,1,0,2.026638,2.002553,-0.097552,0.024085,0.097552,1.204252,8.779648,-0.033751,9.950195,0,1500.000000,1509.950195,1500.000000
80448,34.537411,100765.601563,2.450000,29,1,1499,1583,1484,1470,1509.000000,1,1,2,1,-1.984788,0.071822,-7.007341,0.208776,-98.813530,0.298432,0.015030,1,0,0,0.000000,0.000000,0.000000,0.000000,0.000000,0.000000,1,1,1,1,0,2.026638,1.985537,-0.078133,0.041101,0.078133,2.055061,7.031980,-0.032653,9.054443,0,1500.000000,1509.054443,1500.000000
80552,34.529503,100767.101563,2.410000,4,1,1496,1585,1499,1481,1515.000000,1,1,2,1,-1.963350,0.105731,-6.259787,1.107102,-99.666138,0.280982,0.013320,1,0,0,0.000000,0.000000,0.000000,0.000000,0.000000,0.000000,1,1,1,1,0,2.026638,1.951188,-0.127000,0.075450,0.127000,3.772491,11.430034,-0.030733,15.171753,0,1500.000000,1515.171753,1500.000000
80644,34.517971,100764.398438,2.420000,10,1,1479,1582,1504,1480,1511.000000,1,1,2,1,-1.985616,0.044534,-4.838645,1.746421,-100.304741,0.270325,0.012215,1,0,0,0.000000,0.000000,0.000000,0.000000,0.000000,0.000000,1,1,1,1,0,2.026638,1.969675,-0.086781,0.056963,0.086781,2.848166,7.810282,-0.027787,10.630615,0,1500.000000,1510.630615,1500.000000
80756,34.517357,100766.898438,2.390000,36,1,1473,1579,1501,1466,1505.000000,1,1,2,1,-1.948808,0.007485,-3.265659,2.276207,-101.297768,0.274793,0.012710,1,0,0,0.000000,0.000000,0.000000,0.000000,0.000000,0.000000,1,1,1,1,0,2.026638,1.948824,-0.009138,0.077814,0.009138,3.890681,0.822448,-0.022426,4.690674,0,1500.000000,1504.690674,1500.000000
80841,34.505455,100765.500000,2.390000,35,1,1495,1597,1509,1463,1516.000000,1,1,2,1,-1.911288,0.111306,-3.499173,2.345712,-102.067245,0.311037,0.016314,1,0,0,0.000000,0.000000,0.000000,0.000000,0.000000,0.000000,1,1,1,1,0,2.026638,1.912399,-0.110858,0.114239,0.110858,5.711937,9.977230,-0.018284,15.670898,0,1500.000000,1515.670898,1500.000000
80955,34.504772,100767.804688,2.360000,1,1,1512,1613,1506,1465,1524.000000,1,1,2,1,-1.869650,0.179535,-4.939767,2.294763,-102.892548,0.340778,0.019561,1,0,0,0.000000,0.000000,0.000000,0.000000,0.000000,0.000000,1,1,1,1,0,2.026638,1.873229,-0.178738,0.153409,0.178738,7.670432,16.086456,-0.012178,23.744751,0,1500.000000,1523.744751,1500.000000
81048,34.488392,100765.000000,2.370000,8,1,1518,1620,1497,1453,1522.000000,1,1,2,1,-1.857570,0.118322,-6.893381,2.174052,-103.427963,0.349448,0.020593,1,0,0,0.000000,0.000000,0.000000,0.000000,0.000000,0.000000,1,1,1,1,0,2.026638,1.841372,-0.138888,0.185266,0.138888,9.263325,12.499949,-0.004519,21.758789,0,1500.000000,1521.758789,1500.000000
81159,34.480133,100764.101563,2.390000,30,1,1531,1624,1488,1457,1525.000000,1,1,2,1,-1.825987,0.171125,-9.390391,2.228250,-104.019241,0.341695,0.019482,1,0,0,0.000000,0.000000,0.000000,0.000000,0.000000,0.000000,1,1,1,1,0,2.026638,1.827190,-0.171949,0.199448,0.171949,9.972424,15.475389,0.005371,25.453125,0,1500.000000,1525.453125,1500.000000
81244,34.477264,100765.804688,2.400000,29,1,1516,1616,1489,1459,1520.000000,1,1,2,1,-1.854636,0.126073,-10.619221,2.374616,-104.371727,0.382802,0.024652,1,0,0,0.000000,0.000000,0.000000,0.000000,0.000000,0.000000,1,1,1,1,0,2.026638,1.855399,-0.128160,0.171239,0.128160,8.561951,11.534367,0.012862,20.109131,0,1500.000000,1520.109131,1500.000000
81354,34.472328,100767.101563,2.370000,3,1,1510,1611,1495,1480,1524.000000,1,1,2,1,-1.844754,0.107683,-10.484262,2.706357,-104.659485,0.365984,0.022463,1,0,0,0.000000,0.000000,0.000000,0.000000,0.000000,0.000000,1,1,1,1,0,2.026638,1.826409,-0.151222,0.200229,0.151222,10.011453,13.609961,0.022254,23.643677,0,1500.000000,1523.643677,1500.000000
81445,34.464558,100766.500000,2.340000,9,1,1508,1609,1513,1486,1529.000000,1,1,2,1,-1.813094,0.177339,-8.887329,3.028636,-104.818901,0.364515,0.022389,1,0,0,0.000000,0.000000,0.000000,0.000000,0.000000,0.000000,1,1,1,1,0,2.026638,1.795876,-0.195854,0.230762,0.195854,11.538088,17.626848,0.032358,29.197266,0,1500.000000,1529.197266,1500.000000
81554,34.455494,100765.898438,2.320000,19,1,1510,1600,1518,1495,1531.000000,1,1,2,1,-1.779863,0.174017,-6.874859,3.114205,-104.909622,0.376967,0.023944,1,0,0,0.000000,0.000000,0.000000,0.000000,0.000000,0.000000,1,1,1,1,0,2.026638,1.763033,-0.195640,0.263605,0.195640,13.180250,17.607574,0.043423,30.831299,0,1500.000000,1530.831299,1500.000000
81664,34.449245,100766.203125,2.310000,1,1,1502,1596,1518,1488,1526.000000,1,1,2,1,-1.751488,0.130131,-5.303657,3.198479,-105.020058,0.340283,0.019350,1,0,0,0.000000,0.000000,0.000000,0.000000,0.000000,0.000000,1,1,1,1,0,2.026638,1.753105,-0.139291,0.273533,0.139291,13.676661,12.536223,0.057988,26.270874,0,1500.000000,1526.270874,1500.000000
81758,34.442978,100767.101563,2.280000,9,1,1492,1582,1505,1473,1513.000000,1,1,2,1,-1.799946,0.018092,-4.568072,3.016295,-105.171883,0.318591,0.016990,1,0,0,0.000000,0.000000,0.000000,0.000000,0.000000,0.000000,1,1,1,1,0,2.026638,1.800021,-0.019429,0.226617,0.019429,11.330843,1.748646,0.070269,13.149780,0,1500.000000,1513.149780,1500.000000
81844,34.437798,100767.304688,2.280000,9,1,1504,1586,1505,1473,1517.000000,1,1,2,1,-1.774680,0.006657,-4.337474,2.717440,-105.330429,0.343465,0.019862,1,0,0,0.000000,0.000000,0.000000,0.000000,0.000000,0.000000,1,1,1,1,0,2.026638,1.756614,-0.040441,0.270024,0.040441,13.501185,3.639668,0.080791,17.221680,0,1500.000000,1517.221680,1500.000000
81949,34.431046,100766.601563,2.280000,28,1,1506,1588,1511,1476,1520.000000,1,1,2,1,-1.753362,0.076692,-4.647934,2.316144,-105.340355,0.363441,0.022270,1,0,0,0.000000,0.000000,0.000000,0.000000,0.000000,0.000000,1,1,1,1,0,2.026638,1.754730,-0.074475,0.271909,0.074475,13.595427,6.702756,0.093755,20.391968,0,1500.000000,1520.391968,1500.000000
82060,34.420788,100767.500000,2.260000,10,1,1506,1578,1499,1466,1512.000000,1,1,2,1,-1.753786,-0.017745,-5.018080,2.105363,-105.291824,0.344011,0.019956,1,0,0,0.000000,0.000000,0.000000,0.000000,0.000000,0.000000,1,1,1,1,0,2.026638,1.753702,0.015890,0.272936,-0.015890,13.646782,-1.430097,0.109649,12.326294,0,1500.000000,1512.326294,1500.000000
82154,34.410866,100764.804688,2.290000,1,1,1504,1570,1484,1462,1505.000000,1,1,2,1,-1.719396,0.039100,-5.263794,1.938916,-105.096092,0.334937,0.018798,1,0,0,0.000000,0.000000,0.000000,0.000000,0.000000,0.000000,1,1,1,1,0,2.026638,1.776807,0.087778,0.249831,-0.087778,12.491542,-7.900023,0.120107,4.711670,0,1500.000000,1504.711670,1500.000000
82248,34.411110,100766.398438,2.290000,9,1,1506,1571,1489,1473,1510.000000,1,1,2,1,-1.779258,-0.087872,-5.277782,1.950942,-104.862206,0.351029,0.020661,1,0,0,0.000000,0.000000,0.000000,0.000000,0.000000,0.000000,1,1,1,1,0,2.026638,1.758735,0.037139,0.267903,-0.037139,13.395161,-3.342510,0.134298,10.186890,0,1500.000000,1510.186890,1500.000000
82341,34.398579,100765.601563,2.290000,8,1,1509,1574,1487,1478,1512.000000,1,1,2,1,-1.768819,-0.052310,-5.375779,2.009306,-104.669075,0.361107,0.021923,1,0,0,0.000000,0.000000,0.000000,0.000000,0.000000,0.000000,1,1,1,1,0,2.026638,1.748846,0.023621,0.277792,-0.023621,13.889593,-2.125872,0.147562,11.911255,0,1500.000000,1511.911255,1500.000000
82443,34.396866,100767.398438,2.280000,24,1,1518,1573,1487,1474,1513.000000,1,1,2,1,-1.759629,-0.000779,-5.554545,2.285924,-104.462227,0.358956,0.021727,1,0,0,0.000000,0.000000,0.000000,0.000000,0.000000,0.000000,1,1,1,1,0,2.026638,1.759612,0.003441,0.267026,-0.003441,13.351292,-0.309729,0.160564,13.202148,0,1500.000000,1513.202148,1500.000000
82558,34.384544,100766.398438,2.280000,10,1,1511,1577,1476,1476,1510.000000,1,1,2,1,-1.771169,-0.031330,-6.036794,2.574588,-104.249519,0.346720,0.020279,1,0,0,0.000000,0.000000,0.000000,0.000000,0.000000,0.000000,1,1,1,1,0,2.026638,1.771000,0.036406,0.255638,-0.036406,12.781906,-3.276559,0.175782,9.681152,0,1500.000000,1509.681152,1500.000000
82644,34.380676,100766.304688,2.280000,10,1,1514,1574,1484,1475,1512.000000,1,1,2,1,-1.808208,-0.048384,-6.211925,2.794004,-104.083527,0.310589,0.016125,1,0,0,0.000000,0.000000,0.000000,0.000000,0.000000,0.000000,1,1,1,1,0,2.026638,1.789411,0.002184,0.237227,-0.002184,11.861336,-0.196525,0.185456,11.850220,0,1500.000000,1511.850220,1500.000000
82751,34.373486,100765.203125,2.300000,31,1,1501,1569,1483,1475,1507.000000,1,1,2,1,-1.803855,-0.040036,-6.137670,3.020775,-103.879868,0.335561,0.018952,1,0,0,0.000000,0.000000,0.000000,0.000000,0.000000,0.000000,1,1,1,1,0,2.026638,1.803090,0.050005,0.223548,-0.050005,11.177415,-4.500478,0.197786,6.874756,0,1500.000000,1506.874756,1500.000000
82841,34.369896,100765.898438,2.310000,35,1,1498,1570,1482,1470,1505.000000,1,1,2,1,-1.801721,-0.072485,-5.835071,3.181789,-103.803215,0.348820,0.020518,1,0,0,0.000000,0.000000,0.000000,0.000000,0.000000,0.000000,1,1,1,1,0,2.026638,1.801008,0.071052,0.225631,-0.071052,11.281527,-6.394687,0.209030,5.095825,0,1500.000000,1505.095825,1500.000000
82947,34.357697,100765.601563,2.320000,4,1,1492,1574,1486,1459,1503.000000,1,1,2,1,-1.820782,-0.121132,-5.393382,3.231818,-103.858932,0.337021,0.019126,1,0,0,0.000000,0.000000,0.000000,0.000000,0.000000,0.000000,1,1,1,1,0,2.026638,1.801981,0.097748,0.224657,-0.097748,11.232829,-8.797308,0.219684,2.655151,0,1500.000000,1502.655151,1500.000000
83052,34.352325,100764.304688,2.350000,20,1,1480,1571,1492,1457,1500.000000,1,1,2,1,-1.826020,-0.124483,-5.179350,3.284359,-103.995880,0.365380,0.022513,1,0,0,0.000000,0.000000,0.000000,0.000000,0.000000,0.000000,1,1,1,1,0,2.026638,1.804620,0.126990,0.222018,-0.126990,11.100888,-11.429123,0.229564,-0.098633,0,1500.000000,1499.901367,1500.000000
83161,34.340530,100763.398438,2.400000,0,1,1478,1565,1486,1458,1497.000000,1,1,2,1,-1.835663,-0.153151,-4.782396,3.241036,-104.250282,0.347548,0.020280,1,0,0,0.000000,0.000000,0.000000,0.000000,0.000000,0.000000,1,1,1,1,0,2.026638,1.833036,0.139183,0.193602,-0.139183,9.680110,-12.526448,0.240525,-2.605835,0,1500.000000,1497.394165,1500.000000
83251,34.336960,100762.703125,2.440000,4,1,1465,1560,1479,1440,1486.000000,1,1,2,1,-1.915061,-0.303991,-4.501812,3.189126,-104.482590,0.367135,0.022514,1,0,0,0.000000,0.000000,0.000000,0.000000,0.000000,0.000000,1,1,1,1,0,2.026638,1.888630,0.230887,0.138008,-0.230887,6.900424,-20.779819,0.246693,-13.632690,0,1500.000000,1486.367310,1500.000000
83357,34.329540,100763.898438,2.460000,24,1,1456,1560,1484,1436,1484.000000,1,1,2,1,-1.925596,-0.241521,-4.210493,3.265772,-104.905907,0.379944,0.024297,1,0,0,0.000000,0.000000,0.000000,0.000000,0.000000,0.000000,1,1,1,1,0,2.026638,1.925114,0.241119,0.101524,-0.241119,5.076223,-21.700747,0.253799,-16.370728,0,1500.000000,1483.629272,1500.000000
83448,34.328228,100762.500000,2.490000,29,1,1451,1561,1488,1428,1482.000000,1,1,2,1,-1.938854,-0.259160,-3.771023,3.207139,-105.302116,0.397600,0.026665,1,0,0,0.000000,0.000000,0.000000,0.000000,0.000000,0.000000,1,1,1,1,0,2.026638,1.936279,0.255392,0.090359,-0.255392,4.517972,-22.985281,0.257518,-18.209839,0,1500.000000,1481.790161,1500.000000
83558,34.314873,100762.101563,2.530000,10,1,1451,1560,1501,1435,1487.000000,1,1,2,1,-1.974905,-0.173138,-3.006895,3.004059,-105.926926,0.396322,0.026490,1,0,0,0.000000,0.000000,0.000000,0.000000,0.000000,0.000000,1,1,1,1,0,2.026638,1.974035,0.174950,0.052603,-0.174950,2.630168,-15.745515,0.261033,-12.854370,0,1500.000000,1487.145630,1500.000000
83644,34.310795,100760.398438,2.580000,10,1,1451,1560,1501,1428,1485.000000,1,1,2,1,-2.035323,-0.231243,-2.357735,2.652707,-106.446167,0.389228,0.025316,1,0,0,0.000000,0.000000,0.000000,0.000000,0.000000,0.000000,1,1,1,1,0,2.026638,2.010772,0.176248,0.015866,-0.176248,0.793290,-15.862283,0.262113,-14.806885,0,1500.000000,1485.193115,1500.000000
83756,34.302414,100760.000000,2.620000,36,1,1445,1553,1506,1425,1482.000000,1,1,2,1,-2.053638,-0.182625,-1.784191,2.163072,-107.126472,0.415255,0.029017,1,0,0,0.000000,0.000000,0.000000,0.000000,0.000000,0.000000,1,1,1,1,0,2.026638,2.053273,0.182971,-0.026635,-0.182971,-1.331747,-16.467352,0.262358,-17.536743,0,1500.000000,1482.463257,1500.000000
83842,34.297531,100761.304688,2.640000,35,1,1452,1552,1501,1423,1482.000000,1,1,2,1,-2.067658,-0.182688,-1.657700,1.824549,-107.551498,0.420915,0.029871,1,0,0,0.000000,0.000000,0.000000,0.000000,0.000000,0.000000,1,1,1,1,0,2.026638,2.065450,0.185758,-0.038812,-0.185758,-1.940596,-16.718182,0.260992,-18.397827,0,1500.000000,1481.602173,1500.000000
83958,34.292351,100762.398438,2.630000,16,1,1453,1549,1495,1423,1480.000000,1,1,2,1,-2.100574,-0.180013,-1.835471,1.354978,-108.095291,0.371202,0.023205,1,0,0,0.000000,0.000000,0.000000,0.000000,0.000000,0.000000,1,1,1,1,0,2.026638,2.100213,0.181392,-0.073575,-0.181392,-3.678739,-16.325302,0.257245,-19.746826,0,1500.000000,1480.253174,1500.000000
84051,34.287834,100762.703125,2.630000,20,1,1450,1549,1496,1429,1481.000000,1,1,2,1,-2.108876,-0.173739,-1.950565,1.214122,-108.440338,0.362791,0.022199,1,0,0,0.000000,0.000000,0.000000,0.000000,0.000000,0.000000,1,1,1,1,0,2.026638,2.105803,0.168249,-0.079165,-0.168249,-3.958237,-15.142366,0.253656,-18.846924,0,1500.000000,1481.153076,1500.000000
84160,34.283722,100764.304688,2.610000,0,1,1463,1554,1486,1425,1482.000000,1,1,2,1,-2.114393,-0.152162,-2.139561,1.251471,-108.643158,0.310233,0.016154,1,0,0,0.000000,0.000000,0.000000,0.000000,0.000000,0.000000,1,1,1,1,0,2.026638,2.112380,0.158249,-0.085742,-0.158249,-4.287100,-14.242407,0.247557,-18.281982,0,1500.000000,1481.718018,1500.000000
84256,34.280010,100763.398438,2.590000,10,1,1452,1543,1476,1421,1476.000000,1,1,2,1,-2.175569,-0.224235,-2.575028,1.390453,-108.714432,0.249553,0.010450,1,0,0,0.000000,0.000000,0.000000,0.000000,0.000000,0.000000,1,1,1,1,0,2.026638,2.174453,0.221954,-0.147815,-0.221954,-7.390761,-19.975891,0.241329,-27.125366,0,1500.000000,1472.874634,1500.000000
84358,34.267986,100762.203125,2.600000,19,1,1461,1551,1470,1430,1478.000000,1,1,2,1,-2.169607,-0.173198,-3.129075,1.664257,-108.676163,0.268303,0.012106,1,0,0,0.000000,0.000000,0.000000,0.000000,0.000000,0.000000,1,1,1,1,0,2.026638,2.168228,0.171813,-0.141590,-0.171813,-7.079494,-15.463207,0.234896,-22.307861,0,1500.000000,1477.692139,1500.000000
84448,34.262230,100761.703125,2.610000,24,1,1471,1542,1475,1444,1483.000000,1,1,2,1,-2.159391,-0.119934,-3.312394,1.860855,-108.529327,0.288173,0.014006,1,0,0,0.000000,0.000000,0.000000,0.000000,0.000000,0.000000,1,1,1,1,0,2.026638,2.157276,0.114039,-0.130638,-0.114039,-6.531894,-10.263488,0.229368,-16.566040,0,1500.000000,1483.433960,1500.000000
84557,34.251713,100762.898438,2.590000,4,1,1471,1534,1474,1445,1481.000000,1,1,2,1,-2.166523,-0.159012,-2.887485,1.866480,-108.309784,0.256484,0.011102,1,0,0,0.000000,0.000000,0.000000,0.000000,0.000000,0.000000,1,1,1,1,0,2.026638,2.153218,0.148428,-0.126580,-0.148428,-6.328988,-13.358480,0.220840,-19.466675,0,1500.000000,1480.533325,1500.000000
84656,34.252518,100763.703125,2.570000,17,1,1468,1529,1460,1435,1473.000000,1,1,2,1,-2.151489,-0.071853,-2.663205,1.874478,-107.997292,0.196972,0.006486,1,0,0,0.000000,0.000000,0.000000,0.000000,0.000000,0.000000,1,1,1,1,0,2.026638,2.204767,0.205553,-0.178129,-0.205553,-8.906448,-18.499741,0.212892,-27.193237,0,1500.000000,1472.806763,1500.000000
84743,34.244308,100762.898438,2.570000,0,1,1484,1543,1475,1450,1488.000000,1,1,2,1,-2.170274,-0.055310,-3.004081,1.814446,-107.706337,0.234816,0.009287,1,0,0,0.000000,0.000000,0.000000,0.000000,0.000000,0.000000,1,1,1,1,0,2.026638,2.169816,0.059652,-0.143178,-0.059652,-7.158875,-5.368677,0.207490,-12.320068,0,1500.000000,1487.679932,1500.000000
84858,34.239864,100763.500000,2.570000,29,1,1490,1544,1474,1452,1490.000000,1,1,2,1,-2.159041,-0.042011,-3.321736,1.686108,-107.324165,0.244735,0.010092,1,0,0,0.000000,0.000000,0.000000,0.000000,0.000000,0.000000,1,1,1,1,0,2.026638,2.158956,0.042375,-0.132318,-0.042375,-6.615913,-3.813728,0.199342,-10.230347,0,1500.000000,1489.769653,1500.000000
84949,34.232742,100763.898438,2.570000,34,1,1499,1552,1476,1465,1498.000000,1,1,2,1,-2.131521,0.027914,-3.678477,1.610676,-107.006805,0.271609,0.012435,1,0,0,0.000000,0.000000,0.000000,0.000000,0.000000,0.000000,1,1,1,1,0,2.026638,2.131933,-0.030699,-0.105295,0.030699,-5.264771,2.762886,0.194554,-2.307373,0,1500.000000,1497.692627,1500.000000
85056,34.220631,100763.703125,2.550000,12,1,1503,1553,1480,1468,1501.000000,1,1,2,1,-2.115173,0.056980,-3.878983,1.474564,-106.613289,0.267990,0.012119,1,0,0,0.000000,0.000000,0.000000,0.000000,0.000000,0.000000,1,1,1,1,0,2.026638,2.115287,-0.056795,-0.088649,0.056795,-4.432440,5.111507,0.188188,0.867310,0,1500.000000,1500.867310,1500.000000
85160,34.216568,100764.601563,2.530000,30,1,1509,1561,1489,1478,1509.000000,1,1,2,1,-2.081905,0.126480,-3.889417,1.443541,-106.208839,0.224230,0.008408,1,0,0,0.000000,0.000000,0.000000,0.000000,0.000000,0.000000,1,1,1,1,0,2.026638,2.082156,-0.125142,-0.055518,0.125142,-2.775908,11.262822,0.183640,8.670532,0,1500.000000,1508.670532,1500.000000
85246,34.217285,100766.304688,2.500000,30,1,1505,1552,1487,1477,1505.000000,1,1,2,1,-2.097671,0.092690,-3.724212,1.459977,-105.905281,0.232125,0.009073,1,0,0,0.000000,0.000000,0.000000,0.000000,0.000000,0.000000,1,1,1,1,0,2.026638,2.098423,-0.094704,-0.071784,0.094704,-3.589225,8.523377,0.181137,5.115234,0,1500.000000,1505.115234,1500.000000
85354,34.209148,100765.898438,2.470000,9,1,1515,1567,1492,1475,1512.000000,1,1,2,1,-2.064128,0.113803,-3.417639,1.422140,-105.547935,0.238093,0.009541,1,0,0,0.000000,0.000000,0.000000,0.000000,0.000000,0.000000,1,1,1,1,0,2.026638,2.053606,-0.146325,-0.026968,0.146325,-1.348388,13.169254,0.178837,11.999756,0,1500.000000,1511.999756,1500.000000
85460,34.208412,100767.500000,2.420000,29,1,1525,1576,1503,1481,1521.000000,1,1,2,1,-2.004817,0.216429,-3.635300,1.331726,-105.261360,0.242293,0.009899,1,0,0,0.000000,0.000000,0.000000,0.000000,0.000000,0.000000,1,1,1,1,0,2.026638,2.005252,-0.217627,0.021386,0.217627,1.069319,19.586430,0.178282,20.833984,0,1500.000000,1520.833984,1500.000000
85554,34.199699,100766.398438,2.400000,37,1,1544,1597,1515,1488,1536.000000,1,1,2,1,-1.939364,0.330132,-4.439578,1.022289,-105.071075,0.214150,0.007661,1,0,0,0.000000,0.000000,0.000000,0.000000,0.000000,0.000000,1,1,1,1,0,2.026638,1.945823,-0.351039,0.080815,0.351039,4.040771,31.593491,0.179718,35.813965,0,1500.000000,1535.813965,1500.000000
85659,34.194588,100768.203125,2.340000,0,1,1552,1604,1512,1488,1539.000000,1,1,2,1,-1.883014,0.353604,-5.643375,0.988673,-104.900734,0.242888,0.009926,1,0,0,0.000000,0.000000,0.000000,0.000000,0.000000,0.000000,1,1,1,1,0,2.026638,1.886531,-0.349818,0.140107,0.349818,7.005346,31.483656,0.185308,38.674316,0,1500.000000,1538.674316,1500.000000
85748,34.189861,100767.703125,2.310000,4,1,1553,1612,1499,1481,1536.000000,1,1,2,1,-1.896456,0.278913,-7.148840,1.167111,-104.743988,0.248493,0.010317,1,0,0,0.000000,0.000000,0.000000,0.000000,0.000000,0.000000,1,1,1,1,0,2.026638,1.885327,-0.317721,0.141311,0.317721,7.065535,28.594910,0.190846,35.851318,0,1500.000000,1535.851318,1500.000000
85858,34.183422,100768.101563,2.290000,28,1,1565,1620,1499,1492,1544.000000,1,1,2,1,-1.826007,0.369487,-9.280525,1.589396,-104.549881,0.288914,0.014044,1,0,0,0.000000,0.000000,0.000000,0.000000,0.000000,0.000000,1,1,1,1,0,2.026638,1.827489,-0.370972,0.199149,0.370972,9.957468,33.387505,0.201345,43.546265,0,1500.000000,1543.546265,1500.000000
85946,34.171871,100766.203125,2.270000,30,1,1566,1622,1494,1495,1544.000000,1,1,2,1,-1.773022,0.339441,-10.502620,1.856351,-104.369804,0.324882,0.017781,1,0,0,0.000000,0.000000,0.000000,0.000000,0.000000,0.000000,1,1,1,1,0,2.026638,1.775761,-0.345615,0.250877,0.345615,12.543827,31.105379,0.210488,43.859741,0,1500.000000,1543.859741,1500.000000
86054,34.173252,100768.703125,2.210000,9,1,1552,1614,1516,1515,1549.000000,1,1,2,1,-1.729557,0.359304,-10.565555,2.300532,-104.110077,0.315099,0.016749,1,0,0,0.000000,0.000000,0.000000,0.000000,0.000000,0.000000,1,1,1,1,0,2.026638,1.719382,-0.375384,0.307256,0.375384,15.362787,33.784561,0.223614,49.370972,0,1500.000000,1549.370972,1500.000000
86160,34.165852,100766.500000,2.220000,29,1,1536,1604,1530,1518,1547.000000,1,1,2,1,-1.676817,0.326583,-9.071199,2.685920,-103.993858,0.320733,0.017197,1,0,0,0.000000,0.000000,0.000000,0.000000,0.000000,0.000000,1,1,1,1,0,2.026638,1.677473,-0.329551,0.349165,0.329551,17.458231,29.659578,0.241985,47.359741,0,1500.000000,1547.359741,1500.000000
86246,34.165169,100769.601563,2.190000,29,1,1523,1587,1521,1506,1534.000000,1,1,2,1,-1.691084,0.183983,-7.140122,2.841190,-103.932335,0.331881,0.018540,1,0,0,0.000000,0.000000,0.000000,0.000000,0.000000,0.000000,1,1,1,1,0,2.026638,1.692584,-0.190993,0.334054,0.190993,16.702717,17.189384,0.255780,34.147827,0,1500.000000,1534.147827,1500.000000
86356,34.149628,100766.101563,2.200000,10,1,1519,1599,1528,1498,1541.000000,1,1,2,1,-1.660142,0.193815,-5.452294,2.654210,-103.965843,0.379066,0.024185,1,0,0,0.000000,0.000000,0.000000,0.000000,0.000000,0.000000,1,1,1,1,0,2.026638,1.660142,-0.193815,0.366496,0.193815,18.324780,17.443378,0.277546,36.045654,0,1500.000000,1536.045654,1500.000000
86442,34.144077,100765.898438,2.210000,10,1,1533,1610,1536,1497,1544.000000,1,1,2,1,-1.626432,0.232167,-4.832576,2.279916,-104.029686,0.424238,0.030349,1,0,0,0.000000,0.000000,0.000000,0.000000,0.000000,0.000000,1,1,1,1,0,2.026638,1.605762,-0.250103,0.420876,0.250103,21.043814,22.509232,0.293127,43.846191,0,1500.000000,1543.846191,1500.000000
86550,34.142750,100766.703125,2.230000,32,1,1538,1602,1526,1494,1540.000000,1,1,2,1,-1.599296,0.192301,-4.999295,1.670968,-104.042198,0.415978,0.028913,1,0,0,0.000000,0.000000,0.000000,0.000000,0.000000,0.000000,1,1,1,1,0,2.026638,1.603097,-0.207110,0.423541,0.207110,21.177059,18.639942,0.313298,40.130249,0,1500.000000,1540.130249,1500.000000
86660,34.136589,100764.804688,2.270000,13,1,1523,1582,1505,1477,1522.000000,1,1,2,1,-1.605958,0.190873,-5.372701,1.259097,-103.925545,0.449571,0.033470,1,0,0,0.000000,0.000000,0.000000,0.000000,0.000000,0.000000,1,1,1,1,0,2.026638,1.640470,-0.020974,0.386168,0.020974,19.308399,1.887685,0.337299,21.533325,0,1500.000000,1521.533325,1500.000000
86745,34.134155,100766.398438,2.280000,12,1,1542,1588,1515,1498,1536.000000,1,1,2,1,-1.643145,0.100257,-5.558165,1.073305,-103.624367,0.483428,0.039166,1,0,0,0.000000,0.000000,0.000000,0.000000,0.000000,0.000000,1,1,1,1,0,2.026638,1.616913,-0.170668,0.409725,0.170668,20.486271,15.360089,0.353755,36.200073,0,1500.000000,1536.200073,1500.000000
86852,34.125526,100765.304688,2.290000,19,1,1538,1575,1490,1497,1525.000000,1,1,2,1,-1.644968,-0.006659,-5.687933,1.256032,-103.147629,0.491768,0.040657,1,0,0,0.000000,0.000000,0.000000,0.000000,0.000000,0.000000,1,1,1,1,0,2.026638,1.618232,-0.047247,0.408406,0.047247,20.420324,4.252233,0.373683,25.046265,0,1500.000000,1525.046265,1500.000000
86962,34.117146,100766.601563,2.280000,1,1,1536,1572,1478,1494,1520.000000,1,1,2,1,-1.645746,0.003222,-6.242105,1.754784,-102.594330,0.478836,0.038640,1,0,0,0.000000,0.000000,0.000000,0.000000,0.000000,0.000000,1,1,1,1,0,2.026638,1.645764,-0.004261,0.380874,0.004261,19.043709,0.383446,0.396510,19.823608,0,1500.000000,1519.823608,1500.000000
87051,34.115307,100766.101563,2.280000,4,1,1545,1577,1467,1487,1519.000000,1,1,2,1,-1.672633,-0.011471,-7.071065,2.243325,-102.189934,0.450553,0.034231,1,0,0,0.000000,0.000000,0.000000,0.000000,0.000000,0.000000,1,1,1,1,0,2.026638,1.649451,0.004087,0.377187,-0.004087,18.859327,-0.367790,0.410650,18.902222,0,1500.000000,1518.902222,1500.000000
87142,34.114624,100766.898438,2.280000,9,1,1551,1584,1459,1478,1518.000000,1,1,2,1,-1.720194,-0.054637,-8.565906,2.493166,-101.691269,0.404336,0.027317,1,0,0,0.000000,0.000000,0.000000,0.000000,0.000000,0.000000,1,1,1,1,0,2.026638,1.695684,-0.010022,0.330954,0.010022,16.547710,0.901969,0.427659,17.877319,0,1500.000000,1517.877319,1500.000000
87248,34.106995,100765.304688,2.290000,29,1,1540,1552,1449,1483,1506.000000,1,1,2,1,-1.726096,-0.115479,-9.980167,2.634474,-101.103409,0.408327,0.028054,1,0,0,0.000000,0.000000,0.000000,0.000000,0.000000,0.000000,1,1,1,1,0,2.026638,1.724975,0.108438,0.301663,-0.108438,15.083146,-9.759418,0.444179,5.767944,0,1500.000000,1505.767944,1500.000000
87358,34.097210,100764.203125,2.340000,10,1,1528,1545,1450,1481,1501.000000,1,1,2,1,-1.755494,-0.149998,-9.986501,2.478925,-100.285049,0.428160,0.030846,1,0,0,0.000000,0.000000,0.000000,0.000000,0.000000,0.000000,1,1,1,1,0,2.026638,1.754751,0.147119,0.271887,-0.147119,13.594347,-13.240704,0.461796,0.815430,0,1500.000000,1500.815430,1500.000000
87448,34.096981,100763.898438,2.380000,13,1,1518,1545,1466,1487,1504.000000,1,1,2,1,-1.768876,-0.146277,-8.971775,2.298419,-99.679367,0.456707,0.035165,1,0,0,0.000000,0.000000,0.000000,0.000000,0.000000,0.000000,1,1,1,1,0,2.026638,1.743292,0.120926,0.283346,-0.120926,14.167279,-10.883296,0.472571,3.756592,0,1500.000000,1503.756592,1500.000000
87552,34.090767,100764.601563,2.400000,19,1,1507,1532,1467,1483,1497.000000,1,1,2,1,-1.790884,-0.196751,-7.242836,2.184155,-99.231247,0.456694,0.035162,1,0,0,0.000000,0.000000,0.000000,0.000000,0.000000,0.000000,1,1,1,1,0,2.026638,1.763306,0.182050,0.263332,-0.182050,13.166624,-16.384529,0.484798,-2.733154,0,1500.000000,1497.266846,1500.000000
87662,34.089245,100765.398438,2.420000,0,1,1498,1538,1470,1466,1493.000000,1,1,2,1,-1.814534,-0.192845,-5.873090,1.950092,-98.992516,0.411216,0.028279,1,0,0,0.000000,0.000000,0.000000,0.000000,0.000000,0.000000,1,1,1,1,0,2.026638,1.811417,0.198792,0.215221,-0.198792,10.761052,-17.891256,0.497327,-6.632935,0,1500.000000,1493.367065,1500.000000
87751,34.077431,100761.601563,2.460000,4,1,1485,1530,1466,1455,1484.000000,1,1,2,1,-1.903739,-0.332577,-5.102545,1.663212,-99.008087,0.400724,0.026805,1,0,0,0.000000,0.000000,0.000000,0.000000,0.000000,0.000000,1,1,1,1,0,2.026638,1.875057,0.265083,0.151581,-0.265083,7.579029,-23.857491,0.504125,-15.774292,0,1500.000000,1484.225708,1500.000000
87858,34.074757,100763.703125,2.480000,25,1,1484,1539,1476,1453,1488.000000,1,1,2,1,-1.924051,-0.193375,-4.187122,1.339369,-99.260384,0.402512,0.027257,1,0,0,0.000000,0.000000,0.000000,0.000000,0.000000,0.000000,1,1,1,1,0,2.026638,1.923271,0.196670,0.103367,-0.196670,5.168372,-17.700291,0.511531,-12.020386,0,1500.000000,1487.979614,1500.000000
87949,34.064762,100761.601563,2.520000,30,1,1469,1537,1482,1456,1486.000000,1,1,2,1,-1.945562,-0.204378,-3.207932,1.381217,-99.464272,0.422120,0.030039,1,0,0,0.000000,0.000000,0.000000,0.000000,0.000000,0.000000,1,1,1,1,0,2.026638,1.942886,0.207763,0.083752,-0.207763,4.187613,-18.698698,0.515176,-13.995850,0,1500.000000,1486.004150,1500.000000
88058,34.063187,100762.804688,2.550000,10,1,1465,1550,1493,1445,1488.000000,1,1,2,1,-1.983086,-0.155672,-2.218784,1.258752,-100.025337,0.408702,0.028170,1,0,0,0.000000,0.000000,0.000000,0.000000,0.000000,0.000000,1,1,1,1,0,2.026638,1.982296,0.160180,0.044342,-0.160180,2.217084,-14.416225,0.518309,-11.680786,0,1500.000000,1488.319214,1500.000000
88144,34.055923,100761.203125,2.590000,10,1,1469,1550,1492,1441,1488.000000,1,1,2,1,-2.040712,-0.204534,-1.924257,1.145244,-100.536720,0.394041,0.025941,1,0,0,0.000000,0.000000,0.000000,0.000000,0.000000,0.000000,1,1,1,1,0,2.026638,2.015959,0.140377,0.010679,-0.140377,0.533938,-12.633907,0.519126,-11.580811,0,1500.000000,1488.419189,1500.000000
88256,34.053787,100761.804688,2.610000,35,1,1461,1547,1485,1432,1481.000000,1,1,2,1,-2.059043,-0.202360,-1.875137,1.079027,-101.260101,0.399721,0.026884,1,0,0,0.000000,0.000000,0.000000,0.000000,0.000000,0.000000,1,1,1,1,0,2.026638,2.058638,0.202555,-0.032000,-0.202555,-1.600003,-18.229948,0.519054,-19.310913,0,1500.000000,1480.689087,1500.000000
88341,34.050076,100763.304688,2.600000,35,1,1470,1550,1490,1442,1488.000000,1,1,2,1,-2.062237,-0.109627,-1.673100,1.012669,-101.798851,0.382002,0.024601,1,0,0,0.000000,0.000000,0.000000,0.000000,0.000000,0.000000,1,1,1,1,0,2.026638,2.061074,0.122647,-0.034436,-0.122647,-1.721799,-11.038198,0.517726,-12.242310,0,1500.000000,1487.757690,1500.000000
88449,34.044441,100764.000000,2.580000,14,1,1467,1553,1496,1445,1490.000000,1,1,2,1,-2.083575,-0.098069,-1.391203,0.927084,-102.317482,0.334994,0.018916,1,0,0,0.000000,0.000000,0.000000,0.000000,0.000000,0.000000,1,1,1,1,0,2.026638,2.064821,0.092722,-0.038182,-0.092722,-1.909125,-8.345022,0.515234,-9.738892,0,1500.000000,1490.261108,1500.000000
88553,34.034378,100763.000000,2.590000,19,1,1479,1554,1493,1446,1493.000000,1,1,2,1,-2.082858,-0.043566,-1.767800,0.648628,-102.830360,0.346142,0.020195,1,0,0,0.000000,0.000000,0.000000,0.000000,0.000000,0.000000,1,1,1,1,0,2.026638,2.063741,0.059640,-0.037103,-0.059640,-1.855171,-5.367629,0.512088,-6.710693,0,1500.000000,1493.289307,1500.000000
88663,34.027973,100763.500000,2.570000,1,1,1487,1556,1487,1446,1494.000000,1,1,2,1,-2.078602,-0.057453,-2.150807,0.551355,-103.247604,0.287587,0.013830,1,0,0,0.000000,0.000000,0.000000,0.000000,0.000000,0.000000,1,1,1,1,0,2.026638,2.077642,0.046741,-0.051004,-0.046741,-2.550220,-4.206647,0.508004,-6.248901,0,1500.000000,1493.751099,1500.000000
88752,34.021515,100764.101563,2.560000,3,1,1473,1543,1482,1446,1486.000000,1,1,2,1,-2.134228,-0.154945,-2.211359,0.546490,-103.438957,0.261497,0.011426,1,0,0,0.000000,0.000000,0.000000,0.000000,0.000000,0.000000,1,1,1,1,0,2.026638,2.116707,0.113184,-0.090069,-0.113184,-4.503429,-10.186569,0.504836,-14.185181,0,1500.000000,1485.814819,1500.000000
88859,34.019432,100763.804688,2.570000,25,1,1484,1542,1481,1449,1489.000000,1,1,2,1,-2.121158,-0.078988,-2.087184,0.606220,-103.626381,0.285931,0.013757,1,0,0,0.000000,0.000000,0.000000,0.000000,0.000000,0.000000,1,1,1,1,0,2.026638,2.120844,0.078314,-0.094206,-0.078314,-4.710293,-7.048265,0.499407,-11.259155,0,1500.000000,1488.740845,1500.000000
88949,34.012447,100765.000000,2.550000,29,1,1492,1552,1487,1457,1497.000000,1,1,2,1,-2.102309,0.005490,-1.966346,0.690484,-103.741524,0.282166,0.013423,1,0,0,0.000000,0.000000,0.000000,0.000000,0.000000,0.000000,1,1,1,1,0,2.026638,2.102372,-0.004681,-0.075734,0.004681,-3.786707,0.421318,0.495935,-2.869507,0,1500.000000,1497.130493,1500.000000
89058,34.006393,100764.101563,2.530000,9,1,1496,1551,1488,1457,1498.000000,1,1,2,1,-2.096248,0.007969,-1.940918,0.598483,-103.793221,0.267500,0.012066,1,0,0,0.000000,0.000000,0.000000,0.000000,0.000000,0.000000,1,1,1,1,0,2.026638,2.096279,-0.007677,-0.069641,0.007677,-3.482056,0.690937,0.491072,-2.300049,0,1500.000000,1497.699951,1500.000000
89145,34.002804,100765.101563,2.510000,10,1,1495,1546,1483,1461,1496.000000,1,1,2,1,-2.123180,-0.037250,-2.064158,0.485430,-103.854012,0.220320,0.008107,1,0,0,0.000000,0.000000,0.000000,0.000000,0.000000,0.000000,1,1,1,1,0,2.026638,2.109669,0.005737,-0.083031,-0.005737,-4.151547,-0.516367,0.488024,-4.179932,0,1500.000000,1495.820068,1500.000000
89254,33.999516,100767.101563,2.460000,33,1,1504,1558,1485,1466,1503.000000,1,1,2,1,-2.085637,0.052266,-2.542212,0.399558,-103.843483,0.203496,0.006967,1,0,0,0.000000,0.000000,0.000000,0.000000,0.000000,0.000000,1,1,1,1,0,2.026638,2.086746,-0.056672,-0.060107,0.056672,-3.005373,5.100503,0.485564,2.580688,0,1500.000000,1502.580688,1500.000000
89354,33.986599,100765.398438,2.430000,4,1,1503,1556,1479,1470,1502.000000,1,1,2,1,-2.064631,-0.003424,-2.831999,0.454513,-103.774170,0.195871,0.006455,1,0,0,0.000000,0.000000,0.000000,0.000000,0.000000,0.000000,1,1,1,1,0,2.026638,2.054574,-0.030916,-0.027936,0.030916,-1.396823,2.782415,0.483530,1.869141,0,1500.000000,1501.869141,1500.000000
89445,33.980629,100765.703125,2.410000,9,1,1513,1563,1486,1479,1510.000000,1,1,2,1,-2.030801,0.080413,-2.897928,0.686584,-103.693085,0.209424,0.007392,1,0,0,0.000000,0.000000,0.000000,0.000000,0.000000,0.000000,1,1,1,1,0,2.026638,2.020774,-0.099245,0.005864,0.099245,0.293207,8.932036,0.482474,9.707764,0,1500.000000,1509.707764,1500.000000
89552,33.974415,100765.000000,2.400000,20,1,1517,1570,1490,1487,1516.000000,1,1,2,1,-1.990315,0.122329,-2.847728,1.009357,-103.560143,0.239583,0.009672,1,0,0,0.000000,0.000000,0.000000,0.000000,0.000000,0.000000,1,1,1,1,0,2.026638,1.980417,-0.146313,0.046221,0.146313,2.311063,13.168144,0.482652,15.961914,0,1500.000000,1515.961914,1500.000000
89661,33.971775,100765.500000,2.390000,0,1,1514,1574,1499,1489,1519.000000,1,1,2,1,-1.950771,0.166197,-3.079423,1.323026,-103.487404,0.214030,0.007664,1,0,0,0.000000,0.000000,0.000000,0.000000,0.000000,0.000000,1,1,1,1,0,2.026638,1.953442,-0.166567,0.073196,0.166567,3.659809,14.991059,0.484916,19.135742,0,1500.000000,1519.135742,1500.000000
89751,33.966854,100767.398438,2.360000,4,1,1514,1573,1489,1484,1515.000000,1,1,2,1,-1.976900,0.089860,-3.486575,1.548960,-103.470955,0.216292,0.007810,1,0,0,0.000000,0.000000,0.000000,0.000000,0.000000,0.000000,1,1,1,1,0,2.026638,1.965766,-0.130341,0.060872,0.130341,3.043598,11.730680,0.487427,15.261719,0,1500.000000,1515.261719,1500.000000
89860,33.957493,100765.304688,2.370000,27,1,1526,1579,1482,1486,1518.000000,1,1,2,1,-1.940246,0.147462,-3.869409,1.835845,-103.397224,0.259981,0.011365,1,0,0,0.000000,0.000000,0.000000,0.000000,0.000000,0.000000,1,1,1,1,0,2.026638,1.941134,-0.148678,0.085504,0.148678,4.275197,13.381005,0.492098,18.148315,0,1500.000000,1518.148315,1500.000000
89948,33.961674,100769.601563,2.330000,29,1,1533,1575,1482,1498,1522.000000,1,1,2,1,-1.904895,0.168854,-4.282142,1.981272,-103.248207,0.254521,0.010907,1,0,0,0.000000,0.000000,0.000000,0.000000,0.000000,0.000000,1,1,1,1,0,2.026638,1.906588,-0.169419,0.120050,0.169419,6.002516,15.247670,0.496230,21.746460,0,1500.000000,1521.746460,1500.000000
90058,33.952961,100767.203125,2.300000,10,1,1553,1573,1466,1488,1520.000000,1,1,2,1,-1.879399,0.133131,-5.384199,1.978805,-102.849884,0.252953,0.010789,1,0,0,0.000000,0.000000,0.000000,0.000000,0.000000,0.000000,1,1,1,1,0,2.026638,1.880073,-0.136434,0.146565,0.136434,7.328248,12.279023,0.503877,20.111206,0,1500.000000,1520.111206,1500.000000
90144,33.949635,100768.101563,2.280000,10,1,1566,1570,1448,1488,1518.000000,1,1,2,1,-1.895383,0.075159,-7.280576,1.785339,-102.264572,0.217211,0.007887,1,0,0,0.000000,0.000000,0.000000,0.000000,0.000000,0.000000,1,1,1,1,0,2.026638,1.882789,-0.111432,0.143849,0.111432,7.192439,10.028918,0.509625,17.730957,0,1500.000000,1517.730957,1500.000000
90253,33.943542,100769.101563,2.250000,33,1,1591,1566,1442,1500,1525.000000,1,1,2,1,-1.845989,0.175630,-10.196727,1.423022,-100.999504,0.230669,0.008955,1,0,0,0.000000,0.000000,0.000000,0.000000,0.000000,0.000000,1,1,1,1,0,2.026638,1.849146,-0.176723,0.177492,0.176723,8.874589,15.905087,0.518859,25.298584,0,1500.000000,1525.298584,1500.000000
90341,33.934055,100768.304688,2.230000,35,1,1593,1560,1456,1523,1533.000000,1,1,2,1,-1.803007,0.239870,-10.938120,1.225846,-99.975304,0.251996,0.010707,1,0,0,0.000000,0.000000,0.000000,0.000000,0.000000,0.000000,1,1,1,1,0,2.026638,1.805403,-0.239117,0.221235,0.239117,11.061758,21.520498,0.529010,33.111328,0,1500.000000,1533.111328,1500.000000
90449,33.927879,100767.898438,2.210000,14,1,1576,1557,1472,1531,1534.000000,1,1,2,1,-1.775623,0.218353,-9.882466,1.133151,-98.840416,0.265493,0.011883,1,0,0,0.000000,0.000000,0.000000,0.000000,0.000000,0.000000,1,1,1,1,0,2.026638,1.764961,-0.226898,0.261677,0.226898,13.083851,20.420776,0.540731,34.045410,0,1500.000000,1534.045410,1500.000000
90553,33.921944,100767.101563,2.220000,19,1,1553,1561,1493,1525,1533.000000,1,1,2,1,-1.741326,0.181016,-7.832065,1.036321,-98.216400,0.311263,0.016332,1,0,0,0.000000,0.000000,0.000000,0.000000,0.000000,0.000000,1,1,1,1,0,2.026638,1.729138,-0.200771,0.297500,0.200771,14.874983,18.069372,0.553759,33.498169,0,1500.000000,1533.498169,1500.000000
90653,33.919094,100768.101563,2.210000,34,1,1525,1550,1489,1500,1516.000000,1,1,2,1,-1.713268,0.147538,-6.172442,0.858410,-98.031349,0.282251,0.013322,1,0,0,0.000000,0.000000,0.000000,0.000000,0.000000,0.000000,1,1,1,1,0,2.026638,1.763961,-0.028688,0.262677,0.028688,13.133865,2.581950,0.567675,16.283447,0,1500.000000,1516.283447,1500.000000
90748,33.909870,100768.601563,2.200000,0,1,1515,1559,1492,1486,1513.000000,1,1,2,1,-1.740217,-0.007598,-4.972221,0.631931,-98.205353,0.306509,0.015809,1,0,0,0.000000,0.000000,0.000000,0.000000,0.000000,0.000000,1,1,1,1,0,2.026638,1.739987,0.017199,0.286651,-0.017199,14.332575,-1.547869,0.582577,13.367310,0,1500.000000,1513.367310,1500.000000
90858,33.907104,100770.000000,2.160000,24,1,1557,1596,1544,1538,1559.000000,1,1,2,1,-1.711009,0.498608,-4.024732,0.560975,-98.559540,0.273290,0.012569,1,0,0,0.000000,0.000000,0.000000,0.000000,0.000000,0.000000,1,1,1,1,0,2.026638,1.712955,-0.474432,0.313683,0.474432,15.684152,42.698925,0.600505,58.983643,0,1500.000000,1558.983643,1500.000000
90958,33.894115,100766.000000,2.170000,38,1,1561,1610,1558,1555,1571.000000,1,1,2,1,-1.693835,0.607901,-2.970613,0.440067,-98.894890,0.294408,0.014598,1,0,0,0.000000,0.000000,0.000000,0.000000,0.000000,0.000000,1,1,1,1,0,2.026638,1.695036,-0.593064,0.331602,0.593064,16.580099,53.375744,0.616779,70.572632,0,1500.000000,1570.572632,1500.000000
91041,33.894135,100769.203125,2.160000,24,1,1557,1592,1562,1541,1563.000000,1,1,2,1,-1.665832,0.565120,-1.732721,0.398138,-99.178703,0.319645,0.017032,1,0,0,0.000000,0.000000,0.000000,0.000000,0.000000,0.000000,1,1,1,1,0,2.026638,1.670592,-0.492246,0.356046,0.492246,17.802317,44.302120,0.630843,62.735229,0,1500.000000,1562.735229,1500.000000
91162,33.883877,100771.000000,2.110000,0,1,1550,1588,1585,1569,1573.000000,1,1,2,1,-1.605166,0.711661,0.756625,0.162154,-99.519104,0.319152,0.017081,1,0,0,0.000000,0.000000,0.000000,0.000000,0.000000,0.000000,1,1,1,1,0,2.026638,1.615476,-0.576258,0.411162,0.576258,20.558088,51.863220,0.653994,73.075317,0,1500.000000,1573.075317,1500.000000
91253,33.880901,100772.898438,2.040000,6,1,1600,1624,1645,1651,1630.000000,1,1,2,1,-1.559991,1.383488,4.126193,-0.086613,-99.652046,0.313298,0.016405,1,0,0,0.000000,0.000000,0.000000,0.000000,0.000000,0.000000,1,1,1,1,0,2.026638,1.568024,-1.265781,0.458614,1.265781,22.930712,113.920319,0.671371,130.000000,1,1500.000000,1630.000000,1500.000000
91342,33.872868,100775.304688,1.950000,9,1,1586,1597,1664,1674,1630.000000,1,1,2,1,-1.480416,1.461571,8.239982,-0.449612,-99.719734,0.299870,0.015129,1,0,0,0.000000,0.000000,0.000000,0.000000,0.000000,0.000000,1,1,1,1,0,2.026638,1.473025,-1.439085,0.553613,1.439085,27.680653,129.517700,0.696825,130.000000,1,1500.000000,1630.000000,1500.000000
91450,33.874058,100777.101563,1.850000,31,1,1585,1574,1676,1684,1630.000000,1,1,2,1,-1.324352,1.731345,14.382922,-0.965231,-99.656693,0.319679,0.017229,1,0,0,0.000000,0.000000,0.000000,0.000000,0.000000,0.000000,1,1,1,1,0,2.026638,1.344596,-1.642600,0.682042,1.642600,34.102112,147.833969,0.728289,130.000000,1,1500.000000,1630.000000,1500.000000
