timestamp_ms,baro_temp_c,baro_pressure_pa,baro_rel_alt_lpf_m,baro_age_ms,baro_ready,M1,M2,M3,M4,ekf_pwm_mean,motor_output_allowed,motor_on_detected,flight_mode,ekf_ready,ekf_pos_n,ekf_pos_e,ekf_pos_d,ekf_vel_d,roll_deg,pitch_deg,yaw_deg,imu_yaw_deg,yaw_des_deg,yaw_err_deg,yaw_rate_sp_deg_s,baro_innov_m,baro_test_ratio,baro_update_used,baro_rejected,vel_ctrl_active,vel_filt_n_mps,vel_filt_e_mps,vel_err_n_mps,vel_err_e_mps,roll_des_slew_deg,pitch_des_slew_deg,alt_ctrl_enabled,alt_ctrl_allowed,alt_ctrl_active,alt_hold_latched,alt_ctrl_block_reason,alt_sp_m,alt_meas_m,vel_up_mps,alt_err_m,vel_err_mps,alt_p_term_us,alt_d_term_us,alt_i_term_us,alt_throttle_corr_us,alt_throttle_corr_sat,alt_base_pwm_us,alt_cmd_pwm_us,alt_base_pwm_latched
7763,24.949076,100776.203125,0.060000,19,1,1000,1000,1000,1000,1000.000000,0,0,0,0,0.000000,0.000000,0.000000,0.000000,0.000000,0.000000,0.000000,0.000000,0.000000,0.000000,0.000000,0.000000,0.000000,0,0,0,0.000000,0.000000,0.000000,0.000000,0.000000,0.000000,0,0,0,0,0,0.000000,0.000000,0.000000,0.000000,0.000000,0.000000,0.000000,0.000000,0.000000,0,0.000000,0.000000,0.000000
7870,24.950687,100778.304688,0.030000,0,1,1000,1000,1000,1000,1000.000000,0,0,0,0,0.000000,0.000000,0.000000,0.000000,0.000000,0.000000,0.000000,0.000000,0.000000,0.000000,0.000000,0.000000,0.000000,0,0,0,0.000000,0.000000,0.000000,0.000000,0.000000,0.000000,0,0,0,0,0,0.000000,0.000000,0.000000,0.000000,0.000000,0.000000,0.000000,0.000000,0.000000,0,0.000000,0.000000,0.000000
7975,24.951370,100776.101563,0.020000,20,1,1000,1000,1000,1000,1000.000000,0,0,0,0,0.000000,0.000000,0.000000,0.000000,0.000000,0.000000,0.000000,0.000000,0.000000,0.000000,0.000000,0.000000,0.000000,0,0,0,0.000000,0.000000,0.000000,0.000000,0.000000,0.000000,0,0,0,0,0,0.000000,0.000000,0.000000,0.000000,0.000000,0.000000,0.000000,0.000000,0.000000,0,0.000000,0.000000,0.000000
8065,24.947672,100775.101563,0.040000,24,1,1000,1000,1000,1000,1000.000000,0,0,0,0,0.000000,0.000000,0.000000,0.000000,0.000000,0.000000,0.000000,0.000000,0.000000,0.000000,0.000000,0.000000,0.000000,0,0,0,0.000000,0.000000,0.000000,0.000000,0.000000,0.000000,0,0,0,0,0,0.000000,0.000000,0.000000,0.000000,0.000000,0.000000,0.000000,0.000000,0.000000,0,0.000000,0.000000,0.000000
8169,24.952755,100776.101563,0.020000,1,1,1000,1000,1000,1000,1000.000000,0,0,0,0,0.000000,0.000000,0.000000,0.000000,0.000000,0.000000,0.000000,0.000000,0.000000,0.000000,0.000000,0.000000,0.000000,0,0,0,0.000000,0.000000,0.000000,0.000000,0.000000,0.000000,0,0,0,0,0,0.000000,0.000000,0.000000,0.000000,0.000000,0.000000,0.000000,0.000000,0.000000,0,0.000000,0.000000,0.000000
8275,24.949741,100774.898438,0.030000,20,1,1000,1000,1000,1000,1000.000000,0,0,0,0,0.000000,0.000000,0.000000,0.000000,0.000000,0.000000,0.000000,0.000000,0.000000,0.000000,0.000000,0.000000,0.000000,0,0,0,0.000000,0.000000,0.000000,0.000000,0.000000,0.000000,0,0,0,0,0,0.000000,0.000000,0.000000,0.000000,0.000000,0.000000,0.000000,0.000000,0.000000,0,0.000000,0.000000,0.000000
8361,24.955700,100777.804688,0.020000,20,1,1000,1000,1000,1000,1000.000000,0,0,0,0,0.000000,0.000000,0.000000,0.000000,0.000000,0.000000,0.000000,0.000000,0.000000,0.000000,0.000000,0.000000,0.000000,0,0,0,0.000000,0.000000,0.000000,0.000000,0.000000,0.000000,0,0,0,0,0,0.000000,0.000000,0.000000,0.000000,0.000000,0.000000,0.000000,0.000000,0.000000,0,0.000000,0.000000,0.000000
8468,24.957663,100776.804688,0.000000,0,1,1000,1000,1000,1000,1000.000000,0,0,0,0,0.000000,0.000000,0.000000,0.000000,0.000000,0.000000,0.000000,0.000000,0.000000,0.000000,0.000000,0.000000,0.000000,0,0,0,0.000000,0.000000,0.000000,0.000000,0.000000,0.000000,0,0,0,0,0,0.000000,0.000000,0.000000,0.000000,0.000000,0.000000,0.000000,0.000000,0.000000,0,0.000000,0.000000,0.000000
8575,24.955648,100776.804688,0.000000,20,1,1000,1000,1000,1000,1000.000000,0,0,0,0,0.000000,0.000000,0.000000,0.000000,0.000000,0.000000,0.000000,0.000000,0.000000,0.000000,0.000000,0.000000,0.000000,0,0,0,0.000000,0.000000,0.000000,0.000000,0.000000,0.000000,0,0,0,0,0,0.000000,0.000000,0.000000,0.000000,0.000000,0.000000,0.000000,0.000000,0.000000,0,0.000000,0.000000,0.000000
8660,24.954386,100775.898438,0.020000,20,1,1000,1000,1000,1000,1000.000000,0,0,0,0,0.000000,0.000000,0.000000,0.000000,0.000000,0.000000,0.000000,0.000000,0.000000,0.000000,0.000000,0.000000,0.000000,0,0,0,0.000000,0.000000,0.000000,0.000000,0.000000,0.000000,0,0,0,0,0,0.000000,0.000000,0.000000,0.000000,0.000000,0.000000,0.000000,0.000000,0.000000,0,0.000000,0.000000,0.000000
8772,24.958891,100776.000000,0.010000,6,1,1000,1000,1000,1000,1000.000000,0,0,0,0,0.000000,0.000000,0.000000,0.000000,0.000000,0.000000,0.000000,0.000000,0.000000,0.000000,0.000000,0.000000,0.000000,0,0,0,0.000000,0.000000,0.000000,0.000000,0.000000,0.000000,0,0,0,0,0,0.000000,0.000000,0.000000,0.000000,0.000000,0.000000,0.000000,0.000000,0.000000,0,0.000000,0.000000,0.000000
8874,24.958767,100775.703125,0.010000,20,1,1000,1000,1000,1000,1000.000000,0,0,0,0,0.000000,0.000000,0.000000,0.000000,0.000000,0.000000,0.000000,0.000000,0.000000,0.000000,0.000000,0.000000,0.000000,0,0,0,0.000000,0.000000,0.000000,0.000000,0.000000,0.000000,0,0,0,0,0,0.000000,0.000000,0.000000,0.000000,0.000000,0.000000,0.000000,0.000000,0.000000,0,0.000000,0.000000,0.000000
8960,24.961046,100776.304688,0.010000,22,1,1000,1000,1000,1000,1000.000000,0,0,0,0,0.000000,0.000000,0.000000,0.000000,0.000000,0.000000,0.000000,0.000000,0.000000,0.000000,0.000000,0.000000,0.000000,0,0,0,0.000000,0.000000,0.000000,0.000000,0.000000,0.000000,0,0,0,0,0,0.000000,0.000000,0.000000,0.000000,0.000000,0.000000,0.000000,0.000000,0.000000,0,0.000000,0.000000,0.000000
9067,24.960030,100776.203125,-0.010000,0,1,1000,1000,1000,1000,1000.000000,0,0,0,0,0.000000,0.000000,0.000000,0.000000,0.000000,0.000000,0.000000,0.000000,0.000000,0.000000,0.000000,0.000000,0.000000,0,0,0,0.000000,0.000000,0.000000,0.000000,0.000000,0.000000,0,0,0,0,0,0.000000,0.000000,0.000000,0.000000,0.000000,0.000000,0.000000,0.000000,0.000000,0,0.000000,0.000000,0.000000
9175,24.958591,100775.203125,0.010000,20,1,1000,1000,1000,1000,1000.000000,0,0,0,0,0.000000,0.000000,0.000000,0.000000,0.000000,0.000000,0.000000,0.000000,0.000000,0.000000,0.000000,0.000000,0.000000,0,0,0,0.000000,0.000000,0.000000,0.000000,0.000000,0.000000,0,0,0,0,0,0.000000,0.000000,0.000000,0.000000,0.000000,0.000000,0.000000,0.000000,0.000000,0,0.000000,0.000000,0.000000
9260,24.963833,100777.304688,0.000000,20,1,1000,1000,1000,1000,1000.000000,0,0,0,0,0.000000,0.000000,0.000000,0.000000,0.000000,0.000000,0.000000,0.000000,0.000000,0.000000,0.000000,0.000000,0.000000,0,0,0,0.000000,0.000000,0.000000,0.000000,0.000000,0.000000,0,0,0,0,0,0.000000,0.000000,0.000000,0.000000,0.000000,0.000000,0.000000,0.000000,0.000000,0,0.000000,0.000000,0.000000
9366,24.961660,100776.398438,-0.010000,0,1,1000,1000,1000,1000,1000.000000,0,0,0,0,0.000000,0.000000,0.000000,0.000000,0.000000,0.000000,0.000000,0.000000,0.000000,0.000000,0.000000,0.000000,0.000000,0,0,0,0.000000,0.000000,0.000000,0.000000,0.000000,0.000000,0,0,0,0,0,0.000000,0.000000,0.000000,0.000000,0.000000,0.000000,0.000000,0.000000,0.000000,0,0.000000,0.000000,0.000000
9473,24.962904,100776.898438,-0.010000,19,1,1000,1000,1000,1000,1000.000000,0,0,0,0,0.000000,0.000000,0.000000,0.000000,0.000000,0.000000,0.000000,0.000000,0.000000,0.000000,0.000000,0.000000,0.000000,0,0,0,0.000000,0.000000,0.000000,0.000000,0.000000,0.000000,0,0,0,0,0,0.000000,0.000000,0.000000,0.000000,0.000000,0.000000,0.000000,0.000000,0.000000,0,0.000000,0.000000,0.000000
9560,24.964376,100776.601563,0.000000,22,1,1000,1000,1000,1000,1000.000000,0,0,0,0,0.000000,0.000000,0.000000,0.000000,0.000000,0.000000,0.000000,0.000000,0.000000,0.000000,0.000000,0.000000,0.000000,0,0,0,0.000000,0.000000,0.000000,0.000000,0.000000,0.000000,0,0,0,0,0,0.000000,0.000000,0.000000,0.000000,0.000000,0.000000,0.000000,0.000000,0.000000,0,0.000000,0.000000,0.000000
9670,24.964079,100776.101563,0.020000,0,1,1000,1000,1000,1000,1000.000000,0,0,0,0,0.000000,0.000000,0.000000,0.000000,0.000000,0.000000,0.000000,0.000000,0.000000,0.000000,0.000000,0.000000,0.000000,0,0,0,0.000000,0.000000,0.000000,0.000000,0.000000,0.000000,0,0,0,0,0,0.000000,0.000000,0.000000,0.000000,0.000000,0.000000,0.000000,0.000000,0.000000,0,0.000000,0.000000,0.000000
9775,24.964745,100776.703125,0.030000,20,1,1000,1000,1000,1000,1000.000000,0,0,0,0,0.000000,0.000000,0.000000,0.000000,0.000000,0.000000,0.000000,0.000000,0.000000,0.000000,0.000000,0.000000,0.000000,0,0,0,0.000000,0.000000,0.000000,0.000000,0.000000,0.000000,0,0,0,0,0,0.000000,0.000000,0.000000,0.000000,0.000000,0.000000,0.000000,0.000000,0.000000,0,0.000000,0.000000,0.000000
9865,24.966112,100776.101563,0.030000,25,1,1000,1000,1000,1000,1000.000000,0,0,0,0,0.000000,0.000000,0.000000,0.000000,0.000000,0.000000,0.000000,0.000000,0.000000,0.000000,0.000000,0.000000,0.000000,0,0,0,0.000000,0.000000,0.000000,0.000000,0.000000,0.000000,0,0,0,0,0,0.000000,0.000000,0.000000,0.000000,0.000000,0.000000,0.000000,0.000000,0.000000,0,0.000000,0.000000,0.000000
9969,24.971283,100777.898438,0.020000,3,1,1000,1000,1000,1000,1000.000000,0,0,0,0,0.000000,0.000000,0.000000,0.000000,0.000000,0.000000,0.000000,0.000000,0.000000,0.000000,0.000000,0.000000,0.000000,0,0,0,0.000000,0.000000,0.000000,0.000000,0.000000,0.000000,0,0,0,0,0,0.000000,0.000000,0.000000,0.000000,0.000000,0.000000,0.000000,0.000000,0.000000,0,0.000000,0.000000,0.000000
10073,24.971632,100776.398438,0.020000,19,1,1000,1000,1000,1000,1000.000000,0,0,0,0,0.000000,0.000000,0.000000,0.000000,0.000000,0.000000,0.000000,0.000000,0.000000,0.000000,0.000000,0.000000,0.000000,0,0,0,0.000000,0.000000,0.000000,0.000000,0.000000,0.000000,0,0,0,0,0,0.000000,0.000000,0.000000,0.000000,0.000000,0.000000,0.000000,0.000000,0.000000,0,0.000000,0.000000,0.000000
10160,24.967163,100774.601563,0.030000,22,1,1000,1000,1000,1000,1000.000000,0,0,0,0,0.000000,0.000000,0.000000,0.000000,0.000000,0.000000,0.000000,0.000000,0.000000,0.000000,0.000000,0.000000,0.000000,0,0,0,0.000000,0.000000,0.000000,0.000000,0.000000,0.000000,0,0,0,0,0,0.000000,0.000000,0.000000,0.000000,0.000000,0.000000,0.000000,0.000000,0.000000,0,0.000000,0.000000,0.000000
10267,24.969196,100774.804688,0.040000,0,1,1000,1000,1000,1000,1000.000000,0,0,0,0,0.000000,0.000000,0.000000,0.000000,0.000000,0.000000,0.000000,0.000000,0.000000,0.000000,0.000000,0.000000,0.000000,0,0,0,0.000000,0.000000,0.000000,0.000000,0.000000,0.000000,0,0,0,0,0,0.000000,0.000000,0.000000,0.000000,0.000000,0.000000,0.000000,0.000000,0.000000,0,0.000000,0.000000,0.000000
10375,24.973824,100776.500000,0.040000,20,1,1000,1000,1000,1000,1000.000000,0,0,0,0,0.000000,0.000000,0.000000,0.000000,0.000000,0.000000,0.000000,0.000000,0.000000,0.000000,0.000000,0.000000,0.000000,0,0,0,0.000000,0.000000,0.000000,0.000000,0.000000,0.000000,0,0,0,0,0,0.000000,0.000000,0.000000,0.000000,0.000000,0.000000,0.000000,0.000000,0.000000,0,0.000000,0.000000,0.000000
10465,24.970949,100773.601563,0.060000,24,1,1000,1000,1000,1000,1000.000000,0,0,0,0,0.000000,0.000000,0.000000,0.000000,0.000000,0.000000,0.000000,0.000000,0.000000,0.000000,0.000000,0.000000,0.000000,0,0,0,0.000000,0.000000,0.000000,0.000000,0.000000,0.000000,0,0,0,0,0,0.000000,0.000000,0.000000,0.000000,0.000000,0.000000,0.000000,0.000000,0.000000,0,0.000000,0.000000,0.000000
10569,24.973736,100776.398438,0.060000,1,1,1000,1000,1000,1000,1000.000000,0,0,0,0,0.000000,0.000000,0.000000,0.000000,0.000000,0.000000,0.000000,0.000000,0.000000,0.000000,0.000000,0.000000,0.000000,0,0,0,0.000000,0.000000,0.000000,0.000000,0.000000,0.000000,0,0,0,0,0,0.000000,0.000000,0.000000,0.000000,0.000000,0.000000,0.000000,0.000000,0.000000,0,0.000000,0.000000,0.000000
10677,24.975367,100776.898438,0.040000,22,1,1000,1000,1000,1000,1000.000000,0,0,0,0,0.000000,0.000000,0.000000,0.000000,0.000000,0.000000,0.000000,0.000000,0.000000,0.000000,0.000000,0.000000,0.000000,0,0,0,0.000000,0.000000,0.000000,0.000000,0.000000,0.000000,0,0,0,0,0,0.000000,0.000000,0.000000,0.000000,0.000000,0.000000,0.000000,0.000000,0.000000,0,0.000000,0.000000,0.000000
10760,24.975822,100776.203125,0.040000,20,1,1000,1000,1000,1000,1000.000000,0,0,0,0,0.000000,0.000000,0.000000,0.000000,0.000000,0.000000,0.000000,0.000000,0.000000,0.000000,0.000000,0.000000,0.000000,0,0,0,0.000000,0.000000,0.000000,0.000000,0.000000,0.000000,0,0,0,0,0,0.000000,0.000000,0.000000,0.000000,0.000000,0.000000,0.000000,0.000000,0.000000,0,0.000000,0.000000,0.000000
10867,24.977663,100776.898438,0.020000,0,1,1000,1000,1000,1000,1000.000000,0,0,0,0,0.000000,0.000000,0.000000,0.000000,0.000000,0.000000,0.000000,0.000000,0.000000,0.000000,0.000000,0.000000,0.000000,0,0,0,0.000000,0.000000,0.000000,0.000000,0.000000,0.000000,0,0,0,0,0,0.000000,0.000000,0.000000,0.000000,0.000000,0.000000,0.000000,0.000000,0.000000,0,0.000000,0.000000,0.000000
10975,24.975910,100775.101563,0.040000,20,1,1000,1000,1000,1000,1000.000000,0,0,0,0,0.000000,0.000000,0.000000,0.000000,0.000000,0.000000,0.000000,0.000000,0.000000,0.000000,0.000000,0.000000,0.000000,0,0,0,0.000000,0.000000,0.000000,0.000000,0.000000,0.000000,0,0,0,0,0,0.000000,0.000000,0.000000,0.000000,0.000000,0.000000,0.000000,0.000000,0.000000,0,0.000000,0.000000,0.000000
11060,24.976418,100776.500000,0.050000,20,1,1000,1000,1000,1000,1000.000000,0,0,0,0,0.000000,0.000000,0.000000,0.000000,0.000000,0.000000,0.000000,0.000000,0.000000,0.000000,0.000000,0.000000,0.000000,0,0,0,0.000000,0.000000,0.000000,0.000000,0.000000,0.000000,0,0,0,0,0,0.000000,0.000000,0.000000,0.000000,0.000000,0.000000,0.000000,0.000000,0.000000,0,0.000000,0.000000,0.000000
11167,24.980555,100776.101563,0.050000,0,1,1000,1000,1000,1000,1000.000000,0,0,0,0,0.000000,0.000000,0.000000,0.000000,0.000000,0.000000,0.000000,0.000000,0.000000,0.000000,0.000000,0.000000,0.000000,0,0,0,0.000000,0.000000,0.000000,0.000000,0.000000,0.000000,0,0,0,0,0,0.000000,0.000000,0.000000,0.000000,0.000000,0.000000,0.000000,0.000000,0.000000,0,0.000000,0.000000,0.000000
11275,24.980345,100777.898438,0.030000,20,1,1000,1000,1000,1000,1000.000000,0,0,0,0,0.000000,0.000000,0.000000,0.000000,0.000000,0.000000,0.000000,0.000000,0.000000,0.000000,0.000000,0.000000,0.000000,0,0,0,0.000000,0.000000,0.000000,0.000000,0.000000,0.000000,0,0,0,0,0,0.000000,0.000000,0.000000,0.000000,0.000000,0.000000,0.000000,0.000000,0.000000,0,0.000000,0.000000,0.000000
11360,24.983429,100777.000000,0.010000,20,1,1000,1000,1000,1000,1000.000000,0,0,0,0,0.000000,0.000000,0.000000,0.000000,0.000000,0.000000,0.000000,0.000000,0.000000,0.000000,0.000000,0.000000,0.000000,0,0,0,0.000000,0.000000,0.000000,0.000000,0.000000,0.000000,0,0,0,0,0,0.000000,0.000000,0.000000,0.000000,0.000000,0.000000,0.000000,0.000000,0.000000,0,0.000000,0.000000,0.000000
11467,24.983763,100777.000000,-0.010000,0,1,1000,1000,1000,1000,1000.000000,0,0,0,0,0.000000,0.000000,0.000000,0.000000,0.000000,0.000000,0.000000,0.000000,0.000000,0.000000,0.000000,0.000000,0.000000,0,0,0,0.000000,0.000000,0.000000,0.000000,0.000000,0.000000,0,0,0,0,0,0.000000,0.000000,0.000000,0.000000,0.000000,0.000000,0.000000,0.000000,0.000000,0,0.000000,0.000000,0.000000
11575,24.987005,100778.898438,-0.040000,20,1,1000,1000,1000,1000,1000.000000,0,0,0,0,0.000000,0.000000,0.000000,0.000000,0.000000,0.000000,0.000000,0.000000,0.000000,0.000000,0.000000,0.000000,0.000000,0,0,0,0.000000,0.000000,0.000000,0.000000,0.000000,0.000000,0,0,0,0,0,0.000000,0.000000,0.000000,0.000000,0.000000,0.000000,0.000000,0.000000,0.000000,0,0.000000,0.000000,0.000000
11660,24.981588,100776.898438,-0.040000,20,1,1000,1000,1000,1000,1000.000000,0,0,0,0,0.000000,0.000000,0.000000,0.000000,0.000000,0.000000,0.000000,0.000000,0.000000,0.000000,0.000000,0.000000,0.000000,0,0,0,0.000000,0.000000,0.000000,0.000000,0.000000,0.000000,0,0,0,0,0,0.000000,0.000000,0.000000,0.000000,0.000000,0.000000,0.000000,0.000000,0.000000,0,0.000000,0.000000,0.000000
11766,24.985533,100776.304688,-0.040000,0,1,1000,1000,1000,1000,1000.000000,0,0,0,0,0.000000,0.000000,0.000000,0.000000,0.000000,0.000000,0.000000,0.000000,0.000000,0.000000,0.000000,0.000000,0.000000,0,0,0,0.000000,0.000000,0.000000,0.000000,0.000000,0.000000,0,0,0,0,0,0.000000,0.000000,0.000000,0.000000,0.000000,0.000000,0.000000,0.000000,0.000000,0,0.000000,0.000000,0.000000
11873,24.983463,100775.101563,-0.020000,19,1,1000,1000,1000,1000,1000.000000,0,0,0,0,0.000000,0.000000,0.000000,0.000000,0.000000,0.000000,0.000000,0.000000,0.000000,0.000000,0.000000,0.000000,0.000000,0,0,0,0.000000,0.000000,0.000000,0.000000,0.000000,0.000000,0,0,0,0,0,0.000000,0.000000,0.000000,0.000000,0.000000,0.000000,0.000000,0.000000,0.000000,0,0.000000,0.000000,0.000000
11960,24.986706,100776.398438,0.000000,22,1,1000,1000,1000,1000,1000.000000,0,0,0,0,0.000000,0.000000,0.000000,0.000000,0.000000,0.000000,0.000000,0.000000,0.000000,0.000000,0.000000,0.000000,0.000000,0,0,0,0.000000,0.000000,0.000000,0.000000,0.000000,0.000000,0,0,0,0,0,0.000000,0.000000,0.000000,0.000000,0.000000,0.000000,0.000000,0.000000,0.000000,0,0.000000,0.000000,0.000000
12069,24.987951,100776.898438,-0.010000,2,1,1000,1000,1000,1000,1000.000000,0,0,0,0,0.000000,0.000000,0.000000,0.000000,0.000000,0.000000,0.000000,0.000000,0.000000,0.000000,0.000000,0.000000,0.000000,0,0,0,0.000000,0.000000,0.000000,0.000000,0.000000,0.000000,0,0,0,0,0,0.000000,0.000000,0.000000,0.000000,0.000000,0.000000,0.000000,0.000000,0.000000,0,0.000000,0.000000,0.000000
12175,24.986145,100776.398438,0.000000,20,1,1000,1000,1000,1000,1000.000000,0,0,0,0,0.000000,0.000000,0.000000,0.000000,0.000000,0.000000,0.000000,0.000000,0.000000,0.000000,0.000000,0.000000,0.000000,0,0,0,0.000000,0.000000,0.000000,0.000000,0.000000,0.000000,0,0,0,0,0,0.000000,0.000000,0.000000,0.000000,0.000000,0.000000,0.000000,0.000000,0.000000,0,0.000000,0.000000,0.000000
12260,24.992437,100777.703125,-0.020000,20,1,1000,1000,1000,1000,1000.000000,0,0,0,0,0.000000,0.000000,0.000000,0.000000,0.000000,0.000000,0.000000,0.000000,0.000000,0.000000,0.000000,0.000000,0.000000,0,0,0,0.000000,0.000000,0.000000,0.000000,0.000000,0.000000,0,0,0,0,0,0.000000,0.000000,0.000000,0.000000,0.000000,0.000000,0.000000,0.000000,0.000000,0,0.000000,0.000000,0.000000
12366,24.989073,100777.203125,-0.030000,0,1,1000,1000,1000,1000,1000.000000,0,0,0,0,0.000000,0.000000,0.000000,0.000000,0.000000,0.000000,0.000000,0.000000,0.000000,0.000000,0.000000,0.000000,0.000000,0,0,0,0.000000,0.000000,0.000000,0.000000,0.000000,0.000000,0,0,0,0,0,0.000000,0.000000,0.000000,0.000000,0.000000,0.000000,0.000000,0.000000,0.000000,0,0.000000,0.000000,0.000000
12473,24.990423,100776.203125,-0.020000,19,1,1000,1000,1000,1000,1000.000000,0,0,0,0,0.000000,0.000000,0.000000,0.000000,0.000000,0.000000,0.000000,0.000000,0.000000,0.000000,0.000000,0.000000,0.000000,0,0,0,0.000000,0.000000,0.000000,0.000000,0.000000,0.000000,0,0,0,0,0,0.000000,0.000000,0.000000,0.000000,0.000000,0.000000,0.000000,0.000000,0.000000,0,0.000000,0.000000,0.000000
12560,24.992420,100776.703125,-0.010000,22,1,1000,1000,1000,1000,1000.000000,0,0,0,0,0.000000,0.000000,0.000000,0.000000,0.000000,0.000000,0.000000,0.000000,0.000000,0.000000,0.000000,0.000000,0.000000,0,0,0,0.000000,0.000000,0.000000,0.000000,0.000000,0.000000,0,0,0,0,0,0.000000,0.000000,0.000000,0.000000,0.000000,0.000000,0.000000,0.000000,0.000000,0,0.000000,0.000000,0.000000
12670,24.989212,100774.703125,0.010000,0,1,1000,1000,1000,1000,1000.000000,0,0,0,0,0.000000,0.000000,0.000000,0.000000,0.000000,0.000000,0.000000,0.000000,0.000000,0.000000,0.000000,0.000000,0.000000,0,0,0,0.000000,0.000000,0.000000,0.000000,0.000000,0.000000,0,0,0,0,0,0.000000,0.000000,0.000000,0.000000,0.000000,0.000000,0.000000,0.000000,0.000000,0,0.000000,0.000000,0.000000
12775,24.994207,100777.203125,0.010000,20,1,1000,1000,1000,1000,1000.000000,0,0,0,0,0.000000,0.000000,0.000000,0.000000,0.000000,0.000000,0.000000,0.000000,0.000000,0.000000,0.000000,0.000000,0.000000,0,0,0,0.000000,0.000000,0.000000,0.000000,0.000000,0.000000,0,0,0,0,0,0.000000,0.000000,0.000000,0.000000,0.000000,0.000000,0.000000,0.000000,0.000000,0,0.000000,0.000000,0.000000
12860,24.993542,100777.304688,-0.010000,20,1,1000,1000,1000,1000,1000.000000,0,0,0,0,0.000000,0.000000,0.000000,0.000000,0.000000,0.000000,0.000000,0.000000,0.000000,0.000000,0.000000,0.000000,0.000000,0,0,0,0.000000,0.000000,0.000000,0.000000,0.000000,0.000000,0,0,0,0,0,0.000000,0.000000,0.000000,0.000000,0.000000,0.000000,0.000000,0.000000,0.000000,0,0.000000,0.000000,0.000000
12966,24.997784,100776.898438,-0.010000,0,1,1000,1000,1000,1000,1000.000000,0,0,0,0,0.000000,0.000000,0.000000,0.000000,0.000000,0.000000,0.000000,0.000000,0.000000,0.000000,0.000000,0.000000,0.000000,0,0,0,0.000000,0.000000,0.000000,0.000000,0.000000,0.000000,0,0,0,0,0,0.000000,0.000000,0.000000,0.000000,0.000000,0.000000,0.000000,0.000000,0.000000,0,0.000000,0.000000,0.000000
13073,25.001219,100778.804688,-0.040000,19,1,1000,1000,1000,1000,1000.000000,0,0,0,0,0.000000,0.000000,0.000000,0.000000,0.000000,0.000000,0.000000,0.000000,0.000000,0.000000,0.000000,0.000000,0.000000,0,0,0,0.000000,0.000000,0.000000,0.000000,0.000000,0.000000,0,0,0,0,0,0.000000,0.000000,0.000000,0.000000,0.000000,0.000000,0.000000,0.000000,0.000000,0,0.000000,0.000000,0.000000
13165,24.997065,100776.898438,-0.040000,27,1,1000,1000,1000,1000,1000.000000,0,0,0,0,0.000000,0.000000,0.000000,0.000000,0.000000,0.000000,0.000000,0.000000,0.000000,0.000000,0.000000,0.000000,0.000000,0,0,0,0.000000,0.000000,0.000000,0.000000,0.000000,0.000000,0,0,0,0,0,0.000000,0.000000,0.000000,0.000000,0.000000,0.000000,0.000000,0.000000,0.000000,0,0.000000,0.000000,0.000000
13269,24.998959,100778.304688,-0.060000,2,1,1000,1000,1000,1000,1000.000000,0,0,0,0,0.000000,0.000000,0.000000,0.000000,0.000000,0.000000,0.000000,0.000000,0.000000,0.000000,0.000000,0.000000,0.000000,0,0,0,0.000000,0.000000,0.000000,0.000000,0.000000,0.000000,0,0,0,0,0,0.000000,0.000000,0.000000,0.000000,0.000000,0.000000,0.000000,0.000000,0.000000,0,0.000000,0.000000,0.000000
13375,24.997047,100776.203125,-0.040000,20,1,1000,1000,1000,1000,1000.000000,0,0,0,0,0.000000,0.000000,0.000000,0.000000,0.000000,0.000000,0.000000,0.000000,0.000000,0.000000,0.000000,0.000000,0.000000,0,0,0,0.000000,0.000000,0.000000,0.000000,0.000000,0.000000,0,0,0,0,0,0.000000,0.000000,0.000000,0.000000,0.000000,0.000000,0.000000,0.000000,0.000000,0,0.000000,0.000000,0.000000
13465,24.998205,100776.304688,-0.020000,24,1,1000,1000,1000,1000,1000.000000,0,0,0,0,0.000000,0.000000,0.000000,0.000000,0.000000,0.000000,0.000000,0.000000,0.000000,0.000000,0.000000,0.000000,0.000000,0,0,0,0.000000,0.000000,0.000000,0.000000,0.000000,0.000000,0,0,0,0,0,0.000000,0.000000,0.000000,0.000000,0.000000,0.000000,0.000000,0.000000,0.000000,0,0.000000,0.000000,0.000000
13569,24.996277,100777.804688,-0.040000,1,1,1000,1000,1000,1000,1000.000000,0,0,0,0,0.000000,0.000000,0.000000,0.000000,0.000000,0.000000,0.000000,0.000000,0.000000,0.000000,0.000000,0.000000,0.000000,0,0,0,0.000000,0.000000,0.000000,0.000000,0.000000,0.000000,0,0,0,0,0,0.000000,0.000000,0.000000,0.000000,0.000000,0.000000,0.000000,0.000000,0.000000,0,0.000000,0.000000,0.000000
13675,24.998152,100776.601563,-0.040000,20,1,1000,1000,1000,1000,1000.000000,0,0,0,0,0.000000,0.000000,0.000000,0.000000,0.000000,0.000000,0.000000,0.000000,0.000000,0.000000,0.000000,0.000000,0.000000,0,0,0,0.000000,0.000000,0.000000,0.000000,0.000000,0.000000,0,0,0,0,0,0.000000,0.000000,0.000000,0.000000,0.000000,0.000000,0.000000,0.000000,0.000000,0,0.000000,0.000000,0.000000
13761,25.003042,100777.601563,-0.040000,20,1,1000,1000,1000,1000,1000.000000,0,0,0,0,0.000000,0.000000,0.000000,0.000000,0.000000,0.000000,0.000000,0.000000,0.000000,0.000000,0.000000,0.000000,0.000000,0,0,0,0.000000,0.000000,0.000000,0.000000,0.000000,0.000000,0,0,0,0,0,0.000000,0.000000,0.000000,0.000000,0.000000,0.000000,0.000000,0.000000,0.000000,0,0.000000,0.000000,0.000000
13868,25.003901,100777.703125,-0.050000,0,1,1000,1000,1000,1000,1000.000000,0,0,0,0,0.000000,0.000000,0.000000,0.000000,0.000000,0.000000,0.000000,0.000000,0.000000,0.000000,0.000000,0.000000,0.000000,0,0,0,0.000000,0.000000,0.000000,0.000000,0.000000,0.000000,0,0,0,0,0,0.000000,0.000000,0.000000,0.000000,0.000000,0.000000,0.000000,0.000000,0.000000,0,0.000000,0.000000,0.000000
13975,25.003691,100776.398438,-0.050000,20,1,1000,1000,1000,1000,1000.000000,0,0,0,0,0.000000,0.000000,0.000000,0.000000,0.000000,0.000000,0.000000,0.000000,0.000000,0.000000,0.000000,0.000000,0.000000,0,0,0,0.000000,0.000000,0.000000,0.000000,0.000000,0.000000,0,0,0,0,0,0.000000,0.000000,0.000000,0.000000,0.000000,0.000000,0.000000,0.000000,0.000000,0,0.000000,0.000000,0.000000
14060,25.000868,100776.304688,-0.040000,20,1,1000,1000,1000,1000,1000.000000,0,0,0,0,0.000000,0.000000,0.000000,0.000000,0.000000,0.000000,0.000000,0.000000,0.000000,0.000000,0.000000,0.000000,0.000000,0,0,0,0.000000,0.000000,0.000000,0.000000,0.000000,0.000000,0,0,0,0,0,0.000000,0.000000,0.000000,0.000000,0.000000,0.000000,0.000000,0.000000,0.000000,0,0.000000,0.000000,0.000000
14167,25.003218,100777.203125,-0.040000,0,1,1000,1000,1000,1000,1000.000000,0,0,0,0,0.000000,0.000000,0.000000,0.000000,0.000000,0.000000,0.000000,0.000000,0.000000,0.000000,0.000000,0.000000,0.000000,0,0,0,0.000000,0.000000,0.000000,0.000000,0.000000,0.000000,0,0,0,0,0,0.000000,0.000000,0.000000,0.000000,0.000000,0.000000,0.000000,0.000000,0.000000,0,0.000000,0.000000,0.000000
14260,25.003918,100776.398438,-0.040000,5,1,1000,1000,1000,1000,1000.000000,0,0,0,0,0.000000,0.000000,0.000000,0.000000,0.000000,0.000000,0.000000,0.000000,0.000000,0.000000,0.000000,0.000000,0.000000,0,0,0,0.000000,0.000000,0.000000,0.000000,0.000000,0.000000,0,0,0,0,0,0.000000,0.000000,0.000000,0.000000,0.000000,0.000000,0.000000,0.000000,0.000000,0,0.000000,0.000000,0.000000
14365,25.003971,100776.500000,-0.040000,25,1,1000,1000,1000,1000,1000.000000,0,0,0,0,0.000000,0.000000,0.000000,0.000000,0.000000,0.000000,0.000000,0.000000,0.000000,0.000000,0.000000,0.000000,0.000000,0,0,0,0.000000,0.000000,0.000000,0.000000,0.000000,0.000000,0,0,0,0,0,0.000000,0.000000,0.000000,0.000000,0.000000,0.000000,0.000000,0.000000,0.000000,0,0.000000,0.000000,0.000000
14469,25.004498,100776.203125,-0.020000,2,1,1000,1000,1000,1000,1000.000000,0,0,0,0,0.000000,0.000000,0.000000,0.000000,0.000000,0.000000,0.000000,0.000000,0.000000,0.000000,0.000000,0.000000,0.000000,0,0,0,0.000000,0.000000,0.000000,0.000000,0.000000,0.000000,0,0,0,0,0,0.000000,0.000000,0.000000,0.000000,0.000000,0.000000,0.000000,0.000000,0.000000,0,0.000000,0.000000,0.000000
14574,25.007092,100777.804688,-0.020000,19,1,1000,1000,1000,1000,1000.000000,0,0,0,0,0.000000,0.000000,0.000000,0.000000,0.000000,0.000000,0.000000,0.000000,0.000000,0.000000,0.000000,0.000000,0.000000,0,0,0,0.000000,0.000000,0.000000,0.000000,0.000000,0.000000,0,0,0,0,0,0.000000,0.000000,0.000000,0.000000,0.000000,0.000000,0.000000,0.000000,0.000000,0,0.000000,0.000000,0.000000
14660,25.007669,100777.203125,-0.020000,20,1,1000,1000,1000,1000,1000.000000,0,0,0,0,0.000000,0.000000,0.000000,0.000000,0.000000,0.000000,0.000000,0.000000,0.000000,0.000000,0.000000,0.000000,0.000000,0,0,0,0.000000,0.000000,0.000000,0.000000,0.000000,0.000000,0,0,0,0,0,0.000000,0.000000,0.000000,0.000000,0.000000,0.000000,0.000000,0.000000,0.000000,0,0.000000,0.000000,0.000000
14766,25.005653,100776.804688,-0.020000,0,1,1000,1000,1000,1000,1000.000000,0,0,0,0,0.000000,0.000000,0.000000,0.000000,0.000000,0.000000,0.000000,0.000000,0.000000,0.000000,0.000000,0.000000,0.000000,0,0,0,0.000000,0.000000,0.000000,0.000000,0.000000,0.000000,0,0,0,0,0,0.000000,0.000000,0.000000,0.000000,0.000000,0.000000,0.000000,0.000000,0.000000,0,0.000000,0.000000,0.000000
14873,25.005758,100776.203125,-0.020000,19,1,1000,1000,1000,1000,1000.000000,0,0,0,0,0.000000,0.000000,0.000000,0.000000,0.000000,0.000000,0.000000,0.000000,0.000000,0.000000,0.000000,0.000000,0.000000,0,0,0,0.000000,0.000000,0.000000,0.000000,0.000000,0.000000,0,0,0,0,0,0.000000,0.000000,0.000000,0.000000,0.000000,0.000000,0.000000,0.000000,0.000000,0,0.000000,0.000000,0.000000
14960,25.013243,100778.398438,-0.030000,22,1,1000,1000,1000,1000,1000.000000,0,0,0,0,0.000000,0.000000,0.000000,0.000000,0.000000,0.000000,0.000000,0.000000,0.000000,0.000000,0.000000,0.000000,0.000000,0,0,0,0.000000,0.000000,0.000000,0.000000,0.000000,0.000000,0,0,0,0,0,0.000000,0.000000,0.000000,0.000000,0.000000,0.000000,0.000000,0.000000,0.000000,0,0.000000,0.000000,0.000000
15067,25.009949,100776.601563,0.000000,0,1,1000,1000,1000,1000,1000.000000,0,0,0,0,0.000000,0.000000,0.000000,0.000000,0.000000,0.000000,0.000000,0.000000,0.000000,0.000000,0.000000,0.000000,0.000000,0,0,0,0.000000,0.000000,0.000000,0.000000,0.000000,0.000000,0,0,0,0,0,0.000000,0.000000,0.000000,0.000000,0.000000,0.000000,0.000000,0.000000,0.000000,0,0.000000,0.000000,0.000000
15174,25.012804,100777.000000,-0.010000,19,1,1000,1000,1000,1000,1000.000000,0,0,0,0,0.000000,0.000000,0.000000,0.000000,0.000000,0.000000,0.000000,0.000000,0.000000,0.000000,0.000000,0.000000,0.000000,0,0,0,0.000000,0.000000,0.000000,0.000000,0.000000,0.000000,0,0,0,0,0,0.000000,0.000000,0.000000,0.000000,0.000000,0.000000,0.000000,0.000000,0.000000,0,0.000000,0.000000,0.000000
15260,25.013769,100776.703125,0.000000,21,1,1000,1000,1000,1000,1000.000000,0,0,0,0,0.000000,0.000000,0.000000,0.000000,0.000000,0.000000,0.000000,0.000000,0.000000,0.000000,0.000000,0.000000,0.000000,0,0,0,0.000000,0.000000,0.000000,0.000000,0.000000,0.000000,0,0,0,0,0,0.000000,0.000000,0.000000,0.000000,0.000000,0.000000,0.000000,0.000000,0.000000,0,0.000000,0.000000,0.000000
15373,25.013453,100777.000000,-0.010000,8,1,1000,1000,1000,1000,1000.000000,0,0,0,0,0.000000,0.000000,0.000000,0.000000,0.000000,0.000000,0.000000,0.000000,0.000000,0.000000,0.000000,0.000000,0.000000,0,0,0,0.000000,0.000000,0.000000,0.000000,0.000000,0.000000,0,0,0,0,0,0.000000,0.000000,0.000000,0.000000,0.000000,0.000000,0.000000,0.000000,0.000000,0,0.000000,0.000000,0.000000
15475,25.010685,100777.804688,-0.030000,22,1,1000,1000,1000,1000,1000.000000,0,0,0,0,0.000000,0.000000,0.000000,0.000000,0.000000,0.000000,0.000000,0.000000,0.000000,0.000000,0.000000,0.000000,0.000000,0,0,0,0.000000,0.000000,0.000000,0.000000,0.000000,0.000000,0,0,0,0,0,0.000000,0.000000,0.000000,0.000000,0.000000,0.000000,0.000000,0.000000,0.000000,0,0.000000,0.000000,0.000000
15560,25.015329,100778.601563,-0.050000,23,1,1000,1000,1000,1000,1000.000000,0,0,0,0,0.000000,0.000000,0.000000,0.000000,0.000000,0.000000,0.000000,0.000000,0.000000,0.000000,0.000000,0.000000,0.000000,0,0,0,0.000000,0.000000,0.000000,0.000000,0.000000,0.000000,0,0,0,0,0,0.000000,0.000000,0.000000,0.000000,0.000000,0.000000,0.000000,0.000000,0.000000,0,0.000000,0.000000,0.000000
15670,25.015942,100777.703125,-0.050000,0,1,1000,1000,1000,1000,1000.000000,0,0,0,0,0.000000,0.000000,0.000000,0.000000,0.000000,0.000000,0.000000,0.000000,0.000000,0.000000,0.000000,0.000000,0.000000,0,0,0,0.000000,0.000000,0.000000,0.000000,0.000000,0.000000,0,0,0,0,0,0.000000,0.000000,0.000000,0.000000,0.000000,0.000000,0.000000,0.000000,0.000000,0,0.000000,0.000000,0.000000
15774,25.015942,100777.703125,-0.050000,19,1,1000,1000,1000,1000,1000.000000,0,0,0,0,0.000000,0.000000,0.000000,0.000000,0.000000,0.000000,0.000000,0.000000,0.000000,0.000000,0.000000,0.000000,0.000000,0,0,0,0.000000,0.000000,0.000000,0.000000,0.000000,0.000000,0,0,0,0,0,0.000000,0.000000,0.000000,0.000000,0.000000,0.000000,0.000000,0.000000,0.000000,0,0.000000,0.000000,0.000000
15860,25.015083,100776.804688,-0.060000,21,1,1000,1000,1000,1000,1000.000000,0,0,0,0,0.000000,0.000000,0.000000,0.000000,0.000000,0.000000,0.000000,0.000000,0.000000,0.000000,0.000000,0.000000,0.000000,0,0,0,0.000000,0.000000,0.000000,0.000000,0.000000,0.000000,0,0,0,0,0,0.000000,0.000000,0.000000,0.000000,0.000000,0.000000,0.000000,0.000000,0.000000,0,0.000000,0.000000,0.000000
15965,25.018448,100777.804688,-0.050000,0,1,1000,1000,1000,1000,1000.000000,0,0,0,0,0.000000,0.000000,0.000000,0.000000,0.000000,0.000000,0.000000,0.000000,0.000000,0.000000,0.000000,0.000000,0.000000,0,0,0,0.000000,0.000000,0.000000,0.000000,0.000000,0.000000,0,0,0,0,0,0.000000,0.000000,0.000000,0.000000,0.000000,0.000000,0.000000,0.000000,0.000000,0,0.000000,0.000000,0.000000
16072,25.015451,100776.101563,-0.040000,19,1,1000,1000,1000,1000,1000.000000,0,0,0,0,0.000000,0.000000,0.000000,0.000000,0.000000,0.000000,0.000000,0.000000,0.000000,0.000000,0.000000,0.000000,0.000000,0,0,0,0.000000,0.000000,0.000000,0.000000,0.000000,0.000000,0,0,0,0,0,0.000000,0.000000,0.000000,0.000000,0.000000,0.000000,0.000000,0.000000,0.000000,0,0.000000,0.000000,0.000000
16160,25.016468,100776.804688,-0.030000,23,1,1000,1000,1000,1000,1000.000000,0,0,0,0,0.000000,0.000000,0.000000,0.000000,0.000000,0.000000,0.000000,0.000000,0.000000,0.000000,0.000000,0.000000,0.000000,0,0,0,0.000000,0.000000,0.000000,0.000000,0.000000,0.000000,0,0,0,0,0,0.000000,0.000000,0.000000,0.000000,0.000000,0.000000,0.000000,0.000000,0.000000,0,0.000000,0.000000,0.000000
16266,25.017151,100776.804688,-0.030000,0,1,1000,1000,1000,1000,1000.000000,0,0,0,0,0.000000,0.000000,0.000000,0.000000,0.000000,0.000000,0.000000,0.000000,0.000000,0.000000,0.000000,0.000000,0.000000,0,0,0,0.000000,0.000000,0.000000,0.000000,0.000000,0.000000,0,0,0,0,0,0.000000,0.000000,0.000000,0.000000,0.000000,0.000000,0.000000,0.000000,0.000000,0,0.000000,0.000000,0.000000
16375,25.018536,100776.304688,-0.020000,20,1,1000,1000,1000,1000,1000.000000,0,0,0,0,0.000000,0.000000,0.000000,0.000000,0.000000,0.000000,0.000000,0.000000,0.000000,0.000000,0.000000,0.000000,0.000000,0,0,0,0.000000,0.000000,0.000000,0.000000,0.000000,0.000000,0,0,0,0,0,0.000000,0.000000,0.000000,0.000000,0.000000,0.000000,0.000000,0.000000,0.000000,0,0.000000,0.000000,0.000000
16460,25.020306,100776.304688,-0.020000,21,1,1000,1000,1000,1000,1000.000000,0,0,0,0,0.000000,0.000000,0.000000,0.000000,0.000000,0.000000,0.000000,0.000000,0.000000,0.000000,0.000000,0.000000,0.000000,0,0,0,0.000000,0.000000,0.000000,0.000000,0.000000,0.000000,0,0,0,0,0,0.000000,0.000000,0.000000,0.000000,0.000000,0.000000,0.000000,0.000000,0.000000,0,0.000000,0.000000,0.000000
16566,25.021341,100778.101563,-0.050000,0,1,1000,1000,1000,1000,1000.000000,0,0,0,0,0.000000,0.000000,0.000000,0.000000,0.000000,0.000000,0.000000,0.000000,0.000000,0.000000,0.000000,0.000000,0.000000,0,0,0,0.000000,0.000000,0.000000,0.000000,0.000000,0.000000,0,0,0,0,0,0.000000,0.000000,0.000000,0.000000,0.000000,0.000000,0.000000,0.000000,0.000000,0,0.000000,0.000000,0.000000
16673,25.022446,100777.000000,-0.040000,19,1,1000,1000,1000,1000,1000.000000,0,0,0,0,0.000000,0.000000,0.000000,0.000000,0.000000,0.000000,0.000000,0.000000,0.000000,0.000000,0.000000,0.000000,0.000000,0,0,0,0.000000,0.000000,0.000000,0.000000,0.000000,0.000000,0,0,0,0,0,0.000000,0.000000,0.000000,0.000000,0.000000,0.000000,0.000000,0.000000,0.000000,0,0.000000,0.000000,0.000000
16760,25.024479,100777.398438,-0.070000,22,1,1000,1000,1000,1000,1000.000000,0,0,0,0,0.000000,0.000000,0.000000,0.000000,0.000000,0.000000,0.000000,0.000000,0.000000,0.000000,0.000000,0.000000,0.000000,0,0,0,0.000000,0.000000,0.000000,0.000000,0.000000,0.000000,0,0,0,0,0,0.000000,0.000000,0.000000,0.000000,0.000000,0.000000,0.000000,0.000000,0.000000,0,0.000000,0.000000,0.000000
16867,25.021236,100777.804688,-0.090000,0,1,1000,1000,1000,1000,1000.000000,0,0,0,0,0.000000,0.000000,0.000000,0.000000,0.000000,0.000000,0.000000,0.000000,0.000000,0.000000,0.000000,0.000000,0.000000,0,0,0,0.000000,0.000000,0.000000,0.000000,0.000000,0.000000,0,0,0,0,0,0.000000,0.000000,0.000000,0.000000,0.000000,0.000000,0.000000,0.000000,0.000000,0,0.000000,0.000000,0.000000
16975,25.020744,100776.203125,-0.080000,20,1,1000,1000,1000,1000,1000.000000,0,0,0,0,0.000000,0.000000,0.000000,0.000000,0.000000,0.000000,0.000000,0.000000,0.000000,0.000000,0.000000,0.000000,0.000000,0,0,0,0.000000,0.000000,0.000000,0.000000,0.000000,0.000000,0,0,0,0,0,0.000000,0.000000,0.000000,0.000000,0.000000,0.000000,0.000000,0.000000,0.000000,0,0.000000,0.000000,0.000000
17060,25.024233,100778.304688,-0.110000,20,1,1000,1000,1000,1000,1000.000000,0,0,0,0,0.000000,0.000000,0.000000,0.000000,0.000000,0.000000,0.000000,0.000000,0.000000,0.000000,0.000000,0.000000,0.000000,0,0,0,0.000000,0.000000,0.000000,0.000000,0.000000,0.000000,0,0,0,0,0,0.000000,0.000000,0.000000,0.000000,0.000000,0.000000,0.000000,0.000000,0.000000,0,0.000000,0.000000,0.000000
17167,25.027161,100778.101563,-0.110000,0,1,1000,1000,1000,1000,1000.000000,0,0,0,0,0.000000,0.000000,0.000000,0.000000,0.000000,0.000000,0.000000,0.000000,0.000000,0.000000,0.000000,0.000000,0.000000,0,0,0,0.000000,0.000000,0.000000,0.000000,0.000000,0.000000,0,0,0,0,0,0.000000,0.000000,0.000000,0.000000,0.000000,0.000000,0.000000,0.000000,0.000000,0,0.000000,0.000000,0.000000
17275,25.030035,100778.804688,-0.110000,20,1,1000,1000,1000,1000,1000.000000,0,0,0,0,0.000000,0.000000,0.000000,0.000000,0.000000,0.000000,0.000000,0.000000,0.000000,0.000000,0.000000,0.000000,0.000000,0,0,0,0.000000,0.000000,0.000000,0.000000,0.000000,0.000000,0,0,0,0,0,0.000000,0.000000,0.000000,0.000000,0.000000,0.000000,0.000000,0.000000,0.000000,0,0.000000,0.000000,0.000000
17360,25.028597,100777.101563,-0.090000,20,1,1000,1000,1000,1000,1000.000000,0,0,0,0,0.000000,0.000000,0.000000,0.000000,0.000000,0.000000,0.000000,0.000000,0.000000,0.000000,0.000000,0.000000,0.000000,0,0,0,0.000000,0.000000,0.000000,0.000000,0.000000,0.000000,0,0,0,0,0,0.000000,0.000000,0.000000,0.000000,0.000000,0.000000,0.000000,0.000000,0.000000,0,0.000000,0.000000,0.000000
17467,25.026810,100776.101563,-0.070000,0,1,1000,1000,1000,1000,1000.000000,0,0,0,0,0.000000,0.000000,0.000000,0.000000,0.000000,0.000000,0.000000,0.000000,0.000000,0.000000,0.000000,0.000000,0.000000,0,0,0,0.000000,0.000000,0.000000,0.000000,0.000000,0.000000,0,0,0,0,0,0.000000,0.000000,0.000000,0.000000,0.000000,0.000000,0.000000,0.000000,0.000000,0,0.000000,0.000000,0.000000
17560,25.028475,100776.601563,-0.050000,5,1,1000,1000,1000,1000,1000.000000,0,0,0,0,0.000000,0.000000,0.000000,0.000000,0.000000,0.000000,0.000000,0.000000,0.000000,0.000000,0.000000,0.000000,0.000000,0,0,0,0.000000,0.000000,0.000000,0.000000,0.000000,0.000000,0,0,0,0,0,0.000000,0.000000,0.000000,0.000000,0.000000,0.000000,0.000000,0.000000,0.000000,0,0.000000,0.000000,0.000000
17664,25.027651,100778.101563,-0.050000,24,1,1000,1000,1000,1000,1000.000000,0,0,0,0,0.000000,0.000000,0.000000,0.000000,0.000000,0.000000,0.000000,0.000000,0.000000,0.000000,0.000000,0.000000,0.000000,0,0,0,0.000000,0.000000,0.000000,0.000000,0.000000,0.000000,0,0,0,0,0,0.000000,0.000000,0.000000,0.000000,0.000000,0.000000,0.000000,0.000000,0.000000,0,0.000000,0.000000,0.000000
17766,25.028194,100778.000000,-0.090000,0,1,1000,1000,1000,1000,1000.000000,0,0,0,0,0.000000,0.000000,0.000000,0.000000,0.000000,0.000000,0.000000,0.000000,0.000000,0.000000,0.000000,0.000000,0.000000,0,0,0,0.000000,0.000000,0.000000,0.000000,0.000000,0.000000,0,0,0,0,0,0.000000,0.000000,0.000000,0.000000,0.000000,0.000000,0.000000,0.000000,0.000000,0,0.000000,0.000000,0.000000
17873,25.031191,100778.804688,-0.100000,19,1,1000,1000,1000,1000,1000.000000,0,0,0,0,0.000000,0.000000,0.000000,0.000000,0.000000,0.000000,0.000000,0.000000,0.000000,0.000000,0.000000,0.000000,0.000000,0,0,0,0.000000,0.000000,0.000000,0.000000,0.000000,0.000000,0,0,0,0,0,0.000000,0.000000,0.000000,0.000000,0.000000,0.000000,0.000000,0.000000,0.000000,0,0.000000,0.000000,0.000000
17960,25.033434,100778.601563,-0.110000,22,1,1000,1000,1000,1000,1000.000000,0,0,0,0,0.000000,0.000000,0.000000,0.000000,0.000000,0.000000,0.000000,0.000000,0.000000,0.000000,0.000000,0.000000,0.000000,0,0,0,0.000000,0.000000,0.000000,0.000000,0.000000,0.000000,0,0,0,0,0,0.000000,0.000000,0.000000,0.000000,0.000000,0.000000,0.000000,0.000000,0.000000,0,0.000000,0.000000,0.000000
18067,25.032558,100777.203125,-0.090000,0,1,1000,1000,1000,1000,1000.000000,0,0,0,0,0.000000,0.000000,0.000000,0.000000,0.000000,0.000000,0.000000,0.000000,0.000000,0.000000,0.000000,0.000000,0.000000,0,0,0,0.000000,0.000000,0.000000,0.000000,0.000000,0.000000,0,0,0,0,0,0.000000,0.000000,0.000000,0.000000,0.000000,0.000000,0.000000,0.000000,0.000000,0,0.000000,0.000000,0.000000
18175,25.031471,100777.898438,-0.080000,20,1,1000,1000,1000,1000,1000.000000,0,0,0,0,0.000000,0.000000,0.000000,0.000000,0.000000,0.000000,0.000000,0.000000,0.000000,0.000000,0.000000,0.000000,0.000000,0,0,0,0.000000,0.000000,0.000000,0.000000,0.000000,0.000000,0,0,0,0,0,0.000000,0.000000,0.000000,0.000000,0.000000,0.000000,0.000000,0.000000,0.000000,0,0.000000,0.000000,0.000000
18260,25.034294,100777.703125,-0.090000,20,1,1000,1000,1000,1000,1000.000000,0,0,0,0,0.000000,0.000000,0.000000,0.000000,0.000000,0.000000,0.000000,0.000000,0.000000,0.000000,0.000000,0.000000,0.000000,0,0,0,0.000000,0.000000,0.000000,0.000000,0.000000,0.000000,0,0,0,0,0,0.000000,0.000000,0.000000,0.000000,0.000000,0.000000,0.000000,0.000000,0.000000,0,0.000000,0.000000,0.000000
18366,25.037203,100778.304688,-0.080000,0,1,1000,1000,1000,1000,1000.000000,0,0,0,0,0.000000,0.000000,0.000000,0.000000,0.000000,0.000000,0.000000,0.000000,0.000000,0.000000,0.000000,0.000000,0.000000,0,0,0,0.000000,0.000000,0.000000,0.000000,0.000000,0.000000,0,0,0,0,0,0.000000,0.000000,0.000000,0.000000,0.000000,0.000000,0.000000,0.000000,0.000000,0,0.000000,0.000000,0.000000
18473,25.034924,100777.804688,-0.080000,19,1,1000,1000,1000,1000,1000.000000,0,0,0,0,0.000000,0.000000,0.000000,0.000000,0.000000,0.000000,0.000000,0.000000,0.000000,0.000000,0.000000,0.000000,0.000000,0,0,0,0.000000,0.000000,0.000000,0.000000,0.000000,0.000000,0,0,0,0,0,0.000000,0.000000,0.000000,0.000000,0.000000,0.000000,0.000000,0.000000,0.000000,0,0.000000,0.000000,0.000000
18560,25.033943,100776.500000,-0.080000,22,1,1000,1000,1000,1000,1000.000000,0,0,0,0,0.000000,0.000000,0.000000,0.000000,0.000000,0.000000,0.000000,0.000000,0.000000,0.000000,0.000000,0.000000,0.000000,0,0,0,0.000000,0.000000,0.000000,0.000000,0.000000,0.000000,0,0,0,0,0,0.000000,0.000000,0.000000,0.000000,0.000000,0.000000,0.000000,0.000000,0.000000,0,0.000000,0.000000,0.000000
18670,25.031437,100775.898438,-0.080000,0,1,1000,1000,1000,1000,1000.000000,0,0,0,0,0.000000,0.000000,0.000000,0.000000,0.000000,0.000000,0.000000,0.000000,0.000000,0.000000,0.000000,0.000000,0.000000,0,0,0,0.000000,0.000000,0.000000,0.000000,0.000000,0.000000,0,0,0,0,0,0.000000,0.000000,0.000000,0.000000,0.000000,0.000000,0.000000,0.000000,0.000000,0,0.000000,0.000000,0.000000
18775,25.037378,100777.398438,-0.060000,20,1,1000,1000,1000,1000,1000.000000,0,0,0,0,0.000000,0.000000,0.000000,0.000000,0.000000,0.000000,0.000000,0.000000,0.000000,0.000000,0.000000,0.000000,0.000000,0,0,0,0.000000,0.000000,0.000000,0.000000,0.000000,0.000000,0,0,0,0,0,0.000000,0.000000,0.000000,0.000000,0.000000,0.000000,0.000000,0.000000,0.000000,0,0.000000,0.000000,0.000000
18860,25.038307,100778.203125,-0.070000,20,1,1000,1000,1000,1000,1000.000000,0,0,0,0,0.000000,0.000000,0.000000,0.000000,0.000000,0.000000,0.000000,0.000000,0.000000,0.000000,0.000000,0.000000,0.000000,0,0,0,0.000000,0.000000,0.000000,0.000000,0.000000,0.000000,0,0,0,0,0,0.000000,0.000000,0.000000,0.000000,0.000000,0.000000,0.000000,0.000000,0.000000,0,0.000000,0.000000,0.000000
18966,25.036274,100777.101563,-0.070000,0,1,1000,1000,1000,1000,1000.000000,0,0,0,0,0.000000,0.000000,0.000000,0.000000,0.000000,0.000000,0.000000,0.000000,0.000000,0.000000,0.000000,0.000000,0.000000,0,0,0,0.000000,0.000000,0.000000,0.000000,0.000000,0.000000,0,0,0,0,0,0.000000,0.000000,0.000000,0.000000,0.000000,0.000000,0.000000,0.000000,0.000000,0,0.000000,0.000000,0.000000
19073,25.041603,100778.500000,-0.080000,19,1,1000,1000,1000,1000,1000.000000,0,0,0,0,0.000000,0.000000,0.000000,0.000000,0.000000,0.000000,0.000000,0.000000,0.000000,0.000000,0.000000,0.000000,0.000000,0,0,0,0.000000,0.000000,0.000000,0.000000,0.000000,0.000000,0,0,0,0,0,0.000000,0.000000,0.000000,0.000000,0.000000,0.000000,0.000000,0.000000,0.000000,0,0.000000,0.000000,0.000000
19160,25.036888,100777.601563,-0.070000,22,1,1000,1000,1000,1000,1000.000000,0,0,0,0,0.000000,0.000000,0.000000,0.000000,0.000000,0.000000,0.000000,0.000000,0.000000,0.000000,0.000000,0.000000,0.000000,0,0,0,0.000000,0.000000,0.000000,0.000000,0.000000,0.000000,0,0,0,0,0,0.000000,0.000000,0.000000,0.000000,0.000000,0.000000,0.000000,0.000000,0.000000,0,0.000000,0.000000,0.000000
19267,25.037220,100776.703125,-0.070000,0,1,1000,1000,1000,1000,1000.000000,0,0,0,0,0.000000,0.000000,0.000000,0.000000,0.000000,0.000000,0.000000,0.000000,0.000000,0.000000,0.000000,0.000000,0.000000,0,0,0,0.000000,0.000000,0.000000,0.000000,0.000000,0.000000,0,0,0,0,0,0.000000,0.000000,0.000000,0.000000,0.000000,0.000000,0.000000,0.000000,0.000000,0,0.000000,0.000000,0.000000
19374,25.039412,100777.203125,-0.080000,19,1,1000,1000,1000,1000,1000.000000,0,0,0,0,0.000000,0.000000,0.000000,0.000000,0.000000,0.000000,0.000000,0.000000,0.000000,0.000000,0.000000,0.000000,0.000000,0,0,0,0.000000,0.000000,0.000000,0.000000,0.000000,0.000000,0,0,0,0,0,0.000000,0.000000,0.000000,0.000000,0.000000,0.000000,0.000000,0.000000,0.000000,0,0.000000,0.000000,0.000000
19460,25.039253,100778.203125,-0.100000,21,1,1000,1000,1000,1000,1000.000000,0,0,0,0,0.000000,0.000000,0.000000,0.000000,0.000000,0.000000,0.000000,0.000000,0.000000,0.000000,0.000000,0.000000,0.000000,0,0,0,0.000000,0.000000,0.000000,0.000000,0.000000,0.000000,0,0,0,0,0,0.000000,0.000000,0.000000,0.000000,0.000000,0.000000,0.000000,0.000000,0.000000,0,0.000000,0.000000,0.000000
19566,25.038605,100777.101563,-0.090000,0,1,1000,1000,1000,1000,1000.000000,0,0,0,0,0.000000,0.000000,0.000000,0.000000,0.000000,0.000000,0.000000,0.000000,0.000000,0.000000,0.000000,0.000000,0.000000,0,0,0,0.000000,0.000000,0.000000,0.000000,0.000000,0.000000,0,0,0,0,0,0.000000,0.000000,0.000000,0.000000,0.000000,0.000000,0.000000,0.000000,0.000000,0,0.000000,0.000000,0.000000
19673,25.038939,100777.101563,-0.080000,19,1,1000,1000,1000,1000,1000.000000,0,0,0,0,0.000000,0.000000,0.000000,0.000000,0.000000,0.000000,0.000000,0.000000,0.000000,0.000000,0.000000,0.000000,0.000000,0,0,0,0.000000,0.000000,0.000000,0.000000,0.000000,0.000000,0,0,0,0,0,0.000000,0.000000,0.000000,0.000000,0.000000,0.000000,0.000000,0.000000,0.000000,0,0.000000,0.000000,0.000000
19762,25.038534,100777.000000,-0.080000,24,1,1000,1000,1000,1000,1000.000000,0,0,0,0,0.000000,0.000000,0.000000,0.000000,0.000000,0.000000,0.000000,0.000000,0.000000,0.000000,0.000000,0.000000,0.000000,0,0,0,0.000000,0.000000,0.000000,0.000000,0.000000,0.000000,0,0,0,0,0,0.000000,0.000000,0.000000,0.000000,0.000000,0.000000,0.000000,0.000000,0.000000,0,0.000000,0.000000,0.000000
19867,25.046230,100778.398438,-0.090000,0,1,1000,1000,1000,1000,1000.000000,0,0,0,0,0.000000,0.000000,0.000000,0.000000,0.000000,0.000000,0.000000,0.000000,0.000000,0.000000,0.000000,0.000000,0.000000,0,0,0,0.000000,0.000000,0.000000,0.000000,0.000000,0.000000,0,0,0,0,0,0.000000,0.000000,0.000000,0.000000,0.000000,0.000000,0.000000,0.000000,0.000000,0,0.000000,0.000000,0.000000
19974,25.046055,100777.703125,-0.090000,19,1,1000,1000,1000,1000,1000.000000,0,0,0,0,0.000000,0.000000,0.000000,0.000000,0.000000,0.000000,0.000000,0.000000,0.000000,0.000000,0.000000,0.000000,0.000000,0,0,0,0.000000,0.000000,0.000000,0.000000,0.000000,0.000000,0,0,0,0,0,0.000000,0.000000,0.000000,0.000000,0.000000,0.000000,0.000000,0.000000,0.000000,0,0.000000,0.000000,0.000000
20060,25.045862,100779.101563,-0.120000,21,1,1000,1000,1000,1000,1000.000000,0,0,0,0,0.000000,0.000000,0.000000,0.000000,0.000000,0.000000,0.000000,0.000000,0.000000,0.000000,0.000000,0.000000,0.000000,0,0,0,0.000000,0.000000,0.000000,0.000000,0.000000,0.000000,0,0,0,0,0,0.000000,0.000000,0.000000,0.000000,0.000000,0.000000,0.000000,0.000000,0.000000,0,0.000000,0.000000,0.000000
20167,25.045301,100777.703125,-0.110000,0,1,1000,1000,1000,1000,1000.000000,0,0,0,0,0.000000,0.000000,0.000000,0.000000,0.000000,0.000000,0.000000,0.000000,0.000000,0.000000,0.000000,0.000000,0.000000,0,0,0,0.000000,0.000000,0.000000,0.000000,0.000000,0.000000,0,0,0,0,0,0.000000,0.000000,0.000000,0.000000,0.000000,0.000000,0.000000,0.000000,0.000000,0,0.000000,0.000000,0.000000
20274,25.044477,100777.203125,-0.100000,19,1,1000,1000,1000,1000,1000.000000,0,0,0,0,0.000000,0.000000,0.000000,0.000000,0.000000,0.000000,0.000000,0.000000,0.000000,0.000000,0.000000,0.000000,0.000000,0,0,0,0.000000,0.000000,0.000000,0.000000,0.000000,0.000000,0,0,0,0,0,0.000000,0.000000,0.000000,0.000000,0.000000,0.000000,0.000000,0.000000,0.000000,0,0.000000,0.000000,0.000000
20360,25.044353,100778.500000,-0.110000,21,1,1000,1000,1000,1000,1000.000000,0,0,0,0,0.000000,0.000000,0.000000,0.000000,0.000000,0.000000,0.000000,0.000000,0.000000,0.000000,0.000000,0.000000,0.000000,0,0,0,0.000000,0.000000,0.000000,0.000000,0.000000,0.000000,0,0,0,0,0,0.000000,0.000000,0.000000,0.000000,0.000000,0.000000,0.000000,0.000000,0.000000,0,0.000000,0.000000,0.000000
20467,25.045073,100778.203125,-0.110000,0,1,1000,1000,1000,1000,1000.000000,0,0,0,0,0.000000,0.000000,0.000000,0.000000,0.000000,0.000000,0.000000,0.000000,0.000000,0.000000,0.000000,0.000000,0.000000,0,0,0,0.000000,0.000000,0.000000,0.000000,0.000000,0.000000,0,0,0,0,0,0.000000,0.000000,0.000000,0.000000,0.000000,0.000000,0.000000,0.000000,0.000000,0,0.000000,0.000000,0.000000
20575,25.051207,100780.304688,-0.120000,20,1,1000,1000,1000,1000,1000.000000,0,0,0,0,0.000000,0.000000,0.000000,0.000000,0.000000,0.000000,0.000000,0.000000,0.000000,0.000000,0.000000,0.000000,0.000000,0,0,0,0.000000,0.000000,0.000000,0.000000,0.000000,0.000000,0,0,0,0,0,0.000000,0.000000,0.000000,0.000000,0.000000,0.000000,0.000000,0.000000,0.000000,0,0.000000,0.000000,0.000000
20660,25.047298,100777.500000,-0.110000,21,1,1000,1000,1000,1000,1000.000000,0,0,0,0,0.000000,0.000000,0.000000,0.000000,0.000000,0.000000,0.000000,0.000000,0.000000,0.000000,0.000000,0.000000,0.000000,0,0,0,0.000000,0.000000,0.000000,0.000000,0.000000,0.000000,0,0,0,0,0,0.000000,0.000000,0.000000,0.000000,0.000000,0.000000,0.000000,0.000000,0.000000,0,0.000000,0.000000,0.000000
20766,25.049068,100777.500000,-0.090000,0,1,1000,1000,1000,1000,1000.000000,0,0,0,0,0.000000,0.000000,0.000000,0.000000,0.000000,0.000000,0.000000,0.000000,0.000000,0.000000,0.000000,0.000000,0.000000,0,0,0,0.000000,0.000000,0.000000,0.000000,0.000000,0.000000,0,0,0,0,0,0.000000,0.000000,0.000000,0.000000,0.000000,0.000000,0.000000,0.000000,0.000000,0,0.000000,0.000000,0.000000
20873,25.046055,100777.304688,-0.090000,19,1,1000,1000,1000,1000,1000.000000,0,0,0,0,0.000000,0.000000,0.000000,0.000000,0.000000,0.000000,0.000000,0.000000,0.000000,0.000000,0.000000,0.000000,0.000000,0,0,0,0.000000,0.000000,0.000000,0.000000,0.000000,0.000000,0,0,0,0,0,0.000000,0.000000,0.000000,0.000000,0.000000,0.000000,0.000000,0.000000,0.000000,0,0.000000,0.000000,0.000000
20960,25.047264,100777.000000,-0.090000,22,1,1000,1000,1000,1000,1000.000000,0,0,0,0,0.000000,0.000000,0.000000,0.000000,0.000000,0.000000,0.000000,0.000000,0.000000,0.000000,0.000000,0.000000,0.000000,0,0,0,0.000000,0.000000,0.000000,0.000000,0.000000,0.000000,0,0,0,0,0,0.000000,0.000000,0.000000,0.000000,0.000000,0.000000,0.000000,0.000000,0.000000,0,0.000000,0.000000,0.000000
21067,25.049841,100777.703125,-0.100000,0,1,1000,1000,1000,1000,1000.000000,0,0,0,0,0.000000,0.000000,0.000000,0.000000,0.000000,0.000000,0.000000,0.000000,0.000000,0.000000,0.000000,0.000000,0.000000,0,0,0,0.000000,0.000000,0.000000,0.000000,0.000000,0.000000,0,0,0,0,0,0.000000,0.000000,0.000000,0.000000,0.000000,0.000000,0.000000,0.000000,0.000000,0,0.000000,0.000000,0.000000
21175,25.051138,100777.398438,-0.100000,20,1,1000,1000,1000,1000,1000.000000,0,0,0,0,0.000000,0.000000,0.000000,0.000000,0.000000,0.000000,0.000000,0.000000,0.000000,0.000000,0.000000,0.000000,0.000000,0,0,0,0.000000,0.000000,0.000000,0.000000,0.000000,0.000000,0,0,0,0,0,0.000000,0.000000,0.000000,0.000000,0.000000,0.000000,0.000000,0.000000,0.000000,0,0.000000,0.000000,0.000000
21260,25.055992,100778.898438,-0.100000,20,1,1000,1000,1000,1000,1000.000000,0,0,0,0,0.000000,0.000000,0.000000,0.000000,0.000000,0.000000,0.000000,0.000000,0.000000,0.000000,0.000000,0.000000,0.000000,0,0,0,0.000000,0.000000,0.000000,0.000000,0.000000,0.000000,0,0,0,0,0,0.000000,0.000000,0.000000,0.000000,0.000000,0.000000,0.000000,0.000000,0.000000,0,0.000000,0.000000,0.000000
21366,25.053030,100778.398438,-0.120000,0,1,1000,1000,1000,1000,1000.000000,0,0,0,0,0.000000,0.000000,0.000000,0.000000,0.000000,0.000000,0.000000,0.000000,0.000000,0.000000,0.000000,0.000000,0.000000,0,0,0,0.000000,0.000000,0.000000,0.000000,0.000000,0.000000,0,0,0,0,0,0.000000,0.000000,0.000000,0.000000,0.000000,0.000000,0.000000,0.000000,0.000000,0,0.000000,0.000000,0.000000
21473,25.056955,100778.500000,-0.140000,19,1,1000,1000,1000,1000,1000.000000,0,0,0,0,0.000000,0.000000,0.000000,0.000000,0.000000,0.000000,0.000000,0.000000,0.000000,0.000000,0.000000,0.000000,0.000000,0,0,0,0.000000,0.000000,0.000000,0.000000,0.000000,0.000000,0,0,0,0,0,0.000000,0.000000,0.000000,0.000000,0.000000,0.000000,0.000000,0.000000,0.000000,0,0.000000,0.000000,0.000000
21560,25.049910,100776.804688,-0.120000,22,1,1000,1000,1000,1000,1000.000000,0,0,0,0,0.000000,0.000000,0.000000,0.000000,0.000000,0.000000,0.000000,0.000000,0.000000,0.000000,0.000000,0.000000,0.000000,0,0,0,0.000000,0.000000,0.000000,0.000000,0.000000,0.000000,0,0,0,0,0,0.000000,0.000000,0.000000,0.000000,0.000000,0.000000,0.000000,0.000000,0.000000,0,0.000000,0.000000,0.000000
21670,25.051558,100777.000000,-0.110000,0,1,1000,1000,1000,1000,1000.000000,0,0,0,0,0.000000,0.000000,0.000000,0.000000,0.000000,0.000000,0.000000,0.000000,0.000000,0.000000,0.000000,0.000000,0.000000,0,0,0,0.000000,0.000000,0.000000,0.000000,0.000000,0.000000,0,0,0,0,0,0.000000,0.000000,0.000000,0.000000,0.000000,0.000000,0.000000,0.000000,0.000000,0,0.000000,0.000000,0.000000
21775,25.053486,100776.304688,-0.100000,20,1,1000,1000,1000,1000,1000.000000,0,0,0,0,0.000000,0.000000,0.000000,0.000000,0.000000,0.000000,0.000000,0.000000,0.000000,0.000000,0.000000,0.000000,0.000000,0,0,0,0.000000,0.000000,0.000000,0.000000,0.000000,0.000000,0,0,0,0,0,0.000000,0.000000,0.000000,0.000000,0.000000,0.000000,0.000000,0.000000,0.000000,0,0.000000,0.000000,0.000000
21860,25.053013,100776.101563,-0.080000,20,1,1000,1000,1000,1000,1000.000000,0,0,0,0,0.000000,0.000000,0.000000,0.000000,0.000000,0.000000,0.000000,0.000000,0.000000,0.000000,0.000000,0.000000,0.000000,0,0,0,0.000000,0.000000,0.000000,0.000000,0.000000,0.000000,0,0,0,0,0,0.000000,0.000000,0.000000,0.000000,0.000000,0.000000,0.000000,0.000000,0.000000,0,0.000000,0.000000,0.000000
21970,25.055361,100776.398438,-0.060000,4,1,1000,1000,1000,1000,1000.000000,0,0,0,0,0.000000,0.000000,0.000000,0.000000,0.000000,0.000000,0.000000,0.000000,0.000000,0.000000,0.000000,0.000000,0.000000,0,0,0,0.000000,0.000000,0.000000,0.000000,0.000000,0.000000,0,0,0,0,0,0.000000,0.000000,0.000000,0.000000,0.000000,0.000000,0.000000,0.000000,0.000000,0,0.000000,0.000000,0.000000
22073,25.057938,100778.500000,-0.070000,19,1,1000,1000,1000,1000,1000.000000,0,0,0,0,0.000000,0.000000,0.000000,0.000000,0.000000,0.000000,0.000000,0.000000,0.000000,0.000000,0.000000,0.000000,0.000000,0,0,0,0.000000,0.000000,0.000000,0.000000,0.000000,0.000000,0,0,0,0,0,0.000000,0.000000,0.000000,0.000000,0.000000,0.000000,0.000000,0.000000,0.000000,0,0.000000,0.000000,0.000000
22160,25.057219,100777.101563,-0.070000,22,1,1000,1000,1000,1000,1000.000000,0,0,0,0,0.000000,0.000000,0.000000,0.000000,0.000000,0.000000,0.000000,0.000000,0.000000,0.000000,0.000000,0.000000,0.000000,0,0,0,0.000000,0.000000,0.000000,0.000000,0.000000,0.000000,0,0,0,0,0,0.000000,0.000000,0.000000,0.000000,0.000000,0.000000,0.000000,0.000000,0.000000,0,0.000000,0.000000,0.000000
22267,25.053539,100776.398438,-0.060000,0,1,1000,1000,1000,1000,1000.000000,0,0,0,0,0.000000,0.000000,0.000000,0.000000,0.000000,0.000000,0.000000,0.000000,0.000000,0.000000,0.000000,0.000000,0.000000,0,0,0,0.000000,0.000000,0.000000,0.000000,0.000000,0.000000,0,0,0,0,0,0.000000,0.000000,0.000000,0.000000,0.000000,0.000000,0.000000,0.000000,0.000000,0,0.000000,0.000000,0.000000
22375,25.056238,100777.304688,-0.080000,20,1,1000,1000,1000,1000,1000.000000,0,0,0,0,0.000000,0.000000,0.000000,0.000000,0.000000,0.000000,0.000000,0.000000,0.000000,0.000000,0.000000,0.000000,0.000000,0,0,0,0.000000,0.000000,0.000000,0.000000,0.000000,0.000000,0,0,0,0,0,0.000000,0.000000,0.000000,0.000000,0.000000,0.000000,0.000000,0.000000,0.000000,0,0.000000,0.000000,0.000000
22465,25.057150,100777.000000,-0.080000,24,1,1000,1000,1000,1000,1000.000000,0,0,0,0,0.000000,0.000000,0.000000,0.000000,0.000000,0.000000,0.000000,0.000000,0.000000,0.000000,0.000000,0.000000,0.000000,0,0,0,0.000000,0.000000,0.000000,0.000000,0.000000,0.000000,0,0,0,0,0,0.000000,0.000000,0.000000,0.000000,0.000000,0.000000,0.000000,0.000000,0.000000,0,0.000000,0.000000,0.000000
22569,25.065668,100779.703125,-0.110000,0,1,1000,1000,1000,1000,1000.000000,0,0,0,0,0.000000,0.000000,0.000000,0.000000,0.000000,0.000000,0.000000,0.000000,0.000000,0.000000,0.000000,0.000000,0.000000,0,0,0,0.000000,0.000000,0.000000,0.000000,0.000000,0.000000,0,0,0,0,0,0.000000,0.000000,0.000000,0.000000,0.000000,0.000000,0.000000,0.000000,0.000000,0,0.000000,0.000000,0.000000
22675,25.057606,100775.804688,-0.090000,20,1,1000,1000,1000,1000,1000.000000,0,0,0,0,0.000000,0.000000,0.000000,0.000000,0.000000,0.000000,0.000000,0.000000,0.000000,0.000000,0.000000,0.000000,0.000000,0,0,0,0.000000,0.000000,0.000000,0.000000,0.000000,0.000000,0,0,0,0,0,0.000000,0.000000,0.000000,0.000000,0.000000,0.000000,0.000000,0.000000,0.000000,0,0.000000,0.000000,0.000000
22760,25.056955,100776.703125,-0.070000,20,1,1000,1000,1000,1000,1000.000000,0,0,0,0,0.000000,0.000000,0.000000,0.000000,0.000000,0.000000,0.000000,0.000000,0.000000,0.000000,0.000000,0.000000,0.000000,0,0,0,0.000000,0.000000,0.000000,0.000000,0.000000,0.000000,0,0,0,0,0,0.000000,0.000000,0.000000,0.000000,0.000000,0.000000,0.000000,0.000000,0.000000,0,0.000000,0.000000,0.000000
22868,25.059427,100777.101563,-0.080000,0,1,1000,1000,1000,1000,1000.000000,0,0,0,0,0.000000,0.000000,0.000000,0.000000,0.000000,0.000000,0.000000,0.000000,0.000000,0.000000,0.000000,0.000000,0.000000,0,0,0,0.000000,0.000000,0.000000,0.000000,0.000000,0.000000,0,0,0,0,0,0.000000,0.000000,0.000000,0.000000,0.000000,0.000000,0.000000,0.000000,0.000000,0,0.000000,0.000000,0.000000
22975,25.059883,100777.500000,-0.070000,20,1,1000,1000,1000,1000,1000.000000,0,0,0,0,0.000000,0.000000,0.000000,0.000000,0.000000,0.000000,0.000000,0.000000,0.000000,0.000000,0.000000,0.000000,0.000000,0,0,0,0.000000,0.000000,0.000000,0.000000,0.000000,0.000000,0,0,0,0,0,0.000000,0.000000,0.000000,0.000000,0.000000,0.000000,0.000000,0.000000,0.000000,0,0.000000,0.000000,0.000000
23065,25.058779,100776.398438,-0.060000,25,1,1000,1000,1000,1000,1000.000000,0,0,0,0,0.000000,0.000000,0.000000,0.000000,0.000000,0.000000,0.000000,0.000000,0.000000,0.000000,0.000000,0.000000,0.000000,0,0,0,0.000000,0.000000,0.000000,0.000000,0.000000,0.000000,0,0,0,0,0,0.000000,0.000000,0.000000,0.000000,0.000000,0.000000,0.000000,0.000000,0.000000,0,0.000000,0.000000,0.000000
23169,25.063179,100778.804688,-0.070000,2,1,1000,1000,1000,1000,1000.000000,0,0,0,0,0.000000,0.000000,0.000000,0.000000,0.000000,0.000000,0.000000,0.000000,0.000000,0.000000,0.000000,0.000000,0.000000,0,0,0,0.000000,0.000000,0.000000,0.000000,0.000000,0.000000,0,0,0,0,0,0.000000,0.000000,0.000000,0.000000,0.000000,0.000000,0.000000,0.000000,0.000000,0,0.000000,0.000000,0.000000
23274,25.069647,100778.703125,-0.090000,19,1,1000,1000,1000,1000,1000.000000,0,0,0,0,0.000000,0.000000,0.000000,0.000000,0.000000,0.000000,0.000000,0.000000,0.000000,0.000000,0.000000,0.000000,0.000000,0,0,0,0.000000,0.000000,0.000000,0.000000,0.000000,0.000000,0,0,0,0,0,0.000000,0.000000,0.000000,0.000000,0.000000,0.000000,0.000000,0.000000,0.000000,0,0.000000,0.000000,0.000000
23360,25.068087,100778.804688,-0.100000,20,1,1000,1000,1000,1000,1000.000000,0,0,0,0,0.000000,0.000000,0.000000,0.000000,0.000000,0.000000,0.000000,0.000000,0.000000,0.000000,0.000000,0.000000,0.000000,0,0,0,0.000000,0.000000,0.000000,0.000000,0.000000,0.000000,0,0,0,0,0,0.000000,0.000000,0.000000,0.000000,0.000000,0.000000,0.000000,0.000000,0.000000,0,0.000000,0.000000,0.000000
23467,25.066526,100778.500000,-0.120000,0,1,1000,1000,1000,1000,1000.000000,0,0,0,0,0.000000,0.000000,0.000000,0.000000,0.000000,0.000000,0.000000,0.000000,0.000000,0.000000,0.000000,0.000000,0.000000,0,0,0,0.000000,0.000000,0.000000,0.000000,0.000000,0.000000,0,0,0,0,0,0.000000,0.000000,0.000000,0.000000,0.000000,0.000000,0.000000,0.000000,0.000000,0,0.000000,0.000000,0.000000
23574,25.064247,100777.601563,-0.110000,19,1,1000,1000,1000,1000,1000.000000,0,0,0,0,0.000000,0.000000,0.000000,0.000000,0.000000,0.000000,0.000000,0.000000,0.000000,0.000000,0.000000,0.000000,0.000000,0,0,0,0.000000,0.000000,0.000000,0.000000,0.000000,0.000000,0,0,0,0,0,0.000000,0.000000,0.000000,0.000000,0.000000,0.000000,0.000000,0.000000,0.000000,0,0.000000,0.000000,0.000000
23660,25.063547,100774.898438,-0.080000,20,1,1000,1000,1000,1000,1000.000000,0,0,0,0,0.000000,0.000000,0.000000,0.000000,0.000000,0.000000,0.000000,0.000000,0.000000,0.000000,0.000000,0.000000,0.000000,0,0,0,0.000000,0.000000,0.000000,0.000000,0.000000,0.000000,0,0,0,0,0,0.000000,0.000000,0.000000,0.000000,0.000000,0.000000,0.000000,0.000000,0.000000,0,0.000000,0.000000,0.000000
23766,25.068804,100777.398438,-0.080000,0,1,1000,1000,1000,1000,1000.000000,0,0,0,0,0.000000,0.000000,0.000000,0.000000,0.000000,0.000000,0.000000,0.000000,0.000000,0.000000,0.000000,0.000000,0.000000,0,0,0,0.000000,0.000000,0.000000,0.000000,0.000000,0.000000,0,0,0,0,0,0.000000,0.000000,0.000000,0.000000,0.000000,0.000000,0.000000,0.000000,0.000000,0,0.000000,0.000000,0.000000
23873,25.066631,100777.601563,-0.090000,19,1,1000,1000,1000,1000,1000.000000,0,0,0,0,0.000000,0.000000,0.000000,0.000000,0.000000,0.000000,0.000000,0.000000,0.000000,0.000000,0.000000,0.000000,0.000000,0,0,0,0.000000,0.000000,0.000000,0.000000,0.000000,0.000000,0,0,0,0,0,0.000000,0.000000,0.000000,0.000000,0.000000,0.000000,0.000000,0.000000,0.000000,0,0.000000,0.000000,0.000000
23960,25.070978,100779.500000,-0.110000,22,1,1000,1000,1000,1000,1000.000000,0,0,0,0,0.000000,0.000000,0.000000,0.000000,0.000000,0.000000,0.000000,0.000000,0.000000,0.000000,0.000000,0.000000,0.000000,0,0,0,0.000000,0.000000,0.000000,0.000000,0.000000,0.000000,0,0,0,0,0,0.000000,0.000000,0.000000,0.000000,0.000000,0.000000,0.000000,0.000000,0.000000,0,0.000000,0.000000,0.000000
24067,25.066685,100778.398438,-0.130000,0,1,1000,1000,1000,1000,1000.000000,0,0,0,0,0.000000,0.000000,0.000000,0.000000,0.000000,0.000000,0.000000,0.000000,0.000000,0.000000,0.000000,0.000000,0.000000,0,0,0,0.000000,0.000000,0.000000,0.000000,0.000000,0.000000,0,0,0,0,0,0.000000,0.000000,0.000000,0.000000,0.000000,0.000000,0.000000,0.000000,0.000000,0,0.000000,0.000000,0.000000
24174,25.070137,100778.101563,-0.120000,19,1,1000,1000,1000,1000,1000.000000,0,0,0,0,0.000000,0.000000,0.000000,0.000000,0.000000,0.000000,0.000000,0.000000,0.000000,0.000000,0.000000,0.000000,0.000000,0,0,0,0.000000,0.000000,0.000000,0.000000,0.000000,0.000000,0,0,0,0,0,0.000000,0.000000,0.000000,0.000000,0.000000,0.000000,0.000000,0.000000,0.000000,0,0.000000,0.000000,0.000000
24260,25.068682,100779.101563,-0.110000,21,1,1000,1000,1000,1000,1000.000000,0,0,0,0,0.000000,0.000000,0.000000,0.000000,0.000000,0.000000,0.000000,0.000000,0.000000,0.000000,0.000000,0.000000,0.000000,0,0,0,0.000000,0.000000,0.000000,0.000000,0.000000,0.000000,0,0,0,0,0,0.000000,0.000000,0.000000,0.000000,0.000000,0.000000,0.000000,0.000000,0.000000,0,0.000000,0.000000,0.000000
24365,25.070469,100777.500000,-0.120000,0,1,1000,1000,1000,1000,1000.000000,0,0,0,0,0.000000,0.000000,0.000000,0.000000,0.000000,0.000000,0.000000,0.000000,0.000000,0.000000,0.000000,0.000000,0.000000,0,0,0,0.000000,0.000000,0.000000,0.000000,0.000000,0.000000,0,0,0,0,0,0.000000,0.000000,0.000000,0.000000,0.000000,0.000000,0.000000,0.000000,0.000000,0,0.000000,0.000000,0.000000
24472,25.066456,100776.898438,-0.110000,19,1,1000,1000,1000,1000,1000.000000,0,0,0,0,0.000000,0.000000,0.000000,0.000000,0.000000,0.000000,0.000000,0.000000,0.000000,0.000000,0.000000,0.000000,0.000000,0,0,0,0.000000,0.000000,0.000000,0.000000,0.000000,0.000000,0,0,0,0,0,0.000000,0.000000,0.000000,0.000000,0.000000,0.000000,0.000000,0.000000,0.000000,0,0.000000,0.000000,0.000000
24560,25.070803,100777.203125,-0.110000,23,1,1000,1000,1000,1000,1000.000000,0,0,0,0,0.000000,0.000000,0.000000,0.000000,0.000000,0.000000,0.000000,0.000000,0.000000,0.000000,0.000000,0.000000,0.000000,0,0,0,0.000000,0.000000,0.000000,0.000000,0.000000,0.000000,0,0,0,0,0,0.000000,0.000000,0.000000,0.000000,0.000000,0.000000,0.000000,0.000000,0.000000,0,0.000000,0.000000,0.000000
24670,25.067490,100776.804688,-0.100000,0,1,1000,1000,1000,1000,1000.000000,0,0,0,0,0.000000,0.000000,0.000000,0.000000,0.000000,0.000000,0.000000,0.000000,0.000000,0.000000,0.000000,0.000000,0.000000,0,0,0,0.000000,0.000000,0.000000,0.000000,0.000000,0.000000,0,0,0,0,0,0.000000,0.000000,0.000000,0.000000,0.000000,0.000000,0.000000,0.000000,0.000000,0,0.000000,0.000000,0.000000
24774,25.070417,100776.304688,-0.070000,19,1,1000,1000,1000,1000,1000.000000,0,0,0,0,0.000000,0.000000,0.000000,0.000000,0.000000,0.000000,0.000000,0.000000,0.000000,0.000000,0.000000,0.000000,0.000000,0,0,0,0.000000,0.000000,0.000000,0.000000,0.000000,0.000000,0,0,0,0,0,0.000000,0.000000,0.000000,0.000000,0.000000,0.000000,0.000000,0.000000,0.000000,0,0.000000,0.000000,0.000000
24860,25.073748,100777.398438,-0.090000,21,1,1000,1000,1000,1000,1000.000000,0,0,0,0,0.000000,0.000000,0.000000,0.000000,0.000000,0.000000,0.000000,0.000000,0.000000,0.000000,0.000000,0.000000,0.000000,0,0,0,0.000000,0.000000,0.000000,0.000000,0.000000,0.000000,0,0,0,0,0,0.000000,0.000000,0.000000,0.000000,0.000000,0.000000,0.000000,0.000000,0.000000,0,0.000000,0.000000,0.000000
24965,25.072660,100777.898438,-0.100000,0,1,1000,1000,1000,1000,1000.000000,0,0,0,0,0.000000,0.000000,0.000000,0.000000,0.000000,0.000000,0.000000,0.000000,0.000000,0.000000,0.000000,0.000000,0.000000,0,0,0,0.000000,0.000000,0.000000,0.000000,0.000000,0.000000,0,0,0,0,0,0.000000,0.000000,0.000000,0.000000,0.000000,0.000000,0.000000,0.000000,0.000000,0,0.000000,0.000000,0.000000
25072,25.069874,100778.000000,-0.090000,19,1,1000,1000,1000,1000,1000.000000,0,0,0,0,0.000000,0.000000,0.000000,0.000000,0.000000,0.000000,0.000000,0.000000,0.000000,0.000000,0.000000,0.000000,0.000000,0,0,0,0.000000,0.000000,0.000000,0.000000,0.000000,0.000000,0,0,0,0,0,0.000000,0.000000,0.000000,0.000000,0.000000,0.000000,0.000000,0.000000,0.000000,0,0.000000,0.000000,0.000000
25160,25.075676,100778.398438,-0.090000,23,1,1000,1000,1000,1000,1000.000000,0,0,0,0,0.000000,0.000000,0.000000,0.000000,0.000000,0.000000,0.000000,0.000000,0.000000,0.000000,0.000000,0.000000,0.000000,0,0,0,0.000000,0.000000,0.000000,0.000000,0.000000,0.000000,0,0,0,0,0,0.000000,0.000000,0.000000,0.000000,0.000000,0.000000,0.000000,0.000000,0.000000,0,0.000000,0.000000,0.000000
25267,25.075974,100777.500000,-0.110000,1,1,1000,1000,1000,1000,1000.000000,0,0,0,0,0.000000,0.000000,0.000000,0.000000,0.000000,0.000000,0.000000,0.000000,0.000000,0.000000,0.000000,0.000000,0.000000,0,0,0,0.000000,0.000000,0.000000,0.000000,0.000000,0.000000,0,0,0,0,0,0.000000,0.000000,0.000000,0.000000,0.000000,0.000000,0.000000,0.000000,0.000000,0,0.000000,0.000000,0.000000
25374,25.075869,100778.304688,-0.110000,19,1,1000,1000,1000,1000,1000.000000,0,0,0,0,0.000000,0.000000,0.000000,0.000000,0.000000,0.000000,0.000000,0.000000,0.000000,0.000000,0.000000,0.000000,0.000000,0,0,0,0.000000,0.000000,0.000000,0.000000,0.000000,0.000000,0,0,0,0,0,0.000000,0.000000,0.000000,0.000000,0.000000,0.000000,0.000000,0.000000,0.000000,0,0.000000,0.000000,0.000000
25460,25.072958,100778.101563,-0.120000,21,1,1000,1000,1000,1000,1000.000000,0,0,0,0,0.000000,0.000000,0.000000,0.000000,0.000000,0.000000,0.000000,0.000000,0.000000,0.000000,0.000000,0.000000,0.000000,0,0,0,0.000000,0.000000,0.000000,0.000000,0.000000,0.000000,0,0,0,0,0,0.000000,0.000000,0.000000,0.000000,0.000000,0.000000,0.000000,0.000000,0.000000,0,0.000000,0.000000,0.000000
25566,25.078550,100778.101563,-0.120000,0,1,1000,1000,1000,1000,1000.000000,0,0,0,0,0.000000,0.000000,0.000000,0.000000,0.000000,0.000000,0.000000,0.000000,0.000000,0.000000,0.000000,0.000000,0.000000,0,0,0,0.000000,0.000000,0.000000,0.000000,0.000000,0.000000,0,0,0,0,0,0.000000,0.000000,0.000000,0.000000,0.000000,0.000000,0.000000,0.000000,0.000000,0,0.000000,0.000000,0.000000
25673,25.079023,100777.703125,-0.130000,19,1,1000,1000,1000,1000,1000.000000,0,0,0,0,0.000000,0.000000,0.000000,0.000000,0.000000,0.000000,0.000000,0.000000,0.000000,0.000000,0.000000,0.000000,0.000000,0,0,0,0.000000,0.000000,0.000000,0.000000,0.000000,0.000000,0,0,0,0,0,0.000000,0.000000,0.000000,0.000000,0.000000,0.000000,0.000000,0.000000,0.000000,0,0.000000,0.000000,0.000000
25760,25.075396,100776.500000,-0.120000,22,1,1000,1000,1000,1000,1000.000000,0,0,0,0,0.000000,0.000000,0.000000,0.000000,0.000000,0.000000,0.000000,0.000000,0.000000,0.000000,0.000000,0.000000,0.000000,0,0,0,0.000000,0.000000,0.000000,0.000000,0.000000,0.000000,0,0,0,0,0,0.000000,0.000000,0.000000,0.000000,0.000000,0.000000,0.000000,0.000000,0.000000,0,0.000000,0.000000,0.000000
25867,25.079514,100777.898438,-0.110000,0,1,1000,1000,1000,1000,1000.000000,0,0,0,0,0.000000,0.000000,0.000000,0.000000,0.000000,0.000000,0.000000,0.000000,0.000000,0.000000,0.000000,0.000000,0.000000,0,0,0,0.000000,0.000000,0.000000,0.000000,0.000000,0.000000,0,0,0,0,0,0.000000,0.000000,0.000000,0.000000,0.000000,0.000000,0.000000,0.000000,0.000000,0,0.000000,0.000000,0.000000
25974,25.077393,100777.398438,-0.120000,19,1,1000,1000,1000,1000,1000.000000,0,0,0,0,0.000000,0.000000,0.000000,0.000000,0.000000,0.000000,0.000000,0.000000,0.000000,0.000000,0.000000,0.000000,0.000000,0,0,0,0.000000,0.000000,0.000000,0.000000,0.000000,0.000000,0,0,0,0,0,0.000000,0.000000,0.000000,0.000000,0.000000,0.000000,0.000000,0.000000,0.000000,0,0.000000,0.000000,0.000000
26060,25.078392,100777.703125,-0.110000,21,1,1000,1000,1000,1000,1000.000000,0,0,0,0,0.000000,0.000000,0.000000,0.000000,0.000000,0.000000,0.000000,0.000000,0.000000,0.000000,0.000000,0.000000,0.000000,0,0,0,0.000000,0.000000,0.000000,0.000000,0.000000,0.000000,0,0,0,0,0,0.000000,0.000000,0.000000,0.000000,0.000000,0.000000,0.000000,0.000000,0.000000,0,0.000000,0.000000,0.000000
26167,25.081215,100777.703125,-0.100000,0,1,1000,1000,1000,1000,1000.000000,0,0,0,0,0.000000,0.000000,0.000000,0.000000,0.000000,0.000000,0.000000,0.000000,0.000000,0.000000,0.000000,0.000000,0.000000,0,0,0,0.000000,0.000000,0.000000,0.000000,0.000000,0.000000,0,0,0,0,0,0.000000,0.000000,0.000000,0.000000,0.000000,0.000000,0.000000,0.000000,0.000000,0,0.000000,0.000000,0.000000
26274,25.082546,100778.804688,-0.110000,19,1,1000,1000,1000,1000,1000.000000,0,0,0,0,0.000000,0.000000,0.000000,0.000000,0.000000,0.000000,0.000000,0.000000,0.000000,0.000000,0.000000,0.000000,0.000000,0,0,0,0.000000,0.000000,0.000000,0.000000,0.000000,0.000000,0,0,0,0,0,0.000000,0.000000,0.000000,0.000000,0.000000,0.000000,0.000000,0.000000,0.000000,0,0.000000,0.000000,0.000000
26363,25.081547,100778.898438,-0.120000,24,1,1000,1000,1000,1000,1000.000000,0,0,0,0,0.000000,0.000000,0.000000,0.000000,0.000000,0.000000,0.000000,0.000000,0.000000,0.000000,0.000000,0.000000,0.000000,0,0,0,0.000000,0.000000,0.000000,0.000000,0.000000,0.000000,0,0,0,0,0,0.000000,0.000000,0.000000,0.000000,0.000000,0.000000,0.000000,0.000000,0.000000,0,0.000000,0.000000,0.000000
26467,25.082388,100777.500000,-0.120000,0,1,1000,1000,1000,1000,1000.000000,0,0,0,0,0.000000,0.000000,0.000000,0.000000,0.000000,0.000000,0.000000,0.000000,0.000000,0.000000,0.000000,0.000000,0.000000,0,0,0,0.000000,0.000000,0.000000,0.000000,0.000000,0.000000,0,0,0,0,0,0.000000,0.000000,0.000000,0.000000,0.000000,0.000000,0.000000,0.000000,0.000000,0,0.000000,0.000000,0.000000
26574,25.080652,100777.601563,-0.110000,19,1,1000,1000,1000,1000,1000.000000,0,0,0,0,0.000000,0.000000,0.000000,0.000000,0.000000,0.000000,0.000000,0.000000,0.000000,0.000000,0.000000,0.000000,0.000000,0,0,0,0.000000,0.000000,0.000000,0.000000,0.000000,0.000000,0,0,0,0,0,0.000000,0.000000,0.000000,0.000000,0.000000,0.000000,0.000000,0.000000,0.000000,0,0.000000,0.000000,0.000000
26660,25.079514,100776.500000,-0.100000,21,1,1000,1000,1000,1000,1000.000000,0,0,0,0,0.000000,0.000000,0.000000,0.000000,0.000000,0.000000,0.000000,0.000000,0.000000,0.000000,0.000000,0.000000,0.000000,0,0,0,0.000000,0.000000,0.000000,0.000000,0.000000,0.000000,0,0,0,0,0,0.000000,0.000000,0.000000,0.000000,0.000000,0.000000,0.000000,0.000000,0.000000,0,0.000000,0.000000,0.000000
26765,25.081091,100777.000000,-0.080000,0,1,1000,1000,1000,1000,1000.000000,0,0,0,0,0.000000,0.000000,0.000000,0.000000,0.000000,0.000000,0.000000,0.000000,0.000000,0.000000,0.000000,0.000000,0.000000,0,0,0,0.000000,0.000000,0.000000,0.000000,0.000000,0.000000,0,0,0,0,0,0.000000,0.000000,0.000000,0.000000,0.000000,0.000000,0.000000,0.000000,0.000000,0,0.000000,0.000000,0.000000
26872,25.083107,100776.500000,-0.060000,19,1,1000,1000,1000,1000,1000.000000,0,0,0,0,0.000000,0.000000,0.000000,0.000000,0.000000,0.000000,0.000000,0.000000,0.000000,0.000000,0.000000,0.000000,0.000000,0,0,0,0.000000,0.000000,0.000000,0.000000,0.000000,0.000000,0,0,0,0,0,0.000000,0.000000,0.000000,0.000000,0.000000,0.000000,0.000000,0.000000,0.000000,0,0.000000,0.000000,0.000000
26960,25.087313,100778.500000,-0.080000,23,1,1000,1000,1000,1000,1000.000000,0,0,0,0,0.000000,0.000000,0.000000,0.000000,0.000000,0.000000,0.000000,0.000000,0.000000,0.000000,0.000000,0.000000,0.000000,0,0,0,0.000000,0.000000,0.000000,0.000000,0.000000,0.000000,0,0,0,0,0,0.000000,0.000000,0.000000,0.000000,0.000000,0.000000,0.000000,0.000000,0.000000,0,0.000000,0.000000,0.000000
27067,25.086262,100780.203125,-0.090000,1,1,1000,1000,1000,1000,1000.000000,0,0,0,0,0.000000,0.000000,0.000000,0.000000,0.000000,0.000000,0.000000,0.000000,0.000000,0.000000,0.000000,0.000000,0.000000,0,0,0,0.000000,0.000000,0.000000,0.000000,0.000000,0.000000,0,0,0,0,0,0.000000,0.000000,0.000000,0.000000,0.000000,0.000000,0.000000,0.000000,0.000000,0,0.000000,0.000000,0.000000
27174,25.085859,100779.203125,-0.120000,19,1,1000,1000,1000,1000,1000.000000,0,0,0,0,0.000000,0.000000,0.000000,0.000000,0.000000,0.000000,0.000000,0.000000,0.000000,0.000000,0.000000,0.000000,0.000000,0,0,0,0.000000,0.000000,0.000000,0.000000,0.000000,0.000000,0,0,0,0,0,0.000000,0.000000,0.000000,0.000000,0.000000,0.000000,0.000000,0.000000,0.000000,0,0.000000,0.000000,0.000000
27260,25.088453,100778.898438,-0.130000,21,1,1000,1000,1000,1000,1000.000000,0,0,0,0,0.000000,0.000000,0.000000,0.000000,0.000000,0.000000,0.000000,0.000000,0.000000,0.000000,0.000000,0.000000,0.000000,0,0,0,0.000000,0.000000,0.000000,0.000000,0.000000,0.000000,0,0,0,0,0,0.000000,0.000000,0.000000,0.000000,0.000000,0.000000,0.000000,0.000000,0.000000,0,0.000000,0.000000,0.000000
27365,25.087191,100778.703125,-0.130000,0,1,1000,1000,1000,1000,1000.000000,0,0,0,0,0.000000,0.000000,0.000000,0.000000,0.000000,0.000000,0.000000,0.000000,0.000000,0.000000,0.000000,0.000000,0.000000,0,0,0,0.000000,0.000000,0.000000,0.000000,0.000000,0.000000,0,0,0,0,0,0.000000,0.000000,0.000000,0.000000,0.000000,0.000000,0.000000,0.000000,0.000000,0,0.000000,0.000000,0.000000
27472,25.086035,100777.898438,-0.120000,19,1,1000,1000,1000,1000,1000.000000,0,0,0,0,0.000000,0.000000,0.000000,0.000000,0.000000,0.000000,0.000000,0.000000,0.000000,0.000000,0.000000,0.000000,0.000000,0,0,0,0.000000,0.000000,0.000000,0.000000,0.000000,0.000000,0,0,0,0,0,0.000000,0.000000,0.000000,0.000000,0.000000,0.000000,0.000000,0.000000,0.000000,0,0.000000,0.000000,0.000000
27560,25.083685,100776.203125,-0.110000,23,1,1000,1000,1000,1000,1000.000000,0,0,0,0,0.000000,0.000000,0.000000,0.000000,0.000000,0.000000,0.000000,0.000000,0.000000,0.000000,0.000000,0.000000,0.000000,0,0,0,0.000000,0.000000,0.000000,0.000000,0.000000,0.000000,0,0,0,0,0,0.000000,0.000000,0.000000,0.000000,0.000000,0.000000,0.000000,0.000000,0.000000,0,0.000000,0.000000,0.000000
27670,25.088873,100777.804688,-0.120000,0,1,1000,1000,1000,1000,1000.000000,0,0,0,0,0.000000,0.000000,0.000000,0.000000,0.000000,0.000000,0.000000,0.000000,0.000000,0.000000,0.000000,0.000000,0.000000,0,0,0,0.000000,0.000000,0.000000,0.000000,0.000000,0.000000,0,0,0,0,0,0.000000,0.000000,0.000000,0.000000,0.000000,0.000000,0.000000,0.000000,0.000000,0,0.000000,0.000000,0.000000
27774,25.091450,100779.804688,-0.130000,19,1,1000,1000,1000,1000,1000.000000,0,0,0,0,0.000000,0.000000,0.000000,0.000000,0.000000,0.000000,0.000000,0.000000,0.000000,0.000000,0.000000,0.000000,0.000000,0,0,0,0.000000,0.000000,0.000000,0.000000,0.000000,0.000000,0,0,0,0,0,0.000000,0.000000,0.000000,0.000000,0.000000,0.000000,0.000000,0.000000,0.000000,0,0.000000,0.000000,0.000000
27860,25.089085,100777.203125,-0.110000,21,1,1000,1000,1000,1000,1000.000000,0,0,0,0,0.000000,0.000000,0.000000,0.000000,0.000000,0.000000,0.000000,0.000000,0.000000,0.000000,0.000000,0.000000,0.000000,0,0,0,0.000000,0.000000,0.000000,0.000000,0.000000,0.000000,0,0,0,0,0,0.000000,0.000000,0.000000,0.000000,0.000000,0.000000,0.000000,0.000000,0.000000,0,0.000000,0.000000,0.000000
27965,25.091747,100778.203125,-0.110000,0,1,1000,1000,1000,1000,1000.000000,0,0,0,0,0.000000,0.000000,0.000000,0.000000,0.000000,0.000000,0.000000,0.000000,0.000000,0.000000,0.000000,0.000000,0.000000,0,0,0,0.000000,0.000000,0.000000,0.000000,0.000000,0.000000,0,0,0,0,0,0.000000,0.000000,0.000000,0.000000,0.000000,0.000000,0.000000,0.000000,0.000000,0,0.000000,0.000000,0.000000
28072,25.091625,100778.500000,-0.120000,19,1,1000,1000,1000,1000,1000.000000,0,0,0,0,0.000000,0.000000,0.000000,0.000000,0.000000,0.000000,0.000000,0.000000,0.000000,0.000000,0.000000,0.000000,0.000000,0,0,0,0.000000,0.000000,0.000000,0.000000,0.000000,0.000000,0,0,0,0,0,0.000000,0.000000,0.000000,0.000000,0.000000,0.000000,0.000000,0.000000,0.000000,0,0.000000,0.000000,0.000000
28160,25.095253,100780.203125,-0.150000,23,1,1000,1000,1000,1000,1000.000000,0,0,0,0,0.000000,0.000000,0.000000,0.000000,0.000000,0.000000,0.000000,0.000000,0.000000,0.000000,0.000000,0.000000,0.000000,0,0,0,0.000000,0.000000,0.000000,0.000000,0.000000,0.000000,0,0,0,0,0,0.000000,0.000000,0.000000,0.000000,0.000000,0.000000,0.000000,0.000000,0.000000,0,0.000000,0.000000,0.000000
28267,25.090328,100778.304688,-0.150000,1,1,1000,1000,1000,1000,1000.000000,0,0,0,0,0.000000,0.000000,0.000000,0.000000,0.000000,0.000000,0.000000,0.000000,0.000000,0.000000,0.000000,0.000000,0.000000,0,0,0,0.000000,0.000000,0.000000,0.000000,0.000000,0.000000,0,0,0,0,0,0.000000,0.000000,0.000000,0.000000,0.000000,0.000000,0.000000,0.000000,0.000000,0,0.000000,0.000000,0.000000
28374,25.088453,100777.898438,-0.130000,19,1,1000,1000,1000,1000,1000.000000,0,0,0,0,0.000000,0.000000,0.000000,0.000000,0.000000,0.000000,0.000000,0.000000,0.000000,0.000000,0.000000,0.000000,0.000000,0,0,0,0.000000,0.000000,0.000000,0.000000,0.000000,0.000000,0,0,0,0,0,0.000000,0.000000,0.000000,0.000000,0.000000,0.000000,0.000000,0.000000,0.000000,0,0.000000,0.000000,0.000000
28460,25.092257,100778.601563,-0.130000,21,1,1000,1000,1000,1000,1000.000000,0,0,0,0,0.000000,0.000000,0.000000,0.000000,0.000000,0.000000,0.000000,0.000000,0.000000,0.000000,0.000000,0.000000,0.000000,0,0,0,0.000000,0.000000,0.000000,0.000000,0.000000,0.000000,0,0,0,0,0,0.000000,0.000000,0.000000,0.000000,0.000000,0.000000,0.000000,0.000000,0.000000,0,0.000000,0.000000,0.000000
28571,25.090294,100777.101563,-0.110000,6,1,1000,1000,1000,1000,1000.000000,0,0,0,0,0.000000,0.000000,0.000000,0.000000,0.000000,0.000000,0.000000,0.000000,0.000000,0.000000,0.000000,0.000000,0.000000,0,0,0,0.000000,0.000000,0.000000,0.000000,0.000000,0.000000,0,0,0,0,0,0.000000,0.000000,0.000000,0.000000,0.000000,0.000000,0.000000,0.000000,0.000000,0,0.000000,0.000000,0.000000
28673,25.093220,100779.304688,-0.120000,20,1,1000,1000,1000,1000,1000.000000,0,0,0,0,0.000000,0.000000,0.000000,0.000000,0.000000,0.000000,0.000000,0.000000,0.000000,0.000000,0.000000,0.000000,0.000000,0,0,0,0.000000,0.000000,0.000000,0.000000,0.000000,0.000000,0,0,0,0,0,0.000000,0.000000,0.000000,0.000000,0.000000,0.000000,0.000000,0.000000,0.000000,0,0.000000,0.000000,0.000000
28760,25.094236,100777.804688,-0.120000,23,1,1000,1000,1000,1000,1000.000000,0,0,0,0,0.000000,0.000000,0.000000,0.000000,0.000000,0.000000,0.000000,0.000000,0.000000,0.000000,0.000000,0.000000,0.000000,0,0,0,0.000000,0.000000,0.000000,0.000000,0.000000,0.000000,0,0,0,0,0,0.000000,0.000000,0.000000,0.000000,0.000000,0.000000,0.000000,0.000000,0.000000,0,0.000000,0.000000,0.000000
28867,25.094692,100778.500000,-0.120000,0,1,1000,1000,1000,1000,1000.000000,0,0,0,0,0.000000,0.000000,0.000000,0.000000,0.000000,0.000000,0.000000,0.000000,0.000000,0.000000,0.000000,0.000000,0.000000,0,0,0,0.000000,0.000000,0.000000,0.000000,0.000000,0.000000,0,0,0,0,0,0.000000,0.000000,0.000000,0.000000,0.000000,0.000000,0.000000,0.000000,0.000000,0,0.000000,0.000000,0.000000
28974,25.093763,100777.500000,-0.120000,19,1,1000,1000,1000,1000,1000.000000,0,0,0,0,0.000000,0.000000,0.000000,0.000000,0.000000,0.000000,0.000000,0.000000,0.000000,0.000000,0.000000,0.000000,0.000000,0,0,0,0.000000,0.000000,0.000000,0.000000,0.000000,0.000000,0,0,0,0,0,0.000000,0.000000,0.000000,0.000000,0.000000,0.000000,0.000000,0.000000,0.000000,0,0.000000,0.000000,0.000000
29060,25.099846,100777.898438,-0.110000,21,1,1000,1000,1000,1000,1000.000000,0,0,0,0,0.000000,0.000000,0.000000,0.000000,0.000000,0.000000,0.000000,0.000000,0.000000,0.000000,0.000000,0.000000,0.000000,0,0,0,0.000000,0.000000,0.000000,0.000000,0.000000,0.000000,0,0,0,0,0,0.000000,0.000000,0.000000,0.000000,0.000000,0.000000,0.000000,0.000000,0.000000,0,0.000000,0.000000,0.000000
29167,25.099354,100779.304688,-0.130000,0,1,1000,1000,1000,1000,1000.000000,0,0,0,0,0.000000,0.000000,0.000000,0.000000,0.000000,0.000000,0.000000,0.000000,0.000000,0.000000,0.000000,0.000000,0.000000,0,0,0,0.000000,0.000000,0.000000,0.000000,0.000000,0.000000,0,0,0,0,0,0.000000,0.000000,0.000000,0.000000,0.000000,0.000000,0.000000,0.000000,0.000000,0,0.000000,0.000000,0.000000
29274,25.098198,100777.398438,-0.120000,19,1,1000,1000,1000,1000,1000.000000,0,0,0,0,0.000000,0.000000,0.000000,0.000000,0.000000,0.000000,0.000000,0.000000,0.000000,0.000000,0.000000,0.000000,0.000000,0,0,0,0.000000,0.000000,0.000000,0.000000,0.000000,0.000000,0,0,0,0,0,0.000000,0.000000,0.000000,0.000000,0.000000,0.000000,0.000000,0.000000,0.000000,0,0.000000,0.000000,0.000000
29360,25.097357,100777.500000,-0.120000,21,1,1000,1000,1000,1000,1000.000000,0,0,0,0,0.000000,0.000000,0.000000,0.000000,0.000000,0.000000,0.000000,0.000000,0.000000,0.000000,0.000000,0.000000,0.000000,0,0,0,0.000000,0.000000,0.000000,0.000000,0.000000,0.000000,0,0,0,0,0,0.000000,0.000000,0.000000,0.000000,0.000000,0.000000,0.000000,0.000000,0.000000,0,0.000000,0.000000,0.000000
29467,25.099951,100777.804688,-0.110000,0,1,1000,1000,1000,1000,1000.000000,0,0,0,0,0.000000,0.000000,0.000000,0.000000,0.000000,0.000000,0.000000,0.000000,0.000000,0.000000,0.000000,0.000000,0.000000,0,0,0,0.000000,0.000000,0.000000,0.000000,0.000000,0.000000,0,0,0,0,0,0.000000,0.000000,0.000000,0.000000,0.000000,0.000000,0.000000,0.000000,0.000000,0,0.000000,0.000000,0.000000
29574,25.096813,100776.804688,-0.110000,19,1,1000,1000,1000,1000,1000.000000,0,0,0,0,0.000000,0.000000,0.000000,0.000000,0.000000,0.000000,0.000000,0.000000,0.000000,0.000000,0.000000,0.000000,0.000000,0,0,0,0.000000,0.000000,0.000000,0.000000,0.000000,0.000000,0,0,0,0,0,0.000000,0.000000,0.000000,0.000000,0.000000,0.000000,0.000000,0.000000,0.000000,0,0.000000,0.000000,0.000000
29664,25.096148,100777.703125,-0.110000,25,1,1000,1000,1000,1000,1000.000000,0,0,0,0,0.000000,0.000000,0.000000,0.000000,0.000000,0.000000,0.000000,0.000000,0.000000,0.000000,0.000000,0.000000,0.000000,0,0,0,0.000000,0.000000,0.000000,0.000000,0.000000,0.000000,0,0,0,0,0,0.000000,0.000000,0.000000,0.000000,0.000000,0.000000,0.000000,0.000000,0.000000,0,0.000000,0.000000,0.000000
29769,25.104349,100778.601563,-0.110000,4,1,1000,1000,1000,1000,1000.000000,0,0,0,0,0.000000,0.000000,0.000000,0.000000,0.000000,0.000000,0.000000,0.000000,0.000000,0.000000,0.000000,0.000000,0.000000,0,0,0,0.000000,0.000000,0.000000,0.000000,0.000000,0.000000,0,0,0,0,0,0.000000,0.000000,0.000000,0.000000,0.000000,0.000000,0.000000,0.000000,0.000000,0,0.000000,0.000000,0.000000
29872,25.096252,100776.304688,-0.090000,19,1,1000,1000,1000,1000,1000.000000,0,0,0,0,0.000000,0.000000,0.000000,0.000000,0.000000,0.000000,0.000000,0.000000,0.000000,0.000000,0.000000,0.000000,0.000000,0,0,0,0.000000,0.000000,0.000000,0.000000,0.000000,0.000000,0,0,0,0,0,0.000000,0.000000,0.000000,0.000000,0.000000,0.000000,0.000000,0.000000,0.000000,0,0.000000,0.000000,0.000000
29960,25.100599,100778.304688,-0.110000,23,1,1000,1000,1000,1000,1000.000000,0,0,0,0,0.000000,0.000000,0.000000,0.000000,0.000000,0.000000,0.000000,0.000000,0.000000,0.000000,0.000000,0.000000,0.000000,0,0,0,0.000000,0.000000,0.000000,0.000000,0.000000,0.000000,0,0,0,0,0,0.000000,0.000000,0.000000,0.000000,0.000000,0.000000,0.000000,0.000000,0.000000,0,0.000000,0.000000,0.000000
30067,25.101650,100778.304688,-0.130000,1,1,1000,1000,1000,1000,1000.000000,0,0,0,0,0.000000,0.000000,0.000000,0.000000,0.000000,0.000000,0.000000,0.000000,0.000000,0.000000,0.000000,0.000000,0.000000,0,0,0,0.000000,0.000000,0.000000,0.000000,0.000000,0.000000,0,0,0,0,0,0.000000,0.000000,0.000000,0.000000,0.000000,0.000000,0.000000,0.000000,0.000000,0,0.000000,0.000000,0.000000
30175,25.102615,100777.398438,-0.120000,20,1,1000,1000,1000,1000,1000.000000,0,0,0,0,0.000000,0.000000,0.000000,0.000000,0.000000,0.000000,0.000000,0.000000,0.000000,0.000000,0.000000,0.000000,0.000000,0,0,0,0.000000,0.000000,0.000000,0.000000,0.000000,0.000000,0,0,0,0,0,0.000000,0.000000,0.000000,0.000000,0.000000,0.000000,0.000000,0.000000,0.000000,0,0.000000,0.000000,0.000000
30260,25.101002,100778.101563,-0.110000,20,1,1000,1000,1000,1000,1000.000000,0,0,0,0,0.000000,0.000000,0.000000,0.000000,0.000000,0.000000,0.000000,0.000000,0.000000,0.000000,0.000000,0.000000,0.000000,0,0,0,0.000000,0.000000,0.000000,0.000000,0.000000,0.000000,0,0,0,0,0,0.000000,0.000000,0.000000,0.000000,0.000000,0.000000,0.000000,0.000000,0.000000,0,0.000000,0.000000,0.000000
30366,25.101755,100778.398438,-0.120000,0,1,1000,1000,1000,1000,1000.000000,0,0,0,0,0.000000,0.000000,0.000000,0.000000,0.000000,0.000000,0.000000,0.000000,0.000000,0.000000,0.000000,0.000000,0.000000,0,0,0,0.000000,0.000000,0.000000,0.000000,0.000000,0.000000,0,0,0,0,0,0.000000,0.000000,0.000000,0.000000,0.000000,0.000000,0.000000,0.000000,0.000000,0,0.000000,0.000000,0.000000
30473,25.100933,100777.703125,-0.130000,19,1,1000,1000,1000,1000,1000.000000,0,0,0,0,0.000000,0.000000,0.000000,0.000000,0.000000,0.000000,0.000000,0.000000,0.000000,0.000000,0.000000,0.000000,0.000000,0,0,0,0.000000,0.000000,0.000000,0.000000,0.000000,0.000000,0,0,0,0,0,0.000000,0.000000,0.000000,0.000000,0.000000,0.000000,0.000000,0.000000,0.000000,0,0.000000,0.000000,0.000000
30560,25.103981,100777.304688,-0.120000,22,1,1000,1000,1000,1000,1000.000000,0,0,0,0,0.000000,0.000000,0.000000,0.000000,0.000000,0.000000,0.000000,0.000000,0.000000,0.000000,0.000000,0.000000,0.000000,0,0,0,0.000000,0.000000,0.000000,0.000000,0.000000,0.000000,0,0,0,0,0,0.000000,0.000000,0.000000,0.000000,0.000000,0.000000,0.000000,0.000000,0.000000,0,0.000000,0.000000,0.000000
30670,25.104771,100777.804688,-0.110000,0,1,1000,1000,1000,1000,1000.000000,0,0,0,0,0.000000,0.000000,0.000000,0.000000,0.000000,0.000000,0.000000,0.000000,0.000000,0.000000,0.000000,0.000000,0.000000,0,0,0,0.000000,0.000000,0.000000,0.000000,0.000000,0.000000,0,0,0,0,0,0.000000,0.000000,0.000000,0.000000,0.000000,0.000000,0.000000,0.000000,0.000000,0,0.000000,0.000000,0.000000
30760,25.101967,100777.601563,-0.100000,5,1,1000,1000,1000,1000,1000.000000,0,0,0,0,0.000000,0.000000,0.000000,0.000000,0.000000,0.000000,0.000000,0.000000,0.000000,0.000000,0.000000,0.000000,0.000000,0,0,0,0.000000,0.000000,0.000000,0.000000,0.000000,0.000000,0,0,0,0,0,0.000000,0.000000,0.000000,0.000000,0.000000,0.000000,0.000000,0.000000,0.000000,0,0.000000,0.000000,0.000000
30865,25.104858,100777.804688,-0.100000,26,1,1000,1000,1000,1000,1000.000000,0,0,0,0,0.000000,0.000000,0.000000,0.000000,0.000000,0.000000,0.000000,0.000000,0.000000,0.000000,0.000000,0.000000,0.000000,0,0,0,0.000000,0.000000,0.000000,0.000000,0.000000,0.000000,0,0,0,0,0,0.000000,0.000000,0.000000,0.000000,0.000000,0.000000,0.000000,0.000000,0.000000,0,0.000000,0.000000,0.000000
30969,25.109188,100778.703125,-0.090000,4,1,1000,1000,1000,1000,1000.000000,0,0,0,0,0.000000,0.000000,0.000000,0.000000,0.000000,0.000000,0.000000,0.000000,0.000000,0.000000,0.000000,0.000000,0.000000,0,0,0,0.000000,0.000000,0.000000,0.000000,0.000000,0.000000,0,0,0,0,0,0.000000,0.000000,0.000000,0.000000,0.000000,0.000000,0.000000,0.000000,0.000000,0,0.000000,0.000000,0.000000
31072,25.110100,100779.398438,-0.110000,19,1,1000,1000,1000,1000,1000.000000,0,0,0,0,0.000000,0.000000,0.000000,0.000000,0.000000,0.000000,0.000000,0.000000,0.000000,0.000000,0.000000,0.000000,0.000000,0,0,0,0.000000,0.000000,0.000000,0.000000,0.000000,0.000000,0,0,0,0,0,0.000000,0.000000,0.000000,0.000000,0.000000,0.000000,0.000000,0.000000,0.000000,0,0.000000,0.000000,0.000000
31160,25.112553,100779.898438,-0.130000,23,1,1000,1000,1000,1000,1000.000000,0,0,0,0,0.000000,0.000000,0.000000,0.000000,0.000000,0.000000,0.000000,0.000000,0.000000,0.000000,0.000000,0.000000,0.000000,0,0,0,0.000000,0.000000,0.000000,0.000000,0.000000,0.000000,0,0,0,0,0,0.000000,0.000000,0.000000,0.000000,0.000000,0.000000,0.000000,0.000000,0.000000,0,0.000000,0.000000,0.000000
31267,25.105017,100778.601563,-0.150000,1,1,1000,1000,1000,1000,1000.000000,0,0,0,0,0.000000,0.000000,0.000000,0.000000,0.000000,0.000000,0.000000,0.000000,0.000000,0.000000,0.000000,0.000000,0.000000,0,0,0,0.000000,0.000000,0.000000,0.000000,0.000000,0.000000,0,0,0,0,0,0.000000,0.000000,0.000000,0.000000,0.000000,0.000000,0.000000,0.000000,0.000000,0,0.000000,0.000000,0.000000
31374,25.109169,100779.203125,-0.160000,19,1,1000,1000,1000,1000,1000.000000,0,0,0,0,0.000000,0.000000,0.000000,0.000000,0.000000,0.000000,0.000000,0.000000,0.000000,0.000000,0.000000,0.000000,0.000000,0,0,0,0.000000,0.000000,0.000000,0.000000,0.000000,0.000000,0,0,0,0,0,0.000000,0.000000,0.000000,0.000000,0.000000,0.000000,0.000000,0.000000,0.000000,0,0.000000,0.000000,0.000000
31460,25.109537,100778.398438,-0.160000,21,1,1000,1000,1000,1000,1000.000000,0,0,0,0,0.000000,0.000000,0.000000,0.000000,0.000000,0.000000,0.000000,0.000000,0.000000,0.000000,0.000000,0.000000,0.000000,0,0,0,0.000000,0.000000,0.000000,0.000000,0.000000,0.000000,0,0,0,0,0,0.000000,0.000000,0.000000,0.000000,0.000000,0.000000,0.000000,0.000000,0.000000,0,0.000000,0.000000,0.000000
31566,25.111290,100778.703125,-0.150000,0,1,1000,1000,1000,1000,1000.000000,0,0,0,0,0.000000,0.000000,0.000000,0.000000,0.000000,0.000000,0.000000,0.000000,0.000000,0.000000,0.000000,0.000000,0.000000,0,0,0,0.000000,0.000000,0.000000,0.000000,0.000000,0.000000,0,0,0,0,0,0.000000,0.000000,0.000000,0.000000,0.000000,0.000000,0.000000,0.000000,0.000000,0,0.000000,0.000000,0.000000
31673,25.106558,100777.601563,-0.140000,19,1,1000,1000,1000,1000,1000.000000,0,0,0,0,0.000000,0.000000,0.000000,0.000000,0.000000,0.000000,0.000000,0.000000,0.000000,0.000000,0.000000,0.000000,0.000000,0,0,0,0.000000,0.000000,0.000000,0.000000,0.000000,0.000000,0,0,0,0,0,0.000000,0.000000,0.000000,0.000000,0.000000,0.000000,0.000000,0.000000,0.000000,0,0.000000,0.000000,0.000000
31760,25.107979,100776.398438,-0.130000,22,1,1000,1000,1000,1000,1000.000000,0,0,0,0,0.000000,0.000000,0.000000,0.000000,0.000000,0.000000,0.000000,0.000000,0.000000,0.000000,0.000000,0.000000,0.000000,0,0,0,0.000000,0.000000,0.000000,0.000000,0.000000,0.000000,0,0,0,0,0,0.000000,0.000000,0.000000,0.000000,0.000000,0.000000,0.000000,0.000000,0.000000,0,0.000000,0.000000,0.000000
31869,25.112167,100778.304688,-0.110000,2,1,1000,1000,1000,1000,1000.000000,0,0,0,0,0.000000,0.000000,0.000000,0.000000,0.000000,0.000000,0.000000,0.000000,0.000000,0.000000,0.000000,0.000000,0.000000,0,0,0,0.000000,0.000000,0.000000,0.000000,0.000000,0.000000,0,0,0,0,0,0.000000,0.000000,0.000000,0.000000,0.000000,0.000000,0.000000,0.000000,0.000000,0,0.000000,0.000000,0.000000
31974,25.114164,100779.804688,-0.130000,19,1,1000,1000,1000,1000,1000.000000,0,0,0,0,0.000000,0.000000,0.000000,0.000000,0.000000,0.000000,0.000000,0.000000,0.000000,0.000000,0.000000,0.000000,0.000000,0,0,0,0.000000,0.000000,0.000000,0.000000,0.000000,0.000000,0,0,0,0,0,0.000000,0.000000,0.000000,0.000000,0.000000,0.000000,0.000000,0.000000,0.000000,0,0.000000,0.000000,0.000000
32060,25.111816,100777.500000,-0.120000,21,1,1000,1000,1000,1000,1000.000000,0,0,0,0,0.000000,0.000000,0.000000,0.000000,0.000000,0.000000,0.000000,0.000000,0.000000,0.000000,0.000000,0.000000,0.000000,0,0,0,0.000000,0.000000,0.000000,0.000000,0.000000,0.000000,0,0,0,0,0,0.000000,0.000000,0.000000,0.000000,0.000000,0.000000,0.000000,0.000000,0.000000,0,0.000000,0.000000,0.000000
32167,25.111063,100776.703125,-0.100000,0,1,1000,1000,1000,1000,1000.000000,0,0,0,0,0.000000,0.000000,0.000000,0.000000,0.000000,0.000000,0.000000,0.000000,0.000000,0.000000,0.000000,0.000000,0.000000,0,0,0,0.000000,0.000000,0.000000,0.000000,0.000000,0.000000,0,0,0,0,0,0.000000,0.000000,0.000000,0.000000,0.000000,0.000000,0.000000,0.000000,0.000000,0,0.000000,0.000000,0.000000
32274,25.112185,100777.304688,-0.100000,19,1,1000,1000,1000,1000,1000.000000,0,0,0,0,0.000000,0.000000,0.000000,0.000000,0.000000,0.000000,0.000000,0.000000,0.000000,0.000000,0.000000,0.000000,0.000000,0,0,0,0.000000,0.000000,0.000000,0.000000,0.000000,0.000000,0,0,0,0,0,0.000000,0.000000,0.000000,0.000000,0.000000,0.000000,0.000000,0.000000,0.000000,0,0.000000,0.000000,0.000000
32360,25.110292,100776.601563,-0.090000,21,1,1000,1000,1000,1000,1000.000000,0,0,0,0,0.000000,0.000000,0.000000,0.000000,0.000000,0.000000,0.000000,0.000000,0.000000,0.000000,0.000000,0.000000,0.000000,0,0,0,0.000000,0.000000,0.000000,0.000000,0.000000,0.000000,0,0,0,0,0,0.000000,0.000000,0.000000,0.000000,0.000000,0.000000,0.000000,0.000000,0.000000,0,0.000000,0.000000,0.000000
32467,25.111782,100778.203125,-0.100000,0,1,1000,1000,1000,1000,1000.000000,0,0,0,0,0.000000,0.000000,0.000000,0.000000,0.000000,0.000000,0.000000,0.000000,0.000000,0.000000,0.000000,0.000000,0.000000,0,0,0,0.000000,0.000000,0.000000,0.000000,0.000000,0.000000,0,0,0,0,0,0.000000,0.000000,0.000000,0.000000,0.000000,0.000000,0.000000,0.000000,0.000000,0,0.000000,0.000000,0.000000
32574,25.120632,100779.304688,-0.120000,19,1,1000,1000,1000,1000,1000.000000,0,0,0,0,0.000000,0.000000,0.000000,0.000000,0.000000,0.000000,0.000000,0.000000,0.000000,0.000000,0.000000,0.000000,0.000000,0,0,0,0.000000,0.000000,0.000000,0.000000,0.000000,0.000000,0,0,0,0,0,0.000000,0.000000,0.000000,0.000000,0.000000,0.000000,0.000000,0.000000,0.000000,0,0.000000,0.000000,0.000000
32660,25.112219,100778.000000,-0.120000,21,1,1000,1000,1000,1000,1000.000000,0,0,0,0,0.000000,0.000000,0.000000,0.000000,0.000000,0.000000,0.000000,0.000000,0.000000,0.000000,0.000000,0.000000,0.000000,0,0,0,0.000000,0.000000,0.000000,0.000000,0.000000,0.000000,0,0,0,0,0,0.000000,0.000000,0.000000,0.000000,0.000000,0.000000,0.000000,0.000000,0.000000,0,0.000000,0.000000,0.000000
32765,25.112080,100777.304688,-0.120000,0,1,1000,1000,1000,1000,1000.000000,0,0,0,0,0.000000,0.000000,0.000000,0.000000,0.000000,0.000000,0.000000,0.000000,0.000000,0.000000,0.000000,0.000000,0.000000,0,0,0,0.000000,0.000000,0.000000,0.000000,0.000000,0.000000,0,0,0,0,0,0.000000,0.000000,0.000000,0.000000,0.000000,0.000000,0.000000,0.000000,0.000000,0,0.000000,0.000000,0.000000
32872,25.117565,100777.304688,-0.100000,19,1,1000,1000,1000,1000,1000.000000,0,0,0,0,0.000000,0.000000,0.000000,0.000000,0.000000,0.000000,0.000000,0.000000,0.000000,0.000000,0.000000,0.000000,0.000000,0,0,0,0.000000,0.000000,0.000000,0.000000,0.000000,0.000000,0,0,0,0,0,0.000000,0.000000,0.000000,0.000000,0.000000,0.000000,0.000000,0.000000,0.000000,0,0.000000,0.000000,0.000000
32973,25.115673,100777.601563,-0.100000,36,1,1000,1000,1000,1000,1000.000000,1,0,0,1,-0.000015,0.000001,0.000102,0.004262,-5.155953,0.408721,-81.306770,0.000000,0.000000,0.000000,0.000000,0.000029,0.000000,1,0,0,0.000000,0.000000,0.000000,0.000000,0.000000,0.000000,0,0,0,0,0,0.000000,0.000000,0.000000,0.000000,0.000000,0.000000,0.000000,0.000000,0.000000,0,0.000000,0.000000,0.000000
33061,25.115673,100777.101563,-0.090000,30,1,1000,1000,1000,1000,1000.000000,1,0,0,1,0.078966,-0.093929,-0.014257,-0.007821,-5.157331,0.407983,-81.310661,0.000000,0.000000,0.000000,0.000000,-0.005877,0.000007,1,0,0,0.000000,0.000000,0.000000,0.000000,0.000000,0.000000,0,0,0,0,0,0.000000,0.000000,0.000000,0.000000,0.000000,0.000000,0.000000,0.000000,0.000000,0,0.000000,0.000000,0.000000
33177,25.114428,100776.500000,-0.070000,3,1,1000,1000,1000,1000,1000.000000,1,0,0,1,0.088444,-0.104914,-0.024616,-0.006507,-5.149205,0.403273,-81.320580,0.000000,0.000000,0.000000,0.000000,0.006414,0.000010,1,0,0,0.000000,0.000000,0.000000,0.000000,0.000000,0.000000,0,0,0,0,0,0.000000,0.000000,0.000000,0.000000,0.000000,0.000000,0.000000,0.000000,0.000000,0,0.000000,0.000000,0.000000
33282,25.114164,100776.500000,-0.060000,0,1,1000,1000,1000,1000,1000.000000,1,0,0,1,0.090915,-0.109035,-0.030788,-0.004460,-5.162826,0.408373,-81.316475,0.000000,0.000000,0.000000,0.000000,0.005169,0.000007,1,0,0,0.000000,0.000000,0.000000,0.000000,0.000000,0.000000,0,0,0,0,0,0.000000,0.000000,0.000000,0.000000,0.000000,0.000000,0.000000,0.000000,0.000000,0,0.000000,0.000000,0.000000
33375,25.116304,100777.500000,-0.060000,4,1,1000,1000,1000,1000,1000.000000,1,0,0,1,0.090442,-0.109625,-0.033721,0.001057,-5.162763,0.408754,-81.318390,0.000000,0.000000,0.000000,0.000000,0.007014,0.000013,1,0,0,0.000000,0.000000,0.000000,0.000000,0.000000,0.000000,0,0,0,0,0,0.000000,0.000000,0.000000,0.000000,0.000000,0.000000,0.000000,0.000000,0.000000,0,0.000000,0.000000,0.000000
33474,25.119055,100778.101563,-0.080000,1,1,1000,1000,1000,1000,1000.000000,1,0,0,1,0.093246,-0.114587,-0.036234,0.005196,-5.149288,0.399307,-81.334534,0.000000,0.000000,0.000000,0.000000,-0.007090,0.000013,1,0,0,0.000000,0.000000,0.000000,0.000000,0.000000,0.000000,0,0,0,0,0,0.000000,0.000000,0.000000,0.000000,0.000000,0.000000,0.000000,0.000000,0.000000,0,0.000000,0.000000,0.000000
33566,25.119003,100779.101563,-0.100000,0,1,1000,1000,1000,1000,1000.000000,1,0,0,1,0.094687,-0.117585,-0.031452,0.014009,-5.143586,0.396641,-81.340508,0.000000,0.000000,0.000000,0.000000,-0.034153,0.000318,1,0,0,0.000000,0.000000,0.000000,0.000000,0.000000,0.000000,0,0,0,0,0,0.000000,0.000000,0.000000,0.000000,0.000000,0.000000,0.000000,0.000000,0.000000,0,0.000000,0.000000,0.000000
33685,25.122368,100778.304688,-0.090000,0,1,1000,1000,1000,1000,1000.000000,1,0,0,1,0.093395,-0.117349,-0.035231,0.009171,-5.141660,0.439565,-81.277794,0.000000,0.000000,0.000000,0.000000,-0.013784,0.000052,1,0,0,0.000000,0.000000,0.000000,0.000000,0.000000,0.000000,0,0,0,0,0,0.000000,0.000000,0.000000,0.000000,0.000000,0.000000,0.000000,0.000000,0.000000,0,0.000000,0.000000,0.000000
33774,25.122421,100778.304688,-0.110000,4,1,1000,1000,1000,1000,1000.000000,1,0,0,1,0.093464,-0.117370,-0.029535,0.011124,-5.136972,0.436780,-81.283417,0.000000,0.000000,0.000000,0.000000,-0.041985,0.000492,1,0,0,0.000000,0.000000,0.000000,0.000000,0.000000,0.000000,0,0,0,0,0,0.000000,0.000000,0.000000,0.000000,0.000000,0.000000,0.000000,0.000000,0.000000,0,0.000000,0.000000,0.000000
33874,25.122982,100777.500000,-0.100000,1,1,1000,1000,1000,1000,1000.000000,1,0,0,1,0.094254,-0.118621,-0.029915,0.012233,-5.133126,0.427483,-81.297859,0.000000,0.000000,0.000000,0.000000,-0.032220,0.000291,1,0,0,0.000000,0.000000,0.000000,0.000000,0.000000,0.000000,0,0,0,0,0,0.000000,0.000000,0.000000,0.000000,0.000000,0.000000,0.000000,0.000000,0.000000,0,0.000000,0.000000,0.000000
33969,25.118530,100776.304688,-0.070000,0,1,1000,1000,1000,1000,1000.000000,1,0,0,1,0.094847,-0.119422,-0.029843,0.012387,-5.125405,0.426714,-81.300385,0.000000,0.000000,0.000000,0.000000,-0.010861,0.000033,1,0,0,0.000000,0.000000,0.000000,0.000000,0.000000,0.000000,0,0,0,0,0,0.000000,0.000000,0.000000,0.000000,0.000000,0.000000,0.000000,0.000000,0.000000,0,0.000000,0.000000,0.000000
34071,25.125154,100779.203125,-0.090000,16,1,1000,1000,1000,1000,1000.000000,1,0,0,1,0.095291,-0.121063,-0.030199,0.012555,-5.120898,0.416567,-81.313812,0.000000,0.000000,0.000000,0.000000,-0.021306,0.000129,1,0,0,0.000000,0.000000,0.000000,0.000000,0.000000,0.000000,0,0,0,0,0,0.000000,0.000000,0.000000,0.000000,0.000000,0.000000,0.000000,0.000000,0.000000,0,0.000000,0.000000,0.000000
34163,25.124559,100779.000000,-0.120000,22,1,1000,1000,1000,1000,1000.000000,1,0,0,1,0.095644,-0.122399,-0.028092,0.012328,-5.118706,0.411400,-81.321022,0.000000,0.000000,0.000000,0.000000,-0.048482,0.000668,1,0,0,0.000000,0.000000,0.000000,0.000000,0.000000,0.000000,0,0,0,0,0,0.000000,0.000000,0.000000,0.000000,0.000000,0.000000,0.000000,0.000000,0.000000,0,0.000000,0.000000,0.000000
34261,25.124804,100777.703125,-0.120000,34,1,1000,1000,1000,1000,1000.000000,1,0,0,1,0.095628,-0.122378,-0.024072,0.012522,-5.115259,0.408257,-81.325905,0.000000,0.000000,0.000000,0.000000,-0.046220,0.000609,1,0,0,0.000000,0.000000,0.000000,0.000000,0.000000,0.000000,0,0,0,0,0,0.000000,0.000000,0.000000,0.000000,0.000000,0.000000,0.000000,0.000000,0.000000,0,0.000000,0.000000,0.000000
34369,25.125610,100777.703125,-0.130000,8,1,1000,1000,1000,1000,1000.000000,1,0,0,1,0.095991,-0.123423,-0.019499,0.013270,-5.107500,0.406500,-81.329041,0.000000,0.000000,0.000000,0.000000,-0.051358,0.000754,1,0,0,0.000000,0.000000,0.000000,0.000000,0.000000,0.000000,0,0,0,0,0,0.000000,0.000000,0.000000,0.000000,0.000000,0.000000,0.000000,0.000000,0.000000,0,0.000000,0.000000,0.000000
34474,25.127241,100779.000000,-0.130000,0,1,1000,1000,1000,1000,1000.000000,1,0,0,1,0.096219,-0.124300,-0.019400,0.012427,-5.106987,0.403515,-81.333214,0.000000,0.000000,0.000000,0.000000,-0.041416,0.000491,1,0,0,0.000000,0.000000,0.000000,0.000000,0.000000,0.000000,0,0,0,0,0,0.000000,0.000000,0.000000,0.000000,0.000000,0.000000,0.000000,0.000000,0.000000,0,0.000000,0.000000,0.000000
34578,25.127380,100777.500000,-0.120000,0,1,1000,1000,1000,1000,1000.000000,1,0,0,1,0.096450,-0.125794,-0.017396,0.011481,-5.105769,0.397629,-81.338287,0.000000,0.000000,0.000000,0.000000,-0.049486,0.000702,1,0,0,0.000000,0.000000,0.000000,0.000000,0.000000,0.000000,0,0,0,0,0,0.000000,0.000000,0.000000,0.000000,0.000000,0.000000,0.000000,0.000000,0.000000,0,0.000000,0.000000,0.000000
34683,25.123611,100777.000000,-0.110000,0,1,1000,1000,1000,1000,1000.000000,1,0,0,1,0.096596,-0.127662,-0.016522,0.009901,-5.106116,0.395797,-81.341057,0.000000,0.000000,0.000000,0.000000,-0.036441,0.000381,1,0,0,0.000000,0.000000,0.000000,0.000000,0.000000,0.000000,0,0,0,0,0,0.000000,0.000000,0.000000,0.000000,0.000000,0.000000,0.000000,0.000000,0.000000,0,0.000000,0.000000,0.000000
34775,25.129379,100778.304688,-0.120000,4,1,1000,1000,1000,1000,1000.000000,1,0,0,1,0.096603,-0.127665,-0.013459,0.009373,-5.104876,0.391588,-81.343864,0.000000,0.000000,0.000000,0.000000,-0.034489,0.000342,1,0,0,0.000000,0.000000,0.000000,0.000000,0.000000,0.000000,0,0,0,0,0,0.000000,0.000000,0.000000,0.000000,0.000000,0.000000,0.000000,0.000000,0.000000,0,0.000000,0.000000,0.000000
34875,25.123138,100776.304688,-0.110000,7,1,1000,1000,1000,1000,1000.000000,1,0,0,1,0.096816,-0.129264,-0.013100,0.008385,-5.103867,0.389711,-81.346100,0.000000,0.000000,0.000000,0.000000,-0.023839,0.000164,1,0,0,0.000000,0.000000,0.000000,0.000000,0.000000,0.000000,0,0,0,0,0,0.000000,0.000000,0.000000,0.000000,0.000000,0.000000,0.000000,0.000000,0.000000,0,0.000000,0.000000,0.000000
34963,25.125715,100777.101563,-0.100000,0,1,1000,1000,1000,1000,1000.000000,1,0,0,1,0.096881,-0.131381,-0.013734,0.006946,-5.108575,0.383137,-81.348351,0.000000,0.000000,0.000000,0.000000,-0.014131,0.000058,1,0,0,0.000000,0.000000,0.000000,0.000000,0.000000,0.000000,0,0,0,0,0,0.000000,0.000000,0.000000,0.000000,0.000000,0.000000,0.000000,0.000000,0.000000,0,0.000000,0.000000,0.000000
35063,25.132673,100778.000000,-0.110000,8,1,1000,1000,1000,1000,1000.000000,1,0,0,1,0.097043,-0.133120,-0.013832,0.006229,-5.107214,0.383451,-81.350189,0.000000,0.000000,0.000000,0.000000,-0.024531,0.000173,1,0,0,0.000000,0.000000,0.000000,0.000000,0.000000,0.000000,0,0,0,0,0,0.000000,0.000000,0.000000,0.000000,0.000000,0.000000,0.000000,0.000000,0.000000,0,0.000000,0.000000,0.000000
35163,25.133165,100778.898438,-0.110000,16,1,1000,1000,1000,1000,1000.000000,1,0,0,1,0.097077,-0.134591,-0.014375,0.005341,-5.109595,0.388154,-81.352295,0.000000,0.000000,0.000000,0.000000,-0.023400,0.000158,1,0,0,0.000000,0.000000,0.000000,0.000000,0.000000,0.000000,0,0,0,0,0,0.000000,0.000000,0.000000,0.000000,0.000000,0.000000,0.000000,0.000000,0.000000,0,0.000000,0.000000,0.000000
35260,25.126451,100778.304688,-0.110000,27,1,1000,1000,1000,1000,1000.000000,1,0,0,1,0.097074,-0.134584,-0.013015,0.005362,-5.108279,0.388626,-81.354218,0.000000,0.000000,0.000000,0.000000,-0.023324,0.000157,1,0,0,0.000000,0.000000,0.000000,0.000000,0.000000,0.000000,0,0,0,0,0,0.000000,0.000000,0.000000,0.000000,0.000000,0.000000,0.000000,0.000000,0.000000,0,0.000000,0.000000,0.000000
35374,25.134287,100777.804688,-0.110000,0,1,1000,1000,1000,1000,1000.000000,1,0,0,1,0.097202,-0.136495,-0.013089,0.004771,-5.105896,0.388421,-81.356300,0.000000,0.000000,0.000000,0.000000,-0.023505,0.000159,1,0,0,0.000000,0.000000,0.000000,0.000000,0.000000,0.000000,0,0,0,0,0,0.000000,0.000000,0.000000,0.000000,0.000000,0.000000,0.000000,0.000000,0.000000,0,0.000000,0.000000,0.000000
35473,25.130974,100777.500000,-0.120000,0,1,1000,1000,1000,1000,1000.000000,1,0,0,1,0.097311,-0.138181,-0.013222,0.003931,-5.103431,0.390009,-81.358322,0.000000,0.000000,0.000000,0.000000,-0.033973,0.000333,1,0,0,0.000000,0.000000,0.000000,0.000000,0.000000,0.000000,0,0,0,0,0,0.000000,0.000000,0.000000,0.000000,0.000000,0.000000,0.000000,0.000000,0.000000,0,0.000000,0.000000,0.000000
35566,25.133112,100779.101563,-0.140000,3,1,1000,1000,1000,1000,1000.000000,1,0,0,1,0.097398,-0.139695,-0.011614,0.003698,-5.101770,0.392132,-81.360237,0.000000,0.000000,0.000000,0.000000,-0.052881,0.000809,1,0,0,0.000000,0.000000,0.000000,0.000000,0.000000,0.000000,0,0,0,0,0,0.000000,0.000000,0.000000,0.000000,0.000000,0.000000,0.000000,0.000000,0.000000,0,0.000000,0.000000,0.000000
35664,25.133183,100778.703125,-0.140000,0,1,1000,1000,1000,1000,1000.000000,1,0,0,1,0.098030,-0.141084,-0.011777,0.003198,-5.098426,0.393332,-81.362221,0.000000,0.000000,0.000000,0.000000,-0.051459,0.000766,1,0,0,0.000000,0.000000,0.000000,0.000000,0.000000,0.000000,0,0,0,0,0,0.000000,0.000000,0.000000,0.000000,0.000000,0.000000,0.000000,0.000000,0.000000,0,0.000000,0.000000,0.000000
35772,25.133183,100778.304688,-0.140000,20,1,1000,1000,1000,1000,1000.000000,1,0,0,1,0.098030,-0.141084,-0.008108,0.004266,-5.097735,0.393672,-81.364342,0.000000,0.000000,0.000000,0.000000,-0.049331,0.000704,1,0,0,0.000000,0.000000,0.000000,0.000000,0.000000,0.000000,0,0,0,0,0,0.000000,0.000000,0.000000,0.000000,0.000000,0.000000,0.000000,0.000000,0.000000,0,0.000000,0.000000,0.000000
35860,25.133883,100778.703125,-0.150000,22,1,1000,1000,1000,1000,1000.000000,1,0,0,1,0.098582,-0.142722,-0.007080,0.003471,-5.096391,0.394547,-81.366058,0.000000,0.000000,0.000000,0.000000,-0.058215,0.000981,1,0,0,0.000000,0.000000,0.000000,0.000000,0.000000,0.000000,0,0,0,0,0,0.000000,0.000000,0.000000,0.000000,0.000000,0.000000,0.000000,0.000000,0.000000,0,0.000000,0.000000,0.000000
35976,25.133533,100777.804688,-0.150000,9,1,1000,1000,1000,1000,1000.000000,1,0,0,1,0.099060,-0.144234,-0.004718,0.003585,-5.096666,0.396404,-81.368362,0.000000,0.000000,0.000000,0.000000,-0.055988,0.000908,1,0,0,0.000000,0.000000,0.000000,0.000000,0.000000,0.000000,0,0,0,0,0,0.000000,0.000000,0.000000,0.000000,0.000000,0.000000,0.000000,0.000000,0.000000,0,0.000000,0.000000,0.000000
36070,25.136425,100777.398438,-0.150000,0,1,1000,1000,1000,1000,1000.000000,1,0,0,1,0.099521,-0.145722,-0.004711,0.002697,-5.096537,0.394271,-81.369934,0.000000,0.000000,0.000000,0.000000,-0.064574,0.001207,1,0,0,0.000000,0.000000,0.000000,0.000000,0.000000,0.000000,0,0,0,0,0,0.000000,0.000000,0.000000,0.000000,0.000000,0.000000,0.000000,0.000000,0.000000,0,0.000000,0.000000,0.000000
36176,25.141438,100779.000000,-0.150000,0,1,1000,1000,1000,1000,1000.000000,1,0,0,1,0.099898,-0.147403,-0.003925,0.002097,-5.098898,0.394644,-81.371948,0.000000,0.000000,0.000000,0.000000,-0.053362,0.000825,1,0,0,0.000000,0.000000,0.000000,0.000000,0.000000,0.000000,0,0,0,0,0,0.000000,0.000000,0.000000,0.000000,0.000000,0.000000,0.000000,0.000000,0.000000,0,0.000000,0.000000,0.000000
36281,25.134007,100777.804688,-0.150000,0,1,1000,1000,1000,1000,1000.000000,1,0,0,1,0.100225,-0.148865,-0.003073,0.001893,-5.101089,0.398815,-81.374054,0.000000,0.000000,0.000000,0.000000,-0.052621,0.000802,1,0,0,0.000000,0.000000,0.000000,0.000000,0.000000,0.000000,0,0,0,0,0,0.000000,0.000000,0.000000,0.000000,0.000000,0.000000,0.000000,0.000000,0.000000,0,0.000000,0.000000,0.000000
36362,25.132042,100777.101563,-0.140000,38,1,1000,1000,1000,1000,1000.000000,1,0,0,1,0.100215,-0.148873,-0.000980,0.002731,-5.101552,0.397618,-81.375694,0.000000,0.000000,0.000000,0.000000,-0.041787,0.000506,1,0,0,0.000000,0.000000,0.000000,0.000000,0.000000,0.000000,0,0,0,0,0,0.000000,0.000000,0.000000,0.000000,0.000000,0.000000,0.000000,0.000000,0.000000,0,0.000000,0.000000,0.000000
36473,25.138195,100777.703125,-0.150000,0,1,1000,1000,1000,1000,1000.000000,1,0,0,1,0.101057,-0.150392,-0.000085,0.003047,-5.101053,0.393914,-81.377609,0.000000,0.000000,0.000000,0.000000,-0.051143,0.000758,1,0,0,0.000000,0.000000,0.000000,0.000000,0.000000,0.000000,0,0,0,0,0,0.000000,0.000000,0.000000,0.000000,0.000000,0.000000,0.000000,0.000000,0.000000,0,0.000000,0.000000,0.000000
36567,25.144154,100779.601563,-0.160000,0,1,1000,1000,1000,1000,1000.000000,1,0,0,1,0.101711,-0.151743,0.000655,0.003225,-5.104856,0.394389,-81.379379,0.000000,0.000000,0.000000,0.000000,-0.048846,0.000691,1,0,0,0.000000,0.000000,0.000000,0.000000,0.000000,0.000000,0,0,0,0,0,0.000000,0.000000,0.000000,0.000000,0.000000,0.000000,0.000000,0.000000,0.000000,0,0.000000,0.000000,0.000000
36691,25.142349,100779.398438,-0.180000,1,1,1000,1000,1000,1000,1000.000000,1,0,0,1,0.102443,-0.152965,0.002062,0.003227,-5.103546,0.395734,-81.381767,0.000000,0.000000,0.000000,0.000000,-0.067883,0.001336,1,0,0,0.000000,0.000000,0.000000,0.000000,0.000000,0.000000,0,0,0,0,0,0.000000,0.000000,0.000000,0.000000,0.000000,0.000000,0.000000,0.000000,0.000000,0,0.000000,0.000000,0.000000
36760,25.141981,100778.703125,-0.180000,27,1,1000,1000,1000,1000,1000.000000,1,0,0,1,0.102435,-0.152973,0.005382,0.004124,-5.105105,0.395706,-81.383118,0.000000,0.000000,0.000000,0.000000,-0.076063,0.001676,1,0,0,0.000000,0.000000,0.000000,0.000000,0.000000,0.000000,0,0,0,0,0,0.000000,0.000000,0.000000,0.000000,0.000000,0.000000,0.000000,0.000000,0.000000,0,0.000000,0.000000,0.000000
36876,25.136057,100777.500000,-0.170000,3,1,1000,1000,1000,1000,1000.000000,1,0,0,1,0.103039,-0.154014,0.008324,0.004527,-5.106286,0.398467,-81.385376,0.000000,0.000000,0.000000,0.000000,-0.063020,0.001152,1,0,0,0.000000,0.000000,0.000000,0.000000,0.000000,0.000000,0,0,0,0,0,0.000000,0.000000,0.000000,0.000000,0.000000,0.000000,0.000000,0.000000,0.000000,0,0.000000,0.000000,0.000000
36967,25.143366,100779.398438,-0.180000,0,1,1000,1000,1000,1000,1000.000000,1,0,0,1,0.104048,-0.155118,0.008033,0.003524,-5.104279,0.395170,-81.386940,0.000000,0.000000,0.000000,0.000000,-0.063232,0.001159,1,0,0,0.000000,0.000000,0.000000,0.000000,0.000000,0.000000,0,0,0,0,0,0.000000,0.000000,0.000000,0.000000,0.000000,0.000000,0.000000,0.000000,0.000000,0,0.000000,0.000000,0.000000
37072,25.142052,100778.703125,-0.190000,0,1,1000,1000,1000,1000,1000.000000,1,0,0,1,0.105026,-0.155988,0.011334,0.004185,-5.102526,0.398267,-81.389099,0.000000,0.000000,0.000000,0.000000,-0.080364,0.001873,1,0,0,0.000000,0.000000,0.000000,0.000000,0.000000,0.000000,0,0,0,0,0,0.000000,0.000000,0.000000,0.000000,0.000000,0.000000,0.000000,0.000000,0.000000,0,0.000000,0.000000,0.000000
37180,25.142157,100778.101563,-0.180000,0,1,1000,1000,1000,1000,1000.000000,1,0,0,1,0.105700,-0.157308,0.011142,0.002952,-5.112072,0.393645,-81.390961,0.000000,0.000000,0.000000,0.000000,-0.078482,0.001786,1,0,0,0.000000,0.000000,0.000000,0.000000,0.000000,0.000000,0,0,0,0,0,0.000000,0.000000,0.000000,0.000000,0.000000,0.000000,0.000000,0.000000,0.000000,0,0.000000,0.000000,0.000000
37261,25.143068,100779.101563,-0.180000,39,1,1000,1000,1000,1000,1000.000000,1,0,0,1,0.105706,-0.157315,0.014032,0.003582,-5.110888,0.392833,-81.392479,0.000000,0.000000,0.000000,0.000000,-0.067250,0.001311,1,0,0,0.000000,0.000000,0.000000,0.000000,0.000000,0.000000,0,0,0,0,0,0.000000,0.000000,0.000000,0.000000,0.000000,0.000000,0.000000,0.000000,0.000000,0,0.000000,0.000000,0.000000
37378,25.140387,100776.804688,-0.160000,9,1,1000,1000,1000,1000,1000.000000,1,0,0,1,0.107000,-0.158175,0.016207,0.003621,-5.104915,0.392275,-81.394638,0.000000,0.000000,0.000000,0.000000,-0.044747,0.000581,1,0,0,0.000000,0.000000,0.000000,0.000000,0.000000,0.000000,0,0,0,0,0,0.000000,0.000000,0.000000,0.000000,0.000000,0.000000,0.000000,0.000000,0.000000,0,0.000000,0.000000,0.000000
37480,25.140841,100777.898438,-0.160000,0,1,1000,1000,1000,1000,1000.000000,1,0,0,1,0.108003,-0.158927,0.015453,0.002041,-5.106899,0.393857,-81.396683,0.000000,0.000000,0.000000,0.000000,-0.045501,0.000600,1,0,0,0.000000,0.000000,0.000000,0.000000,0.000000,0.000000,0,0,0,0,0,0.000000,0.000000,0.000000,0.000000,0.000000,0.000000,0.000000,0.000000,0.000000,0,0.000000,0.000000,0.000000
37574,25.145906,100780.703125,-0.190000,0,1,1000,1000,1000,1000,1000.000000,1,0,0,1,0.109029,-0.159790,0.015670,0.001477,-5.106451,0.389401,-81.398201,0.000000,0.000000,0.000000,0.000000,-0.055453,0.000892,1,0,0,0.000000,0.000000,0.000000,0.000000,0.000000,0.000000,0,0,0,0,0,0.000000,0.000000,0.000000,0.000000,0.000000,0.000000,0.000000,0.000000,0.000000,0,0.000000,0.000000,0.000000
37692,25.146835,100778.101563,-0.190000,0,1,1000,1000,1000,1000,1000.000000,1,0,0,1,0.110300,-0.160423,0.017402,0.001563,-5.106086,0.391419,-81.400566,0.000000,0.000000,0.000000,0.000000,-0.082694,0.001984,1,0,0,0.000000,0.000000,0.000000,0.000000,0.000000,0.000000,0,0,0,0,0,0.000000,0.000000,0.000000,0.000000,0.000000,0.000000,0.000000,0.000000,0.000000,0,0.000000,0.000000,0.000000
37760,25.146467,100779.000000,-0.190000,26,1,1000,1000,1000,1000,1000.000000,1,0,0,1,0.110317,-0.160348,0.020601,0.002543,-5.106126,0.391650,-81.401894,0.000000,0.000000,0.000000,0.000000,-0.070974,0.001461,1,0,0,0.000000,0.000000,0.000000,0.000000,0.000000,0.000000,0,0,0,0,0,0.000000,0.000000,0.000000,0.000000,0.000000,0.000000,0.000000,0.000000,0.000000,0,0.000000,0.000000,0.000000
37882,25.147203,100778.898438,-0.200000,3,1,1000,1000,1000,1000,1000.000000,1,0,0,1,0.111405,-0.161259,0.023487,0.002756,-5.111542,0.383585,-81.403786,0.000000,0.000000,0.000000,0.000000,-0.078150,0.001772,1,0,0,0.000000,0.000000,0.000000,0.000000,0.000000,0.000000,0,0,0,0,0,0.000000,0.000000,0.000000,0.000000,0.000000,0.000000,0.000000,0.000000,0.000000,0,0.000000,0.000000,0.000000
37973,25.151287,100779.101563,-0.180000,4,1,1000,1000,1000,1000,1000.000000,1,0,0,1,0.112434,-0.161903,0.024354,0.002386,-5.113382,0.385752,-81.405594,0.000000,0.000000,0.000000,0.000000,-0.056815,0.000937,1,0,0,0.000000,0.000000,0.000000,0.000000,0.000000,0.000000,0,0,0,0,0,0.000000,0.000000,0.000000,0.000000,0.000000,0.000000,0.000000,0.000000,0.000000,0,0.000000,0.000000,0.000000
38070,25.145258,100777.804688,-0.160000,15,1,1000,1000,1000,1000,1000.000000,1,0,0,1,0.113378,-0.163000,0.024511,0.001573,-5.116750,0.379982,-81.407089,0.000000,0.000000,0.000000,0.000000,-0.036141,0.000379,1,0,0,0.000000,0.000000,0.000000,0.000000,0.000000,0.000000,0,0,0,0,0,0.000000,0.000000,0.000000,0.000000,0.000000,0.000000,0.000000,0.000000,0.000000,0,0.000000,0.000000,0.000000
38175,25.149973,100780.203125,-0.170000,34,1,1000,1000,1000,1000,1000.000000,1,0,0,1,0.114324,-0.163885,0.024857,0.001065,-5.115442,0.382922,-81.409264,0.000000,0.000000,0.000000,0.000000,-0.044651,0.000578,1,0,0,0.000000,0.000000,0.000000,0.000000,0.000000,0.000000,0,0,0,0,0,0.000000,0.000000,0.000000,0.000000,0.000000,0.000000,0.000000,0.000000,0.000000,0,0.000000,0.000000,0.000000
38261,25.145451,100777.398438,-0.170000,34,1,1000,1000,1000,1000,1000.000000,1,0,0,1,0.114221,-0.163969,0.027001,0.001400,-5.115454,0.383190,-81.410980,0.000000,0.000000,0.000000,0.000000,-0.043948,0.000561,1,0,0,0.000000,0.000000,0.000000,0.000000,0.000000,0.000000,0,0,0,0,0,0.000000,0.000000,0.000000,0.000000,0.000000,0.000000,0.000000,0.000000,0.000000,0,0.000000,0.000000,0.000000
38378,25.152023,100781.398438,-0.170000,4,1,1000,1000,1000,1000,1000.000000,1,0,0,1,0.115655,-0.164796,0.027714,0.001666,-5.109560,0.387071,-81.412369,0.000000,0.000000,0.000000,0.000000,-0.043159,0.000541,1,0,0,0.000000,0.000000,0.000000,0.000000,0.000000,0.000000,0,0,0,0,0,0.000000,0.000000,0.000000,0.000000,0.000000,0.000000,0.000000,0.000000,0.000000,0,0.000000,0.000000,0.000000
38479,25.149185,100779.203125,-0.180000,0,1,1000,1000,1000,1000,1000.000000,1,0,0,1,0.116839,-0.165567,0.028608,0.001191,-5.107498,0.391725,-81.414589,0.000000,0.000000,0.000000,0.000000,-0.052456,0.000799,1,0,0,0.000000,0.000000,0.000000,0.000000,0.000000,0.000000,0,0,0,0,0,0.000000,0.000000,0.000000,0.000000,0.000000,0.000000,0.000000,0.000000,0.000000,0,0.000000,0.000000,0.000000
38578,25.147291,100778.398438,-0.190000,0,1,1000,1000,1000,1000,1000.000000,1,0,0,1,0.118282,-0.166421,0.029226,0.001000,-5.106282,0.390505,-81.416412,0.000000,0.000000,0.000000,0.000000,-0.062032,0.001117,1,0,0,0.000000,0.000000,0.000000,0.000000,0.000000,0.000000,0,0,0,0,0,0.000000,0.000000,0.000000,0.000000,0.000000,0.000000,0.000000,0.000000,0.000000,0,0.000000,0.000000,0.000000
38690,25.151567,100778.101563,-0.180000,0,1,1000,1000,1000,1000,1000.000000,1,0,0,1,0.119729,-0.167285,0.031005,0.001380,-5.102394,0.389253,-81.418457,0.000000,0.000000,0.000000,0.000000,-0.059479,0.001027,1,0,0,0.000000,0.000000,0.000000,0.000000,0.000000,0.000000,0,0,0,0,0,0.000000,0.000000,0.000000,0.000000,0.000000,0.000000,0.000000,0.000000,0.000000,0,0.000000,0.000000,0.000000
38763,25.155424,100778.804688,-0.180000,30,1,1000,1000,1000,1000,1000.000000,1,0,0,1,0.119722,-0.167399,0.033108,0.001810,-5.102377,0.389476,-81.419823,0.000000,0.000000,0.000000,0.000000,-0.047926,0.000667,1,0,0,0.000000,0.000000,0.000000,0.000000,0.000000,0.000000,0,0,0,0,0,0.000000,0.000000,0.000000,0.000000,0.000000,0.000000,0.000000,0.000000,0.000000,0,0.000000,0.000000,0.000000
38879,25.153513,100780.101563,-0.190000,0,1,1000,1000,1000,1000,1000.000000,1,0,0,1,0.121149,-0.167875,0.035163,0.002243,-4.848277,0.400572,-81.425606,0.000000,0.000000,0.000000,0.000000,-0.055972,0.000909,1,0,0,0.000000,0.000000,0.000000,0.000000,0.000000,0.000000,0,0,0,0,0,0.000000,0.000000,0.000000,0.000000,0.000000,0.000000,0.000000,0.000000,0.000000,0,0.000000,0.000000,0.000000
38973,25.151567,100779.804688,-0.200000,9,1,1000,1000,1000,1000,1000.000000,1,0,0,1,0.122755,-0.168322,0.036811,0.000075,-4.930845,0.366387,-81.407806,0.000000,0.000000,0.000000,0.000000,-0.064478,0.001207,1,0,0,0.000000,0.000000,0.000000,0.000000,0.000000,0.000000,0,0,0,0,0,0.000000,0.000000,0.000000,0.000000,0.000000,0.000000,0.000000,0.000000,0.000000,0,0.000000,0.000000,0.000000
39065,25.150446,100778.601563,-0.210000,12,1,1000,1000,1000,1000,1000.000000,1,0,0,1,0.124471,-0.169016,0.038951,0.000618,-4.950549,0.345026,-81.400597,0.000000,0.000000,0.000000,0.000000,-0.072526,0.001527,1,0,0,0.000000,0.000000,0.000000,0.000000,0.000000,0.000000,0,0,0,0,0,0.000000,0.000000,0.000000,0.000000,0.000000,0.000000,0.000000,0.000000,0.000000,0,0.000000,0.000000,0.000000
39178,25.148571,100777.898438,-0.190000,39,1,1000,1000,1000,1000,1000.000000,1,0,0,1,0.126151,-0.169756,0.040642,0.001885,-5.087461,0.351685,-81.404274,0.000000,0.000000,0.000000,0.000000,-0.049826,0.000721,1,0,0,0.000000,0.000000,0.000000,0.000000,0.000000,0.000000,0,0,0,0,0,0.000000,0.000000,0.000000,0.000000,0.000000,0.000000,0.000000,0.000000,0.000000,0,0.000000,0.000000,0.000000
39286,25.149902,100777.500000,-0.170000,0,1,1000,1000,1000,1000,1000.000000,1,0,0,1,0.127887,-0.170138,0.041593,0.001764,-5.063610,0.389774,-81.424553,0.000000,0.000000,0.000000,0.000000,-0.038459,0.000430,1,0,0,0.000000,0.000000,0.000000,0.000000,0.000000,0.000000,0,0,0,0,0,0.000000,0.000000,0.000000,0.000000,0.000000,0.000000,0.000000,0.000000,0.000000,0,0.000000,0.000000,0.000000
39363,25.155775,100779.703125,-0.180000,34,1,1000,1000,1000,1000,1000.000000,1,0,0,1,0.127959,-0.170050,0.043052,0.001404,-5.090470,0.369445,-81.413315,0.000000,0.000000,0.000000,0.000000,-0.037762,0.000414,1,0,0,0.000000,0.000000,0.000000,0.000000,0.000000,0.000000,0,0,0,0,0,0.000000,0.000000,0.000000,0.000000,0.000000,0.000000,0.000000,0.000000,0.000000,0,0.000000,0.000000,0.000000
39477,25.154846,100778.601563,-0.180000,0,1,1000,1000,1000,1000,1000.000000,1,0,0,1,0.129765,-0.170668,0.043537,-0.000363,-5.124811,0.353615,-81.415154,0.000000,0.000000,0.000000,0.000000,-0.037216,0.000402,1,0,0,0.000000,0.000000,0.000000,0.000000,0.000000,0.000000,0,0,0,0,0,0.000000,0.000000,0.000000,0.000000,0.000000,0.000000,0.000000,0.000000,0.000000,0,0.000000,0.000000,0.000000
39578,25.156300,100778.703125,-0.170000,1,1,1000,1000,1000,1000,1000.000000,1,0,0,1,0.131486,-0.171236,0.044081,-0.000483,-5.109238,0.378745,-81.431152,0.000000,0.000000,0.000000,0.000000,-0.026475,0.000204,1,0,0,0.000000,0.000000,0.000000,0.000000,0.000000,0.000000,0,0,0,0,0,0.000000,0.000000,0.000000,0.000000,0.000000,0.000000,0.000000,0.000000,0.000000,0,0.000000,0.000000,0.000000
39690,25.154495,100777.304688,-0.160000,0,1,1000,1000,1000,1000,1000.000000,1,0,0,1,0.133373,-0.171506,0.044235,-0.000658,-5.108278,0.381618,-81.434761,0.000000,0.000000,0.000000,0.000000,-0.025416,0.000188,1,0,0,0.000000,0.000000,0.000000,0.000000,0.000000,0.000000,0,0,0,0,0,0.000000,0.000000,0.000000,0.000000,0.000000,0.000000,0.000000,0.000000,0.000000,0,0.000000,0.000000,0.000000
39763,25.158491,100779.000000,-0.160000,30,1,1000,1000,1000,1000,1000.000000,1,0,0,1,0.133393,-0.171494,0.044822,-0.000517,-5.112794,0.382629,-81.436348,0.000000,0.000000,0.000000,0.000000,-0.015477,0.000070,1,0,0,0.000000,0.000000,0.000000,0.000000,0.000000,0.000000,0,0,0,0,0,0.000000,0.000000,0.000000,0.000000,0.000000,0.000000,0.000000,0.000000,0.000000,0,0.000000,0.000000,0.000000
39879,25.156404,100777.601563,-0.160000,0,1,1000,1000,1000,1000,1000.000000,1,0,0,1,0.135101,-0.171826,0.045111,-0.001214,-5.116713,0.383608,-81.438644,0.000000,0.000000,0.000000,0.000000,-0.015191,0.000067,1,0,0,0.000000,0.000000,0.000000,0.000000,0.000000,0.000000,0,0,0,0,0,0.000000,0.000000,0.000000,0.000000,0.000000,0.000000,0.000000,0.000000,0.000000,0,0.000000,0.000000,0.000000
39973,25.158998,100778.398438,-0.170000,9,1,1000,1000,1000,1000,1000.000000,1,0,0,1,0.137115,-0.172121,0.044974,-0.001377,-5.114085,0.384568,-81.440346,0.000000,0.000000,0.000000,0.000000,-0.025528,0.000189,1,0,0,0.000000,0.000000,0.000000,0.000000,0.000000,0.000000,0,0,0,0,0,0.000000,0.000000,0.000000,0.000000,0.000000,0.000000,0.000000,0.000000,0.000000,0,0.000000,0.000000,0.000000
40065,25.154442,100777.703125,-0.150000,12,1,1000,1000,1000,1000,1000.000000,1,0,0,1,0.139048,-0.172482,0.044210,-0.001623,-5.112672,0.382908,-81.442101,0.000000,0.000000,0.000000,0.000000,-0.005891,0.000010,1,0,0,0.000000,0.000000,0.000000,0.000000,0.000000,0.000000,0,0,0,0,0,0.000000,0.000000,0.000000,0.000000,0.000000,0.000000,0.000000,0.000000,0.000000,0,0.000000,0.000000,0.000000
40178,25.158632,100779.000000,-0.160000,39,1,1000,1000,1000,1000,1000.000000,1,0,0,1,0.140844,-0.172772,0.043748,-0.001791,-5.111779,0.384659,-81.444427,0.000000,0.000000,0.000000,0.000000,-0.015486,0.000070,1,0,0,0.000000,0.000000,0.000000,0.000000,0.000000,0.000000,0,0,0,0,0,0.000000,0.000000,0.000000,0.000000,0.000000,0.000000,0.000000,0.000000,0.000000,0,0.000000,0.000000,0.000000
40286,25.159157,100779.101563,-0.170000,0,1,1000,1000,1000,1000,1000.000000,1,0,0,1,0.142818,-0.173138,0.043037,-0.001949,-5.109536,0.382338,-81.446915,0.000000,0.000000,0.000000,0.000000,-0.016019,0.000075,1,0,0,0.000000,0.000000,0.000000,0.000000,0.000000,0.000000,0,0,0,0,0,0.000000,0.000000,0.000000,0.000000,0.000000,0.000000,0.000000,0.000000,0.000000,0,0.000000,0.000000,0.000000
40363,25.155161,100777.898438,-0.160000,34,1,1000,1000,1000,1000,1000.000000,1,0,0,1,0.142793,-0.173169,0.043745,-0.002045,-5.109519,0.382531,-81.448402,0.000000,0.000000,0.000000,0.000000,-0.016517,0.000079,1,0,0,0.000000,0.000000,0.000000,0.000000,0.000000,0.000000,0,0,0,0,0,0.000000,0.000000,0.000000,0.000000,0.000000,0.000000,0.000000,0.000000,0.000000,0,0.000000,0.000000,0.000000
40477,25.160629,100778.898438,-0.170000,0,1,1000,1000,1000,1000,1000.000000,1,0,0,1,0.144993,-0.173224,0.043710,-0.002245,-5.103384,0.385654,-81.450768,0.000000,0.000000,0.000000,0.000000,-0.026826,0.000209,1,0,0,0.000000,0.000000,0.000000,0.000000,0.000000,0.000000,0,0,0,0,0,0.000000,0.000000,0.000000,0.000000,0.000000,0.000000,0.000000,0.000000,0.000000,0,0.000000,0.000000,0.000000
40578,25.163504,100779.804688,-0.180000,1,1,1000,1000,1000,1000,1000.000000,1,0,0,1,0.147007,-0.173354,0.043643,-0.002286,-5.102748,0.385521,-81.452599,0.000000,0.000000,0.000000,0.000000,-0.026929,0.000211,1,0,0,0.000000,0.000000,0.000000,0.000000,0.000000,0.000000,0,0,0,0,0,0.000000,0.000000,0.000000,0.000000,0.000000,0.000000,0.000000,0.000000,0.000000,0,0.000000,0.000000,0.000000
40690,25.158894,100778.398438,-0.190000,0,1,1000,1000,1000,1000,1000.000000,1,0,0,1,0.149189,-0.173672,0.044285,-0.002661,-5.101192,0.385005,-81.454742,0.000000,0.000000,0.000000,0.000000,-0.045747,0.000608,1,0,0,0.000000,0.000000,0.000000,0.000000,0.000000,0.000000,0,0,0,0,0,0.000000,0.000000,0.000000,0.000000,0.000000,0.000000,0.000000,0.000000,0.000000,0,0.000000,0.000000,0.000000
40763,25.161821,100777.703125,-0.180000,30,1,1000,1000,1000,1000,1000.000000,1,0,0,1,0.149162,-0.173697,0.045709,-0.002409,-5.101182,0.385193,-81.456116,0.000000,0.000000,0.000000,0.000000,-0.034923,0.000354,1,0,0,0.000000,0.000000,0.000000,0.000000,0.000000,0.000000,0,0,0,0,0,0.000000,0.000000,0.000000,0.000000,0.000000,0.000000,0.000000,0.000000,0.000000,0,0.000000,0.000000,0.000000
40882,25.159193,100778.500000,-0.180000,3,1,1000,1000,1000,1000,1000.000000,1,0,0,1,0.151349,-0.173721,0.046892,-0.001636,-5.097522,0.388398,-81.458603,0.000000,0.000000,0.000000,0.000000,-0.033772,0.000331,1,0,0,0.000000,0.000000,0.000000,0.000000,0.000000,0.000000,0,0,0,0,0,0.000000,0.000000,0.000000,0.000000,0.000000,0.000000,0.000000,0.000000,0.000000,0,0.000000,0.000000,0.000000
40973,25.158930,100778.203125,-0.190000,9,1,1000,1000,1000,1000,1000.000000,1,0,0,1,0.153641,-0.173768,0.047681,-0.001403,-5.096437,0.390655,-81.460419,0.000000,0.000000,0.000000,0.000000,-0.043157,0.000541,1,0,0,0.000000,0.000000,0.000000,0.000000,0.000000,0.000000,0,0,0,0,0,0.000000,0.000000,0.000000,0.000000,0.000000,0.000000,0.000000,0.000000,0.000000,0,0.000000,0.000000,0.000000
41065,25.158106,100777.304688,-0.170000,12,1,1000,1000,1000,1000,1000.000000,1,0,0,1,0.155863,-0.173874,0.047779,-0.001469,-5.096339,0.390217,-81.462288,0.000000,0.000000,0.000000,0.000000,-0.022651,0.000149,1,0,0,0.000000,0.000000,0.000000,0.000000,0.000000,0.000000,0,0,0,0,0,0.000000,0.000000,0.000000,0.000000,0.000000,0.000000,0.000000,0.000000,0.000000,0,0.000000,0.000000,0.000000
41178,25.161102,100777.304688,-0.170000,39,1,1000,1000,1000,1000,1000.000000,1,0,0,1,0.158234,-0.173759,0.048086,-0.001234,-5.095252,0.391702,-81.464592,0.000000,0.000000,0.000000,0.000000,-0.021606,0.000136,1,0,0,0.000000,0.000000,0.000000,0.000000,0.000000,0.000000,0,0,0,0,0,0.000000,0.000000,0.000000,0.000000,0.000000,0.000000,0.000000,0.000000,0.000000,0,0.000000,0.000000,0.000000
41286,25.161015,100776.898438,-0.150000,0,1,1000,1000,1000,1000,1000.000000,1,0,0,1,0.160472,-0.173761,0.047847,-0.001589,-5.099385,0.387235,-81.466461,0.000000,0.000000,0.000000,0.000000,-0.011748,0.000040,1,0,0,0.000000,0.000000,0.000000,0.000000,0.000000,0.000000,0,0,0,0,0,0.000000,0.000000,0.000000,0.000000,0.000000,0.000000,0.000000,0.000000,0.000000,0,0.000000,0.000000,0.000000
41363,25.161243,100776.500000,-0.130000,34,1,1000,1000,1000,1000,1000.000000,1,0,0,1,0.160482,-0.173728,0.047409,-0.002019,-5.099321,0.387437,-81.467949,0.000000,0.000000,0.000000,0.000000,0.017816,0.000092,1,0,0,0.000000,0.000000,0.000000,0.000000,0.000000,0.000000,0,0,0,0,0,0.000000,0.000000,0.000000,0.000000,0.000000,0.000000,0.000000,0.000000,0.000000,0,0.000000,0.000000,0.000000
41477,25.166519,100779.000000,-0.140000,0,1,1000,1000,1000,1000,1000.000000,1,0,0,1,0.162916,-0.173714,0.046081,-0.002089,-5.098873,0.383466,-81.469986,0.000000,0.000000,0.000000,0.000000,0.016406,0.000078,1,0,0,0.000000,0.000000,0.000000,0.000000,0.000000,0.000000,0,0,0,0,0,0.000000,0.000000,0.000000,0.000000,0.000000,0.000000,0.000000,0.000000,0.000000,0,0.000000,0.000000,0.000000
41578,25.166607,100778.101563,-0.140000,1,1,1000,1000,1000,1000,1000.000000,1,0,0,1,0.165270,-0.173640,0.045324,-0.001958,-5.097380,0.382946,-81.471825,0.000000,0.000000,0.000000,0.000000,0.005400,0.000008,1,0,0,0.000000,0.000000,0.000000,0.000000,0.000000,0.000000,0,0,0,0,0,0.000000,0.000000,0.000000,0.000000,0.000000,0.000000,0.000000,0.000000,0.000000,0,0.000000,0.000000,0.000000
41690,25.169813,100781.804688,-0.180000,0,1,1000,1000,1000,1000,1000.000000,1,0,0,1,0.167732,-0.173559,0.044728,-0.002028,-5.096893,0.383146,-81.474091,0.000000,0.000000,0.000000,0.000000,-0.004873,0.000007,1,0,0,0.000000,0.000000,0.000000,0.000000,0.000000,0.000000,0,0,0,0,0,0.000000,0.000000,0.000000,0.000000,0.000000,0.000000,0.000000,0.000000,0.000000,0,0.000000,0.000000,0.000000
41770,25.165678,100779.703125,-0.190000,38,1,1000,1000,1000,1000,1000.000000,1,0,0,1,0.167719,-0.173574,0.046247,-0.001483,-5.098358,0.382114,-81.475494,0.000000,0.000000,0.000000,0.000000,-0.044668,0.000580,1,0,0,0.000000,0.000000,0.000000,0.000000,0.000000,0.000000,0,0,0,0,0,0.000000,0.000000,0.000000,0.000000,0.000000,0.000000,0.000000,0.000000,0.000000,0,0.000000,0.000000,0.000000
41878,25.163820,100777.703125,-0.190000,0,1,1000,1000,1000,1000,1000.000000,1,0,0,1,0.170125,-0.173507,0.047603,-0.001009,-5.098789,0.381453,-81.477654,0.000000,0.000000,0.000000,0.000000,-0.053432,0.000830,1,0,0,0.000000,0.000000,0.000000,0.000000,0.000000,0.000000,0,0,0,0,0,0.000000,0.000000,0.000000,0.000000,0.000000,0.000000,0.000000,0.000000,0.000000,0,0.000000,0.000000,0.000000
41978,25.164274,100777.703125,-0.170000,14,1,1000,1000,1000,1000,1000.000000,1,0,0,1,0.172681,-0.173471,0.049081,-0.000475,-5.098285,0.379904,-81.479378,0.000000,0.000000,0.000000,0.000000,-0.021362,0.000133,1,0,0,0.000000,0.000000,0.000000,0.000000,0.000000,0.000000,0,0,0,0,0,0.000000,0.000000,0.000000,0.000000,0.000000,0.000000,0.000000,0.000000,0.000000,0,0.000000,0.000000,0.000000
42068,25.168921,100777.203125,-0.160000,0,1,1000,1000,1000,1000,1000.000000,1,0,0,1,0.175117,-0.173356,0.049269,-0.000227,-5.098320,0.381916,-81.481384,0.000000,0.000000,0.000000,0.000000,-0.010944,0.000035,1,0,0,0.000000,0.000000,0.000000,0.000000,0.000000,0.000000,0,0,0,0,0,0.000000,0.000000,0.000000,0.000000,0.000000,0.000000,0.000000,0.000000,0.000000,0,0.000000,0.000000,0.000000
42172,25.169498,100779.101563,-0.160000,0,1,1000,1000,1000,1000,1000.000000,1,0,0,1,0.177777,-0.173364,0.048981,-0.000012,-5.094998,0.379254,-81.483253,0.000000,0.000000,0.000000,0.000000,-0.000729,0.000000,1,0,0,0.000000,0.000000,0.000000,0.000000,0.000000,0.000000,0,0,0,0,0,0.000000,0.000000,0.000000,0.000000,0.000000,0.000000,0.000000,0.000000,0.000000,0,0.000000,0.000000,0.000000
42286,25.168114,100777.898438,-0.160000,0,1,1000,1000,1000,1000,1000.000000,1,0,0,1,0.180202,-0.173307,0.049270,0.000195,-5.098948,0.380872,-81.485466,0.000000,0.000000,0.000000,0.000000,-0.020803,0.000126,1,0,0,0.000000,0.000000,0.000000,0.000000,0.000000,0.000000,0,0,0,0,0,0.000000,0.000000,0.000000,0.000000,0.000000,0.000000,0.000000,0.000000,0.000000,0,0.000000,0.000000,0.000000
42360,25.172636,100779.804688,-0.170000,28,1,1000,1000,1000,1000,1000.000000,1,0,0,1,0.180215,-0.173328,0.049898,0.000087,-5.098900,0.381061,-81.487007,0.000000,0.000000,0.000000,0.000000,-0.020510,0.000122,1,0,0,0.000000,0.000000,0.000000,0.000000,0.000000,0.000000,0,0,0,0,0,0.000000,0.000000,0.000000,0.000000,0.000000,0.000000,0.000000,0.000000,0.000000,0,0.000000,0.000000,0.000000
42473,25.168779,100778.898438,-0.180000,0,1,1000,1000,1000,1000,1000.000000,1,0,0,1,0.182698,-0.173186,0.050632,0.000278,-5.097438,0.385486,-81.489380,0.000000,0.000000,0.000000,0.000000,-0.029962,0.000261,1,0,0,0.000000,0.000000,0.000000,0.000000,0.000000,0.000000,0,0,0,0,0,0.000000,0.000000,0.000000,0.000000,0.000000,0.000000,0.000000,0.000000,0.000000,0,0.000000,0.000000,0.000000
42563,25.169621,100777.500000,-0.180000,0,1,1000,1000,1000,1000,1000.000000,1,0,0,1,0.185262,-0.173162,0.052443,0.001112,-5.098584,0.384404,-81.491119,0.000000,0.000000,0.000000,0.000000,-0.028106,0.000229,1,0,0,0.000000,0.000000,0.000000,0.000000,0.000000,0.000000,0,0,0,0,0,0.000000,0.000000,0.000000,0.000000,0.000000,0.000000,0.000000,0.000000,0.000000,0,0.000000,0.000000,0.000000
42668,25.166027,100776.804688,-0.160000,0,1,1000,1000,1000,1000,1000.000000,1,0,0,1,0.187835,-0.173131,0.052785,0.001517,-5.097563,0.383051,-81.493103,0.000000,0.000000,0.000000,0.000000,-0.017574,0.000090,1,0,0,0.000000,0.000000,0.000000,0.000000,0.000000,0.000000,0,0,0,0,0,0.000000,0.000000,0.000000,0.000000,0.000000,0.000000,0.000000,0.000000,0.000000,0,0.000000,0.000000,0.000000
42775,25.171654,100778.804688,-0.170000,20,1,1000,1000,1000,1000,1000.000000,1,0,0,1,0.187825,-0.173130,0.053683,0.001981,-5.099901,0.382927,-81.495186,0.000000,0.000000,0.000000,0.000000,-0.016681,0.000081,1,0,0,0.000000,0.000000,0.000000,0.000000,0.000000,0.000000,0,0,0,0,0,0.000000,0.000000,0.000000,0.000000,0.000000,0.000000,0.000000,0.000000,0.000000,0,0.000000,0.000000,0.000000
42860,25.171549,100778.203125,-0.170000,19,1,1000,1000,1000,1000,1000.000000,1,0,0,1,0.190236,-0.173106,0.054367,0.001776,-5.102019,0.382119,-81.496811,0.000000,0.000000,0.000000,0.000000,-0.015973,0.000074,1,0,0,0.000000,0.000000,0.000000,0.000000,0.000000,0.000000,0,0,0,0,0,0.000000,0.000000,0.000000,0.000000,0.000000,0.000000,0.000000,0.000000,0.000000,0,0.000000,0.000000,0.000000
42961,25.173161,100777.398438,-0.160000,34,1,1000,1000,1000,1000,1000.000000,1,0,0,1,0.192837,-0.173037,0.054934,0.002180,-5.100436,0.382842,-81.498787,0.000000,0.000000,0.000000,0.000000,-0.005234,0.000008,1,0,0,0.000000,0.000000,0.000000,0.000000,0.000000,0.000000,0,0,0,0,0,0.000000,0.000000,0.000000,0.000000,0.000000,0.000000,0.000000,0.000000,0.000000,0,0.000000,0.000000,0.000000
43075,25.176315,100779.101563,-0.170000,12,1,1000,1000,1000,1000,1000.000000,1,0,0,1,0.195280,-0.172977,0.055520,0.002594,-5.101577,0.384046,-81.501106,0.000000,0.000000,0.000000,0.000000,-0.014788,0.000064,1,0,0,0.000000,0.000000,0.000000,0.000000,0.000000,0.000000,0,0,0,0,0,0.000000,0.000000,0.000000,0.000000,0.000000,0.000000,0.000000,0.000000,0.000000,0,0.000000,0.000000,0.000000
43173,25.176176,100778.203125,-0.170000,0,1,1000,1000,1000,1000,1000.000000,1,0,0,1,0.198013,-0.172866,0.055924,0.002453,-5.094868,0.386779,-81.503075,0.000000,0.000000,0.000000,0.000000,-0.014532,0.000061,1,0,0,0.000000,0.000000,0.000000,0.000000,0.000000,0.000000,0,0,0,0,0,0.000000,0.000000,0.000000,0.000000,0.000000,0.000000,0.000000,0.000000,0.000000,0,0.000000,0.000000,0.000000
43286,25.177456,100778.500000,-0.170000,0,1,1000,1000,1000,1000,1000.000000,1,0,0,1,0.200517,-0.172890,0.056722,0.002653,-5.080957,0.387868,-81.508125,0.000000,0.000000,0.000000,0.000000,-0.013835,0.000056,1,0,0,0.000000,0.000000,0.000000,0.000000,0.000000,0.000000,0,0,0,0,0,0.000000,0.000000,0.000000,0.000000,0.000000,0.000000,0.000000,0.000000,0.000000,0,0.000000,0.000000,0.000000
43360,25.176561,100777.703125,-0.160000,31,1,1000,1000,1000,1000,1000.000000,1,0,0,1,0.200504,-0.172885,0.057074,0.002490,-5.060975,0.389825,-81.509308,0.000000,0.000000,0.000000,0.000000,-0.003059,0.000003,1,0,0,0.000000,0.000000,0.000000,0.000000,0.000000,0.000000,0,0,0,0,0,0.000000,0.000000,0.000000,0.000000,0.000000,0.000000,0.000000,0.000000,0.000000,0,0.000000,0.000000,0.000000
43473,25.174196,100778.398438,-0.160000,0,1,1000,1000,1000,1000,1000.000000,1,0,0,1,0.203225,-0.172875,0.057428,0.002159,-5.010614,0.406143,-81.524681,0.000000,0.000000,0.000000,0.000000,-0.002762,0.000002,1,0,0,0.000000,0.000000,0.000000,0.000000,0.000000,0.000000,0,0,0,0,0,0.000000,0.000000,0.000000,0.000000,0.000000,0.000000,0.000000,0.000000,0.000000,0,0.000000,0.000000,0.000000
43563,25.177824,100779.304688,-0.170000,0,1,1000,1000,1000,1000,1000.000000,1,0,0,1,0.205785,-0.172737,0.057825,0.001348,-5.056179,0.389898,-81.507286,0.000000,0.000000,0.000000,0.000000,-0.012413,0.000045,1,0,0,0.000000,0.000000,0.000000,0.000000,0.000000,0.000000,0,0,0,0,0,0.000000,0.000000,0.000000,0.000000,0.000000,0.000000,0.000000,0.000000,0.000000,0,0.000000,0.000000,0.000000
43664,25.180855,100780.000000,-0.190000,0,1,1000,1000,1000,1000,1000.000000,1,0,0,1,0.208304,-0.172748,0.058402,0.002061,-5.075903,0.406009,-81.518623,0.000000,0.000000,0.000000,0.000000,-0.022230,0.000144,1,0,0,0.000000,0.000000,0.000000,0.000000,0.000000,0.000000,0,0,0,0,0,0.000000,0.000000,0.000000,0.000000,0.000000,0.000000,0.000000,0.000000,0.000000,0,0.000000,0.000000,0.000000
43775,25.183468,100778.101563,-0.180000,20,1,1000,1000,1000,1000,1000.000000,1,0,0,1,0.208276,-0.172735,0.060120,0.002030,-5.110367,0.384180,-81.502937,0.000000,0.000000,0.000000,0.000000,-0.020310,0.000120,1,0,0,0.000000,0.000000,0.000000,0.000000,0.000000,0.000000,0,0,0,0,0,0.000000,0.000000,0.000000,0.000000,0.000000,0.000000,0.000000,0.000000,0.000000,0,0.000000,0.000000,0.000000
43868,25.180084,100777.703125,-0.170000,22,1,1000,1000,1000,1000,1000.000000,1,0,0,1,0.210782,-0.172687,0.060800,0.002007,-5.106727,0.390769,-81.506149,0.000000,0.000000,0.000000,0.000000,-0.009418,0.000026,1,0,0,0.000000,0.000000,0.000000,0.000000,0.000000,0.000000,0,0,0,0,0,0.000000,0.000000,0.000000,0.000000,0.000000,0.000000,0.000000,0.000000,0.000000,0,0.000000,0.000000,0.000000
43967,25.175037,100777.804688,-0.180000,35,1,1000,1000,1000,1000,1000.000000,1,0,0,1,0.213386,-0.172622,0.061953,0.001741,-5.111108,0.392226,-81.508965,0.000000,0.000000,0.000000,0.000000,-0.018455,0.000099,1,0,0,0.000000,0.000000,0.000000,0.000000,0.000000,0.000000,0,0,0,0,0,0.000000,0.000000,0.000000,0.000000,0.000000,0.000000,0.000000,0.000000,0.000000,0,0.000000,0.000000,0.000000
44071,25.182993,100778.000000,-0.170000,0,1,1000,1000,1000,1000,1000.000000,1,0,0,1,0.215956,-0.172704,0.062691,0.001802,-5.112494,0.388258,-81.510948,0.000000,0.000000,0.000000,0.000000,-0.007710,0.000017,1,0,0,0.000000,0.000000,0.000000,0.000000,0.000000,0.000000,0,0,0,0,0,0.000000,0.000000,0.000000,0.000000,0.000000,0.000000,0.000000,0.000000,0.000000,0,0.000000,0.000000,0.000000
44173,25.186762,100779.804688,-0.180000,0,1,1000,1000,1000,1000,1000.000000,1,0,0,1,0.218395,-0.172568,0.063164,0.001340,-5.116392,0.394507,-81.513168,0.000000,0.000000,0.000000,0.000000,-0.007185,0.000015,1,0,0,0.000000,0.000000,0.000000,0.000000,0.000000,0.000000,0,0,0,0,0,0.000000,0.000000,0.000000,0.000000,0.000000,0.000000,0.000000,0.000000,0.000000,0,0.000000,0.000000,0.000000
44286,25.182117,100778.203125,-0.190000,0,1,1000,1000,1000,1000,1000.000000,1,0,0,1,0.220832,-0.172557,0.064371,0.001679,-5.114943,0.394438,-81.515381,0.000000,0.000000,0.000000,0.000000,-0.036532,0.000388,1,0,0,0.000000,0.000000,0.000000,0.000000,0.000000,0.000000,0,0,0,0,0,0.000000,0.000000,0.000000,0.000000,0.000000,0.000000,0.000000,0.000000,0.000000,0,0.000000,0.000000,0.000000
44376,25.183924,100777.804688,-0.180000,4,1,1000,1000,1000,1000,1000.000000,1,0,0,1,0.220832,-0.172547,0.065688,0.001878,-5.113955,0.394778,-81.517082,0.000000,0.000000,0.000000,0.000000,-0.014591,0.000062,1,0,0,0.000000,0.000000,0.000000,0.000000,0.000000,0.000000,0,0,0,0,0,0.000000,0.000000,0.000000,0.000000,0.000000,0.000000,0.000000,0.000000,0.000000,0,0.000000,0.000000,0.000000
44474,25.182993,100777.000000,-0.170000,0,1,1000,1000,1000,1000,1000.000000,1,0,0,1,0.223197,-0.172511,0.066112,0.001874,-5.108486,0.392707,-81.516289,0.000000,0.000000,0.000000,0.000000,-0.014268,0.000059,1,0,0,0.000000,0.000000,0.000000,0.000000,0.000000,0.000000,0,0,0,0,0,0.000000,0.000000,0.000000,0.000000,0.000000,0.000000,0.000000,0.000000,0.000000,0,0.000000,0.000000,0.000000
44563,25.185640,100779.101563,-0.170000,0,1,1000,1000,1000,1000,1000.000000,1,0,0,1,0.225581,-0.172508,0.066167,0.001242,-5.113725,0.391429,-81.520065,0.000000,0.000000,0.000000,0.000000,0.006168,0.000011,1,0,0,0.000000,0.000000,0.000000,0.000000,0.000000,0.000000,0,0,0,0,0,0.000000,0.000000,0.000000,0.000000,0.000000,0.000000,0.000000,0.000000,0.000000,0,0.000000,0.000000,0.000000
44684,25.176983,100777.304688,-0.160000,0,1,1000,1000,1000,1000,1000.000000,1,0,0,1,0.227806,-0.172357,0.066540,0.001353,-5.117480,0.396756,-81.520851,0.000000,0.000000,0.000000,0.000000,-0.003761,0.000004,1,0,0,0.000000,0.000000,0.000000,0.000000,0.000000,0.000000,0,0,0,0,0,0.000000,0.000000,0.000000,0.000000,0.000000,0.000000,0.000000,0.000000,0.000000,0,0.000000,0.000000,0.000000
44775,25.188936,100779.101563,-0.170000,4,1,1000,1000,1000,1000,1000.000000,1,0,0,1,0.227848,-0.172324,0.066414,0.001506,-5.092008,0.416571,-81.537643,0.000000,0.000000,0.000000,0.000000,-0.003656,0.000004,1,0,0,0.000000,0.000000,0.000000,0.000000,0.000000,0.000000,0,0,0,0,0,0.000000,0.000000,0.000000,0.000000,0.000000,0.000000,0.000000,0.000000,0.000000,0,0.000000,0.000000,0.000000
44874,25.184975,100777.804688,-0.160000,0,1,1000,1000,1000,1000,1000.000000,1,0,0,1,0.230094,-0.172164,0.066712,0.000468,-5.100738,0.409007,-81.531708,0.000000,0.000000,0.000000,0.000000,-0.003407,0.000003,1,0,0,0.000000,0.000000,0.000000,0.000000,0.000000,0.000000,0,0,0,0,0,0.000000,0.000000,0.000000,0.000000,0.000000,0.000000,0.000000,0.000000,0.000000,0,0.000000,0.000000,0.000000
44969,25.186255,100779.203125,-0.170000,4,1,1000,1000,1000,1000,1000.000000,1,0,0,1,0.232318,-0.171988,0.066519,0.000043,-5.118456,0.400614,-81.526413,0.000000,0.000000,0.000000,0.000000,-0.003548,0.000004,1,0,0,0.000000,0.000000,0.000000,0.000000,0.000000,0.000000,0,0,0,0,0,0.000000,0.000000,0.000000,0.000000,0.000000,0.000000,0.000000,0.000000,0.000000,0,0.000000,0.000000,0.000000
45073,25.186447,100778.398438,-0.160000,0,1,1000,1000,1000,1000,1000.000000,1,0,0,1,0.234457,-0.171876,0.066547,-0.000380,-5.111673,0.393961,-81.527687,0.000000,0.000000,0.000000,0.000000,0.006505,0.000012,1,0,0,0.000000,0.000000,0.000000,0.000000,0.000000,0.000000,0,0,0,0,0,0.000000,0.000000,0.000000,0.000000,0.000000,0.000000,0.000000,0.000000,0.000000,0,0.000000,0.000000,0.000000
45177,25.192757,100778.398438,-0.160000,0,1,1000,1000,1000,1000,1000.000000,1,0,0,1,0.236622,-0.171763,0.066417,-0.000221,-5.115899,0.393422,-81.528267,0.000000,0.000000,0.000000,0.000000,0.006428,0.000012,1,0,0,0.000000,0.000000,0.000000,0.000000,0.000000,0.000000,0,0,0,0,0,0.000000,0.000000,0.000000,0.000000,0.000000,0.000000,0.000000,0.000000,0.000000,0,0.000000,0.000000,0.000000
45278,25.193283,100780.601563,-0.190000,7,1,1000,1000,1000,1000,1000.000000,1,0,0,1,0.236597,-0.171769,0.066807,-0.000101,-5.111615,0.392373,-81.529564,0.000000,0.000000,0.000000,0.000000,-0.023649,0.000163,1,0,0,0.000000,0.000000,0.000000,0.000000,0.000000,0.000000,0,0,0,0,0,0.000000,0.000000,0.000000,0.000000,0.000000,0.000000,0.000000,0.000000,0.000000,0,0.000000,0.000000,0.000000
45369,25.193527,100779.304688,-0.180000,4,1,1000,1000,1000,1000,1000.000000,1,0,0,1,0.238664,-0.171653,0.067222,0.000189,-5.105186,0.393888,-81.532112,0.000000,0.000000,0.000000,0.000000,-0.013026,0.000049,1,0,0,0.000000,0.000000,0.000000,0.000000,0.000000,0.000000,0,0,0,0,0,0.000000,0.000000,0.000000,0.000000,0.000000,0.000000,0.000000,0.000000,0.000000,0,0.000000,0.000000,0.000000
45469,25.191723,100778.898438,-0.180000,1,1,1000,1000,1000,1000,1000.000000,1,0,0,1,0.240679,-0.171516,0.067631,0.000484,-5.081072,0.399463,-81.543968,0.000000,0.000000,0.000000,0.000000,-0.012603,0.000046,1,0,0,0.000000,0.000000,0.000000,0.000000,0.000000,0.000000,0,0,0,0,0,0.000000,0.000000,0.000000,0.000000,0.000000,0.000000,0.000000,0.000000,0.000000,0,0.000000,0.000000,0.000000
45567,25.192915,100779.398438,-0.180000,12,1,1000,1000,1000,1000,1000.000000,1,0,0,1,0.242684,-0.171287,0.068204,-0.000294,-5.085822,0.401395,-81.546310,0.000000,0.000000,0.000000,0.000000,-0.012020,0.000042,1,0,0,0.000000,0.000000,0.000000,0.000000,0.000000,0.000000,0,0,0,0,0,0.000000,0.000000,0.000000,0.000000,0.000000,0.000000,0.000000,0.000000,0.000000,0,0.000000,0.000000,0.000000
45671,25.192739,100779.304688,-0.190000,30,1,1000,1000,1000,1000,1000.000000,1,0,0,1,0.244592,-0.171203,0.069036,-0.000260,-5.016681,0.410199,-81.567078,0.000000,0.000000,0.000000,0.000000,-0.021402,0.000133,1,0,0,0.000000,0.000000,0.000000,0.000000,0.000000,0.000000,0,0,0,0,0,0.000000,0.000000,0.000000,0.000000,0.000000,0.000000,0.000000,0.000000,0.000000,0,0.000000,0.000000,0.000000
45760,25.193369,100777.898438,-0.180000,27,1,1000,1000,1000,1000,1000.000000,1,0,0,1,0.244551,-0.171193,0.069652,0.000092,-4.976952,0.416921,-81.583183,0.000000,0.000000,0.000000,0.000000,-0.010547,0.000032,1,0,0,0.000000,0.000000,0.000000,0.000000,0.000000,0.000000,0,0,0,0,0,0.000000,0.000000,0.000000,0.000000,0.000000,0.000000,0.000000,0.000000,0.000000,0,0.000000,0.000000,0.000000
45870,25.189707,100778.398438,-0.180000,0,1,1000,1000,1000,1000,1000.000000,1,0,0,1,0.246448,-0.170903,0.069971,-0.000063,-5.006394,0.428175,-81.591904,0.000000,0.000000,0.000000,0.000000,-0.010218,0.000030,1,0,0,0.000000,0.000000,0.000000,0.000000,0.000000,0.000000,0,0,0,0,0,0.000000,0.000000,0.000000,0.000000,0.000000,0.000000,0.000000,0.000000,0.000000,0,0.000000,0.000000,0.000000
45968,25.193283,100777.500000,-0.170000,3,1,1000,1000,1000,1000,1000.000000,1,0,0,1,0.248305,-0.170576,0.070177,-0.000535,-5.039603,0.429236,-81.585091,0.000000,0.000000,0.000000,0.000000,0.000181,0.000000,1,0,0,0.000000,0.000000,0.000000,0.000000,0.000000,0.000000,0,0,0,0,0,0.000000,0.000000,0.000000,0.000000,0.000000,0.000000,0.000000,0.000000,0.000000,0,0.000000,0.000000,0.000000
46065,25.197174,100778.203125,-0.170000,12,1,1000,1000,1000,1000,1000.000000,1,0,0,1,0.250083,-0.170448,0.070203,0.000800,-5.077695,0.426547,-81.591484,0.000000,0.000000,0.000000,0.000000,0.000202,0.000000,1,0,0,0.000000,0.000000,0.000000,0.000000,0.000000,0.000000,0,0,0,0,0,0.000000,0.000000,0.000000,0.000000,0.000000,0.000000,0.000000,0.000000,0.000000,0,0.000000,0.000000,0.000000
46161,25.196928,100777.703125,-0.150000,22,1,1000,1000,1000,1000,1000.000000,1,0,0,1,0.251932,-0.170219,0.069756,0.001094,-5.150381,0.399700,-81.565079,0.000000,0.000000,0.000000,0.000000,0.020012,0.000116,1,0,0,0.000000,0.000000,0.000000,0.000000,0.000000,0.000000,0,0,0,0,0,0.000000,0.000000,0.000000,0.000000,0.000000,0.000000,0.000000,0.000000,0.000000,0,0.000000,0.000000,0.000000
46275,25.198874,100778.398438,-0.140000,0,1,1000,1000,1000,1000,1000.000000,1,0,0,1,0.251919,-0.170242,0.068738,0.001205,-5.173397,0.396236,-81.565773,0.000000,0.000000,0.000000,0.000000,0.029292,0.000249,1,0,0,0.000000,0.000000,0.000000,0.000000,0.000000,0.000000,0,0,0,0,0,0.000000,0.000000,0.000000,0.000000,0.000000,0.000000,0.000000,0.000000,0.000000,0,0.000000,0.000000,0.000000
46369,25.194790,100778.304688,-0.140000,6,1,1000,1000,1000,1000,1000.000000,1,0,0,1,0.253717,-0.169996,0.067172,0.000531,-5.182087,0.398748,-81.566681,0.000000,0.000000,0.000000,0.000000,0.027681,0.000223,1,0,0,0.000000,0.000000,0.000000,0.000000,0.000000,0.000000,0,0,0,0,0,0.000000,0.000000,0.000000,0.000000,0.000000,0.000000,0.000000,0.000000,0.000000,0,0.000000,0.000000,0.000000
46468,25.199329,100778.804688,-0.150000,0,1,1000,1000,1000,1000,1000.000000,1,0,0,1,0.255493,-0.169600,0.066750,0.000418,-5.177144,0.400560,-81.568016,0.000000,0.000000,0.000000,0.000000,0.027256,0.000216,1,0,0,0.000000,0.000000,0.000000,0.000000,0.000000,0.000000,0,0,0,0,0,0.000000,0.000000,0.000000,0.000000,0.000000,0.000000,0.000000,0.000000,0.000000,0,0.000000,0.000000,0.000000
46566,25.196104,100779.000000,-0.150000,3,1,1000,1000,1000,1000,1000.000000,1,0,0,1,0.257285,-0.169057,0.065759,0.000261,-5.166399,0.402368,-81.569778,0.000000,0.000000,0.000000,0.000000,0.016056,0.000075,1,0,0,0.000000,0.000000,0.000000,0.000000,0.000000,0.000000,0,0,0,0,0,0.000000,0.000000,0.000000,0.000000,0.000000,0.000000,0.000000,0.000000,0.000000,0,0.000000,0.000000,0.000000
46664,25.195999,100778.304688,-0.150000,0,1,1000,1000,1000,1000,1000.000000,1,0,0,1,0.258996,-0.168653,0.065390,0.000217,-5.158044,0.399046,-81.571297,0.000000,0.000000,0.000000,0.000000,0.015770,0.000072,1,0,0,0.000000,0.000000,0.000000,0.000000,0.000000,0.000000,0,0,0,0,0,0.000000,0.000000,0.000000,0.000000,0.000000,0.000000,0.000000,0.000000,0.000000,0,0.000000,0.000000,0.000000
46772,25.200346,100778.804688,-0.150000,20,1,1000,1000,1000,1000,1000.000000,1,0,0,1,0.259009,-0.168649,0.064558,-0.000089,-5.148944,0.398220,-81.573479,0.000000,0.000000,0.000000,0.000000,0.014833,0.000064,1,0,0,0.000000,0.000000,0.000000,0.000000,0.000000,0.000000,0,0,0,0,0,0.000000,0.000000,0.000000,0.000000,0.000000,0.000000,0.000000,0.000000,0.000000,0,0.000000,0.000000,0.000000
46860,25.199644,100779.203125,-0.160000,22,1,1000,1000,1000,1000,1000.000000,1,0,0,1,0.260662,-0.168124,0.064160,-0.000080,-5.140705,0.400669,-81.575775,0.000000,0.000000,0.000000,0.000000,0.004236,0.000005,1,0,0,0.000000,0.000000,0.000000,0.000000,0.000000,0.000000,0,0,0,0,0,0.000000,0.000000,0.000000,0.000000,0.000000,0.000000,0.000000,0.000000,0.000000,0,0.000000,0.000000,0.000000
46976,25.201345,100778.601563,-0.170000,9,1,1000,1000,1000,1000,1000.000000,1,0,0,1,0.262536,-0.168026,0.064459,-0.000037,-5.127611,0.392559,-81.577164,0.000000,0.000000,0.000000,0.000000,-0.005644,0.000009,1,0,0,0.000000,0.000000,0.000000,0.000000,0.000000,0.000000,0,0,0,0,0,0.000000,0.000000,0.000000,0.000000,0.000000,0.000000,0.000000,0.000000,0.000000,0,0.000000,0.000000,0.000000
47073,25.203745,100778.000000,-0.170000,3,1,1000,1000,1000,1000,1000.000000,1,0,0,1,0.263953,-0.167597,0.064699,-0.001250,-5.133233,0.395504,-81.587265,0.000000,0.000000,0.000000,0.000000,-0.005400,0.000008,1,0,0,0.000000,0.000000,0.000000,0.000000,0.000000,0.000000,0,0,0,0,0,0.000000,0.000000,0.000000,0.000000,0.000000,0.000000,0.000000,0.000000,0.000000,0,0.000000,0.000000,0.000000
47178,25.201151,100776.703125,-0.150000,3,1,1000,1000,1000,1000,1000.000000,1,0,0,1,0.265632,-0.166996,0.064558,-0.002956,-5.111835,0.403517,-81.592033,0.000000,0.000000,0.000000,0.000000,0.014831,0.000064,1,0,0,0.000000,0.000000,0.000000,0.000000,0.000000,0.000000,0,0,0,0,0,0.000000,0.000000,0.000000,0.000000,0.000000,0.000000,0.000000,0.000000,0.000000,0,0.000000,0.000000,0.000000
47282,25.206375,100778.304688,-0.160000,1,1,1000,1000,1000,1000,1000.000000,1,0,0,1,0.267403,-0.166670,0.064505,-0.003141,-5.080952,0.398643,-81.592445,0.000000,0.000000,0.000000,0.000000,0.004430,0.000006,1,0,0,0.000000,0.000000,0.000000,0.000000,0.000000,0.000000,0,0,0,0,0,0.000000,0.000000,0.000000,0.000000,0.000000,0.000000,0.000000,0.000000,0.000000,0,0.000000,0.000000,0.000000
47376,25.201994,100776.804688,-0.150000,9,1,1000,1000,1000,1000,1000.000000,1,0,0,1,0.267380,-0.166673,0.063951,-0.003244,-5.079317,0.397897,-81.595284,0.000000,0.000000,0.000000,0.000000,0.014229,0.000059,1,0,0,0.000000,0.000000,0.000000,0.000000,0.000000,0.000000,0,0,0,0,0,0.000000,0.000000,0.000000,0.000000,0.000000,0.000000,0.000000,0.000000,0.000000,0,0.000000,0.000000,0.000000
47470,25.200117,100777.703125,-0.140000,0,1,1000,1000,1000,1000,1000.000000,1,0,0,1,0.268805,-0.166000,0.062984,-0.003196,-5.077505,0.401529,-81.597427,0.000000,0.000000,0.000000,0.000000,0.023417,0.000159,1,0,0,0.000000,0.000000,0.000000,0.000000,0.000000,0.000000,0,0,0,0,0,0.000000,0.000000,0.000000,0.000000,0.000000,0.000000,0.000000,0.000000,0.000000,0,0.000000,0.000000,0.000000
47567,25.200468,100777.703125,-0.140000,12,1,1000,1000,1000,1000,1000.000000,1,0,0,1,0.270452,-0.165493,0.062107,-0.003568,-5.076763,0.398367,-81.599396,0.000000,0.000000,0.000000,0.000000,0.022556,0.000148,1,0,0,0.000000,0.000000,0.000000,0.000000,0.000000,0.000000,0,0,0,0,0,0.000000,0.000000,0.000000,0.000000,0.000000,0.000000,0.000000,0.000000,0.000000,0,0.000000,0.000000,0.000000
47676,25.203852,100778.703125,-0.140000,35,1,1000,1000,1000,1000,1000.000000,1,0,0,1,0.271966,-0.164804,0.061144,-0.003868,-5.076297,0.397852,-81.601700,0.000000,0.000000,0.000000,0.000000,0.021420,0.000133,1,0,0,0.000000,0.000000,0.000000,0.000000,0.000000,0.000000,0,0,0,0,0,0.000000,0.000000,0.000000,0.000000,0.000000,0.000000,0.000000,0.000000,0.000000,0,0.000000,0.000000,0.000000
47760,25.202974,100777.804688,-0.140000,24,1,1000,1000,1000,1000,1000.000000,1,0,0,1,0.271956,-0.164818,0.060250,-0.004343,-5.078270,0.394067,-81.603416,0.000000,0.000000,0.000000,0.000000,0.020500,0.000122,1,0,0,0.000000,0.000000,0.000000,0.000000,0.000000,0.000000,0,0,0,0,0,0.000000,0.000000,0.000000,0.000000,0.000000,0.000000,0.000000,0.000000,0.000000,0,0.000000,0.000000,0.000000
47875,25.207602,100778.000000,-0.150000,4,1,1000,1000,1000,1000,1000.000000,1,0,0,1,0.273612,-0.164235,0.059298,-0.004232,-5.078708,0.391083,-81.605789,0.000000,0.000000,0.000000,0.000000,0.009471,0.000026,1,0,0,0.000000,0.000000,0.000000,0.000000,0.000000,0.000000,0,0,0,0,0,0.000000,0.000000,0.000000,0.000000,0.000000,0.000000,0.000000,0.000000,0.000000,0,0.000000,0.000000,0.000000
47967,25.206882,100778.601563,-0.150000,0,1,1000,1000,1000,1000,1000.000000,1,0,0,1,0.275149,-0.163354,0.058993,-0.004001,-5.082495,0.396292,-81.607864,0.000000,0.000000,0.000000,0.000000,0.009159,0.000024,1,0,0,0.000000,0.000000,0.000000,0.000000,0.000000,0.000000,0,0,0,0,0,0.000000,0.000000,0.000000,0.000000,0.000000,0.000000,0.000000,0.000000,0.000000,0,0.000000,0.000000,0.000000
48075,25.206427,100777.898438,-0.150000,19,1,1000,1000,1000,1000,1000.000000,1,0,0,1,0.276828,-0.162676,0.058330,-0.003556,-5.081962,0.392742,-81.609810,0.000000,0.000000,0.000000,0.000000,0.008560,0.000021,1,0,0,0.000000,0.000000,0.000000,0.000000,0.000000,0.000000,0,0,0,0,0,0.000000,0.000000,0.000000,0.000000,0.000000,0.000000,0.000000,0.000000,0.000000,0,0.000000,0.000000,0.000000
48171,25.205078,100777.101563,-0.140000,30,1,1000,1000,1000,1000,1000.000000,1,0,0,1,0.278281,-0.162002,0.058020,-0.002591,-5.090320,0.393171,-81.611504,0.000000,0.000000,0.000000,0.000000,0.017967,0.000094,1,0,0,0.000000,0.000000,0.000000,0.000000,0.000000,0.000000,0,0,0,0,0,0.000000,0.000000,0.000000,0.000000,0.000000,0.000000,0.000000,0.000000,0.000000,0,0.000000,0.000000,0.000000
48264,25.208916,100778.000000,-0.140000,37,1,1000,1000,1000,1000,1000.000000,1,0,0,1,0.278301,-0.162001,0.057267,-0.002412,-5.093768,0.393282,-81.613602,0.000000,0.000000,0.000000,0.000000,0.017551,0.000090,1,0,0,0.000000,0.000000,0.000000,0.000000,0.000000,0.000000,0,0,0,0,0,0.000000,0.000000,0.000000,0.000000,0.000000,0.000000,0.000000,0.000000,0.000000,0,0.000000,0.000000,0.000000
48360,25.208740,100777.804688,-0.140000,30,1,1000,1000,1000,1000,1000.000000,1,0,0,1,0.280116,-0.161373,0.056668,-0.002539,-5.091904,0.390564,-81.615578,0.000000,0.000000,0.000000,0.000000,0.016925,0.000083,1,0,0,0.000000,0.000000,0.000000,0.000000,0.000000,0.000000,0,0,0,0,0,0.000000,0.000000,0.000000,0.000000,0.000000,0.000000,0.000000,0.000000,0.000000,0,0.000000,0.000000,0.000000
48475,25.212317,100779.203125,-0.150000,0,1,1000,1000,1000,1000,1000.000000,1,0,0,1,0.281690,-0.160674,0.055963,-0.002862,-5.097968,0.391382,-81.617958,0.000000,0.000000,0.000000,0.000000,0.016280,0.000077,1,0,0,0.000000,0.000000,0.000000,0.000000,0.000000,0.000000,0,0,0,0,0,0.000000,0.000000,0.000000,0.000000,0.000000,0.000000,0.000000,0.000000,0.000000,0,0.000000,0.000000,0.000000
48569,25.210949,100778.203125,-0.140000,0,1,1000,1000,1000,1000,1000.000000,1,0,0,1,0.283305,-0.160043,0.055287,-0.003083,-5.099303,0.390347,-81.619949,0.000000,0.000000,0.000000,0.000000,0.015571,0.000071,1,0,0,0.000000,0.000000,0.000000,0.000000,0.000000,0.000000,0,0,0,0,0,0.000000,0.000000,0.000000,0.000000,0.000000,0.000000,0.000000,0.000000,0.000000,0,0.000000,0.000000,0.000000
48691,25.212421,100777.898438,-0.140000,1,1,1000,1000,1000,1000,1000.000000,1,0,0,1,0.285030,-0.159315,0.055038,-0.003276,-5.100696,0.394029,-81.622559,0.000000,0.000000,0.000000,0.000000,0.015148,0.000067,1,0,0,0.000000,0.000000,0.000000,0.000000,0.000000,0.000000,0,0,0,0,0,0.000000,0.000000,0.000000,0.000000,0.000000,0.000000,0.000000,0.000000,0.000000,0,0.000000,0.000000,0.000000
48768,25.211107,100778.898438,-0.150000,35,1,1000,1000,1000,1000,1000.000000,1,0,0,1,0.285033,-0.159318,0.054616,-0.003333,-5.101595,0.393513,-81.624046,0.000000,0.000000,0.000000,0.000000,0.004612,0.000006,1,0,0,0.000000,0.000000,0.000000,0.000000,0.000000,0.000000,0,0,0,0,0,0.000000,0.000000,0.000000,0.000000,0.000000,0.000000,0.000000,0.000000,0.000000,0,0.000000,0.000000,0.000000
48882,25.210581,100778.500000,-0.140000,3,1,1000,1000,1000,1000,1000.000000,1,0,0,1,0.286738,-0.158709,0.053865,-0.003735,-5.101921,0.392334,-81.626541,0.000000,0.000000,0.000000,0.000000,0.014127,0.000058,1,0,0,0.000000,0.000000,0.000000,0.000000,0.000000,0.000000,0,0,0,0,0,0.000000,0.000000,0.000000,0.000000,0.000000,0.000000,0.000000,0.000000,0.000000,0,0.000000,0.000000,0.000000
48976,25.206831,100776.804688,-0.130000,8,1,1000,1000,1000,1000,1000.000000,1,0,0,1,0.288392,-0.158099,0.053255,-0.003734,-5.103018,0.391573,-81.628456,0.000000,0.000000,0.000000,0.000000,0.023708,0.000163,1,0,0,0.000000,0.000000,0.000000,0.000000,0.000000,0.000000,0,0,0,0,0,0.000000,0.000000,0.000000,0.000000,0.000000,0.000000,0.000000,0.000000,0.000000,0,0.000000,0.000000,0.000000
49078,25.215401,100778.000000,-0.120000,0,1,1000,1000,1000,1000,1000.000000,1,0,0,1,0.289999,-0.157543,0.052694,-0.003360,-5.104526,0.389473,-81.630600,0.000000,0.000000,0.000000,0.000000,0.033105,0.000319,1,0,0,0.000000,0.000000,0.000000,0.000000,0.000000,0.000000,0,0,0,0,0,0.000000,0.000000,0.000000,0.000000,0.000000,0.000000,0.000000,0.000000,0.000000,0,0.000000,0.000000,0.000000
49183,25.220835,100779.203125,-0.140000,0,1,1000,1000,1000,1000,1000.000000,1,0,0,1,0.291758,-0.157041,0.051698,-0.003449,-5.104006,0.387463,-81.632713,0.000000,0.000000,0.000000,0.000000,0.021935,0.000140,1,0,0,0.000000,0.000000,0.000000,0.000000,0.000000,0.000000,0,0,0,0,0,0.000000,0.000000,0.000000,0.000000,0.000000,0.000000,0.000000,0.000000,0.000000,0,0.000000,0.000000,0.000000
49290,25.215418,100778.203125,-0.130000,0,1,1000,1000,1000,1000,1000.000000,1,0,0,1,0.293437,-0.156406,0.051010,-0.002973,-5.063206,0.397165,-81.641891,0.000000,0.000000,0.000000,0.000000,0.021327,0.000132,1,0,0,0.000000,0.000000,0.000000,0.000000,0.000000,0.000000,0,0,0,0,0,0.000000,0.000000,0.000000,0.000000,0.000000,0.000000,0.000000,0.000000,0.000000,0,0.000000,0.000000,0.000000
49360,25.219713,100779.703125,-0.140000,28,1,1000,1000,1000,1000,1000.000000,1,0,0,1,0.293448,-0.156447,0.050162,-0.003664,-5.096766,0.389204,-81.631821,0.000000,0.000000,0.000000,0.000000,0.010458,0.000032,1,0,0,0.000000,0.000000,0.000000,0.000000,0.000000,0.000000,0,0,0,0,0,0.000000,0.000000,0.000000,0.000000,0.000000,0.000000,0.000000,0.000000,0.000000,0,0.000000,0.000000,0.000000
49478,25.218679,100779.203125,-0.150000,0,1,1000,1000,1000,1000,1000.000000,1,0,0,1,0.295111,-0.155888,0.049805,-0.004057,-5.109237,0.392610,-81.639587,0.000000,0.000000,0.000000,0.000000,0.010012,0.000029,1,0,0,0.000000,0.000000,0.000000,0.000000,0.000000,0.000000,0,0,0,0,0,0.000000,0.000000,0.000000,0.000000,0.000000,0.000000,0.000000,0.000000,0.000000,0,0.000000,0.000000,0.000000
49566,25.217171,100778.804688,-0.160000,0,1,1000,1000,1000,1000,1000.000000,1,0,0,1,0.296949,-0.155264,0.049762,-0.004148,-5.112720,0.394058,-81.642288,0.000000,0.000000,0.000000,0.000000,-0.010372,0.000031,1,0,0,0.000000,0.000000,0.000000,0.000000,0.000000,0.000000,0,0,0,0,0,0.000000,0.000000,0.000000,0.000000,0.000000,0.000000,0.000000,0.000000,0.000000,0,0.000000,0.000000,0.000000
49690,25.221571,100779.898438,-0.170000,0,1,1000,1000,1000,1000,1000.000000,1,0,0,1,0.298739,-0.154735,0.050188,-0.003656,-5.113641,0.391669,-81.643257,0.000000,0.000000,0.000000,0.000000,-0.010029,0.000029,1,0,0,0.000000,0.000000,0.000000,0.000000,0.000000,0.000000,0,0,0,0,0,0.000000,0.000000,0.000000,0.000000,0.000000,0.000000,0.000000,0.000000,0.000000,0,0.000000,0.000000,0.000000
49763,25.221237,100780.101563,-0.180000,30,1,1000,1000,1000,1000,1000.000000,1,0,0,1,0.298728,-0.154725,0.050878,-0.003412,-5.119149,0.389366,-81.643501,0.000000,0.000000,0.000000,0.000000,-0.029591,0.000255,1,0,0,0.000000,0.000000,0.000000,0.000000,0.000000,0.000000,0,0,0,0,0,0.000000,0.000000,0.000000,0.000000,0.000000,0.000000,0.000000,0.000000,0.000000,0,0.000000,0.000000,0.000000
49878,25.217907,100778.898438,-0.170000,0,1,1000,1000,1000,1000,1000.000000,1,0,0,1,0.300443,-0.154111,0.051977,-0.003032,-5.117188,0.391503,-81.649940,0.000000,0.000000,0.000000,0.000000,-0.018351,0.000098,1,0,0,0.000000,0.000000,0.000000,0.000000,0.000000,0.000000,0,0,0,0,0,0.000000,0.000000,0.000000,0.000000,0.000000,0.000000,0.000000,0.000000,0.000000,0,0.000000,0.000000,0.000000
49979,25.215893,100778.703125,-0.170000,16,1,1000,1000,1000,1000,1000.000000,1,0,0,1,0.302368,-0.153589,0.052868,-0.002748,-5.102194,0.390451,-81.651581,0.000000,0.000000,0.000000,0.000000,-0.017579,0.000090,1,0,0,0.000000,0.000000,0.000000,0.000000,0.000000,0.000000,0,0,0,0,0,0.000000,0.000000,0.000000,0.000000,0.000000,0.000000,0.000000,0.000000,0.000000,0,0.000000,0.000000,0.000000
50071,25.218906,100778.000000,-0.160000,0,1,1000,1000,1000,1000,1000.000000,1,0,0,1,0.304157,-0.153031,0.052649,-0.003055,-5.077728,0.404539,-81.665810,0.000000,0.000000,0.000000,0.000000,-0.007240,0.000015,1,0,0,0.000000,0.000000,0.000000,0.000000,0.000000,0.000000,0,0,0,0,0,0.000000,0.000000,0.000000,0.000000,0.000000,0.000000,0.000000,0.000000,0.000000,0,0.000000,0.000000,0.000000
50173,25.222658,100778.703125,-0.150000,0,1,1000,1000,1000,1000,1000.000000,1,0,0,1,0.305942,-0.152496,0.052516,-0.002929,-5.141420,0.390597,-81.653534,0.000000,0.000000,0.000000,0.000000,0.002803,0.000002,1,0,0,0.000000,0.000000,0.000000,0.000000,0.000000,0.000000,0,0,0,0,0,0.000000,0.000000,0.000000,0.000000,0.000000,0.000000,0.000000,0.000000,0.000000,0,0.000000,0.000000,0.000000
50291,25.222639,100777.000000,-0.140000,0,1,1000,1000,1000,1000,1000.000000,1,0,0,1,0.308007,-0.152123,0.052230,-0.003515,-5.146936,0.401957,-81.663559,0.000000,0.000000,0.000000,0.000000,0.002493,0.000002,1,0,0,0.000000,0.000000,0.000000,0.000000,0.000000,0.000000,0,0,0,0,0,0.000000,0.000000,0.000000,0.000000,0.000000,0.000000,0.000000,0.000000,0.000000,0,0.000000,0.000000,0.000000
50360,25.220957,100778.398438,-0.140000,26,1,1000,1000,1000,1000,1000.000000,1,0,0,1,0.308045,-0.152168,0.051524,-0.004022,-5.112121,0.387412,-81.657211,0.000000,0.000000,0.000000,0.000000,0.011842,0.000041,1,0,0,0.000000,0.000000,0.000000,0.000000,0.000000,0.000000,0,0,0,0,0,0.000000,0.000000,0.000000,0.000000,0.000000,0.000000,0.000000,0.000000,0.000000,0,0.000000,0.000000,0.000000
50474,25.221325,100778.101563,-0.160000,0,1,1000,1000,1000,1000,1000.000000,1,0,0,1,0.310173,-0.151470,0.051456,-0.004123,-5.109118,0.418103,-81.674255,0.000000,0.000000,0.000000,0.000000,-0.008497,0.000021,1,0,0,0.000000,0.000000,0.000000,0.000000,0.000000,0.000000,0,0,0,0,0,0.000000,0.000000,0.000000,0.000000,0.000000,0.000000,0.000000,0.000000,0.000000,0,0.000000,0.000000,0.000000
50567,25.220589,100778.601563,-0.160000,4,1,1000,1000,1000,1000,1000.000000,1,0,0,1,0.312098,-0.151178,0.051744,-0.003595,-5.083072,0.411130,-81.680000,0.000000,0.000000,0.000000,0.000000,-0.008401,0.000021,1,0,0,0.000000,0.000000,0.000000,0.000000,0.000000,0.000000,0,0,0,0,0,0.000000,0.000000,0.000000,0.000000,0.000000,0.000000,0.000000,0.000000,0.000000,0,0.000000,0.000000,0.000000
50664,25.223692,100777.898438,-0.160000,0,1,1000,1000,1000,1000,1000.000000,1,0,0,1,0.314203,-0.150568,0.051560,-0.002568,-4.840150,0.408716,-81.714111,0.000000,0.000000,0.000000,0.000000,-0.008210,0.000020,1,0,0,0.000000,0.000000,0.000000,0.000000,0.000000,0.000000,0,0,0,0,0,0.000000,0.000000,0.000000,0.000000,0.000000,0.000000,0.000000,0.000000,0.000000,0,0.000000,0.000000,0.000000
50764,25.222237,100777.398438,-0.140000,12,1,1000,1000,1000,1000,1000.000000,1,0,0,1,0.313906,-0.150472,0.051369,-0.002517,-4.892180,0.437294,-81.732643,0.000000,0.000000,0.000000,0.000000,0.011614,0.000039,1,0,0,0.000000,0.000000,0.000000,0.000000,0.000000,0.000000,0,0,0,0,0,0.000000,0.000000,0.000000,0.000000,0.000000,0.000000,0.000000,0.000000,0.000000,0,0.000000,0.000000,0.000000
50872,25.224848,100779.398438,-0.160000,28,1,1000,1000,1000,1000,1000.000000,1,0,0,1,0.315618,-0.150151,0.050963,-0.006541,-5.124451,0.402478,-81.679390,0.000000,0.000000,0.000000,0.000000,-0.009039,0.000024,1,0,0,0.000000,0.000000,0.000000,0.000000,0.000000,0.000000,0,0,0,0,0,0.000000,0.000000,0.000000,0.000000,0.000000,0.000000,0.000000,0.000000,0.000000,0,0.000000,0.000000,0.000000
50963,25.230545,100779.703125,-0.160000,33,1,1000,1000,1000,1000,1000.000000,1,0,0,1,0.317876,-0.149557,0.050789,-0.006751,-5.122773,0.409532,-81.680939,0.000000,0.000000,0.000000,0.000000,-0.009190,0.000025,1,0,0,0.000000,0.000000,0.000000,0.000000,0.000000,0.000000,0,0,0,0,0,0.000000,0.000000,0.000000,0.000000,0.000000,0.000000,0.000000,0.000000,0.000000,0,0.000000,0.000000,0.000000
51074,25.226162,100777.703125,-0.160000,0,1,1000,1000,1000,1000,1000.000000,1,0,0,1,0.319808,-0.149266,0.051036,-0.006458,-5.116413,0.410597,-81.683914,0.000000,0.000000,0.000000,0.000000,-0.018885,0.000104,1,0,0,0.000000,0.000000,0.000000,0.000000,0.000000,0.000000,0,0,0,0,0,0.000000,0.000000,0.000000,0.000000,0.000000,0.000000,0.000000,0.000000,0.000000,0,0.000000,0.000000,0.000000
51174,25.230457,100779.000000,-0.160000,0,1,1000,1000,1000,1000,1000.000000,1,0,0,1,0.322140,-0.148859,0.050880,-0.006327,-5.106716,0.412094,-81.685898,0.000000,0.000000,0.000000,0.000000,-0.008741,0.000022,1,0,0,0.000000,0.000000,0.000000,0.000000,0.000000,0.000000,0,0,0,0,0,0.000000,0.000000,0.000000,0.000000,0.000000,0.000000,0.000000,0.000000,0.000000,0,0.000000,0.000000,0.000000
51289,25.226671,100777.000000,-0.160000,3,1,1000,1000,1000,1000,1000.000000,1,0,0,1,0.324197,-0.148242,0.050932,-0.005942,-5.104968,0.418357,-81.689407,0.000000,0.000000,0.000000,0.000000,-0.009243,0.000025,1,0,0,0.000000,0.000000,0.000000,0.000000,0.000000,0.000000,0,0,0,0,0,0.000000,0.000000,0.000000,0.000000,0.000000,0.000000,0.000000,0.000000,0.000000,0,0.000000,0.000000,0.000000
51375,25.226530,100777.898438,-0.160000,4,1,1000,1000,1000,1000,1000.000000,1,0,0,1,0.324238,-0.148247,0.051114,-0.005078,-5.101764,0.416591,-81.691017,0.000000,0.000000,0.000000,0.000000,-0.009057,0.000024,1,0,0,0.000000,0.000000,0.000000,0.000000,0.000000,0.000000,0,0,0,0,0,0.000000,0.000000,0.000000,0.000000,0.000000,0.000000,0.000000,0.000000,0.000000,0,0.000000,0.000000,0.000000
51474,25.229195,100778.203125,-0.160000,0,1,1000,1000,1000,1000,1000.000000,1,0,0,1,0.326372,-0.148059,0.050987,-0.004607,-5.102157,0.410287,-81.692688,0.000000,0.000000,0.000000,0.000000,-0.008938,0.000023,1,0,0,0.000000,0.000000,0.000000,0.000000,0.000000,0.000000,0,0,0,0,0,0.000000,0.000000,0.000000,0.000000,0.000000,0.000000,0.000000,0.000000,0.000000,0,0.000000,0.000000,0.000000
51563,25.233208,100778.203125,-0.170000,0,1,1000,1000,1000,1000,1000.000000,1,0,0,1,0.328504,-0.147583,0.051155,-0.004419,-5.099199,0.415668,-81.695023,0.000000,0.000000,0.000000,0.000000,-0.018822,0.000103,1,0,0,0.000000,0.000000,0.000000,0.000000,0.000000,0.000000,0,0,0,0,0,0.000000,0.000000,0.000000,0.000000,0.000000,0.000000,0.000000,0.000000,0.000000,0,0.000000,0.000000,0.000000
51671,25.226934,100778.304688,-0.160000,7,1,1000,1000,1000,1000,1000.000000,1,0,0,1,0.330717,-0.146975,0.051239,-0.004181,-5.090547,0.419804,-81.697464,0.000000,0.000000,0.000000,0.000000,-0.008903,0.000023,1,0,0,0.000000,0.000000,0.000000,0.000000,0.000000,0.000000,0,0,0,0,0,0.000000,0.000000,0.000000,0.000000,0.000000,0.000000,0.000000,0.000000,0.000000,0,0.000000,0.000000,0.000000
51776,25.234261,100779.898438,-0.170000,21,1,1000,1000,1000,1000,1000.000000,1,0,0,1,0.330710,-0.146967,0.051535,-0.003930,-5.087785,0.417426,-81.699455,0.000000,0.000000,0.000000,0.000000,-0.018736,0.000102,1,0,0,0.000000,0.000000,0.000000,0.000000,0.000000,0.000000,0,0,0,0,0,0.000000,0.000000,0.000000,0.000000,0.000000,0.000000,0.000000,0.000000,0.000000,0,0.000000,0.000000,0.000000
51875,25.230421,100778.500000,-0.160000,29,1,1000,1000,1000,1000,1000.000000,1,0,0,1,0.332453,-0.146672,0.051130,-0.003558,-5.091763,0.414391,-81.701317,0.000000,0.000000,0.000000,0.000000,-0.008952,0.000023,1,0,0,0.000000,0.000000,0.000000,0.000000,0.000000,0.000000,0,0,0,0,0,0.000000,0.000000,0.000000,0.000000,0.000000,0.000000,0.000000,0.000000,0.000000,0,0.000000,0.000000,0.000000
51964,25.232367,100779.101563,-0.160000,32,1,1000,1000,1000,1000,1000.000000,1,0,0,1,0.334320,-0.146425,0.050510,-0.003698,-5.090136,0.409256,-81.702896,0.000000,0.000000,0.000000,0.000000,-0.009556,0.000027,1,0,0,0.000000,0.000000,0.000000,0.000000,0.000000,0.000000,0,0,0,0,0,0.000000,0.000000,0.000000,0.000000,0.000000,0.000000,0.000000,0.000000,0.000000,0,0.000000,0.000000,0.000000
52071,25.235540,100779.304688,-0.160000,0,1,1000,1000,1000,1000,1000.000000,1,0,0,1,0.336093,-0.146296,0.049530,-0.003769,-5.089969,0.404995,-81.704926,0.000000,0.000000,0.000000,0.000000,-0.010668,0.000033,1,0,0,0.000000,0.000000,0.000000,0.000000,0.000000,0.000000,0,0,0,0,0,0.000000,0.000000,0.000000,0.000000,0.000000,0.000000,0.000000,0.000000,0.000000,0,0.000000,0.000000,0.000000
52174,25.232998,100777.898438,-0.160000,1,1,1000,1000,1000,1000,1000.000000,1,0,0,1,0.337922,-0.145880,0.048945,-0.003491,-5.086437,0.409376,-81.707268,0.000000,0.000000,0.000000,0.000000,-0.010432,0.000032,1,0,0,0.000000,0.000000,0.000000,0.000000,0.000000,0.000000,0,0,0,0,0,0.000000,0.000000,0.000000,0.000000,0.000000,0.000000,0.000000,0.000000,0.000000,0,0.000000,0.000000,0.000000
52286,25.232052,100777.203125,-0.160000,0,1,1000,1000,1000,1000,1000.000000,1,0,0,1,0.340113,-0.145593,0.048475,-0.003262,-5.074065,0.405755,-81.709435,0.000000,0.000000,0.000000,0.000000,-0.020825,0.000126,1,0,0,0.000000,0.000000,0.000000,0.000000,0.000000,0.000000,0,0,0,0,0,0.000000,0.000000,0.000000,0.000000,0.000000,0.000000,0.000000,0.000000,0.000000,0,0.000000,0.000000,0.000000
52376,25.233875,100777.898438,-0.160000,4,1,1000,1000,1000,1000,1000.000000,1,0,0,1,0.340113,-0.145589,0.048997,-0.003266,-5.073421,0.405311,-81.711273,0.000000,0.000000,0.000000,0.000000,-0.011213,0.000037,1,0,0,0.000000,0.000000,0.000000,0.000000,0.000000,0.000000,0,0,0,0,0,0.000000,0.000000,0.000000,0.000000,0.000000,0.000000,0.000000,0.000000,0.000000,0,0.000000,0.000000,0.000000
52474,25.231087,100776.601563,-0.140000,0,1,1000,1000,1000,1000,1000.000000,1,0,0,1,0.342025,-0.145493,0.048155,-0.003294,-5.074914,0.399672,-81.713173,0.000000,0.000000,0.000000,0.000000,-0.011894,0.000041,1,0,0,0.000000,0.000000,0.000000,0.000000,0.000000,0.000000,0,0,0,0,0,0.000000,0.000000,0.000000,0.000000,0.000000,0.000000,0.000000,0.000000,0.000000,0,0.000000,0.000000,0.000000
52578,25.237064,100778.304688,-0.130000,0,1,1000,1000,1000,1000,1000.000000,1,0,0,1,0.344324,-0.145226,0.046434,-0.003395,-5.065909,0.399505,-81.715622,0.000000,0.000000,0.000000,0.000000,0.016897,0.000083,1,0,0,0.000000,0.000000,0.000000,0.000000,0.000000,0.000000,0,0,0,0,0,0.000000,0.000000,0.000000,0.000000,0.000000,0.000000,0.000000,0.000000,0.000000,0,0.000000,0.000000,0.000000
52685,25.240465,100779.500000,-0.150000,1,1,1000,1000,1000,1000,1000.000000,1,0,0,1,0.346344,-0.145101,0.045166,-0.002970,-5.069813,0.395948,-81.717705,0.000000,0.000000,0.000000,0.000000,0.006149,0.000011,1,0,0,0.000000,0.000000,0.000000,0.000000,0.000000,0.000000,0,0,0,0,0,0.000000,0.000000,0.000000,0.000000,0.000000,0.000000,0.000000,0.000000,0.000000,0,0.000000,0.000000,0.000000
52775,25.234119,100777.000000,-0.140000,5,1,1000,1000,1000,1000,1000.000000,1,0,0,1,0.346333,-0.145096,0.045149,-0.002642,-5.072536,0.397911,-81.719650,0.000000,0.000000,0.000000,0.000000,0.005258,0.000008,1,0,0,0.000000,0.000000,0.000000,0.000000,0.000000,0.000000,0,0,0,0,0,0.000000,0.000000,0.000000,0.000000,0.000000,0.000000,0.000000,0.000000,0.000000,0,0.000000,0.000000,0.000000
52874,25.238588,100777.601563,-0.130000,0,1,1000,1000,1000,1000,1000.000000,1,0,0,1,0.348779,-0.144349,0.043666,-0.003418,-5.065445,0.407061,-81.721855,0.000000,0.000000,0.000000,0.000000,0.014101,0.000058,1,0,0,0.000000,0.000000,0.000000,0.000000,0.000000,0.000000,0,0,0,0,0,0.000000,0.000000,0.000000,0.000000,0.000000,0.000000,0.000000,0.000000,0.000000,0,0.000000,0.000000,0.000000
52970,25.238483,100778.000000,-0.130000,1,1,1000,1000,1000,1000,1000.000000,1,0,0,1,0.350746,-0.144175,0.041989,-0.003424,-5.078142,0.400420,-81.723808,0.000000,0.000000,0.000000,0.000000,0.012367,0.000044,1,0,0,0.000000,0.000000,0.000000,0.000000,0.000000,0.000000,0,0,0,0,0,0.000000,0.000000,0.000000,0.000000,0.000000,0.000000,0.000000,0.000000,0.000000,0,0.000000,0.000000,0.000000
53074,25.238449,100778.500000,-0.130000,1,1,1000,1000,1000,1000,1000.000000,1,0,0,1,0.352902,-0.144001,0.040348,-0.004292,-5.079630,0.397110,-81.725937,0.000000,0.000000,0.000000,0.000000,0.011776,0.000040,1,0,0,0.000000,0.000000,0.000000,0.000000,0.000000,0.000000,0,0,0,0,0,0.000000,0.000000,0.000000,0.000000,0.000000,0.000000,0.000000,0.000000,0.000000,0,0.000000,0.000000,0.000000
53174,25.234348,100778.500000,-0.130000,1,1,1000,1000,1000,1000,1000.000000,1,0,0,1,0.355041,-0.144173,0.038447,-0.004599,-5.081225,0.385702,-81.727821,0.000000,0.000000,0.000000,0.000000,0.010158,0.000030,1,0,0,0.000000,0.000000,0.000000,0.000000,0.000000,0.000000,0,0,0,0,0,0.000000,0.000000,0.000000,0.000000,0.000000,0.000000,0.000000,0.000000,0.000000,0,0.000000,0.000000,0.000000
53286,25.236450,100777.804688,-0.120000,1,1,1000,1000,1000,1000,1000.000000,1,0,0,1,0.357090,-0.144038,0.036570,-0.004924,-5.082715,0.391030,-81.730316,0.000000,0.000000,0.000000,0.000000,0.018294,0.000097,1,0,0,0.000000,0.000000,0.000000,0.000000,0.000000,0.000000,0,0,0,0,0,0.000000,0.000000,0.000000,0.000000,0.000000,0.000000,0.000000,0.000000,0.000000,0,0.000000,0.000000,0.000000
53375,25.242830,100779.601563,-0.140000,4,1,1000,1000,1000,1000,1000.000000,1,0,0,1,0.357092,-0.144022,0.036060,-0.004496,-5.084463,0.393716,-81.732224,0.000000,0.000000,0.000000,0.000000,-0.004016,0.000005,1,0,0,0.000000,0.000000,0.000000,0.000000,0.000000,0.000000,0,0,0,0,0,0.000000,0.000000,0.000000,0.000000,0.000000,0.000000,0.000000,0.000000,0.000000,0,0.000000,0.000000,0.000000
53474,25.238834,100778.804688,-0.150000,0,1,1000,1000,1000,1000,1000.000000,1,0,0,1,0.359022,-0.144093,0.034944,-0.004314,-5.089400,0.394306,-81.734467,0.000000,0.000000,0.000000,0.000000,-0.015112,0.000066,1,0,0,0.000000,0.000000,0.000000,0.000000,0.000000,0.000000,0,0,0,0,0,0.000000,0.000000,0.000000,0.000000,0.000000,0.000000,0.000000,0.000000,0.000000,0,0.000000,0.000000,0.000000
53567,25.237379,100778.703125,-0.160000,3,1,1000,1000,1000,1000,1000.000000,1,0,0,1,0.361156,-0.144005,0.034914,-0.004000,-5.089862,0.395521,-81.736427,0.000000,0.000000,0.000000,0.000000,-0.025566,0.000190,1,0,0,0.000000,0.000000,0.000000,0.000000,0.000000,0.000000,0,0,0,0,0,0.000000,0.000000,0.000000,0.000000,0.000000,0.000000,0.000000,0.000000,0.000000,0,0.000000,0.000000,0.000000
53687,25.243549,100778.000000,-0.160000,11,1,1000,1000,1000,1000,1000.000000,1,0,0,1,0.362971,-0.144112,0.034305,-0.004246,-5.098121,0.394231,-81.738998,0.000000,0.000000,0.000000,0.000000,-0.026144,0.000199,1,0,0,0.000000,0.000000,0.000000,0.000000,0.000000,0.000000,0,0,0,0,0,0.000000,0.000000,0.000000,0.000000,0.000000,0.000000,0.000000,0.000000,0.000000,0,0.000000,0.000000,0.000000
53772,25.244881,100779.398438,-0.180000,4,1,1000,1000,1000,1000,1000.000000,1,0,0,1,0.362976,-0.144108,0.035713,-0.003633,-5.096193,0.396100,-81.740814,0.000000,0.000000,0.000000,0.000000,-0.045141,0.000592,1,0,0,0.000000,0.000000,0.000000,0.000000,0.000000,0.000000,0,0,0,0,0,0.000000,0.000000,0.000000,0.000000,0.000000,0.000000,0.000000,0.000000,0.000000,0,0.000000,0.000000,0.000000
53874,25.242952,100777.898438,-0.160000,0,1,1000,1000,1000,1000,1000.000000,1,0,0,1,0.365071,-0.144098,0.035168,-0.003570,-5.093670,0.398113,-81.743050,0.000000,0.000000,0.000000,0.000000,-0.035301,0.000362,1,0,0,0.000000,0.000000,0.000000,0.000000,0.000000,0.000000,0,0,0,0,0,0.000000,0.000000,0.000000,0.000000,0.000000,0.000000,0.000000,0.000000,0.000000,0,0.000000,0.000000,0.000000
53966,25.242620,100777.398438,-0.150000,1,1,1000,1000,1000,1000,1000.000000,1,0,0,1,0.366890,-0.144172,0.034449,-0.003415,-5.095497,0.397559,-81.745018,0.000000,0.000000,0.000000,0.000000,-0.025890,0.000195,1,0,0,0.000000,0.000000,0.000000,0.000000,0.000000,0.000000,0,0,0,0,0,0.000000,0.000000,0.000000,0.000000,0.000000,0.000000,0.000000,0.000000,0.000000,0,0.000000,0.000000,0.000000
54073,25.242603,100778.898438,-0.150000,0,1,1000,1000,1000,1000,1000.000000,1,0,0,1,0.369002,-0.144035,0.034188,-0.002915,-5.088760,0.399869,-81.747375,0.000000,0.000000,0.000000,0.000000,-0.016116,0.000076,1,0,0,0.000000,0.000000,0.000000,0.000000,0.000000,0.000000,0,0,0,0,0,0.000000,0.000000,0.000000,0.000000,0.000000,0.000000,0.000000,0.000000,0.000000,0,0.000000,0.000000,0.000000
54160,25.243320,100778.500000,-0.150000,39,1,1000,1000,1000,1000,1000.000000,1,0,0,1,0.370944,-0.144283,0.032864,-0.003289,-5.090662,0.395806,-81.749054,0.000000,0.000000,0.000000,0.000000,-0.015802,0.000073,1,0,0,0.000000,0.000000,0.000000,0.000000,0.000000,0.000000,0,0,0,0,0,0.000000,0.000000,0.000000,0.000000,0.000000,0.000000,0.000000,0.000000,0.000000,0,0.000000,0.000000,0.000000
54282,25.245478,100778.601563,-0.160000,0,1,1000,1000,1000,1000,1000.000000,1,0,0,1,0.372969,-0.144257,0.031988,-0.003494,-5.085804,0.400664,-81.751686,0.000000,0.000000,0.000000,0.000000,-0.026851,0.000210,1,0,0,0.000000,0.000000,0.000000,0.000000,0.000000,0.000000,0,0,0,0,0,0.000000,0.000000,0.000000,0.000000,0.000000,0.000000,0.000000,0.000000,0.000000,0,0.000000,0.000000,0.000000
54377,25.244532,100778.398438,-0.170000,9,1,1000,1000,1000,1000,1000.000000,1,0,0,1,0.372970,-0.144254,0.033812,-0.002412,-5.084786,0.403418,-81.753944,0.000000,0.000000,0.000000,0.000000,-0.036871,0.000395,1,0,0,0.000000,0.000000,0.000000,0.000000,0.000000,0.000000,0,0,0,0,0,0.000000,0.000000,0.000000,0.000000,0.000000,0.000000,0.000000,0.000000,0.000000,0,0.000000,0.000000,0.000000
54471,25.237766,100775.203125,-0.140000,0,1,1000,1000,1000,1000,1000.000000,1,0,0,1,0.374881,-0.144405,0.032971,-0.002160,-5.085373,0.404342,-81.756065,0.000000,0.000000,0.000000,0.000000,-0.007165,0.000015,1,0,0,0.000000,0.000000,0.000000,0.000000,0.000000,0.000000,0,0,0,0,0,0.000000,0.000000,0.000000,0.000000,0.000000,0.000000,0.000000,0.000000,0.000000,0,0.000000,0.000000,0.000000
54564,25.249035,100778.304688,-0.130000,0,1,1000,1000,1000,1000,1000.000000,1,0,0,1,0.376946,-0.144482,0.031399,-0.002662,-5.083058,0.407250,-81.758141,0.000000,0.000000,0.000000,0.000000,0.001426,0.000001,1,0,0,0.000000,0.000000,0.000000,0.000000,0.000000,0.000000,0,0,0,0,0,0.000000,0.000000,0.000000,0.000000,0.000000,0.000000,0.000000,0.000000,0.000000,0,0.000000,0.000000,0.000000
54686,25.245407,100776.804688,-0.120000,0,1,1000,1000,1000,1000,1000.000000,1,0,0,1,0.378972,-0.144587,0.029824,-0.002787,-5.081384,0.409198,-81.760735,0.000000,0.000000,0.000000,0.000000,0.001276,0.000000,1,0,0,0.000000,0.000000,0.000000,0.000000,0.000000,0.000000,0,0,0,0,0,0.000000,0.000000,0.000000,0.000000,0.000000,0.000000,0.000000,0.000000,0.000000,0,0.000000,0.000000,0.000000
54774,25.244532,100776.703125,-0.100000,0,1,1000,1000,1000,1000,1000.000000,1,0,0,1,0.378972,-0.144583,0.029158,-0.003016,-5.081916,0.409672,-81.763626,0.000000,0.000000,0.000000,0.000000,0.019650,0.000112,1,0,0,0.000000,0.000000,0.000000,0.000000,0.000000,0.000000,0,0,0,0,0,0.000000,0.000000,0.000000,0.000000,0.000000,0.000000,0.000000,0.000000,0.000000,0,0.000000,0.000000,0.000000
54874,25.251507,100779.398438,-0.110000,0,1,1000,1000,1000,1000,1000.000000,1,0,0,1,0.380910,-0.144488,0.026066,-0.003239,-5.079341,0.413647,-81.764709,0.000000,0.000000,0.000000,0.000000,0.016377,0.000078,1,0,0,0.000000,0.000000,0.000000,0.000000,0.000000,0.000000,0,0,0,0,0,0.000000,0.000000,0.000000,0.000000,0.000000,0.000000,0.000000,0.000000,0.000000,0,0.000000,0.000000,0.000000
54963,25.255081,100779.000000,-0.130000,0,1,1000,1000,1000,1000,1000.000000,1,0,0,1,0.382907,-0.144552,0.024611,-0.003438,-5.077172,0.408110,-81.766411,0.000000,0.000000,0.000000,0.000000,-0.005492,0.000009,1,0,0,0.000000,0.000000,0.000000,0.000000,0.000000,0.000000,0,0,0,0,0,0.000000,0.000000,0.000000,0.000000,0.000000,0.000000,0.000000,0.000000,0.000000,0,0.000000,0.000000,0.000000
55061,25.252699,100777.398438,-0.120000,13,1,1000,1000,1000,1000,1000.000000,1,0,0,1,0.384770,-0.144700,0.022817,-0.003627,-5.078076,0.404974,-81.767693,0.000000,0.000000,0.000000,0.000000,0.002915,0.000002,1,0,0,0.000000,0.000000,0.000000,0.000000,0.000000,0.000000,0,0,0,0,0,0.000000,0.000000,0.000000,0.000000,0.000000,0.000000,0.000000,0.000000,0.000000,0,0.000000,0.000000,0.000000
55164,25.253294,100780.101563,-0.140000,20,1,1000,1000,1000,1000,1000.000000,1,0,0,1,0.386776,-0.144518,0.021485,-0.003561,-5.071507,0.410408,-81.771225,0.000000,0.000000,0.000000,0.000000,-0.017342,0.000087,1,0,0,0.000000,0.000000,0.000000,0.000000,0.000000,0.000000,0,0,0,0,0,0.000000,0.000000,0.000000,0.000000,0.000000,0.000000,0.000000,0.000000,0.000000,0,0.000000,0.000000,0.000000
55290,25.251366,100779.203125,-0.150000,3,1,1000,1000,1000,1000,1000.000000,1,0,0,1,0.388648,-0.144505,0.021086,-0.003339,-5.073363,0.406516,-81.773666,0.000000,0.000000,0.000000,0.000000,-0.029469,0.000252,1,0,0,0.000000,0.000000,0.000000,0.000000,0.000000,0.000000,0,0,0,0,0,0.000000,0.000000,0.000000,0.000000,0.000000,0.000000,0.000000,0.000000,0.000000,0,0.000000,0.000000,0.000000
55376,25.254801,100780.304688,-0.150000,4,1,1000,1000,1000,1000,1000.000000,1,0,0,1,0.388646,-0.144507,0.021687,-0.002858,-5.074077,0.404899,-81.775475,0.000000,0.000000,0.000000,0.000000,-0.028852,0.000242,1,0,0,0.000000,0.000000,0.000000,0.000000,0.000000,0.000000,0,0,0,0,0,0.000000,0.000000,0.000000,0.000000,0.000000,0.000000,0.000000,0.000000,0.000000,0,0.000000,0.000000,0.000000
55474,25.258692,100779.101563,-0.160000,0,1,1000,1000,1000,1000,1000.000000,1,0,0,1,0.390498,-0.144558,0.020620,-0.003441,-5.086496,0.393609,-81.774452,0.000000,0.000000,0.000000,0.000000,-0.029922,0.000260,1,0,0,0.000000,0.000000,0.000000,0.000000,0.000000,0.000000,0,0,0,0,0,0.000000,0.000000,0.000000,0.000000,0.000000,0.000000,0.000000,0.000000,0.000000,0,0.000000,0.000000,0.000000
55563,25.256851,100778.804688,-0.170000,0,1,1000,1000,1000,1000,1000.000000,1,0,0,1,0.392327,-0.144560,0.021460,-0.002678,-5.091011,0.390069,-81.776932,0.000000,0.000000,0.000000,0.000000,-0.049460,0.000711,1,0,0,0.000000,0.000000,0.000000,0.000000,0.000000,0.000000,0,0,0,0,0,0.000000,0.000000,0.000000,0.000000,0.000000,0.000000,0.000000,0.000000,0.000000,0,0.000000,0.000000,0.000000
55671,25.252453,100778.703125,-0.170000,7,1,1000,1000,1000,1000,1000.000000,1,0,0,1,0.394017,-0.144583,0.021657,-0.002541,-5.085424,0.390444,-81.778938,0.000000,0.000000,0.000000,0.000000,-0.049246,0.000705,1,0,0,0.000000,0.000000,0.000000,0.000000,0.000000,0.000000,0,0,0,0,0,0.000000,0.000000,0.000000,0.000000,0.000000,0.000000,0.000000,0.000000,0.000000,0,0.000000,0.000000,0.000000
55772,25.257360,100779.804688,-0.170000,20,1,1000,1000,1000,1000,1000.000000,1,0,0,1,0.393995,-0.144569,0.023146,-0.001836,-5.089342,0.391641,-81.781509,0.000000,0.000000,0.000000,0.000000,-0.047700,0.000662,1,0,0,0.000000,0.000000,0.000000,0.000000,0.000000,0.000000,0,0,0,0,0,0.000000,0.000000,0.000000,0.000000,0.000000,0.000000,0.000000,0.000000,0.000000,0,0.000000,0.000000,0.000000
55864,25.256763,100778.703125,-0.170000,20,1,1000,1000,1000,1000,1000.000000,1,0,0,1,0.395912,-0.144519,0.023454,-0.001525,-5.088273,0.393233,-81.783333,0.000000,0.000000,0.000000,0.000000,-0.047400,0.000653,1,0,0,0.000000,0.000000,0.000000,0.000000,0.000000,0.000000,0,0,0,0,0,0.000000,0.000000,0.000000,0.000000,0.000000,0.000000,0.000000,0.000000,0.000000,0,0.000000,0.000000,0.000000
55978,25.252102,100778.000000,-0.170000,0,1,1000,1000,1000,1000,1000.000000,1,0,0,1,0.397428,-0.144962,0.023508,-0.000937,-5.097550,0.387239,-81.786377,0.000000,0.000000,0.000000,0.000000,-0.047392,0.000653,1,0,0,0.000000,0.000000,0.000000,0.000000,0.000000,0.000000,0,0,0,0,0,0.000000,0.000000,0.000000,0.000000,0.000000,0.000000,0.000000,0.000000,0.000000,0,0.000000,0.000000,0.000000
56074,25.259026,100777.000000,-0.170000,0,1,1000,1000,1000,1000,1000.000000,1,0,0,1,0.399186,-0.145053,0.024494,-0.000016,-5.099854,0.389260,-81.788452,0.000000,0.000000,0.000000,0.000000,-0.046359,0.000625,1,0,0,0.000000,0.000000,0.000000,0.000000,0.000000,0.000000,0,0,0,0,0,0.000000,0.000000,0.000000,0.000000,0.000000,0.000000,0.000000,0.000000,0.000000,0,0.000000,0.000000,0.000000
56176,25.258114,100777.398438,-0.150000,0,1,1000,1000,1000,1000,1000.000000,1,0,0,1,0.400993,-0.145835,0.023810,-0.000120,-5.101216,0.372441,-81.790688,0.000000,0.000000,0.000000,0.000000,-0.026684,0.000207,1,0,0,0.000000,0.000000,0.000000,0.000000,0.000000,0.000000,0,0,0,0,0,0.000000,0.000000,0.000000,0.000000,0.000000,0.000000,0.000000,0.000000,0.000000,0,0.000000,0.000000,0.000000
56282,25.255293,100776.898438,-0.140000,0,1,1000,1000,1000,1000,1000.000000,1,0,0,1,0.402639,-0.146164,0.022405,-0.000283,-5.104485,0.380422,-81.793076,0.000000,0.000000,0.000000,0.000000,-0.026194,0.000200,1,0,0,0.000000,0.000000,0.000000,0.000000,0.000000,0.000000,0,0,0,0,0,0.000000,0.000000,0.000000,0.000000,0.000000,0.000000,0.000000,0.000000,0.000000,0,0.000000,0.000000,0.000000
56376,25.260393,100780.000000,-0.160000,9,1,1000,1000,1000,1000,1000.000000,1,0,0,1,0.402643,-0.146155,0.023911,0.000214,-5.101416,0.388538,-81.795242,0.000000,0.000000,0.000000,0.000000,-0.036769,0.000393,1,0,0,0.000000,0.000000,0.000000,0.000000,0.000000,0.000000,0,0,0,0,0,0.000000,0.000000,0.000000,0.000000,0.000000,0.000000,0.000000,0.000000,0.000000,0,0.000000,0.000000,0.000000
56470,25.259850,100779.101563,-0.170000,0,1,1000,1000,1000,1000,1000.000000,1,0,0,1,0.404297,-0.146649,0.023637,0.000503,-5.101146,0.388288,-81.797302,0.000000,0.000000,0.000000,0.000000,-0.047236,0.000649,1,0,0,0.000000,0.000000,0.000000,0.000000,0.000000,0.000000,0,0,0,0,0,0.000000,0.000000,0.000000,0.000000,0.000000,0.000000,0.000000,0.000000,0.000000,0,0.000000,0.000000,0.000000
56564,25.255800,100775.898438,-0.140000,9,1,1000,1000,1000,1000,1000.000000,1,0,0,1,0.405844,-0.146555,0.022663,0.000388,-5.102108,0.405132,-81.799889,0.000000,0.000000,0.000000,0.000000,-0.017668,0.000091,1,0,0,0.000000,0.000000,0.000000,0.000000,0.000000,0.000000,0,0,0,0,0,0.000000,0.000000,0.000000,0.000000,0.000000,0.000000,0.000000,0.000000,0.000000,0,0.000000,0.000000,0.000000
56670,25.260269,100777.304688,-0.120000,29,1,1000,1000,1000,1000,1000.000000,1,0,0,1,0.407474,-0.146955,0.020864,-0.000205,-5.100446,0.402260,-81.802002,0.000000,0.000000,0.000000,0.000000,0.002831,0.000002,1,0,0,0.000000,0.000000,0.000000,0.000000,0.000000,0.000000,0,0,0,0,0,0.000000,0.000000,0.000000,0.000000,0.000000,0.000000,0.000000,0.000000,0.000000,0,0.000000,0.000000,0.000000
56780,25.259533,100778.601563,-0.130000,10,1,1000,1000,1000,1000,1000.000000,1,0,0,1,0.407378,-0.147032,0.021190,0.000151,-5.100291,0.402459,-81.804344,0.000000,0.000000,0.000000,0.000000,-0.008983,0.000023,1,0,0,0.000000,0.000000,0.000000,0.000000,0.000000,0.000000,0,0,0,0,0,0.000000,0.000000,0.000000,0.000000,0.000000,0.000000,0.000000,0.000000,0.000000,0,0.000000,0.000000,0.000000
56869,25.264196,100778.804688,-0.140000,13,1,1000,1000,1000,1000,1000.000000,1,0,0,1,0.407702,-0.147856,0.019718,0.000013,-5.124412,0.399560,-81.806526,0.000000,0.000000,0.000000,0.000000,-0.020682,0.000124,1,0,0,0.000000,0.000000,0.000000,0.000000,0.000000,0.000000,0,0,0,0,0,0.000000,0.000000,0.000000,0.000000,0.000000,0.000000,0.000000,0.000000,0.000000,0,0.000000,0.000000,0.000000
56975,25.261795,100778.703125,-0.130000,20,1,1000,1000,1000,1000,1000.000000,1,0,0,1,0.409750,-0.149117,0.017742,-0.000461,-5.104056,0.388153,-81.808022,0.000000,0.000000,0.000000,0.000000,-0.012495,0.000045,1,0,0,0.000000,0.000000,0.000000,0.000000,0.000000,0.000000,0,0,0,0,0,0.000000,0.000000,0.000000,0.000000,0.000000,0.000000,0.000000,0.000000,0.000000,0,0.000000,0.000000,0.000000
57061,25.262688,100778.898438,-0.140000,20,1,1000,1000,1000,1000,1000.000000,1,0,0,1,0.410665,-0.149744,0.015953,-0.000657,-5.107389,0.396053,-81.810150,0.000000,0.000000,0.000000,0.000000,-0.024522,0.000175,1,0,0,0.000000,0.000000,0.000000,0.000000,0.000000,0.000000,0,0,0,0,0,0.000000,0.000000,0.000000,0.000000,0.000000,0.000000,0.000000,0.000000,0.000000,0,0.000000,0.000000,0.000000
57161,25.266071,100779.101563,-0.160000,34,1,1000,1000,1000,1000,1000.000000,1,0,0,1,0.414804,-0.150504,0.014748,-0.000649,-5.054972,0.395993,-81.811752,0.000000,0.000000,0.000000,0.000000,-0.043383,0.000546,1,0,0,0.000000,0.000000,0.000000,0.000000,0.000000,0.000000,0,0,0,0,0,0.000000,0.000000,0.000000,0.000000,0.000000,0.000000,0.000000,0.000000,0.000000,0,0.000000,0.000000,0.000000
57265,25.259779,100776.500000,-0.150000,9,1,1000,1000,1000,1000,1000.000000,1,0,0,1,0.415290,-0.150650,0.017636,0.000606,-5.054713,0.396155,-81.813919,0.000000,0.000000,0.000000,0.000000,-0.033043,0.000317,1,0,0,0.000000,0.000000,0.000000,0.000000,0.000000,0.000000,0,0,0,0,0,0.000000,0.000000,0.000000,0.000000,0.000000,0.000000,0.000000,0.000000,0.000000,0,0.000000,0.000000,0.000000
57372,25.261129,100778.101563,-0.160000,30,1,1000,1000,1000,1000,1000.000000,1,0,0,1,0.414368,-0.150720,0.016377,0.000275,-5.084803,0.416355,-81.817413,0.000000,0.000000,0.000000,0.000000,-0.044550,0.000576,1,0,0,0.000000,0.000000,0.000000,0.000000,0.000000,0.000000,0,0,0,0,0,0.000000,0.000000,0.000000,0.000000,0.000000,0.000000,0.000000,0.000000,0.000000,0,0.000000,0.000000,0.000000
57480,25.264879,100778.601563,-0.160000,9,1,1000,1000,1000,1000,1000.000000,1,0,0,1,0.419794,-0.150770,0.016061,0.000291,-5.040639,0.422630,-81.819160,0.000000,0.000000,0.000000,0.000000,-0.044883,0.000584,1,0,0,0.000000,0.000000,0.000000,0.000000,0.000000,0.000000,0,0,0,0,0,0.000000,0.000000,0.000000,0.000000,0.000000,0.000000,0.000000,0.000000,0.000000,0,0.000000,0.000000,0.000000
57566,25.266159,100778.203125,-0.160000,9,1,1000,1000,1000,1000,1000.000000,1,0,0,1,0.419524,-0.155012,0.015093,0.000362,-5.070512,0.394043,-81.820541,0.000000,0.000000,0.000000,0.000000,-0.045881,0.000611,1,0,0,0.000000,0.000000,0.000000,0.000000,0.000000,0.000000,0,0,0,0,0,0.000000,0.000000,0.000000,0.000000,0.000000,0.000000,0.000000,0.000000,0.000000,0,0.000000,0.000000,0.000000
57660,25.260410,100777.500000,-0.150000,17,1,1000,1000,1000,1000,1000.000000,1,0,0,1,0.422957,-0.153506,0.013928,0.000436,-5.053399,0.421201,-81.823029,0.000000,0.000000,0.000000,0.000000,-0.033880,0.000333,1,0,0,0.000000,0.000000,0.000000,0.000000,0.000000,0.000000,0,0,0,0,0,0.000000,0.000000,0.000000,0.000000,0.000000,0.000000,0.000000,0.000000,0.000000,0,0.000000,0.000000,0.000000
57762,25.267895,100779.898438,-0.160000,33,1,1000,1000,1000,1000,1000.000000,1,0,0,1,0.423840,-0.153294,0.015789,0.001605,-5.053107,0.421455,-81.825226,0.000000,0.000000,0.000000,0.000000,-0.045242,0.000593,1,0,0,0.000000,0.000000,0.000000,0.000000,0.000000,0.000000,0,0,0,0,0,0.000000,0.000000,0.000000,0.000000,0.000000,0.000000,0.000000,0.000000,0.000000,0,0.000000,0.000000,0.000000
57870,25.271223,100778.703125,-0.170000,12,1,1014,1017,1000,1000,1008.000000,1,0,1,1,0.425502,-0.157707,0.016677,0.001816,-5.064541,0.397736,-81.826950,-81.404297,-81.404297,0.000000,-0.037566,-0.054548,0.000862,1,0,0,0.000000,0.000000,0.000000,0.000000,0.000000,0.000000,0,0,0,0,0,0.000000,0.000000,0.000000,0.000000,0.000000,0.000000,0.000000,0.000000,0.000000,0,0.000000,0.000000,0.000000
57976,25.267754,100778.703125,-0.180000,20,1,1014,1017,1000,1000,1008.000000,1,0,1,1,0.426449,-0.159696,0.016987,0.002288,-5.077884,0.398380,-81.829338,-81.404297,-81.404297,0.000000,-0.037566,-0.064516,0.001205,1,0,0,0.000000,0.000000,0.000000,0.000000,0.000000,0.000000,0,0,0,0,0,0.000000,0.000000,0.000000,0.000000,0.000000,0.000000,0.000000,0.000000,0.000000,0,0.000000,0.000000,0.000000
58062,25.267788,100778.804688,-0.190000,19,1,1014,1017,1000,1000,1008.000000,1,0,1,1,0.425804,-0.168217,0.017227,0.002515,-5.108343,0.355621,-81.830482,-81.404297,-81.404297,0.000000,-0.037566,-0.074512,0.001608,1,0,0,0.000000,0.000000,0.000000,0.000000,0.000000,0.000000,0,0,0,0,0,0.000000,0.000000,0.000000,0.000000,0.000000,0.000000,0.000000,0.000000,0.000000,0,0.000000,0.000000,0.000000
58175,25.269997,100778.703125,-0.200000,4,1,1014,1017,1000,1000,1008.000000,1,0,1,1,0.433528,-0.172575,0.019997,0.003485,-5.071742,0.342559,-81.831955,-81.404297,-81.404297,0.000000,-0.037566,-0.081881,0.001941,1,0,0,0.000000,0.000000,0.000000,0.000000,0.000000,0.000000,0,0,0,0,0,0.000000,0.000000,0.000000,0.000000,0.000000,0.000000,0.000000,0.000000,0.000000,0,0.000000,0.000000,0.000000
58266,25.272415,100779.898438,-0.210000,8,1,1014,1017,1000,1000,1008.000000,1,0,1,1,0.434574,-0.174204,0.024235,0.004912,-5.071579,0.342514,-81.833885,-81.404297,-81.404297,0.000000,-0.037566,-0.087830,0.002232,1,0,0,0.000000,0.000000,0.000000,0.000000,0.000000,0.000000,0,0,0,0,0,0.000000,0.000000,0.000000,0.000000,0.000000,0.000000,0.000000,0.000000,0.000000,0,0.000000,0.000000,0.000000
58372,25.273415,100778.804688,-0.230000,29,1,1015,1017,1000,1000,1008.000000,1,0,1,1,0.434061,-0.176280,0.026752,0.005933,-5.095490,0.356688,-81.837151,-81.404297,-81.404297,0.000000,-0.037566,-0.105870,0.003243,1,0,0,0.000000,0.000000,0.000000,0.000000,0.000000,0.000000,0,0,0,0,0,0.000000,0.000000,0.000000,0.000000,0.000000,0.000000,0.000000,0.000000,0.000000,0,0.000000,0.000000,0.000000
58482,25.270452,100778.203125,-0.190000,10,1,1015,1017,1000,1000,1008.000000,1,0,1,1,0.433320,-0.193616,0.029617,0.006893,-5.132778,0.278024,-81.837677,-81.404297,-81.404297,0.000000,-0.037566,-0.061886,0.001108,1,0,0,0.000000,0.000000,0.000000,0.000000,0.000000,0.000000,0,0,0,0,0,0.000000,0.000000,0.000000,0.000000,0.000000,0.000000,0.000000,0.000000,0.000000,0,0.000000,0.000000,0.000000
58568,25.276657,100780.000000,-0.190000,10,1,1015,1018,1000,1000,1008.000000,1,0,1,1,0.462711,-0.171407,0.029882,0.007193,-4.939754,0.427881,-81.841164,-81.404297,-81.404297,0.000000,-0.037566,-0.061624,0.001098,1,0,0,0.000000,0.000000,0.000000,0.000000,0.000000,0.000000,0,0,0,0,0,0.000000,0.000000,0.000000,0.000000,0.000000,0.000000,0.000000,0.000000,0.000000,0,0.000000,0.000000,0.000000
58676,25.275640,100779.804688,-0.200000,31,1,1015,1018,1000,1000,1008.000000,1,0,1,1,0.436971,-0.191322,0.031623,0.008156,-5.172708,0.345763,-81.844002,-81.404297,-81.404297,0.000000,-0.037566,-0.068050,0.001339,1,0,0,0.000000,0.000000,0.000000,0.000000,0.000000,0.000000,0,0,0,0,0,0.000000,0.000000,0.000000,0.000000,0.000000,0.000000,0.000000,0.000000,0.000000,0,0.000000,0.000000,0.000000
58762,25.275026,100779.898438,-0.220000,32,1,1015,1018,1000,1000,1008.000000,1,0,1,1,0.436750,-0.193612,0.036394,0.010216,-5.172896,0.345722,-81.845734,-81.404297,-81.404297,0.000000,-0.037566,-0.085992,0.002137,1,0,0,0.000000,0.000000,0.000000,0.000000,0.000000,0.000000,0,0,0,0,0,0.000000,0.000000,0.000000,0.000000,0.000000,0.000000,0.000000,0.000000,0.000000,0,0.000000,0.000000,0.000000
58871,25.272871,100777.703125,-0.210000,12,1,1016,1018,1000,1000,1009.000000,1,0,1,1,0.461165,-0.196878,0.040924,0.011992,-5.041808,0.341862,-81.846565,-81.404297,-81.404297,0.000000,-0.037566,-0.070942,0.001454,1,0,0,0.000000,0.000000,0.000000,0.000000,0.000000,0.000000,0,0,0,0,0,0.000000,0.000000,0.000000,0.000000,0.000000,0.000000,0.000000,0.000000,0.000000,0,0.000000,0.000000,0.000000
58977,25.274536,100778.203125,-0.200000,20,1,1016,1019,1000,1000,1009.000000,1,0,1,1,0.460347,-0.195851,0.042522,0.012863,-5.075413,0.387495,-81.850372,-81.404297,-81.404297,0.000000,-0.037566,-0.059193,0.001012,1,0,0,0.000000,0.000000,0.000000,0.000000,0.000000,0.000000,0,0,0,0,0,0.000000,0.000000,0.000000,0.000000,0.000000,0.000000,0.000000,0.000000,0.000000,0,0.000000,0.000000,0.000000
59063,25.277674,100779.101563,-0.210000,20,1,1016,1019,1000,1000,1009.000000,1,0,1,1,0.462583,-0.203659,0.044085,0.012861,-5.093702,0.365750,-81.851723,-81.404602,-81.404297,0.000301,-0.037573,-0.067850,0.001330,1,0,0,0.000000,0.000000,0.000000,0.000000,0.000000,0.000000,0,0,0,0,0,0.000000,0.000000,0.000000,0.000000,0.000000,0.000000,0.000000,0.000000,0.000000,0,0.000000,0.000000,0.000000
59176,25.277060,100779.101563,-0.200000,4,1,1014,1019,1000,1000,1008.000000,1,0,1,1,0.465418,-0.204728,0.046674,0.013704,-5.102428,0.396450,-81.854668,-81.404602,-81.404297,0.000301,-0.037573,-0.054706,0.000864,1,0,0,0.000000,0.000000,0.000000,0.000000,0.000000,0.000000,0,0,0,0,0,0.000000,0.000000,0.000000,0.000000,0.000000,0.000000,0.000000,0.000000,0.000000,0,0.000000,0.000000,0.000000
59268,25.275938,100778.804688,-0.210000,10,1,1016,1019,1000,1000,1009.000000,1,0,1,1,0.466822,-0.206786,0.051116,0.015614,-5.103766,0.396680,-81.856857,-81.404297,-81.404297,0.000000,-0.037566,-0.060507,0.001057,1,0,0,0.000000,0.000000,0.000000,0.000000,0.000000,0.000000,0,0,0,0,0,0.000000,0.000000,0.000000,0.000000,0.000000,0.000000,0.000000,0.000000,0.000000,0,0.000000,0.000000,0.000000
59374,25.279251,100779.703125,-0.210000,30,1,1017,1019,1000,1000,1009.000000,1,0,1,1,0.469590,-0.211721,0.052388,0.016006,-5.115100,0.397474,-81.859650,-81.404297,-81.404297,0.000000,-0.037566,-0.059551,0.001024,1,0,0,0.000000,0.000000,0.000000,0.000000,0.000000,0.000000,0,0,0,0,0,0.000000,0.000000,0.000000,0.000000,0.000000,0.000000,0.000000,0.000000,0.000000,0,0.000000,0.000000,0.000000
59460,25.278883,100778.804688,-0.200000,30,1,1017,1020,1000,1000,1009.000000,1,0,1,1,0.471570,-0.215731,0.052980,0.015510,-5.128710,0.400737,-81.861214,-81.404297,-81.404297,0.000000,-0.037566,-0.048673,0.000684,1,0,0,0.000000,0.000000,0.000000,0.000000,0.000000,0.000000,0,0,0,0,0,0.000000,0.000000,0.000000,0.000000,0.000000,0.000000,0.000000,0.000000,0.000000,0,0.000000,0.000000,0.000000
59568,25.279619,100779.703125,-0.200000,9,1,1017,1020,1000,1000,1009.000000,1,0,1,1,0.472001,-0.214163,0.054411,0.015248,-5.147473,0.448858,-81.863548,-81.404297,-81.404297,0.000000,-0.037566,-0.046861,0.000634,1,0,0,0.000000,0.000000,0.000000,0.000000,0.000000,0.000000,0,0,0,0,0,0.000000,0.000000,0.000000,0.000000,0.000000,0.000000,0.000000,0.000000,0.000000,0,0.000000,0.000000,0.000000
59677,25.280321,100779.804688,-0.200000,31,1,1017,1020,1000,1000,1009.000000,1,0,1,1,0.476845,-0.218827,0.055077,0.015420,-5.138097,0.444646,-81.865570,-81.404297,-81.404297,0.000000,-0.037566,-0.043406,0.000544,1,0,0,0.000000,0.000000,0.000000,0.000000,0.000000,0.000000,0,0,0,0,0,0.000000,0.000000,0.000000,0.000000,0.000000,0.000000,0.000000,0.000000,0.000000,0,0.000000,0.000000,0.000000
59763,25.279795,100779.398438,-0.210000,32,1,1018,1020,1000,1000,1010.000000,1,0,1,1,0.477607,-0.220263,0.059308,0.016905,-5.138186,0.444946,-81.867279,-81.404297,-81.404297,0.000000,-0.037566,-0.052593,0.000798,1,0,0,0.000000,0.000000,0.000000,0.000000,0.000000,0.000000,0,0,0,0,0,0.000000,0.000000,0.000000,0.000000,0.000000,0.000000,0.000000,0.000000,0.000000,0,0.000000,0.000000,0.000000
59872,25.278357,100778.000000,-0.190000,12,1,1018,1021,1000,1000,1010.000000,1,0,1,1,0.481585,-0.222490,0.061195,0.017513,-5.133492,0.457702,-81.869453,-81.404297,-81.404297,0.000000,-0.037566,-0.029798,0.000256,1,0,0,0.000000,0.000000,0.000000,0.000000,0.000000,0.000000,0,0,0,0,0,0.000000,0.000000,0.000000,0.000000,0.000000,0.000000,0.000000,0.000000,0.000000,0,0.000000,0.000000,0.000000
59977,25.277376,100778.898438,-0.200000,20,1,1018,1021,1000,1000,1010.000000,1,0,1,1,0.483618,-0.224265,0.062099,0.017335,-5.141766,0.469376,-81.871582,-81.404297,-81.404297,0.000000,-0.037566,-0.039260,0.000445,1,0,0,0.000000,0.000000,0.000000,0.000000,0.000000,0.000000,0,0,0,0,0,0.000000,0.000000,0.000000,0.000000,0.000000,0.000000,0.000000,0.000000,0.000000,0,0.000000,0.000000,0.000000
60063,25.284666,100779.601563,-0.200000,20,1,1018,1021,1000,1000,1010.000000,1,0,1,1,0.487539,-0.227802,0.062278,0.016722,-5.134909,0.465219,-81.873138,-81.404297,-81.404297,0.000000,-0.037566,-0.039062,0.000440,1,0,0,0.000000,0.000000,0.000000,0.000000,0.000000,0.000000,0,0,0,0,0,0.000000,0.000000,0.000000,0.000000,0.000000,0.000000,0.000000,0.000000,0.000000,0,0.000000,0.000000,0.000000
60176,25.283089,100779.000000,-0.200000,4,1,1019,1022,1000,1000,1010.000000,1,0,1,1,0.488835,-0.231509,0.063626,0.016424,-5.158274,0.463448,-81.874519,-81.404297,-81.404297,0.000000,-0.037566,-0.037368,0.000403,1,0,0,0.000000,0.000000,0.000000,0.000000,0.000000,0.000000,0,0,0,0,0,0.000000,0.000000,0.000000,0.000000,0.000000,0.000000,0.000000,0.000000,0.000000,0,0.000000,0.000000,0.000000
60268,25.282494,100779.000000,-0.190000,9,1,1018,1021,1000,1000,1010.000000,1,0,1,1,0.489316,-0.232571,0.066519,0.016994,-5.149955,0.461673,-81.875412,-81.420143,-81.404297,0.015846,-0.005252,-0.024199,0.000169,1,0,0,0.000000,0.000000,0.000000,0.000000,0.000000,0.000000,0,0,0,0,0,0.000000,0.000000,0.000000,0.000000,0.000000,0.000000,0.000000,0.000000,0.000000,0,0.000000,0.000000,0.000000
60374,25.282459,100779.101563,-0.200000,29,1,1019,1022,1000,1000,1010.000000,1,0,1,1,0.489683,-0.232212,0.066797,0.016640,-5.138764,0.490797,-81.878197,-81.419907,-81.404297,0.015607,-0.005252,-0.034531,0.000344,1,0,0,0.000000,0.000000,0.000000,0.000000,0.000000,0.000000,0,0,0,0,0,0.000000,0.000000,0.000000,0.000000,0.000000,0.000000,0.000000,0.000000,0.000000,0,0.000000,0.000000,0.000000
60478,25.288435,100780.898438,-0.230000,4,1,1221,1222,1179,1178,1200.000000,1,1,1,1,0.493268,-0.233939,0.070117,0.022445,-5.153894,0.501079,-81.880409,-81.436287,-81.404297,0.031986,0.028537,-0.061704,0.001095,1,0,1,0.002887,-0.004147,-0.002887,0.004147,-0.001772,0.016497,0,0,0,0,0,0.000000,0.000000,0.000000,0.000000,0.000000,0.000000,0.000000,0.000000,0.000000,0,0.000000,0.000000,0.000000
60574,25.283669,100779.304688,-0.230000,13,1,1217,1228,1183,1173,1200.000000,1,1,1,1,0.494581,-0.237117,0.068441,-0.015736,-5.079487,0.519069,-81.878334,-81.461533,-81.404297,0.057237,0.080869,-0.063522,0.001154,1,0,1,-0.000059,-0.006729,0.000059,0.006729,0.032669,0.050185,0,0,0,0,0,0.000000,0.000000,0.000000,0.000000,0.000000,0.000000,0.000000,0.000000,0.000000,0,0.000000,0.000000,0.000000
60664,25.289452,100777.804688,-0.220000,18,1,1221,1225,1195,1159,1200.000000,1,1,1,1,0.490957,-0.239541,0.070354,0.014372,-4.685400,0.515499,-81.885803,-81.484123,-81.404297,0.079824,0.132601,-0.050605,0.000717,1,0,1,-0.015488,-0.008529,0.015488,0.008529,0.268559,0.024774,0,0,0,0,0,0.000000,0.000000,0.000000,0.000000,0.000000,0.000000,0.000000,0.000000,0.000000,0,0.000000,0.000000,0.000000
60776,25.286489,100775.703125,-0.150000,0,1,1218,1231,1166,1185,1200.000000,1,1,1,1,0.480382,-0.233779,0.093576,0.229397,-4.628452,0.224046,-81.992767,-81.456535,-81.404297,0.052237,0.029868,0.003796,0.000004,1,0,1,-0.065985,0.035105,0.065985,-0.035105,0.714633,-0.613269,0,0,0,0,0,0.000000,0.000000,0.000000,0.000000,0.000000,0.000000,0.000000,0.000000,0.000000,0,0.000000,0.000000,0.000000
60874,25.284105,100774.398438,-0.110000,13,1,1223,1207,1193,1177,1200.000000,1,1,1,1,0.491870,-0.238498,0.061574,-0.147597,-3.985059,0.129041,-81.954758,-81.446228,-81.404297,0.041931,0.040769,0.056520,0.000893,1,0,1,-0.005771,0.019273,0.005771,-0.019273,-0.259516,-0.081185,0,0,0,0,0,0.000000,0.000000,0.000000,0.000000,0.000000,0.000000,0.000000,0.000000,0.000000,0,0.000000,0.000000,0.000000
60961,25.287367,100775.398438,-0.090000,4,1,1241,1219,1182,1158,1200.000000,1,1,1,1,0.502530,-0.237850,0.056034,-0.116450,-4.239480,0.290245,-82.055267,-81.462044,-81.404297,0.057742,0.075112,0.070195,0.001373,1,0,1,0.036534,0.017750,-0.036534,-0.017750,-0.703859,0.015827,0,0,0,0,0,0.000000,0.000000,0.000000,0.000000,0.000000,0.000000,0.000000,0.000000,0.000000,0,0.000000,0.000000,0.000000
61070,25.289154,100776.898438,-0.070000,27,1,1219,1222,1181,1179,1200.000000,1,1,1,1,0.506975,-0.238647,0.049640,-0.023697,-4.491665,0.350095,-82.053810,-81.481041,-81.404297,0.076744,0.117151,0.084785,0.002006,1,0,1,0.052036,0.008377,-0.052036,-0.008377,-0.522591,0.119616,0,0,0,0,0,0.000000,0.000000,0.000000,0.000000,0.000000,0.000000,0.000000,0.000000,0.000000,0,0.000000,0.000000,0.000000
61162,25.288488,100776.000000,-0.050000,33,1,1232,1230,1167,1171,1200.000000,1,1,1,1,0.511660,-0.239414,0.030867,-0.033900,-4.207725,0.448556,-82.043289,-81.474968,-81.404297,0.070672,0.111633,0.090790,0.002265,1,0,1,0.040062,0.001103,-0.040062,-0.001103,-0.213446,0.090323,0,0,0,0,0,0.000000,0.000000,0.000000,0.000000,0.000000,0.000000,0.000000,0.000000,0.000000,0,0.000000,0.000000,0.000000
61268,25.291451,100778.703125,-0.050000,10,1,1215,1219,1171,1195,1200.000000,1,1,1,1,0.518500,-0.236498,0.011777,-0.068366,-4.497122,0.428946,-82.087906,-81.492134,-81.404297,0.087836,0.112848,0.067173,0.001236,1,0,1,0.061625,0.018882,-0.061625,-0.018882,-0.510646,-0.119284,0,0,0,0,0,0.000000,0.000000,0.000000,0.000000,0.000000,0.000000,0.000000,0.000000,0.000000,0,0.000000,0.000000,0.000000
61374,25.286612,100773.500000,-0.030000,30,1,1240,1212,1175,1172,1200.000000,1,1,1,1,0.513065,-0.238593,-0.002963,-0.073609,-4.224107,0.603409,-82.037926,-81.444786,-81.404297,0.040489,0.033352,0.073552,0.001497,1,0,1,0.022271,0.005822,-0.022271,-0.005822,0.101078,0.024651,0,0,0,0,0,0.000000,0.000000,0.000000,0.000000,0.000000,0.000000,0.000000,0.000000,0.000000,0,0.000000,0.000000,0.000000
61460,25.292255,100776.898438,0.010000,30,1,1204,1217,1186,1193,1200.000000,1,1,1,1,0.515340,-0.240905,-0.018239,0.063715,-4.162210,0.493731,-82.056328,-81.480576,-81.404297,0.076280,0.094448,0.095907,0.002550,1,0,1,0.019545,0.010886,-0.019545,-0.010886,0.016923,-0.079437,0,0,0,0,0,0.000000,0.000000,0.000000,0.000000,0.000000,0.000000,0.000000,0.000000,0.000000,0,0.000000,0.000000,0.000000
61563,25.291992,100775.804688,0.050000,4,1,1221,1224,1167,1188,1200.000000,1,1,1,1,0.511566,-0.242802,-0.043200,0.101594,-4.119670,0.452703,-81.983284,-81.435669,-81.404297,0.031371,-0.011673,0.114299,0.003617,1,0,1,0.005864,0.019119,-0.005864,-0.019119,0.145085,-0.180672,0,0,0,0,0,0.000000,0.000000,0.000000,0.000000,0.000000,0.000000,0.000000,0.000000,0.000000,0,0.000000,0.000000,0.000000
61662,25.293991,100777.804688,0.030000,17,1,1218,1217,1162,1203,1200.000000,1,1,1,1,0.513739,-0.242971,-0.066735,-0.098493,-4.315571,0.339762,-82.016640,-81.419716,-81.404297,0.015416,-0.034772,0.090242,0.002221,1,0,1,0.002874,0.012781,-0.002874,-0.012781,0.009627,-0.044468,0,0,0,0,0,0.000000,0.000000,0.000000,0.000000,0.000000,0.000000,0.000000,0.000000,0.000000,0,0.000000,0.000000,0.000000
61764,25.295795,100778.000000,0.000000,33,1,1233,1228,1167,1172,1200.000000,1,1,1,1,0.514765,-0.247359,-0.093975,-0.271470,-4.375011,0.720788,-81.775719,-81.431099,-81.404297,0.026802,0.018332,0.015192,0.000064,1,0,1,0.002774,-0.027194,-0.002774,0.027194,0.073317,0.445995,0,0,0,0,0,0.000000,0.000000,0.000000,0.000000,0.000000,0.000000,0.000000,0.000000,0.000000,0,0.000000,0.000000,0.000000
61871,25.292150,100776.703125,0.010000,11,1,1212,1233,1173,1182,1200.000000,1,1,1,1,0.510931,-0.244138,-0.077379,0.063546,-4.351364,0.525364,-81.749664,-81.454094,-81.404297,0.049792,0.030729,0.034337,0.000325,1,0,1,-0.010818,-0.002286,0.010818,0.002286,0.134382,-0.060505,0,0,0,0,0,0.000000,0.000000,0.000000,0.000000,0.000000,0.000000,0.000000,0.000000,0.000000,0,0.000000,0.000000,0.000000
61976,25.292940,100775.000000,0.010000,20,1,1203,1234,1165,1198,1200.000000,1,1,1,1,0.514409,-0.247116,-0.079854,-0.001860,-4.747979,0.491409,-81.828346,-81.447594,-81.404297,0.043297,0.021918,0.032673,0.000294,1,0,1,0.014421,-0.010186,-0.014421,0.010186,-0.229382,0.133427,0,0,0,0,0,0.000000,0.000000,0.000000,0.000000,0.000000,0.000000,0.000000,0.000000,0.000000,0,0.000000,0.000000,0.000000
62062,25.291519,100775.898438,0.020000,20,1,1223,1214,1168,1195,1200.000000,1,1,1,1,0.518282,-0.245309,-0.077269,0.063860,-4.551685,0.431164,-81.766403,-81.416466,-81.404297,0.012165,-0.057961,0.044367,0.000545,1,0,1,0.029514,-0.000994,-0.029514,0.000994,-0.368301,-0.020016,0,0,0,0,0,0.000000,0.000000,0.000000,0.000000,0.000000,0.000000,0.000000,0.000000,0.000000,0,0.000000,0.000000,0.000000
62176,25.297585,100776.804688,0.030000,5,1,1220,1230,1168,1182,1200.000000,1,1,1,1,0.515121,-0.244933,-0.095843,0.007079,-4.677155,0.247001,-81.783501,-81.428101,-81.404297,0.023803,-0.055058,0.036508,0.000369,1,0,1,0.022868,0.016271,-0.022868,-0.016271,-0.122431,-0.215725,0,0,0,0,0,0.000000,0.000000,0.000000,0.000000,0.000000,0.000000,0.000000,0.000000,0.000000,0,0.000000,0.000000,0.000000
62266,25.294903,100775.203125,0.050000,9,1,1239,1228,1175,1158,1200.000000,1,1,1,1,0.513487,-0.244068,-0.102038,-0.023031,-4.237857,0.289830,-81.752312,-81.435295,-81.404297,0.030995,-0.023919,0.052184,0.000743,1,0,1,-0.006516,0.010900,0.006516,-0.010900,0.250431,-0.099286,0,0,0,0,0,0.000000,0.000000,0.000000,0.000000,0.000000,0.000000,0.000000,0.000000,0.000000,0,0.000000,0.000000,0.000000
62372,25.300615,100776.000000,0.060000,29,1,1219,1223,1161,1196,1200.000000,1,1,1,1,0.506658,-0.247948,-0.119261,-0.049126,-3.816743,0.379972,-81.654121,-81.378990,-81.404297,-0.025313,-0.116625,0.044887,0.000556,1,0,1,-0.043195,-0.004730,0.043195,0.004730,0.608106,0.046871,0,0,0,0,0,0.000000,0.000000,0.000000,0.000000,0.000000,0.000000,0.000000,0.000000,0.000000,0,0.000000,0.000000,0.000000
62460,25.295464,100774.804688,0.080000,19,1,1196,1227,1168,1209,1200.000000,1,1,1,1,0.509521,-0.246483,-0.117757,0.286764,-4.108650,0.132338,-81.577530,-81.388832,-81.404297,-0.015464,-0.128168,0.061304,0.001037,1,0,1,-0.028407,0.013533,0.028407,-0.013533,0.134502,-0.220093,0,0,0,0,0,0.000000,0.000000,0.000000,0.000000,0.000000,0.000000,0.000000,0.000000,0.000000,0,0.000000,0.000000,0.000000
62579,25.292816,100774.500000,0.100000,1,1,1218,1216,1178,1189,1200.000000,1,1,1,1,0.510918,-0.241892,-0.128551,0.278639,-3.688272,0.081591,-81.413963,-81.366890,-81.404297,-0.037409,-0.208785,0.056073,0.000868,1,0,1,-0.016875,0.045613,0.016875,-0.045613,-0.068904,-0.531964,0,0,0,0,0,0.000000,0.000000,0.000000,0.000000,0.000000,0.000000,0.000000,0.000000,0.000000,0,0.000000,0.000000,0.000000
62662,25.298513,100775.000000,0.100000,37,1,1228,1236,1175,1161,1200.000000,1,1,1,1,0.506816,-0.248306,-0.149121,-0.035140,-3.212439,0.285727,-81.380363,-81.368973,-81.404297,-0.035326,-0.219515,0.079464,0.001725,1,0,1,-0.021149,0.069400,0.021149,-0.069400,-0.009520,-0.697405,0,0,0,0,0,0.000000,0.000000,0.000000,0.000000,0.000000,0.000000,0.000000,0.000000,0.000000,0,0.000000,0.000000,0.000000
62763,25.301739,100775.898438,0.120000,10,1,1246,1230,1175,1149,1200.000000,1,1,1,1,0.504711,-0.249598,-0.163205,0.002322,-3.759504,0.107980,-81.437759,-81.348061,-81.404297,-0.056240,-0.193315,0.061565,0.001033,1,0,1,-0.020189,0.009341,0.020189,-0.009341,0.122520,0.226634,0,0,0,0,0,0.000000,0.000000,0.000000,0.000000,0.000000,0.000000,0.000000,0.000000,0.000000,0,0.000000,0.000000,0.000000
62874,25.302456,100775.398438,0.130000,35,1,1217,1218,1173,1193,1200.000000,1,1,1,1,0.516916,-0.242392,-0.169284,0.111655,-3.680523,0.021378,-81.299873,-81.305328,-81.404297,-0.098969,-0.323266,0.061785,0.001053,1,0,1,0.031303,0.031418,-0.031303,-0.031418,-0.607270,-0.155900,0,0,0,0,0,0.000000,0.000000,0.000000,0.000000,0.000000,0.000000,0.000000,0.000000,0.000000,0,0.000000,0.000000,0.000000
62978,25.295322,100773.203125,0.150000,10,1,1198,1232,1169,1202,1200.000000,1,1,1,1,0.513841,-0.243452,-0.185974,0.213509,-3.553189,-0.107191,-81.200226,-81.283363,-81.404297,-0.120935,-0.362464,0.067667,0.001263,1,0,1,0.010441,0.036382,-0.010441,-0.036382,-0.061821,-0.246407,0,0,0,0,0,0.000000,0.000000,0.000000,0.000000,0.000000,0.000000,0.000000,0.000000,0.000000,0,0.000000,0.000000,0.000000
63064,25.298409,100774.500000,0.170000,10,1,1239,1225,1162,1175,1200.000000,1,1,1,1,0.515068,-0.247107,-0.195286,-0.079893,-3.522593,0.080840,-81.157295,-81.219841,-81.404297,-0.184456,-0.484636,0.080412,0.001789,1,0,1,0.016219,0.019685,-0.016219,-0.019685,-0.135852,0.078336,0,0,0,0,0,0.000000,0.000000,0.000000,0.000000,0.000000,0.000000,0.000000,0.000000,0.000000,0,0.000000,0.000000,0.000000
63170,25.296919,100773.000000,0.200000,30,1,1300,1328,1272,1299,1300.000000,1,1,1,1,0.513679,-0.249222,-0.211725,0.005793,-3.640811,-0.023355,-81.301910,-81.245934,-81.404297,-0.158365,-0.397763,0.091074,0.002262,1,0,1,0.038161,-0.008422,-0.038161,0.008422,-0.291983,0.345757,0,0,0,0,0,0.000000,0.000000,0.000000,0.000000,0.000000,0.000000,0.000000,0.000000,0.000000,0,0.000000,0.000000,0.000000
63286,25.299635,100776.304688,0.130000,17,1,1325,1319,1271,1285,1300.000000,1,1,1,1,0.512457,-0.250411,-0.219138,-0.006485,-3.862229,0.159651,-81.241249,-81.207092,-81.404297,-0.197208,-0.488905,0.009689,0.000017,1,0,1,0.028361,-0.010188,-0.028361,0.010188,-0.088974,0.170658,0,0,0,0,0,0.000000,0.000000,0.000000,0.000000,0.000000,0.000000,0.000000,0.000000,0.000000,0,0.000000,0.000000,0.000000
63368,25.306242,100774.000000,0.150000,13,1,1330,1293,1272,1305,1300.000000,1,1,1,1,0.514958,-0.250003,-0.222115,-0.044874,-3.112894,0.265859,-80.914383,-80.899719,-81.404297,-0.504580,-1.102372,0.029918,0.000168,1,0,1,0.029305,-0.003828,-0.029305,0.003828,-0.133610,0.050810,0,0,0,0,0,0.000000,0.000000,0.000000,0.000000,0.000000,0.000000,0.000000,0.000000,0.000000,0,0.000000,0.000000,0.000000
63475,25.306015,100774.398438,0.150000,19,1,1311,1281,1276,1332,1300.000000,1,1,1,1,0.518742,-0.250604,-0.230360,-0.072495,-1.857230,0.290108,-80.136505,-80.232101,-81.404297,-1.172197,-2.402587,0.022042,0.000091,1,0,1,0.040983,-0.002064,-0.040983,0.002064,-0.289332,0.050538,0,0,0,0,0,0.000000,0.000000,0.000000,0.000000,0.000000,0.000000,0.000000,0.000000,0.000000,0,0.000000,0.000000,0.000000
63561,25.304735,100773.601563,0.160000,19,1,1349,1313,1254,1284,1300.000000,1,1,1,1,0.513448,-0.254276,-0.221507,0.152619,-0.723584,-0.355809,-79.697517,-79.876732,-81.404297,-1.527565,-3.070860,0.037546,0.000264,1,0,1,0.019444,-0.020139,-0.019444,0.020139,0.148037,0.230659,0,0,0,0,0,0.000000,0.000000,0.000000,0.000000,0.000000,0.000000,0.000000,0.000000,0.000000,0,0.000000,0.000000,0.000000
63671,25.306225,100776.601563,0.120000,0,1,1315,1309,1286,1290,1300.000000,1,1,1,1,0.517535,-0.258047,-0.226286,0.047625,-1.322372,-1.081670,-79.662552,-80.007835,-81.404297,-1.396466,-2.789333,0.015911,0.000047,1,0,1,-0.006692,-0.043513,0.006692,0.043513,0.296995,0.395460,0,0,0,0,0,0.000000,0.000000,0.000000,0.000000,0.000000,0.000000,0.000000,0.000000,0.000000,0,0.000000,0.000000,0.000000
63768,25.308397,100781.101563,0.060000,11,1,1337,1313,1276,1274,1300.000000,1,1,1,1,0.525405,-0.260888,-0.212693,0.101508,-2.685621,-1.517597,-79.793182,-80.115715,-81.404297,-1.288584,-2.560781,-0.057316,0.000608,1,0,1,0.054558,-0.033422,-0.054558,0.033422,-0.620592,0.292062,0,0,0,0,0,0.000000,0.000000,0.000000,0.000000,0.000000,0.000000,0.000000,0.000000,0.000000,0,0.000000,0.000000,0.000000
63872,25.312393,100780.101563,0.000000,29,1,1337,1318,1269,1276,1300.000000,1,1,1,1,0.524914,-0.265714,-0.216007,0.018524,-3.515984,-2.241234,-79.715263,-80.064941,-81.404297,-1.339359,-2.640326,-0.123170,0.002830,1,0,1,0.035558,-0.045806,-0.035558,0.045806,-0.102587,0.373809,0,0,0,0,0,0.000000,0.000000,0.000000,0.000000,0.000000,0.000000,0.000000,0.000000,0.000000,0,0.000000,0.000000,0.000000
63982,25.302702,100776.601563,-0.040000,10,1,1337,1324,1255,1284,1300.000000,1,1,1,1,0.528347,-0.271794,-0.203152,-0.109594,-3.724557,-2.226103,-79.571205,-80.006767,-81.404297,-1.397532,-2.753734,-0.151018,0.004254,1,0,1,0.030651,-0.059554,-0.030651,0.059554,-0.024923,0.452311,0,0,0,0,0,0.000000,0.000000,0.000000,0.000000,0.000000,0.000000,0.000000,0.000000,0.000000,0,0.000000,0.000000,0.000000
64068,25.307293,100777.898438,-0.050000,10,1,1317,1287,1287,1309,1300.000000,1,1,1,1,0.525611,-0.271241,-0.191168,-0.050345,-3.875728,-1.875987,-79.394188,-79.866867,-81.404297,-1.537435,-3.065860,-0.148980,0.004148,1,0,1,0.003151,-0.038020,-0.003151,0.038020,0.280609,-0.030002,0,0,0,0,0,0.000000,0.000000,0.000000,0.000000,0.000000,0.000000,0.000000,0.000000,0.000000,0,0.000000,0.000000,0.000000
64162,25.309799,100778.898438,-0.090000,18,1,1340,1318,1265,1278,1300.000000,1,1,1,1,0.525478,-0.272688,-0.178513,-0.010891,-3.630280,-1.843739,-79.277489,-79.842461,-81.404297,-1.561839,-3.123247,-0.176884,0.005788,1,0,1,-0.045384,-0.018985,0.045384,0.018985,0.731998,-0.283270,0,0,0,0,0,0.000000,0.000000,0.000000,0.000000,0.000000,0.000000,0.000000,0.000000,0.000000,0,0.000000,0.000000,0.000000
64263,25.304911,100777.804688,-0.110000,33,1,1324,1315,1268,1293,1300.000000,1,1,1,1,0.524310,-0.277781,-0.160928,0.017364,-3.882221,-2.082969,-79.346298,-79.868881,-81.404297,-1.535420,-3.059146,-0.181211,0.006121,1,0,1,-0.023526,-0.041667,0.023526,0.041667,0.241660,0.255241,0,0,0,0,0,0.000000,0.000000,0.000000,0.000000,0.000000,0.000000,0.000000,0.000000,0.000000,0,0.000000,0.000000,0.000000
64375,25.310974,100778.898438,-0.150000,4,1,1333,1342,1255,1270,1300.000000,1,1,1,1,0.520148,-0.279159,-0.143637,-0.138993,-6.100195,-1.812208,-79.508194,-80.036400,-81.404297,-1.367903,-2.738885,-0.206857,0.007912,1,0,1,-0.042353,-0.025690,0.042353,0.025690,0.439164,-0.057441,0,0,0,0,0,0.000000,0.000000,0.000000,0.000000,0.000000,0.000000,0.000000,0.000000,0.000000,0,0.000000,0.000000,0.000000
64461,25.311903,100779.398438,-0.180000,4,1,1335,1326,1262,1277,1300.000000,1,1,1,1,0.522087,-0.279258,-0.111024,0.039613,-6.591016,-1.631473,-79.554840,-80.071999,-81.404297,-1.332304,-2.670372,-0.202508,0.007641,1,0,1,-0.044230,-0.025348,0.044230,0.025348,0.333661,0.043537,0,0,0,0,0,0.000000,0.000000,0.000000,0.000000,0.000000,0.000000,0.000000,0.000000,0.000000,0,0.000000,0.000000,0.000000
64569,25.308697,100776.398438,-0.150000,26,1,1288,1295,1266,1352,1300.000000,1,1,1,1,0.520752,-0.278776,-0.103649,-0.031535,-5.866820,-0.791504,-79.381996,-79.844650,-81.404297,-1.559646,-3.140576,-0.161249,0.004860,1,0,1,-0.049044,-0.027514,0.049044,0.027514,0.253183,0.019576,0,0,0,0,0,0.000000,0.000000,0.000000,0.000000,0.000000,0.000000,0.000000,0.000000,0.000000,0,0.000000,0.000000,0.000000
64662,25.314777,100779.203125,-0.160000,33,1,1342,1263,1272,1323,1300.000000,1,1,1,1,0.523187,-0.280855,-0.096799,-0.044628,-5.110535,-0.691583,-78.889900,-79.318176,-81.404297,-2.086124,-4.184023,-0.153864,0.004384,1,0,1,-0.041824,-0.013333,0.041824,0.013333,0.083992,-0.094144,0,0,0,0,0,0.000000,0.000000,0.000000,0.000000,0.000000,0.000000,0.000000,0.000000,0.000000,0,0.000000,0.000000,0.000000
64768,25.312132,100777.601563,-0.150000,10,1,1351,1297,1239,1313,1300.000000,1,1,1,1,0.518054,-0.282411,-0.076985,0.008248,-4.349394,-1.049260,-77.940826,-78.452637,-81.404297,-2.951659,-5.904118,-0.135587,0.003401,1,0,1,-0.057999,-0.016772,0.057999,0.016772,0.428489,-0.023114,0,0,0,0,0,0.000000,0.000000,0.000000,0.000000,0.000000,0.000000,0.000000,0.000000,0.000000,0,0.000000,0.000000,0.000000
64877,25.316565,100778.101563,-0.160000,33,1,1328,1290,1258,1325,1300.000000,1,1,1,1,0.521604,-0.285307,-0.081804,-0.270185,-5.622713,-0.610816,-77.458565,-78.028069,-81.404297,-3.376231,-6.754156,-0.142133,0.003762,1,0,1,-0.040874,-0.018147,0.040874,0.018147,0.171793,0.036619,0,0,0,0,0,0.000000,0.000000,0.000000,0.000000,0.000000,0.000000,0.000000,0.000000,0.000000,0,0.000000,0.000000,0.000000
64973,25.315128,100778.804688,-0.160000,0,1,1324,1317,1242,1317,1300.000000,1,1,1,1,0.520814,-0.284434,-0.064867,-0.072346,-5.406732,-0.160966,-77.425377,-77.967499,-81.404297,-3.436801,-6.876915,-0.128264,0.003073,1,0,1,-0.062761,-0.015839,0.062761,0.015839,0.494816,-0.067188,0,0,0,0,0,0.000000,0.000000,0.000000,0.000000,0.000000,0.000000,0.000000,0.000000,0.000000,0,0.000000,0.000000,0.000000
65073,25.316460,100778.601563,-0.170000,14,1,1330,1308,1252,1310,1300.000000,1,1,1,1,0.525550,-0.285614,-0.048677,0.054293,-5.810449,0.111264,-77.353790,-77.976601,-81.404297,-3.427696,-6.867864,-0.126142,0.002971,1,0,1,-0.077017,-0.044547,0.077017,0.044547,0.511783,0.426637,0,0,0,0,0,0.000000,0.000000,0.000000,0.000000,0.000000,0.000000,0.000000,0.000000,0.000000,0,0.000000,0.000000,0.000000
65162,25.315023,100778.101563,-0.160000,17,1,1340,1293,1233,1334,1300.000000,1,1,1,1,0.525666,-0.283894,-0.045843,-0.009902,-6.193698,0.264775,-77.097687,-77.683113,-81.404297,-3.721183,-7.445357,-0.096115,0.001707,1,0,1,-0.096110,-0.124078,0.096110,0.124078,0.981613,1.243692,0,0,0,0,0,0.000000,0.000000,0.000000,0.000000,0.000000,0.000000,0.000000,0.000000,0.000000,0,0.000000,0.000000,0.000000
65287,25.317057,100778.398438,-0.160000,1,1,1384,1286,1206,1324,1300.000000,1,1,1,1,0.523435,-0.282091,-0.039905,0.000858,-5.539615,1.443992,-75.960526,-76.651466,-81.404297,-4.752835,-9.550496,-0.105779,0.002078,1,0,1,-0.091197,-0.071411,0.091197,0.071411,0.603053,0.178515,0,0,0,0,0,0.000000,0.000000,0.000000,0.000000,0.000000,0.000000,0.000000,0.000000,0.000000,0,0.000000,0.000000,0.000000
65380,25.318827,100778.203125,-0.170000,1,1,1373,1268,1200,1359,1300.000000,1,1,1,1,0.520689,-0.287229,-0.029865,-0.042388,-5.155692,2.193251,-74.959267,-75.651505,-81.404297,-5.752795,-11.559768,-0.104655,0.002045,1,0,1,-0.053041,-0.064591,0.053041,0.064591,0.139584,0.287574,0,0,0,0,0,0.000000,0.000000,0.000000,0.000000,0.000000,0.000000,0.000000,0.000000,0.000000,0,0.000000,0.000000,0.000000
65471,25.319860,100776.203125,-0.160000,6,1,1378,1280,1203,1339,1300.000000,1,1,1,1,0.524540,-0.280376,-0.009727,0.114356,-5.874386,2.175541,-73.863342,-74.675041,-81.404297,-6.729259,-13.550930,-0.074380,0.001031,1,0,1,-0.032874,-0.030441,0.032874,0.030441,-0.200099,-0.154163,0,0,0,0,0,0.000000,0.000000,0.000000,0.000000,0.000000,0.000000,0.000000,0.000000,0.000000,0,0.000000,0.000000,0.000000
65575,25.319843,100777.500000,-0.140000,24,1,1398,1298,1208,1295,1300.000000,1,1,1,1,0.518788,-0.282763,-0.005647,0.094679,-5.450894,1.894815,-73.166466,-74.214310,-81.404297,-7.189990,-14.430946,-0.050512,0.000477,1,0,1,-0.031771,-0.002393,0.031771,0.002393,0.045769,-0.260008,0,0,0,0,0,0.000000,0.000000,0.000000,0.000000,0.000000,0.000000,0.000000,0.000000,0.000000,0,0.000000,0.000000,0.000000
65676,25.317600,100778.703125,-0.140000,39,1,1360,1291,1219,1331,1300.000000,1,1,1,1,0.519076,-0.283367,-0.006556,-0.023603,-4.955815,1.476851,-72.895042,-74.139931,-81.404297,-7.264371,-14.547967,-0.036454,0.000246,1,0,1,-0.068951,-0.018123,0.068951,0.018123,0.576885,-0.077370,0,0,0,0,0,0.000000,0.000000,0.000000,0.000000,0.000000,0.000000,0.000000,0.000000,0.000000,0,0.000000,0.000000,0.000000
65778,25.325100,100780.203125,-0.170000,12,1,1343,1277,1246,1334,1300.000000,1,1,1,1,0.511258,-0.286255,0.009454,0.146761,-4.757907,0.863778,-72.719963,-74.169441,-81.404297,-7.234858,-14.481984,-0.066076,0.000808,1,0,1,-0.078709,-0.027861,0.078709,0.027861,0.633042,0.047712,0,0,0,0,0,0.000000,0.000000,0.000000,0.000000,0.000000,0.000000,0.000000,0.000000,0.000000,0,0.000000,0.000000,0.000000
65876,25.324102,100778.601563,-0.180000,24,1,1365,1281,1218,1336,1300.000000,1,1,1,1,0.510786,-0.286332,-0.004569,-0.112933,-4.452047,0.927090,-72.537346,-74.079803,-81.404297,-7.324497,-14.658344,-0.087384,0.001424,1,0,1,-0.056902,-0.034342,0.056902,0.034342,0.301389,0.187004,0,0,0,0,0,0.000000,0.000000,0.000000,0.000000,0.000000,0.000000,0.000000,0.000000,0.000000,0,0.000000,0.000000,0.000000
65972,25.321701,100777.601563,-0.160000,34,1,1342,1292,1223,1343,1300.000000,1,1,1,1,0.512116,-0.287778,0.009475,0.017657,-3.584250,1.333596,-72.221504,-73.971275,-81.404297,-7.433022,-14.872344,-0.053248,0.000530,1,0,1,-0.046991,-0.039273,0.046991,0.039273,0.187914,0.230427,0,0,0,0,0,0.000000,0.000000,0.000000,0.000000,0.000000,0.000000,0.000000,0.000000,0.000000,0,0.000000,0.000000,0.000000
66080,25.321596,100778.203125,-0.170000,0,1,1435,1386,1331,1448,1400.000000,1,1,1,1,0.506470,-0.290179,0.011369,0.048741,-3.174206,1.745394,-71.955948,-73.970169,-81.404297,-7.434128,-14.875244,-0.063693,0.000576,1,0,1,-0.062526,-0.044812,0.062526,0.044812,0.458467,0.174199,0,0,0,0,0,0.000000,0.000000,0.000000,0.000000,0.000000,0.000000,0.000000,0.000000,0.000000,0,0.000000,0.000000,0.000000
66170,25.326117,100779.101563,-0.160000,4,1,1417,1377,1343,1463,1400.000000,1,1,1,1,0.501629,-0.288370,0.021080,0.031083,-1.615717,1.997566,-71.829178,-74.103233,-81.404297,-7.301069,-14.531049,-0.040647,0.000234,1,0,1,-0.054450,-0.040959,0.054450,0.040959,0.240299,0.093952,0,0,0,0,0,0.000000,0.000000,0.000000,0.000000,0.000000,0.000000,0.000000,0.000000,0.000000,0,0.000000,0.000000,0.000000
66280,25.323330,100777.601563,-0.140000,28,1,1392,1433,1311,1463,1400.000000,1,1,1,1,0.508422,-0.284567,0.009262,-0.205501,-0.511244,3.802547,-71.943008,-74.306313,-81.404297,-7.097987,-14.031379,-0.022329,0.000070,1,0,1,0.009570,-0.014795,-0.009570,0.014795,-0.631135,0.056951,0,0,0,0,0,0.000000,0.000000,0.000000,0.000000,0.000000,0.000000,0.000000,0.000000,0.000000,0,0.000000,0.000000,0.000000
66368,25.327433,100779.000000,-0.150000,30,1,1434,1445,1276,1445,1400.000000,1,1,1,1,0.514957,-0.278062,-0.022777,-0.563171,-2.261698,7.134121,-72.219872,-74.389122,-81.404297,-7.015178,-14.122835,-0.062583,0.000554,1,0,1,0.040450,0.044367,-0.040450,-0.044367,-0.948173,-0.579546,0,0,0,0,0,0.000000,0.000000,0.000000,0.000000,0.000000,0.000000,0.000000,0.000000,0.000000,0,0.000000,0.000000,0.000000
66476,25.324732,100777.101563,-0.140000,9,1,1445,1419,1312,1425,1400.000000,1,1,1,1,0.522714,-0.279468,-0.010067,-0.197395,-3.784800,7.923082,-72.580635,-74.771957,-81.404297,-6.632339,-13.576469,-0.051684,0.000377,1,0,1,0.055481,0.032297,-0.055481,-0.032297,-0.631251,-0.077545,0,0,0,0,0,0.000000,0.000000,0.000000,0.000000,0.000000,0.000000,0.000000,0.000000,0.000000,0,0.000000,0.000000,0.000000
66562,25.326223,100778.203125,-0.140000,9,1,1439,1426,1306,1429,1400.000000,1,1,1,1,0.536906,-0.280613,-0.002773,0.077431,-4.083956,7.483972,-72.534294,-74.790184,-81.404297,-6.614116,-13.600129,-0.045114,0.000288,1,0,1,0.082138,0.011457,-0.082138,-0.011457,-0.781293,0.324577,0,0,0,0,0,0.000000,0.000000,0.000000,0.000000,0.000000,0.000000,0.000000,0.000000,0.000000,0,0.000000,0.000000,0.000000
66668,25.333145,100778.203125,-0.130000,29,1,1438,1394,1340,1428,1400.000000,1,1,1,1,0.553428,-0.277065,-0.009190,-0.071464,-4.753189,7.449185,-72.673325,-74.832199,-81.404297,-6.572104,-13.639231,-0.024346,0.000083,1,0,1,0.110777,0.007080,-0.110777,-0.007080,-0.899667,0.318250,0,0,0,0,0,0.000000,0.000000,0.000000,0.000000,0.000000,0.000000,0.000000,0.000000,0.000000,0,0.000000,0.000000,0.000000
66778,25.333094,100777.703125,-0.120000,10,1,1430,1382,1342,1447,1400.000000,1,1,1,1,0.569618,-0.273966,-0.014246,-0.143869,-4.721887,6.490509,-72.668030,-74.728828,-81.404297,-6.675472,-13.851027,-0.035462,0.000176,1,0,1,0.129468,0.025564,-0.129468,-0.025564,-0.903118,0.014783,0,0,0,0,0,0.000000,0.000000,0.000000,0.000000,0.000000,0.000000,0.000000,0.000000,0.000000,0,0.000000,0.000000,0.000000
66874,25.329832,100774.703125,-0.070000,20,1,1446,1395,1309,1450,1400.000000,1,1,1,1,0.573844,-0.266930,-0.031442,-0.263683,-4.552388,6.027726,-72.338333,-74.361351,-81.404297,-7.042950,-14.445374,0.003680,0.000002,1,0,1,0.081596,0.050807,-0.081596,-0.050807,-0.222992,-0.475571,0,0,0,0,0,0.000000,0.000000,0.000000,0.000000,0.000000,0.000000,0.000000,0.000000,0.000000,0,0.000000,0.000000,0.000000
66960,25.334215,100774.601563,-0.030000,20,1,1452,1394,1307,1447,1400.000000,1,1,1,1,0.587034,-0.249970,-0.040750,-0.144329,-3.627500,5.419751,-72.054893,-73.969322,-81.404297,-7.434975,-15.180425,0.033093,0.000155,1,0,1,0.080097,0.098164,-0.080097,-0.098164,-0.602681,-0.893046,0,0,0,0,0,0.000000,0.000000,0.000000,0.000000,0.000000,0.000000,0.000000,0.000000,0.000000,0,0.000000,0.000000,0.000000
67081,25.335669,100774.000000,0.040000,0,1,1440,1390,1319,1452,1400.000000,1,1,1,1,0.597374,-0.226763,-0.064371,-0.117415,-2.903003,4.430369,-71.706879,-73.356384,-81.404297,-8.047916,-16.305525,0.063637,0.000572,1,0,1,0.096667,0.149374,-0.096667,-0.149374,-0.899337,-1.026152,0,0,0,0,0,0.000000,0.000000,0.000000,0.000000,0.000000,0.000000,0.000000,0.000000,0.000000,0,0.000000,0.000000,0.000000
67171,25.332901,100772.601563,0.100000,4,1,1459,1381,1324,1436,1400.000000,1,1,1,1,0.595705,-0.205919,-0.083513,-0.045170,-3.050418,3.808153,-71.553711,-73.024727,-81.404297,-8.379570,-16.959702,0.122125,0.002108,1,0,1,0.073449,0.167986,-0.073449,-0.167986,-0.526467,-1.140496,0,0,0,0,0,0.000000,0.000000,0.000000,0.000000,0.000000,0.000000,0.000000,0.000000,0.000000,0,0.000000,0.000000,0.000000
67281,25.334459,100772.398438,0.150000,28,1,1493,1338,1349,1420,1400.000000,1,1,1,1,0.593346,-0.183064,-0.110767,-0.103720,-3.339368,3.180043,-71.349815,-72.500648,-81.404297,-8.903650,-17.976040,0.152956,0.003279,1,0,1,0.021696,0.193522,-0.021696,-0.193522,-0.071951,-1.248705,0,0,0,0,0,0.000000,0.000000,0.000000,0.000000,0.000000,0.000000,0.000000,0.000000,0.000000,0,0.000000,0.000000,0.000000
67368,25.337860,100772.304688,0.190000,29,1,1480,1386,1299,1436,1400.000000,1,1,1,1,0.589971,-0.166708,-0.128797,0.004570,-3.290047,2.289525,-70.966911,-71.965485,-81.404297,-9.438816,-19.008205,0.169431,0.004049,1,0,1,-0.022711,0.182805,0.022711,-0.182805,0.387898,-1.095016,0,0,0,0,0,0.000000,0.000000,0.000000,0.000000,0.000000,0.000000,0.000000,0.000000,0.000000,0,0.000000,0.000000,0.000000
67478,25.334652,100770.101563,0.240000,10,1,1470,1389,1291,1450,1400.000000,1,1,1,1,0.591243,-0.151487,-0.189704,-0.191149,-3.379652,2.053703,-70.490753,-71.270432,-81.404297,-10.133870,-20.000000,0.158913,0.003562,1,0,1,0.001748,0.148154,-0.001748,-0.148154,-0.135423,-0.405575,0,0,0,0,0,0.000000,0.000000,0.000000,0.000000,0.000000,0.000000,0.000000,0.000000,0.000000,0,0.000000,0.000000,0.000000
67564,25.337317,100769.398438,0.300000,10,1,1438,1383,1304,1475,1400.000000,1,1,1,1,0.589309,-0.137515,-0.230335,-0.210700,-2.747472,2.806047,-70.292839,-71.024422,-81.404297,-10.379880,-20.000000,0.179045,0.004528,1,0,1,0.014003,0.133280,-0.014003,-0.133280,-0.282402,-0.311587,0,0,0,0,0,0.000000,0.000000,0.000000,0.000000,0.000000,0.000000,0.000000,0.000000,0.000000,0,0.000000,0.000000,0.000000
67670,25.335512,100768.398438,0.360000,30,1,1456,1373,1318,1453,1400.000000,1,1,1,1,0.586324,-0.120893,-0.281037,-0.234006,-3.229284,3.518410,-70.143158,-70.678810,-81.404297,-10.725487,-20.000000,0.202314,0.005736,1,0,1,0.016677,0.127515,-0.016677,-0.127515,-0.277451,-0.391851,0,0,0,0,0,0.000000,0.000000,0.000000,0.000000,0.000000,0.000000,0.000000,0.000000,0.000000,0,0.000000,0.000000,0.000000
67778,25.337124,100769.304688,0.420000,9,1,1454,1369,1326,1451,1400.000000,1,1,1,1,0.585524,-0.107660,-0.343531,-0.332457,-2.894081,3.368936,-69.958168,-70.249321,-81.404297,-11.154976,-20.000000,0.190439,0.006270,1,0,1,-0.006837,0.121510,0.006837,-0.121510,0.066467,-0.506300,0,0,0,0,0,0.000000,0.000000,0.000000,0.000000,0.000000,0.000000,0.000000,0.000000,0.000000,0,0.000000,0.000000,0.000000
67868,25.338316,100768.898438,0.470000,13,1,1468,1360,1330,1443,1400.000000,1,1,1,1,0.574921,-0.109908,-0.385539,-0.248314,-2.126777,2.686667,-69.762390,-69.869545,-81.404297,-11.534756,-20.000000,0.198940,0.006902,1,0,1,-0.046355,0.069582,0.046355,-0.069582,0.688752,-0.075311,0,0,0,0,0,0.000000,0.000000,0.000000,0.000000,0.000000,0.000000,0.000000,0.000000,0.000000,0,0.000000,0.000000,0.000000
67970,25.337826,100767.203125,0.530000,29,1,1474,1377,1297,1451,1400.000000,1,1,1,1,0.558149,-0.107616,-0.457600,-0.357605,-1.161968,2.014928,-69.600380,-69.399818,-81.404297,-12.004481,-20.000000,0.193507,0.006547,1,0,1,-0.086799,0.060629,0.086799,-0.060629,0.846541,-0.385353,0,0,0,0,0,0.000000,0.000000,0.000000,0.000000,0.000000,0.000000,0.000000,0.000000,0.000000,0,0.000000,0.000000,0.000000
68070,25.342207,100766.398438,0.580000,20,1,1454,1366,1320,1460,1400.000000,1,1,1,1,0.551012,-0.092883,-0.527674,-0.479264,-0.632549,1.912822,-69.251785,-68.964027,-81.404297,-12.440274,-20.000000,0.171583,0.005148,1,0,1,-0.062366,0.089661,0.062366,-0.089661,0.025846,-0.663241,0,0,0,0,0,0.000000,0.000000,0.000000,0.000000,0.000000,0.000000,0.000000,0.000000,0.000000,0,0.000000,0.000000,0.000000
68179,25.342819,100765.703125,0.660000,0,1,1473,1375,1313,1439,1400.000000,1,1,1,1,0.539247,-0.092401,-0.593992,-0.281422,-0.664593,1.639065,-69.060875,-68.581161,-81.404297,-12.823141,-20.000000,0.159528,0.004410,1,0,1,-0.020464,0.092096,0.020464,-0.092096,-0.332700,-0.332837,0,0,0,0,0,0.000000,0.000000,0.000000,0.000000,0.000000,0.000000,0.000000,0.000000,0.000000,0,0.000000,0.000000,0.000000
68281,25.347639,100767.101563,0.690000,0,1,1453,1362,1333,1452,1400.000000,1,1,1,1,0.525663,-0.095184,-0.657050,-0.410377,-1.430750,1.606860,-69.000870,-68.298828,-81.404297,-13.105474,-20.000000,0.163105,0.004628,1,0,1,-0.024932,0.024311,0.024932,-0.024311,0.159566,0.406583,0,0,0,0,0,0.000000,0.000000,0.000000,0.000000,0.000000,0.000000,0.000000,0.000000,0.000000,0,0.000000,0.000000,0.000000
68376,25.347395,100763.898438,0.750000,10,1,1446,1366,1326,1462,1400.000000,1,1,1,1,0.524672,-0.095636,-0.722548,-0.447723,-1.425926,1.769852,-68.846825,-67.963951,-81.404297,-13.440351,-20.000000,0.139412,0.004018,1,0,1,-0.012899,0.004731,0.012899,-0.004731,0.038252,0.349788,0,0,0,0,0,0.000000,0.000000,0.000000,0.000000,0.000000,0.000000,0.000000,0.000000,0.000000,0,0.000000,0.000000,0.000000
68468,25.346518,100762.804688,0.830000,16,1,1469,1389,1309,1434,1400.000000,1,1,1,1,0.508218,-0.097686,-0.781204,-0.337616,-0.868724,1.780279,-68.878448,-67.796761,-81.404297,-13.607540,-20.000000,0.164777,0.005651,1,0,1,-0.036016,-0.002908,0.036016,0.002908,0.384658,0.125457,0,0,0,0,0,0.000000,0.000000,0.000000,0.000000,0.000000,0.000000,0.000000,0.000000,0.000000,0,0.000000,0.000000,0.000000
68573,25.347359,100761.804688,0.910000,35,1,1470,1401,1295,1435,1400.000000,1,1,1,1,0.501414,-0.111226,-0.850354,-0.315577,-0.494007,1.952156,-68.931679,-67.595749,-81.404297,-13.808553,-20.000000,0.182107,0.006915,1,0,1,-0.034089,-0.042397,0.034089,0.042397,0.360889,0.616062,0,0,0,0,0,0.000000,0.000000,0.000000,0.000000,0.000000,0.000000,0.000000,0.000000,0.000000,0,0.000000,0.000000,0.000000
68661,25.347359,100762.101563,0.960000,29,1,1446,1436,1297,1421,1400.000000,1,1,1,1,0.492827,-0.118075,-0.918791,-0.514821,-1.231747,3.098544,-69.240677,-67.877228,-81.404297,-13.527074,-20.000000,0.180315,0.006697,1,0,1,-0.003341,-0.072053,0.003341,0.072053,0.032485,0.875524,0,0,0,0,0,0.000000,0.000000,0.000000,0.000000,0.000000,0.000000,0.000000,0.000000,0.000000,0,0.000000,0.000000,0.000000
68765,25.350006,100761.203125,1.060000,4,1,1341,1509,1251,1499,1400.000000,1,1,1,1,0.492284,-0.124618,-1.000098,-0.413437,-1.312877,4.185108,-70.477623,-68.965973,-81.404297,-12.438328,-20.000000,0.171625,0.006098,1,0,1,-0.009553,-0.036691,0.009553,0.036691,-0.008521,-0.092473,0,0,0,0,0,0.000000,0.000000,0.000000,0.000000,0.000000,0.000000,0.000000,0.000000,0.000000,0,0.000000,0.000000,0.000000
68875,25.345659,100759.601563,1.110000,19,1,1395,1458,1290,1457,1400.000000,1,1,1,1,0.482938,-0.135906,-1.097109,-0.595458,-1.237051,7.622578,-71.864845,-70.187820,-81.404297,-11.216482,-20.000000,0.133095,0.003678,1,0,1,-0.026415,-0.013093,0.026415,0.013093,0.136306,-0.381827,0,0,0,0,0,0.000000,0.000000,0.000000,0.000000,0.000000,0.000000,0.000000,0.000000,0.000000,0,0.000000,0.000000,0.000000
68961,25.348656,100759.101563,1.170000,20,1,1405,1463,1279,1453,1400.000000,1,1,1,1,0.472201,-0.123240,-1.166024,-0.601215,-2.457976,9.502252,-72.896286,-70.979172,-81.404297,-10.425130,-20.000000,0.122146,0.003118,1,0,1,-0.035240,0.054213,0.035240,-0.054213,-0.039484,-1.094889,0,0,0,0,0,0.000000,0.000000,0.000000,0.000000,0.000000,0.000000,0.000000,0.000000,0.000000,0,0.000000,0.000000,0.000000
69070,25.352337,100757.398438,1.230000,20,1,1417,1436,1274,1474,1400.000000,1,1,1,1,0.463000,-0.103116,-1.234684,-0.418508,-2.002107,10.618829,-73.685707,-71.567238,-81.404297,-9.837064,-20.000000,0.110470,0.002551,1,0,1,-0.036311,0.117746,0.036311,-0.117746,-0.150840,-1.397561,0,0,0,0,0,0.000000,0.000000,0.000000,0.000000,0.000000,0.000000,0.000000,0.000000,0.000000,0,0.000000,0.000000,0.000000
69180,25.356140,100759.804688,1.290000,1,1,1405,1447,1301,1448,1400.000000,1,1,1,1,0.451350,-0.072181,-1.300308,-0.469406,-1.981644,11.314404,-74.212013,-71.964935,-81.404297,-9.439363,-19.436834,0.113071,0.002645,1,0,1,-0.059924,0.153382,0.059924,-0.153382,0.120808,-1.465530,0,0,0,0,0,0.000000,0.000000,0.000000,0.000000,0.000000,0.000000,0.000000,0.000000,0.000000,0,0.000000,0.000000,0.000000
69281,25.354826,100759.500000,1.320000,0,1,1401,1445,1317,1437,1400.000000,1,1,1,1,0.439113,-0.047554,-1.346753,-0.377127,-1.788791,10.813322,-75.211853,-72.847878,-81.404297,-8.556424,-17.655453,0.080666,0.001351,1,0,1,-0.072574,0.212726,0.072574,-0.212726,0.041017,-1.783474,0,0,0,0,0,0.000000,0.000000,0.000000,0.000000,0.000000,0.000000,0.000000,0.000000,0.000000,0,0.000000,0.000000,0.000000
69376,25.352320,100758.601563,1.360000,10,1,1410,1445,1342,1403,1400.000000,1,1,1,1,0.430545,-0.031499,-1.397822,-0.377417,-1.560732,9.431061,-76.195976,-73.756607,-81.404297,-7.647695,-15.654061,0.068443,0.000974,1,0,1,-0.079481,0.176735,0.079481,-0.176735,0.249195,-0.921564,0,0,0,0,0,0.000000,0.000000,0.000000,0.000000,0.000000,0.000000,0.000000,0.000000,0.000000,0,0.000000,0.000000,0.000000
69468,25.358768,100758.101563,1.400000,16,1,1423,1432,1340,1405,1400.000000,1,1,1,1,0.424483,-0.012604,-1.427086,-0.338777,-1.383513,7.668095,-77.165993,-74.431458,-81.404297,-6.972845,-14.184180,0.083266,0.001450,1,0,1,-0.065325,0.154474,0.065325,-0.154474,0.103547,-0.559204,0,0,0,0,0,0.000000,0.000000,0.000000,0.000000,0.000000,0.000000,0.000000,0.000000,0.000000,0,0.000000,0.000000,0.000000
69573,25.356771,100758.101563,1.430000,35,1,1440,1418,1336,1406,1400.000000,1,1,1,1,0.413988,0.004608,-1.463692,-0.382604,-2.101639,6.140181,-77.932129,-74.974129,-81.404297,-6.430172,-13.042327,0.083382,0.001455,1,0,1,-0.069895,0.128066,0.069895,-0.128066,0.320199,-0.358774,0,0,0,0,0,0.000000,0.000000,0.000000,0.000000,0.000000,0.000000,0.000000,0.000000,0.000000,0,0.000000,0.000000,0.000000
69661,25.360031,100758.304688,1.440000,29,1,1449,1415,1326,1410,1400.000000,1,1,1,1,0.407525,0.020941,-1.485694,-0.288574,-2.314198,5.065266,-78.062790,-75.001099,-81.404297,-6.403200,-12.985137,0.049101,0.000498,1,0,1,-0.066863,0.117755,0.066863,-0.117755,0.224339,-0.368971,0,0,0,0,0,0.000000,0.000000,0.000000,0.000000,0.000000,0.000000,0.000000,0.000000,0.000000,0,0.000000,0.000000,0.000000
69765,25.358541,100759.101563,1.460000,4,1,1477,1389,1358,1376,1400.000000,1,1,1,1,0.398338,0.029017,-1.529225,-0.386207,-2.741877,4.037169,-78.125450,-74.991730,-81.404297,-6.412571,-12.983850,0.032974,0.000226,1,0,1,-0.075536,0.071506,0.075536,-0.071506,0.408211,0.086844,0,0,0,0,0,0.000000,0.000000,0.000000,0.000000,0.000000,0.000000,0.000000,0.000000,0.000000,0,0.000000,0.000000,0.000000
69875,25.361626,100760.304688,1.450000,19,1,1439,1424,1337,1400,1400.000000,1,1,1,1,0.387082,0.053996,-1.548276,-0.304318,-3.336071,3.150273,-78.373398,-75.066933,-81.404297,-6.337364,-12.848829,0.007892,0.000013,1,0,1,-0.085910,0.086140,0.085910,-0.086140,0.388973,-0.385399,0,0,0,0,0,0.000000,0.000000,0.000000,0.000000,0.000000,0.000000,0.000000,0.000000,0.000000,0,0.000000,0.000000,0.000000
69969,25.356245,100756.304688,1.470000,20,1,1441,1411,1343,1405,1400.000000,1,1,1,1,0.384423,0.061202,-1.548167,-0.137670,-2.301374,2.053617,-78.785934,-75.293938,-81.404297,-6.110363,-12.309367,0.025832,0.000140,1,0,1,-0.085251,0.057355,0.085251,-0.057355,0.428468,-0.030640,0,0,0,0,0,0.000000,0.000000,0.000000,0.000000,0.000000,0.000000,0.000000,0.000000,0.000000,0,0.000000,0.000000,0.000000
70071,25.362537,100760.101563,1.470000,19,1,1427,1401,1365,1406,1400.000000,1,1,1,1,0.386773,0.066505,-1.563088,-0.247422,-2.235178,1.003694,-79.218979,-75.566132,-81.404297,-5.838166,-11.715775,0.011883,0.000030,1,0,1,-0.070035,0.022560,0.070035,-0.022560,0.231581,0.298958,0,0,0,0,0,0.000000,0.000000,0.000000,0.000000,0.000000,0.000000,0.000000,0.000000,0.000000,0,0.000000,0.000000,0.000000
70181,25.360119,100759.398438,1.450000,1,1,1455,1396,1350,1399,1400.000000,1,1,1,1,0.385126,0.070342,-1.569171,-0.126089,-1.897665,0.069759,-79.498680,-75.630714,-81.404297,-5.773586,-11.547248,-0.026822,0.000149,1,0,1,-0.051853,-0.012707,0.051853,0.012707,0.158947,0.502277,0,0,0,0,0,0.000000,0.000000,0.000000,0.000000,0.000000,0.000000,0.000000,0.000000,0.000000,0,0.000000,0.000000,0.000000
70282,25.361538,100759.500000,1.440000,0,1,1456,1390,1345,1409,1400.000000,1,1,1,1,0.387167,0.073899,-1.566415,-0.168130,-2.754706,-0.350678,-79.611099,-75.596413,-81.404297,-5.807888,-11.586329,-0.034074,0.000241,1,0,1,-0.045703,-0.043382,0.045703,0.043382,0.184985,0.628229,0,0,0,0,0,0.000000,0.000000,0.000000,0.000000,0.000000,0.000000,0.000000,0.000000,0.000000,0,0.000000,0.000000,0.000000
70371,25.362696,100759.203125,1.440000,4,1,1487,1370,1365,1378,1400.000000,1,1,1,1,0.383680,0.063244,-1.573816,-0.108247,-2.406014,-0.796489,-79.544571,-75.388939,-81.404297,-6.015361,-11.957676,-0.036112,0.000271,1,0,1,-0.037567,-0.098704,0.037567,0.098704,0.247930,1.085880,0,0,0,0,0,0.000000,0.000000,0.000000,0.000000,0.000000,0.000000,0.000000,0.000000,0.000000,0,0.000000,0.000000,0.000000
70468,25.366831,100759.101563,1.450000,15,1,1463,1405,1332,1401,1400.000000,1,1,1,1,0.387753,0.063768,-1.573371,-0.219286,-3.009927,-0.959288,-79.549011,-75.211243,-81.404297,-6.193056,-12.307227,-0.021565,0.000097,1,0,1,-0.022074,-0.107233,0.022074,0.107233,0.057429,0.875260,0,0,0,0,0,0.000000,0.000000,0.000000,0.000000,0.000000,0.000000,0.000000,0.000000,0.000000,0,0.000000,0.000000,0.000000
70574,25.362169,100758.304688,1.460000,35,1,1459,1396,1349,1396,1400.000000,1,1,1,1,0.390823,0.061643,-1.566955,-0.164594,-3.093407,-0.887226,-79.669746,-75.255219,-81.404297,-6.149083,-12.219159,-0.002388,0.000001,1,0,1,-0.015948,-0.112958,0.015948,0.112958,0.108721,0.725375,0,0,0,0,0,0.000000,0.000000,0.000000,0.000000,0.000000,0.000000,0.000000,0.000000,0.000000,0,0.000000,0.000000,0.000000
70661,25.361748,100758.804688,1.460000,33,1,1469,1414,1334,1383,1400.000000,1,1,1,1,0.398476,0.061719,-1.555829,-0.113069,-2.885610,-1.019094,-79.771797,-75.224571,-81.404297,-6.179730,-12.276205,-0.016857,0.000059,1,0,1,-0.018347,-0.116653,0.018347,0.116653,0.180810,0.645231,0,0,0,0,0,0.000000,0.000000,0.000000,0.000000,0.000000,0.000000,0.000000,0.000000,0.000000,0,0.000000,0.000000,0.000000
70764,25.364605,100759.101563,1.450000,4,1,1459,1385,1359,1397,1400.000000,1,1,1,1,0.398597,0.054405,-1.560426,-0.006943,-3.604653,-1.581759,-79.881721,-75.141960,-81.404297,-6.262341,-12.427721,-0.011171,0.000026,1,0,1,-0.004259,-0.082523,0.004259,0.082523,-0.079057,0.166870,0,0,0,0,0,0.000000,0.000000,0.000000,0.000000,0.000000,0.000000,0.000000,0.000000,0.000000,0,0.000000,0.000000,0.000000
70875,25.365551,100759.500000,1.450000,20,1,1464,1356,1357,1423,1400.000000,1,1,1,1,0.397629,0.058241,-1.548605,0.003480,-3.464703,-2.346868,-79.679291,-74.603645,-81.404297,-6.800655,-13.501297,0.001545,0.000000,1,0,1,-0.039563,-0.036937,0.039563,0.036937,0.366563,-0.353665,0,0,0,0,0,0.000000,0.000000,0.000000,0.000000,0.000000,0.000000,0.000000,0.000000,0.000000,0,0.000000,0.000000,0.000000
70969,25.367304,100760.703125,1.450000,20,1,1460,1347,1375,1410,1398.000000,1,1,2,1,0.401908,0.059360,-1.536951,-0.015085,-3.136666,-2.920372,-79.661301,-74.295258,-81.404297,-7.109038,-14.055362,0.014213,0.000042,1,0,1,-0.029276,-0.045849,0.029276,0.045849,0.198964,0.215648,1,1,1,1,0,1.535396,1.535753,0.016189,-0.000358,-0.016189,-0.028601,-1.618852,-0.000008,-1.647461,0,1400.000000,1398.352539,1400.000000
71078,25.364817,100759.304688,1.440000,0,1,1468,1364,1352,1420,1401.000000,1,1,2,1,0.405085,0.064897,-1.530127,0.007078,-4.550455,-3.238375,-79.653076,-74.067970,-81.404297,-7.336327,-14.448956,0.010775,0.000024,1,0,1,-0.033694,-0.036292,0.033694,0.036292,0.185857,0.002470,1,1,1,1,0,1.535396,1.530179,-0.006564,0.005217,0.006564,0.417376,0.656418,0.000169,1.073975,0,1400.000000,1401.073975,1400.000000
71174,25.367252,100758.898438,1.440000,10,1,1468,1358,1344,1415,1396.000000,1,1,2,1,0.408273,0.069663,-1.522777,-0.045818,-4.318116,-3.318651,-79.471817,-73.689003,-81.404297,-7.715300,-15.225071,0.018530,0.000072,1,0,1,-0.026756,0.000800,0.026756,-0.000800,0.032455,-0.347221,1,1,1,1,0,1.535396,1.522542,0.048342,0.012854,-0.048342,1.028337,-4.834175,0.000635,-3.805176,0,1400.000000,1396.194824,1400.000000
71260,25.369354,100759.203125,1.450000,10,1,1459,1381,1326,1422,1397.000000,1,1,2,1,0.403786,0.070363,-1.527455,-0.039998,-4.846041,-3.030800,-79.380707,-73.473160,-81.404297,-7.931140,-15.672279,0.024288,0.000123,1,0,1,-0.044516,0.004738,0.044516,-0.004738,0.304772,-0.270397,1,1,1,1,0,1.535396,1.525712,0.034825,0.009684,-0.034825,0.774708,-3.482482,0.001305,-2.706421,0,1400.000000,1397.293579,1400.000000
71366,25.367708,100758.500000,1.460000,30,1,1440,1384,1339,1402,1391.000000,1,1,2,1,0.406126,0.073039,-1.526632,-0.089005,-5.098632,-2.364156,-79.604095,-73.485764,-81.404297,-7.918539,-15.676723,0.038161,0.000304,1,0,1,-0.037772,-0.005600,0.037772,0.005600,0.183113,-0.002690,1,1,1,1,0,1.535396,1.525513,0.094441,0.009883,-0.094441,0.790606,-9.444115,0.002384,-8.651123,0,1400.000000,1391.348877,1400.000000
71474,25.369810,100761.500000,1.410000,9,1,1443,1395,1338,1392,1392.000000,1,1,2,1,0.394461,0.075225,-1.518611,-0.094429,-5.056000,-1.757334,-80.121483,-73.833504,-81.404297,-7.570794,-15.059050,-0.008749,0.000016,1,0,1,-0.086312,-0.007843,0.086312,0.007843,0.818096,-0.100924,1,1,1,1,0,1.535396,1.518228,0.097343,0.017168,-0.097343,1.373434,-9.734328,0.003853,-8.357056,0,1400.000000,1391.642944,1400.000000
71560,25.372772,100759.804688,1.410000,9,1,1441,1413,1352,1381,1397.000000,1,1,2,1,0.393766,0.076323,-1.502790,-0.059420,-4.923612,-1.606639,-80.675354,-74.270622,-81.404297,-7.133675,-14.178663,0.007901,0.000013,1,0,1,-0.068852,-0.013316,0.068852,0.013316,0.348124,0.092942,1,1,1,1,0,1.535396,1.501983,0.057016,0.033413,-0.057016,2.673006,-5.701576,0.005385,-3.023193,0,1400.000000,1396.976807,1400.000000
71666,25.369425,100758.601563,1.410000,29,1,1431,1391,1373,1374,1392.000000,1,1,2,1,0.391178,0.077109,-1.488158,-0.027374,-5.202677,-1.475446,-81.553680,-74.920677,-81.404297,-6.483625,-12.838975,0.001043,0.000000,1,0,1,-0.045162,-0.041705,0.045162,0.041705,0.124689,0.409906,1,1,1,1,0,1.535396,1.509903,0.101768,0.025492,-0.101768,2.039385,-10.176825,0.007686,-8.129761,0,1400.000000,1391.870239,1400.000000
71776,25.368425,100758.601563,1.430000,10,1,1429,1411,1347,1381,1392.000000,1,1,2,1,0.386118,0.074477,-1.501435,-0.118707,-6.211893,-1.134172,-82.393456,-75.466141,-81.404297,-5.938159,-11.808494,0.031264,0.000202,1,0,1,-0.045286,-0.029044,0.045286,0.029044,0.166276,0.108531,1,1,1,1,0,1.535396,1.500865,0.109473,0.034531,-0.109473,2.762489,-10.947328,0.011659,-8.173218,0,1400.000000,1391.826782,1400.000000
71862,25.375244,100761.000000,1.420000,10,1,1428,1398,1371,1391,1397.000000,1,1,2,1,0.385444,0.080490,-1.486191,-0.078491,-6.762899,-0.924178,-82.991188,-75.857094,-81.404297,-5.547206,-11.068623,0.036369,0.000276,1,0,1,-0.050354,-0.000947,0.050354,0.000947,0.235434,-0.267553,1,1,1,1,0,1.535396,1.483494,0.069384,0.051902,-0.069384,4.152164,-6.938383,0.015222,-2.770996,0,1400.000000,1397.229004,1400.000000
71967,25.376875,100761.601563,1.390000,29,1,1423,1415,1361,1405,1401.000000,1,1,2,1,0.382729,0.084015,-1.470314,-0.043429,-6.240083,-0.505514,-83.543617,-76.249672,-81.404297,-5.154628,-10.316072,0.022094,0.000102,1,0,1,-0.068979,-0.003100,0.068979,0.003100,0.494122,-0.096292,1,1,1,1,0,1.535396,1.469525,0.039012,0.065871,-0.039012,5.269661,-3.901203,0.019969,1.388428,0,1400.000000,1401.388428,1400.000000
72081,25.373613,100758.703125,1.410000,1,1,1376,1387,1361,1464,1397.000000,1,1,2,1,0.372241,0.080391,-1.466931,-0.070376,-3.573758,1.504048,-84.062988,-76.477272,-81.404297,-4.927025,-9.915597,0.039894,0.000333,1,0,1,-0.110325,-0.029654,0.110325,0.029654,0.970304,0.232473,1,1,1,1,0,1.535396,1.466119,0.090006,0.069277,-0.090006,5.542145,-9.000607,0.026475,-3.432007,0,1400.000000,1396.567993,1400.000000
72170,25.374157,100759.000000,1.420000,4,1,1409,1418,1346,1431,1401.000000,1,1,2,1,0.357315,0.073804,-1.464210,-0.113112,-3.126844,3.237723,-84.293037,-76.477325,-81.404297,-4.926970,-9.838464,0.059234,0.000734,1,0,1,-0.152890,-0.049151,0.152890,0.049151,1.348320,0.382078,1,1,1,1,0,1.535396,1.476142,0.039332,0.059253,-0.039332,4.740276,-3.933179,0.030451,0.837524,0,1400.000000,1400.837524,1400.000000
72280,25.375683,100760.898438,1.410000,28,1,1415,1383,1378,1419,1399.000000,1,1,2,1,0.342852,0.062352,-1.447907,0.090995,-3.211985,3.908799,-84.698830,-76.668434,-81.404297,-4.735862,-9.465229,0.035604,0.000262,1,0,1,-0.174603,-0.095631,0.174603,0.095631,1.212883,0.824545,1,1,1,1,0,1.535396,1.477818,0.053840,0.057578,-0.053840,4.606256,-5.384008,0.036646,-0.741089,0,1400.000000,1399.258911,1400.000000
72368,25.373526,100759.203125,1.410000,30,1,1448,1419,1390,1435,1423.000000,1,1,2,1,0.326659,0.044222,-1.440348,0.129853,-3.210505,3.564090,-84.904289,-76.823219,-81.404297,-4.581083,-9.207401,0.069874,0.001020,1,0,1,-0.180602,-0.163833,0.180602,0.163833,1.205928,1.504709,1,1,1,1,0,1.535396,1.442335,-0.153136,0.093060,0.153136,7.444820,15.313559,0.042508,22.800903,0,1400.000000,1422.800903,1400.000000
72476,25.373001,100759.898438,1.400000,9,1,1432,1394,1371,1431,1407.000000,1,1,2,1,0.298602,0.033341,-1.426212,-0.026559,-3.805068,3.293777,-85.151329,-76.850693,-81.404297,-4.553605,-9.184023,0.078588,0.001290,1,0,1,-0.234065,-0.152919,0.234065,0.152919,1.710692,0.766826,1,1,1,1,0,1.535396,1.426127,0.015819,0.109269,-0.015819,8.741512,-1.581868,0.052777,7.212402,0,1400.000000,1407.212402,1400.000000
72577,25.377855,100760.304688,1.400000,24,1,1450,1402,1355,1445,1413.000000,1,1,2,1,0.281319,0.017554,-1.414003,0.035944,-3.837060,3.338984,-85.125114,-76.611359,-81.404297,-4.792942,-9.683822,0.090787,0.001726,1,0,1,-0.224923,-0.135127,0.224923,0.135127,1.159016,0.473464,1,1,1,1,0,1.535396,1.414194,-0.029142,0.121202,0.029142,9.696140,2.914211,0.062201,12.672607,0,1400.000000,1412.672607,1400.000000
72668,25.376751,100758.703125,1.420000,29,1,1435,1405,1371,1461,1418.000000,1,1,2,1,0.262296,0.001750,-1.404942,0.066751,-2.587791,3.588191,-84.908333,-76.358177,-81.404297,-5.046124,-10.149170,0.105803,0.002317,1,0,1,-0.218601,-0.143954,0.218601,0.143954,1.070689,0.654648,1,1,1,1,0,1.535396,1.421079,-0.089577,0.114316,0.089577,9.145308,8.957710,0.069786,18.172852,0,1400.000000,1418.172852,1400.000000
72778,25.380379,100761.601563,1.390000,10,1,1436,1413,1340,1439,1407.000000,1,1,2,1,0.239147,-0.017435,-1.420390,-0.044938,-2.244785,4.225677,-84.738472,-76.162590,-81.404297,-5.241713,-10.516081,0.074952,0.001163,1,0,1,-0.216703,-0.166005,0.216703,0.166005,1.090909,0.869335,1,1,1,1,0,1.535396,1.415048,0.030946,0.120348,-0.030946,9.627819,-3.094633,0.081724,6.614868,0,1400.000000,1406.614868,1400.000000
72874,25.379713,100760.703125,1.390000,20,1,1429,1405,1347,1451,1408.000000,1,1,2,1,0.210068,-0.037847,-1.412380,-0.021281,-2.558094,4.641832,-84.649277,-76.054077,-81.404297,-5.350224,-10.734657,0.082892,0.001435,1,0,1,-0.245870,-0.184011,0.245870,0.184011,1.501773,0.971236,1,1,1,1,0,1.535396,1.412301,0.018762,0.123094,-0.018762,9.847546,-1.876202,0.092082,8.063477,0,1400.000000,1408.063477,1400.000000
72975,25.384026,100762.304688,1.380000,20,1,1448,1428,1330,1442,1412.000000,1,1,2,1,0.178296,-0.047142,-1.401893,0.012263,-2.557732,4.725939,-84.621399,-75.953156,-81.404297,-5.451147,-10.973259,0.082976,0.001435,1,0,1,-0.280542,-0.135183,0.280542,0.135183,1.702902,0.154834,1,1,1,1,0,1.535396,1.402009,-0.017019,0.133387,0.017019,10.670977,1.701891,0.102767,12.475586,0,1400.000000,1412.475586,1400.000000
73061,25.380222,100760.804688,1.360000,20,1,1443,1394,1370,1460,1417.000000,1,1,2,1,0.151184,-0.056504,-1.379593,0.019641,-2.453002,4.614383,-84.523117,-75.821190,-81.404297,-5.583106,-11.223844,0.084646,0.001499,1,0,1,-0.296166,-0.114464,0.296166,0.114464,1.712894,0.032389,1,1,1,1,0,1.535396,1.379912,-0.042508,0.155484,0.042508,12.438726,4.250752,0.111993,16.801514,0,1400.000000,1416.801514,1400.000000
73171,25.383394,100760.804688,1.340000,1,1,1461,1410,1333,1432,1409.000000,1,1,2,1,0.117946,-0.067520,-1.358764,0.131439,-1.591289,3.830479,-84.259041,-75.568199,-81.404297,-5.836103,-11.690368,0.056815,0.000669,1,0,1,-0.301982,-0.089359,0.301982,0.089359,1.567912,-0.061501,1,1,1,1,0,1.535396,1.387374,0.030165,0.148022,-0.030165,11.841726,-3.016495,0.124087,8.949341,0,1400.000000,1408.949341,1400.000000
73260,25.386513,100761.101563,1.330000,4,1,1482,1411,1368,1450,1428.000000,1,1,2,1,0.093777,-0.071335,-1.362434,0.126581,-1.188533,3.249295,-84.128929,-75.444916,-81.404297,-5.959381,-11.948986,0.072600,0.001090,1,0,1,-0.284752,-0.055058,0.284752,0.055058,1.219638,-0.294269,1,1,1,1,0,1.535396,1.358243,-0.137812,0.177153,0.137812,14.172201,13.781161,0.138165,28.091553,0,1400.000000,1428.091553,1400.000000
73369,25.382341,100760.703125,1.320000,19,1,1467,1433,1349,1431,1420.000000,1,1,2,1,0.067484,-0.088611,-1.351707,0.056336,-1.641596,2.544475,-84.049194,-75.496048,-81.404297,-5.908250,-11.880833,0.071989,0.001077,1,0,1,-0.253023,-0.097399,0.253023,0.097399,0.968472,0.544596,1,1,1,1,0,1.535396,1.348057,-0.045188,0.187339,0.045188,14.987135,4.518782,0.152903,19.658813,0,1400.000000,1419.658813,1400.000000
73479,25.383097,100761.500000,1.310000,1,1,1474,1429,1359,1455,1429.000000,1,1,2,1,0.026073,-0.100241,-1.331573,0.126814,-2.105942,2.265752,-83.920204,-75.429810,-81.404297,-5.974490,-11.983615,0.077971,0.001271,1,0,1,-0.288509,-0.112365,0.288509,0.112365,1.593745,0.537580,1,1,1,1,0,1.535396,1.333082,-0.123937,0.202314,0.123937,16.185093,12.393661,0.171672,28.750488,0,1400.000000,1428.750488,1400.000000
73568,25.381010,100760.804688,1.320000,4,1,1465,1416,1366,1469,1429.000000,1,1,2,1,-0.000880,-0.107174,-1.326797,0.116514,-0.345080,2.181783,-83.761620,-75.282822,-81.404297,-6.121475,-12.229097,0.099032,0.002051,1,0,1,-0.285355,-0.097037,0.285355,0.097037,1.420183,0.248931,1,1,1,1,0,1.535396,1.322642,-0.114051,0.212753,0.114051,17.020273,11.405051,0.184667,28.609985,0,1400.000000,1428.609985,1400.000000
73663,25.381956,100759.898438,1.340000,0,1,1465,1422,1357,1440,1421.000000,1,1,2,1,-0.031717,-0.113752,-1.314237,-0.006084,-0.069370,2.030374,-83.704391,-75.270584,-81.404297,-6.133715,-12.244137,0.107376,0.002397,1,0,1,-0.268395,-0.117819,0.268395,0.117819,1.216410,0.523336,1,1,1,1,0,1.535396,1.327379,-0.036831,0.208016,0.036831,16.641302,3.683067,0.201334,20.525757,0,1400.000000,1420.525757,1400.000000
73772,25.388021,100760.601563,1.350000,19,1,1448,1391,1330,1398,1392.000000,1,1,2,1,-0.056937,-0.126242,-1.350563,-0.233053,-1.327051,2.054153,-83.852989,-75.285408,-81.404297,-6.118893,-12.257155,0.111277,0.002565,1,0,1,-0.238551,-0.116246,0.238551,0.116246,0.854860,0.504118,1,1,1,1,0,1.535396,1.350099,0.230991,0.185297,-0.230991,14.823751,-23.099115,0.220745,-8.054565,0,1400.000000,1391.945435,1400.000000
73882,25.384499,100759.601563,1.360000,1,1,1456,1423,1325,1412,1404.000000,1,1,2,1,-0.093478,-0.146239,-1.346944,-0.097908,-2.493464,2.110513,-83.934738,-75.357384,-81.404297,-6.046917,-12.135762,0.115188,0.002772,1,0,1,-0.242289,-0.137698,0.242289,0.137698,1.143114,0.707213,1,1,1,1,0,1.535396,1.345895,0.112329,0.189500,-0.112329,15.160036,-11.232874,0.236785,4.163940,0,1400.000000,1404.163940,1400.000000
73976,25.385864,100760.703125,1.360000,9,1,1448,1394,1375,1454,1418.000000,1,1,2,1,-0.114134,-0.160355,-1.348130,0.024823,-3.336034,2.656562,-84.011803,-75.318840,-81.404297,-6.085460,-12.252198,0.118862,0.002952,1,0,1,-0.214001,-0.144387,0.214001,0.144387,0.790634,0.759637,1,1,1,1,0,1.535396,1.348241,-0.030666,0.187155,0.030666,14.972382,3.066646,0.252014,18.291016,0,1400.000000,1418.291016,1400.000000
74062,25.381693,100759.304688,1.380000,9,1,1456,1422,1319,1420,1404.000000,1,1,2,1,-0.150031,-0.177131,-1.354059,-0.128246,-3.601281,3.186318,-83.975784,-75.246078,-81.404297,-6.158222,-12.381185,0.134186,0.003771,1,0,1,-0.239670,-0.160752,0.239670,0.160752,1.399138,0.813841,1,1,1,1,0,1.535396,1.345349,0.113555,0.190047,-0.113555,15.203724,-11.355474,0.264155,4.112427,0,1400.000000,1404.112427,1400.000000
74171,25.385128,100760.000000,1.390000,30,1,1445,1398,1303,1403,1387.000000,1,1,2,1,-0.180856,-0.195336,-1.364545,-0.185399,-3.718054,3.653882,-83.926254,-75.138809,-81.404297,-6.265490,-12.586939,0.113956,0.002689,1,0,1,-0.286102,-0.162200,0.286102,0.162200,1.785317,0.636626,1,1,1,1,0,1.535396,1.386251,0.250528,0.149145,-0.250528,11.931610,-25.052824,0.277475,-12.843750,0,1400.000000,1387.156250,1400.000000
74286,25.392473,100759.203125,1.390000,17,1,1439,1388,1311,1418,1389.000000,1,1,2,1,-0.215882,-0.215267,-1.373867,-0.021930,-3.469470,3.607952,-83.844376,-75.058083,-81.404297,-6.346216,-12.760801,0.092252,0.001761,1,0,1,-0.289323,-0.130689,0.289323,0.130689,1.616905,0.312309,1,1,1,1,0,1.535396,1.397308,0.219456,0.138088,-0.219456,11.047020,-21.945642,0.292154,-10.606445,0,1400.000000,1389.393555,1400.000000
74369,25.389721,100759.703125,1.400000,14,1,1438,1394,1352,1468,1413.000000,1,1,2,1,-0.248060,-0.232519,-1.388508,0.003766,-2.891236,3.843555,-83.741974,-75.007263,-81.404297,-6.397032,-12.775364,0.118707,0.002942,1,0,1,-0.324498,-0.161364,0.324498,0.161364,2.031235,0.731042,1,1,1,1,0,1.535396,1.381343,-0.006916,0.154052,0.006916,12.324181,0.691600,0.302243,13.317993,0,1400.000000,1413.317993,1400.000000
74477,25.391052,100759.000000,1.420000,23,1,1395,1377,1320,1439,1383.000000,1,1,2,1,-0.287424,-0.245064,-1.413829,-0.296957,-0.746071,5.503125,-83.637367,-74.833549,-81.404297,-6.570751,-12.925131,0.119473,0.002978,1,0,1,-0.335754,-0.116446,0.335754,0.116446,1.840451,-0.002427,1,1,1,1,0,1.535396,1.410958,0.276645,0.124438,-0.276645,9.955053,-27.664459,0.315832,-17.393555,0,1400.000000,1382.606445,1400.000000
74569,25.386478,100757.601563,1.440000,19,1,1456,1421,1362,1414,1413.000000,1,1,2,1,-0.321654,-0.261627,-1.401723,0.023483,-1.543147,4.830723,-83.918121,-75.131996,-81.404297,-6.272299,-12.419695,0.146455,0.004491,1,0,1,-0.336098,-0.107521,0.336098,0.107521,1.724538,0.119262,1,1,1,1,0,1.535396,1.393571,-0.014039,0.141824,0.014039,11.345949,1.403858,0.323938,13.073730,0,1400.000000,1413.073730,1400.000000
74679,25.395697,100759.203125,1.440000,1,1,1454,1405,1377,1399,1409.000000,1,1,2,1,-0.360966,-0.279724,-1.402569,-0.021868,-4.572573,2.554373,-84.446968,-75.674362,-81.404297,-5.729935,-11.482892,0.135397,0.003788,1,0,1,-0.343347,-0.116360,0.343347,0.116360,1.730885,0.374785,1,1,1,1,0,1.535396,1.402409,0.016899,0.132987,-0.016899,10.638952,-1.689912,0.336445,9.285522,0,1400.000000,1409.285522,1400.000000
74785,25.395172,100758.203125,1.470000,21,1,1453,1389,1362,1419,1406.000000,1,1,2,1,-0.392766,-0.291137,-1.412171,0.005184,-5.868960,1.825608,-84.629158,-75.743614,-81.404297,-5.660683,-11.341453,0.152476,0.004811,1,0,1,-0.348583,-0.139497,0.348583,0.139497,1.786990,0.679533,1,1,1,1,0,1.535396,1.428005,0.028600,0.107391,-0.028600,8.591242,-2.859967,0.345924,6.077148,0,1400.000000,1406.077148,1400.000000
74870,25.392981,100758.601563,1.470000,20,1,1447,1395,1339,1431,1403.000000,1,1,2,1,-0.418729,-0.300833,-1.433867,-0.123079,-5.828558,2.735869,-84.726204,-75.684875,-81.404297,-5.719423,-11.487949,0.147056,0.004515,1,0,1,-0.304108,-0.117367,0.304108,0.117367,1.140979,0.359093,1,1,1,1,0,1.535396,1.422944,0.064752,0.112452,-0.064752,8.996143,-6.475241,0.353335,2.874268,0,1400.000000,1402.874268,1400.000000
74974,25.394102,100758.703125,1.470000,20,1,1440,1416,1342,1446,1411.000000,1,1,2,1,-0.458819,-0.314825,-1.434090,0.023260,-6.634187,3.674155,-84.898750,-75.649513,-81.404297,-5.754783,-11.546032,0.144242,0.004345,1,0,1,-0.327574,-0.110297,0.327574,0.110297,1.647948,0.258173,1,1,1,1,0,1.535396,1.434179,-0.020968,0.101217,0.020968,8.097334,2.096831,0.363440,10.557617,0,1400.000000,1410.557617,1400.000000
75060,25.394873,100758.304688,1.480000,20,1,1449,1412,1355,1429,1411.000000,1,1,2,1,-0.495529,-0.335054,-1.440052,0.058408,-6.276645,3.904142,-84.920105,-75.731583,-81.404297,-5.672718,-11.379045,0.148073,0.004585,1,0,1,-0.359603,-0.124263,0.359603,0.124263,2.058900,0.513966,1,1,1,1,0,1.535396,1.440516,-0.031658,0.094880,0.031658,7.590389,3.165792,0.369589,11.125732,0,1400.000000,1411.125732,1400.000000
75169,25.395487,100758.898438,1.470000,0,1,1458,1432,1329,1434,1413.000000,1,1,2,1,-0.535778,-0.353984,-1.440810,-0.025099,-5.959677,4.031761,-85.010345,-75.728722,-81.404297,-5.675580,-11.384450,0.127338,0.003371,1,0,1,-0.379800,-0.149918,0.379800,0.149918,2.066133,0.701582,1,1,1,1,0,1.535396,1.449261,-0.058606,0.086135,0.058606,6.890783,5.860565,0.376727,13.128052,0,1400.000000,1413.128052,1400.000000
75259,25.394960,100759.601563,1.460000,4,1,1443,1413,1339,1430,1406.000000,1,1,2,1,-0.568260,-0.360779,-1.463682,-0.027363,-5.128633,4.262104,-84.950905,-75.650841,-81.404297,-5.753458,-11.512149,0.103517,0.002216,1,0,1,-0.376776,-0.093468,0.376776,0.093468,1.850561,-0.135733,1,1,1,1,0,1.535396,1.456450,0.008388,0.078946,-0.008388,6.315699,-0.838844,0.383536,5.860352,0,1400.000000,1405.860352,1400.000000
75372,25.402586,100758.898438,1.460000,31,1,1437,1388,1320,1367,1378.000000,1,1,2,1,-0.627502,-0.386650,-1.485133,-0.267361,-4.684581,4.337242,-84.984726,-75.695122,-81.404297,-5.709177,-11.362948,0.088019,0.001619,1,0,1,-0.442440,-0.120814,0.442440,0.120814,2.695921,0.373233,1,1,1,1,0,1.535396,1.480894,0.262933,0.054502,-0.262933,4.360132,-26.293346,0.388954,-21.544312,0,1400.000000,1378.455688,1400.000000
75479,25.399658,100760.398438,1.450000,9,1,1442,1391,1333,1422,1397.000000,1,1,2,1,-0.671185,-0.404023,-1.481600,-0.087086,-4.660067,3.824953,-85.035072,-75.674263,-81.404297,-5.730037,-11.428066,0.073223,0.001120,1,0,1,-0.437808,-0.122697,0.437808,0.122697,2.252654,0.381999,1,1,1,1,0,1.535396,1.475789,0.086482,0.059607,-0.086482,4.768524,-8.648221,0.393381,-3.486328,0,1400.000000,1396.513672,1400.000000
75565,25.401394,100759.304688,1.450000,9,1,1433,1385,1347,1438,1401.000000,1,1,2,1,-0.697762,-0.422312,-1.478686,-0.048247,-4.089073,3.593973,-84.988106,-75.595963,-81.404297,-5.808338,-11.580784,0.075944,0.001208,1,0,1,-0.386945,-0.132291,0.386945,0.132291,1.411145,0.594949,1,1,1,1,0,1.535396,1.474056,0.043791,0.061339,-0.043791,4.907160,-4.379133,0.397792,0.925781,0,1400.000000,1400.925781,1400.000000
75672,25.398851,100759.304688,1.450000,30,1,1450,1388,1362,1424,1406.000000,1,1,2,1,-0.742455,-0.441947,-1.465189,0.103175,-3.015755,3.083031,-84.939590,-75.542549,-81.404297,-5.861751,-11.666653,0.066711,0.000921,1,0,1,-0.342947,-0.133067,0.342947,0.133067,1.238501,0.534752,1,1,1,1,0,1.535396,1.487731,-0.021616,0.047665,0.021616,3.813219,2.161589,0.402004,6.376831,0,1400.000000,1406.376831,1400.000000
75760,25.399939,100760.203125,1.450000,32,1,1456,1407,1367,1433,1416.000000,1,1,2,1,-0.782096,-0.453446,-1.464269,0.099704,-2.732554,2.729769,-84.872765,-75.591278,-81.404297,-5.813024,-11.537984,0.087063,0.001583,1,0,1,-0.398744,-0.129506,0.398744,0.129506,2.188628,0.404314,1,1,1,1,0,1.535396,1.464369,-0.101445,0.071026,0.101445,5.682116,10.144492,0.407606,16.234253,0,1400.000000,1416.234253,1400.000000
75870,25.399885,100760.703125,1.430000,13,1,1462,1411,1350,1429,1413.000000,1,1,2,1,-0.822022,-0.478085,-1.460110,0.070927,-2.894595,2.275620,-84.854446,-75.525856,-81.404297,-5.878443,-11.711740,0.073551,0.001130,1,0,1,-0.389369,-0.156763,0.389369,0.156763,1.900339,0.772120,1,1,1,1,0,1.535396,1.456585,-0.067188,0.078811,0.067188,6.304884,6.718778,0.413700,13.437378,0,1400.000000,1413.437378,1400.000000
75976,25.397554,100759.898438,1.410000,19,1,1423,1457,1377,1391,1412.000000,1,1,2,1,-0.852827,-0.496111,-1.446653,0.083027,-3.845003,2.568946,-85.431976,-76.222610,-81.404297,-5.181689,-10.372203,0.066082,0.000912,1,0,1,-0.334475,-0.152287,0.334475,0.152287,1.158865,0.645669,1,1,1,1,0,1.535396,1.443918,-0.045531,0.091478,0.045531,7.318258,4.553051,0.420510,12.291870,0,1400.000000,1412.291870,1400.000000
76062,25.401533,100759.703125,1.420000,20,1,1444,1466,1376,1378,1416.000000,1,1,2,1,-0.876889,-0.515112,-1.431398,0.078637,-6.144489,2.646393,-86.502007,-77.177116,-81.404297,-4.227184,-8.545645,0.092423,0.001789,1,0,1,-0.309840,-0.155044,0.309840,0.155044,1.046646,0.703421,1,1,1,1,0,1.535396,1.431708,-0.076922,0.103687,0.076922,8.294992,7.692183,0.428143,16.415283,0,1400.000000,1416.415283,1400.000000
76171,25.407143,100761.898438,1.380000,0,1,1413,1439,1438,1406,1424.000000,1,1,2,1,-0.906991,-0.544050,-1.410819,-0.006664,-6.547922,2.516350,-87.872818,-78.477036,-81.404297,-2.927262,-5.924240,0.069791,0.001010,1,0,1,-0.282165,-0.177114,0.282165,0.177114,0.926970,1.051906,1,1,1,1,0,1.535396,1.412074,-0.134538,0.123322,0.134538,9.865770,13.453823,0.436725,23.756348,0,1400.000000,1423.756348,1400.000000
76261,25.404654,100762.804688,1.340000,4,1,1358,1403,1379,1372,1378.000000,1,1,2,1,-0.933856,-0.563669,-1.433494,-0.305614,-4.107194,2.630883,-88.744980,-79.342049,-81.404297,-2.062253,-4.151390,0.006986,0.000010,1,0,1,-0.307137,-0.205523,0.307137,0.205523,1.541465,1.230450,1,1,1,1,0,1.535396,1.432408,0.302150,0.102988,-0.302150,8.239021,-30.214954,0.445718,-21.530273,0,1400.000000,1378.469727,1400.000000
76374,25.405354,100761.601563,1.320000,20,1,1432,1461,1383,1416,1423.000000,1,1,2,1,-0.952167,-0.592555,-1.384527,0.098765,0.057229,2.917476,-89.193069,-79.584930,-81.404297,-1.819371,-3.611291,0.035779,0.000266,1,0,1,-0.252978,-0.207893,0.252978,0.207893,0.826959,1.090539,1,1,1,1,0,1.535396,1.386001,-0.102015,0.149395,0.102015,11.951561,10.201549,0.457510,22.610596,0,1400.000000,1422.610596,1400.000000
76460,25.406406,100763.000000,1.300000,20,1,1434,1425,1415,1462,1434.000000,1,1,2,1,-0.964727,-0.615953,-1.357906,0.191156,1.364397,3.103287,-89.231667,-79.567833,-81.404297,-1.836467,-3.647676,0.040371,0.000341,1,0,1,-0.204951,-0.225567,0.204951,0.225567,0.360065,1.291625,1,1,1,1,0,1.535396,1.358291,-0.194151,0.177105,0.194151,14.168367,19.415087,0.470759,34.054199,0,1400.000000,1434.054199,1400.000000
76560,25.408123,100763.601563,1.260000,19,1,1446,1465,1372,1401,1421.000000,1,1,2,1,-0.989674,-0.642493,-1.332073,0.035743,1.534335,3.533434,-89.745529,-80.004005,-81.404297,-1.400291,-2.799441,0.028455,0.000169,1,0,1,-0.177194,-0.223449,0.177194,0.223449,0.400809,1.076632,1,1,1,1,0,1.535396,1.332149,-0.040139,0.203246,0.040139,16.259708,4.013912,0.486000,20.759644,0,1400.000000,1420.759644,1400.000000
76669,25.407406,100762.804688,1.220000,0,1,1477,1457,1399,1427,1440.000000,1,1,2,1,-1.002437,-0.671690,-1.298047,0.232509,0.860516,2.599448,-89.915375,-80.033943,-81.404297,-1.370355,-2.801204,-0.002805,0.000002,1,0,1,-0.143028,-0.177392,0.143028,0.177392,0.139693,0.547226,1,1,1,1,0,1.535396,1.302502,-0.207135,0.232894,0.207135,18.631535,20.713469,0.502720,39.847778,0,1400.000000,1439.847778,1400.000000
76759,25.403269,100761.804688,1.220000,4,1,1487,1422,1392,1423,1431.000000,1,1,2,1,-0.999089,-0.689775,-1.289091,0.084874,0.267350,1.364713,-89.643135,-79.559479,-81.404297,-1.844820,-3.699421,0.033177,0.000228,1,0,1,-0.007000,-0.189500,0.007000,0.189500,-1.319694,0.822785,1,1,1,1,0,1.535396,1.288775,-0.106591,0.246620,0.106591,19.729624,10.659148,0.518254,30.906982,0,1400.000000,1430.906982,1400.000000
76870,25.407511,100762.898438,1.210000,29,1,1501,1435,1390,1430,1439.000000,1,1,2,1,-0.999422,-0.701468,-1.249955,0.153930,-0.763019,-0.092079,-89.072617,-78.974854,-81.404297,-2.429444,-4.851477,0.059947,0.000750,1,0,1,0.047402,-0.109994,-0.047402,0.109994,-1.221566,-0.175080,1,1,1,1,0,1.535396,1.251189,-0.156204,0.284207,0.156204,22.736530,15.620363,0.544258,38.901123,0,1400.000000,1438.901123,1400.000000
76974,25.413433,100765.601563,1.150000,4,1,1506,1440,1382,1455,1446.000000,1,1,2,1,-0.994640,-0.709138,-1.218700,0.182838,-1.050996,-0.747270,-88.386246,-78.297890,-81.404297,-3.106411,-6.189660,0.033309,0.000232,1,0,1,0.095318,-0.044396,-0.095318,0.044396,-1.239869,-0.565129,1,1,1,1,0,1.535396,1.219010,-0.201652,0.316386,0.201652,25.310888,20.165165,0.568457,46.044556,0,1400.000000,1446.044556,1400.000000
77065,25.411507,100764.398438,1.120000,9,1,1484,1448,1353,1452,1434.000000,1,1,2,1,-0.983579,-0.707878,-1.200336,0.062115,-1.815636,-0.183007,-87.861824,-77.790924,-81.404297,-3.613375,-7.314177,0.020528,0.000088,1,0,1,0.138588,0.013732,-0.138588,-0.013732,-1.425283,-0.914282,1,1,1,1,0,1.535396,1.199472,-0.070111,0.335924,0.070111,26.873913,7.011055,0.594593,34.479614,0,1400.000000,1434.479614,1400.000000
77162,25.412487,100764.000000,1.110000,0,1,1451,1430,1347,1476,1426.000000,1,1,2,1,-0.970821,-0.698873,-1.182987,-0.025621,-2.198618,1.374539,-87.184654,-77.264351,-81.404297,-4.139948,-8.581538,0.022690,0.000107,1,0,1,0.174313,0.079624,-0.174313,-0.079624,-1.559879,-1.332307,1,1,1,1,0,1.535396,1.182963,0.023791,0.352433,-0.023791,28.194656,-2.379118,0.621868,26.437378,0,1400.000000,1426.437378,1400.000000
77278,25.412382,100762.000000,1.120000,31,1,1441,1424,1341,1481,1422.000000,1,1,2,1,-0.952997,-0.684926,-1.175728,-0.001705,-2.900781,3.246569,-86.601555,-76.734337,-81.404297,-4.669964,-9.888788,0.029474,0.000181,1,0,1,0.185792,0.138230,-0.185792,-0.138230,-1.238411,-1.307071,1,1,1,1,0,1.535396,1.193028,0.058106,0.342368,-0.058106,27.389441,-5.810647,0.649608,22.228394,0,1400.000000,1422.228394,1400.000000
77364,25.411436,100762.804688,1.140000,31,1,1433,1431,1346,1442,1413.000000,1,1,2,1,-0.936785,-0.669690,-1.193876,-0.151481,-3.022329,4.496427,-86.395607,-76.676353,-81.404297,-4.727946,-10.112217,0.053601,0.000600,1,0,1,0.184009,0.157798,-0.184009,-0.157798,-1.081306,-1.207310,1,1,1,1,0,1.535396,1.193573,0.151325,0.341823,-0.151325,27.345829,-15.132536,0.677649,12.890991,0,1400.000000,1412.890991,1400.000000
77471,25.415642,100764.101563,1.100000,9,1,1472,1455,1359,1446,1433.000000,1,1,2,1,-0.931598,-0.652640,-1.177731,0.035806,-2.485860,4.710949,-86.337631,-76.780121,-81.404297,-4.624182,-9.853428,0.023514,0.000115,1,0,1,0.147087,0.172052,-0.147087,-0.172052,-0.490500,-1.123755,1,1,1,1,0,1.535396,1.176638,-0.037355,0.358758,0.037355,28.700619,3.735490,0.705643,33.141724,0,1400.000000,1433.141724,1400.000000
77560,25.409403,100761.203125,1.140000,3,1,1416,1443,1382,1439,1420.000000,1,1,2,1,-0.929061,-0.646791,-1.170598,-0.102139,-1.583950,4.460622,-86.567940,-77.089775,-81.404297,-4.314521,-9.054938,0.073842,0.001139,1,0,1,0.114518,0.152457,-0.114518,-0.152457,-0.146454,-0.671722,1,1,1,1,0,1.535396,1.165669,0.098556,0.369726,-0.098556,29.578114,-9.855568,0.734649,20.457153,0,1400.000000,1420.457153,1400.000000
77666,25.417904,100762.304688,1.140000,24,1,1419,1470,1382,1417,1422.000000,1,1,2,1,-0.931254,-0.631136,-1.174247,-0.109409,-1.060344,5.403168,-87.354744,-78.000763,-81.404297,-3.403538,-7.248149,0.055008,0.000623,1,0,1,0.094266,0.157635,-0.094266,-0.157635,-0.105873,-0.794903,1,1,1,1,0,1.535396,1.172663,0.073380,0.362733,-0.073380,29.018602,-7.338004,0.763286,22.443848,0,1400.000000,1422.443848,1400.000000
77775,25.414276,100760.398438,1.190000,4,1,1406,1454,1367,1433,1415.000000,1,1,2,1,-0.919202,-0.612005,-1.206027,-0.148449,-0.796047,6.049030,-88.052536,-78.671555,-81.404297,-2.732745,-5.981988,0.090781,0.001694,1,0,1,0.111669,0.174375,-0.111669,-0.174375,-0.604459,-0.966291,1,1,1,1,0,1.535396,1.197199,0.128542,0.338197,-0.128542,27.055740,-12.854181,0.793856,14.995361,0,1400.000000,1414.995361,1400.000000
77870,25.416502,100760.500000,1.220000,13,1,1442,1446,1370,1451,1427.000000,1,1,2,1,-0.921021,-0.605271,-1.204278,-0.010508,-0.275107,6.115122,-88.158821,-78.698128,-81.404297,-2.706169,-5.889448,0.123880,0.003190,1,0,1,0.122337,0.154412,-0.122337,-0.154412,-0.767920,-0.631597,1,1,1,1,0,1.535396,1.196105,0.008765,0.339291,-0.008765,27.143288,-0.876484,0.826432,27.093262,0,1400.000000,1427.093262,1400.000000
77977,25.415169,100761.304688,1.230000,20,1,1461,1452,1351,1471,1434.000000,1,1,2,1,-0.913045,-0.590357,-1.207399,0.053576,-0.291550,6.221567,-87.699188,-78.260216,-81.404297,-3.144086,-6.794439,0.129694,0.003509,1,0,1,0.156680,0.136854,-0.156680,-0.136854,-1.134223,-0.396271,1,1,1,1,0,1.535396,1.200430,-0.061527,0.334966,0.061527,26.797266,6.152724,0.866386,33.816406,0,1400.000000,1433.816406,1400.000000
78063,25.420866,100761.898438,1.230000,20,1,1464,1458,1325,1460,1427.000000,1,1,2,1,-0.903673,-0.569011,-1.212382,0.003673,-0.866354,6.777295,-87.054451,-77.748947,-81.404297,-3.655353,-8.013102,0.124982,0.003270,1,0,1,0.192779,0.165687,-0.192779,-0.165687,-1.427399,-0.930528,1,1,1,1,0,1.535396,1.212390,0.000308,0.323006,-0.000308,25.840492,-0.030831,0.905564,26.715210,0,1400.000000,1426.715210,1400.000000
78173,25.421181,100760.101563,1.270000,1,1,1476,1447,1308,1473,1426.000000,1,1,2,1,-0.891471,-0.545770,-1.214293,0.100230,-2.114162,7.135007,-86.354172,-77.048737,-81.404297,-4.355564,-9.677169,0.139245,0.004018,1,0,1,0.209259,0.228224,-0.209259,-0.228224,-1.315235,-1.556755,1,1,1,1,0,1.535396,1.215403,0.002935,0.319993,-0.002935,25.599451,-0.293477,0.943438,26.249390,0,1400.000000,1426.249390,1400.000000
78262,25.415642,100760.304688,1.280000,4,1,1492,1444,1344,1484,1441.000000,1,1,2,1,-0.877264,-0.524234,-1.231861,0.112298,-1.955623,7.083140,-85.681702,-76.471481,-81.404297,-4.932817,-10.719305,0.159015,0.005235,1,0,1,0.183571,0.245728,-0.183571,-0.245728,-0.903921,-1.465882,1,1,1,1,0,1.535396,1.220985,-0.144609,0.314411,0.144609,25.152884,14.460882,0.973471,40.587280,0,1400.000000,1440.587280,1400.000000
78375,25.421320,100760.898438,1.270000,20,1,1451,1417,1339,1513,1430.000000,1,1,2,1,-0.870076,-0.502495,-1.240556,0.044438,-1.236446,7.171658,-84.870369,-75.709251,-81.404297,-5.695046,-12.015135,0.137466,0.003928,1,0,1,0.155293,0.225750,-0.155293,-0.225750,-0.581298,-1.007408,1,1,1,1,0,1.535396,1.241425,-0.053151,0.293971,0.053151,23.517685,5.315076,1.000047,29.832764,0,1400.000000,1429.832764,1400.000000
78461,25.420410,100760.804688,1.290000,20,1,1458,1439,1300,1462,1415.000000,1,1,2,1,-0.867779,-0.481024,-1.259241,-0.085958,-1.415443,7.737868,-84.340004,-75.218239,-81.404297,-6.186061,-13.020975,0.140514,0.004127,1,0,1,0.135744,0.225714,-0.135744,-0.225714,-0.442390,-1.014223,1,1,1,1,0,1.535396,1.259071,0.084335,0.276325,-0.084335,22.105999,-8.433470,1.023097,14.695679,0,1400.000000,1414.695679,1400.000000
78565,25.422302,100760.601563,1.300000,19,1,1430,1406,1295,1489,1405.000000,1,1,2,1,-0.861804,-0.456362,-1.276448,-0.173628,-2.293996,8.698363,-83.693047,-74.731873,-81.404297,-6.672426,-14.116881,0.134548,0.003784,1,0,1,0.125422,0.224808,-0.125422,-0.224808,-0.473643,-1.044176,1,1,1,1,0,1.535396,1.275412,0.170938,0.259984,-0.170938,20.798702,-17.093769,1.044405,4.749390,0,1400.000000,1404.749390,1400.000000
78678,25.424282,100759.601563,1.350000,4,1,1446,1420,1313,1481,1415.000000,1,1,2,1,-0.853015,-0.430488,-1.296787,-0.086791,-2.912455,9.181663,-83.257652,-74.369568,-81.404297,-7.034733,-14.906907,0.162701,0.005540,1,0,1,0.144218,0.229464,-0.144218,-0.229464,-0.862593,-0.969633,1,1,1,1,0,1.535396,1.285555,0.056859,0.249841,-0.056859,19.987268,-5.685927,1.063935,15.365234,0,1400.000000,1415.365234,1400.000000
78769,25.425650,100759.601563,1.360000,9,1,1478,1425,1313,1456,1418.000000,1,1,2,1,-0.837095,-0.414298,-1.320927,-0.032422,-2.191708,8.556817,-83.017021,-74.176620,-81.404297,-7.227679,-15.170144,0.149478,0.004626,1,0,1,0.165934,0.192708,-0.165934,-0.192708,-1.057300,-0.447352,1,1,1,1,0,1.535396,1.310497,0.013443,0.224899,-0.013443,17.991934,-1.344267,1.082517,17.730225,0,1400.000000,1417.730225,1400.000000
78876,25.420218,100758.203125,1.380000,30,1,1440,1388,1315,1465,1402.000000,1,1,2,1,-0.832851,-0.398477,-1.340994,-0.159776,-1.722824,7.947893,-82.732246,-73.963814,-81.404297,-7.440487,-15.286127,0.152019,0.004825,1,0,1,0.139140,0.157529,-0.139140,-0.157529,-0.589791,-0.255165,1,1,1,1,0,1.535396,1.338845,0.146075,0.196551,-0.146075,15.724096,-14.607459,1.099318,2.215942,0,1400.000000,1402.215942,1400.000000
78963,25.427069,100758.203125,1.400000,31,1,1434,1375,1338,1481,1407.000000,1,1,2,1,-0.831323,-0.386214,-1.352957,-0.079030,-0.193847,7.617896,-82.282684,-73.690819,-81.404297,-7.713483,-15.609918,0.159728,0.005340,1,0,1,0.120096,0.151656,-0.120096,-0.151656,-0.395739,-0.403401,1,1,1,1,0,1.535396,1.352357,0.091161,0.183039,-0.091161,14.643097,-9.116055,1.114364,6.641357,0,1400.000000,1406.641357,1400.000000
79075,25.428926,100760.304688,1.420000,14,1,1486,1418,1306,1462,1418.000000,1,1,2,1,-0.822895,-0.376054,-1.372120,0.030072,0.672584,6.624830,-81.820435,-73.306015,-81.404297,-8.098282,-16.383076,0.156691,0.005138,1,0,1,0.107268,0.130103,-0.107268,-0.130103,-0.341180,-0.291287,1,1,1,1,0,1.535396,1.363422,-0.026224,0.171973,0.026224,13.757868,2.622382,1.128021,17.508301,0,1400.000000,1417.508301,1400.000000
79165,25.426140,100759.703125,1.420000,0,1,1494,1395,1297,1474,1415.000000,1,1,2,1,-0.817673,-0.366842,-1.367746,-0.056125,0.328702,5.912804,-81.143280,-72.682922,-81.404297,-8.721373,-17.594866,0.149022,0.004637,1,0,1,0.103675,0.103200,-0.103675,-0.103200,-0.381557,-0.042643,1,1,1,1,0,1.535396,1.379204,-0.016247,0.156192,0.016247,12.495365,1.624675,1.140750,15.260742,0,1400.000000,1415.260742,1400.000000
79260,25.428558,100760.101563,1.420000,9,1,1458,1347,1296,1480,1395.000000,1,1,2,1,-0.804689,-0.354661,-1.403891,-0.164883,0.303458,5.419490,-80.296234,-71.973473,-81.404297,-9.430825,-19.037273,0.124786,0.003238,1,0,1,0.129319,0.123960,-0.129319,-0.123960,-0.844333,-0.461042,1,1,1,1,0,1.535396,1.403234,0.163779,0.132162,-0.163779,10.572929,-16.377863,1.152466,-4.652466,0,1400.000000,1395.347534,1400.000000
79372,25.430960,100759.101563,1.420000,31,1,1472,1367,1316,1489,1411.000000,1,1,2,1,-0.798515,-0.349750,-1.404776,-0.001293,-0.412894,4.866668,-79.715515,-71.414139,-81.404297,-9.990163,-20.000000,0.123365,0.003162,1,0,1,0.123118,0.080075,-0.123118,-0.080075,-0.612117,0.112153,1,1,1,1,0,1.535396,1.404759,0.001635,0.130637,-0.001635,10.450945,-0.163464,1.163291,11.450806,0,1400.000000,1411.450806,1400.000000
79479,25.430784,100760.898438,1.430000,1,1,1477,1385,1311,1476,1412.000000,1,1,2,1,-0.797857,-0.337375,-1.406749,0.014922,-0.233698,4.331003,-79.339836,-71.130821,-81.404297,-10.273479,-20.000000,0.141518,0.004186,1,0,1,0.110932,0.076554,-0.110932,-0.076554,-0.446541,-0.130241,1,1,1,1,0,1.535396,1.406937,-0.003048,0.128459,0.003048,10.276737,0.304843,1.173626,11.755249,0,1400.000000,1411.755249,1400.000000
79573,25.429365,100758.304688,1.450000,9,1,1467,1385,1309,1471,1408.000000,1,1,2,1,-0.791859,-0.336548,-1.424884,-0.008866,0.158771,3.470571,-79.161049,-70.955383,-81.404297,-10.448913,-20.000000,0.133108,0.003705,1,0,1,0.117045,0.044006,-0.117045,-0.044006,-0.536613,0.259733,1,1,1,1,0,1.535396,1.416792,0.022748,0.118604,-0.022748,9.488287,-2.274839,1.183378,8.396851,0,1400.000000,1408.396851,1400.000000
79666,25.429594,100759.203125,1.460000,3,1,1475,1394,1324,1440,1408.000000,1,1,2,1,-0.790162,-0.337166,-1.427924,-0.039560,-0.091514,3.072095,-78.974335,-70.967644,-81.404297,-10.436652,-20.000000,0.140396,0.004121,1,0,1,0.123208,0.024245,-0.123208,-0.024245,-0.553216,0.344471,1,1,1,1,0,1.535396,1.419183,0.028143,0.116212,-0.028143,9.296980,-2.814300,1.192015,7.674683,0,1400.000000,1407.674683,1400.000000
79772,25.429909,100758.304688,1.470000,20,1,1464,1362,1333,1449,1402.000000,1,1,2,1,-0.777259,-0.338389,-1.448517,-0.039190,0.010828,2.241186,-78.830544,-70.946716,-81.404297,-10.457580,-20.000000,0.131618,0.003585,1,0,1,0.121860,-0.001290,-0.121860,0.001290,-0.518262,0.475284,1,1,1,1,0,1.535396,1.447749,0.064069,0.087647,-0.064069,7.011766,-6.406936,1.199963,1.804810,0,1400.000000,1401.804810,1400.000000
79881,25.431906,100759.304688,1.460000,0,1,1488,1385,1304,1451,1407.000000,1,1,2,1,-0.778562,-0.334583,-1.446690,-0.011102,-0.828753,1.438002,-78.600754,-70.795761,-81.404297,-10.608541,-20.000000,0.121782,0.003097,1,0,1,0.100769,0.009423,-0.100769,-0.009423,-0.319737,0.059868,1,1,1,1,0,1.535396,1.446668,0.011094,0.088728,-0.011094,7.098217,-1.109421,1.208897,7.197754,0,1400.000000,1407.197754,1400.000000
79976,25.437901,100759.898438,1.460000,9,1,1485,1374,1329,1480,1417.000000,1,1,2,1,-0.777031,-0.334196,-1.444782,0.063200,-1.780020,0.665222,-78.249023,-70.526840,-81.404297,-10.877459,-20.000000,0.122308,0.003125,1,0,1,0.095859,0.013111,-0.095859,-0.013111,-0.368057,0.017044,1,1,1,1,0,1.535396,1.438442,-0.077614,0.096954,0.077614,7.756338,7.761404,1.214893,16.732666,0,1400.000000,1416.732666,1400.000000
80062,25.436026,100761.203125,1.440000,9,1,1472,1353,1332,1479,1409.000000,1,1,2,1,-0.770884,-0.329114,-1.438183,0.002171,-1.468861,0.377832,-77.801857,-70.149574,-81.404297,-11.254725,-20.000000,0.108057,0.002445,1,0,1,0.107365,0.018883,-0.107365,-0.018883,-0.589890,-0.041713,1,1,1,1,0,1.535396,1.438193,-0.002490,0.097203,0.002490,7.776251,0.248951,1.222370,9.247559,0,1400.000000,1409.247559,1400.000000
80172,25.437094,100761.000000,1.410000,31,1,1487,1379,1314,1457,1409.000000,1,1,2,1,-0.762514,-0.324984,-1.432779,-0.022609,-1.411468,0.466329,-77.333214,-69.846062,-81.404297,-11.558237,-20.000000,0.067121,0.000924,1,0,1,0.126679,0.017150,-0.126679,-0.017150,-0.756593,0.080515,1,1,1,1,0,1.535396,1.447972,-0.006875,0.087423,0.006875,6.993866,0.687516,1.229824,8.911255,0,1400.000000,1408.911255,1400.000000
80287,25.436901,100759.804688,1.410000,0,1,1478,1383,1305,1458,1406.000000,1,1,2,1,-0.758406,-0.325452,-1.429026,-0.023466,-0.952937,1.203397,-77.033379,-69.738579,-81.404297,-11.665717,-20.000000,0.070358,0.001031,1,0,1,0.105264,-0.002567,-0.105264,0.002567,-0.317348,0.262414,1,1,1,1,0,1.535396,1.445508,0.021169,0.089887,-0.021169,7.191000,-2.116926,1.238897,6.312988,0,1400.000000,1406.312988,1400.000000
80376,25.436533,100760.203125,1.410000,4,1,1473,1406,1301,1441,1405.000000,1,1,2,1,-0.750909,-0.328789,-1.446681,-0.043703,-0.883191,2.058896,-76.961388,-69.857246,-81.404297,-11.547056,-20.000000,0.067825,0.000954,1,0,1,0.093085,-0.024104,-0.093085,0.024104,-0.181785,0.444105,1,1,1,1,0,1.535396,1.441663,0.040030,0.093732,-0.040030,7.498598,-4.002995,1.245130,4.740723,0,1400.000000,1404.740723,1400.000000
80466,25.434587,100760.203125,1.410000,8,1,1463,1415,1295,1435,1402.000000,1,1,2,1,-0.749703,-0.329115,-1.447359,-0.087696,-0.545381,2.820853,-77.049545,-70.062195,-81.404297,-11.342103,-20.000000,0.067345,0.000947,1,0,1,0.076559,-0.022112,-0.076559,0.022112,-0.083053,0.189509,1,1,1,1,0,1.535396,1.442655,0.070268,0.092741,-0.070268,7.419262,-7.026793,1.252475,1.644897,0,1400.000000,1401.644897,1400.000000
80559,25.438620,100760.703125,1.400000,7,1,1467,1384,1365,1480,1424.000000,1,1,2,1,-0.749355,-0.337045,-1.422822,0.144851,0.252985,2.586329,-77.243896,-70.342407,-81.404297,-11.061894,-20.000000,0.082053,0.001407,1,0,1,0.065932,-0.053607,-0.065932,0.053607,0.023938,0.603662,1,1,1,1,0,1.535396,1.419954,-0.135336,0.115442,0.135336,9.235353,13.533613,1.258301,24.027222,0,1400.000000,1424.027222,1400.000000
80665,25.439144,100762.101563,1.370000,24,1,1479,1401,1349,1435,1416.000000,1,1,2,1,-0.746803,-0.345880,-1.406448,-0.018313,1.243194,2.232930,-77.484177,-70.770432,-81.404297,-10.633867,-20.000000,0.049445,0.000503,1,0,1,0.083654,-0.107155,-0.083654,0.107155,-0.208421,1.103206,1,1,1,1,0,1.535396,1.406569,-0.039428,0.128827,0.039428,10.306177,3.942813,1.269543,15.518555,0,1400.000000,1415.518555,1400.000000
80774,25.437340,100760.601563,1.370000,4,1,1428,1368,1372,1468,1409.000000,1,1,2,1,-0.734479,-0.361165,-1.420659,-0.032936,1.904415,1.885695,-77.913910,-71.353806,-81.404297,-10.050493,-20.000000,0.053257,0.000584,1,0,1,0.107953,-0.134217,-0.107953,0.134217,-0.506320,1.222831,1,1,1,1,0,1.535396,1.416456,0.017780,0.118940,-0.017780,9.515181,-1.777985,1.279389,9.016602,0,1400.000000,1409.016602,1400.000000
80869,25.441879,100762.703125,1.350000,13,1,1457,1407,1343,1441,1412.000000,1,1,2,1,-0.728506,-0.368853,-1.401152,-0.011247,1.480726,2.241943,-78.476768,-71.908401,-81.404297,-9.495896,-18.962572,0.052096,0.000566,1,0,1,0.128863,-0.118545,-0.128863,0.118545,-0.749819,0.746865,1,1,1,1,0,1.535396,1.397904,0.001299,0.137492,-0.001299,10.999336,-0.129915,1.290060,12.159424,0,1400.000000,1412.159424,1400.000000
80976,25.434746,100761.101563,1.330000,19,1,1446,1412,1370,1453,1420.000000,1,1,2,1,-0.715936,-0.382385,-1.376449,0.073058,1.190504,2.739740,-79.029015,-72.595985,-81.404297,-8.808314,-17.611300,0.055661,0.000646,1,0,1,0.151430,-0.120133,-0.151430,0.120133,-0.855301,0.793577,1,1,1,1,0,1.535396,1.374339,-0.055202,0.161057,0.055202,12.884560,5.520154,1.302023,19.706787,0,1400.000000,1419.706787,1400.000000
81062,25.436674,100761.304688,1.320000,20,1,1463,1447,1357,1453,1430.000000,1,1,2,1,-0.708471,-0.392903,-1.352993,0.139504,0.711348,3.333596,-79.524002,-73.099075,-81.404297,-8.305223,-16.617704,0.068293,0.000976,1,0,1,0.153208,-0.121906,-0.153208,0.121906,-0.725406,0.742028,1,1,1,1,0,1.535396,1.353549,-0.138325,0.181847,0.138325,14.547777,13.832484,1.315509,29.695801,0,1400.000000,1429.695801,1400.000000
81162,25.438374,100760.203125,1.310000,34,1,1459,1434,1380,1459,1433.000000,1,1,2,1,-0.692103,-0.406376,-1.330895,0.170956,0.722516,3.855741,-80.127884,-73.633133,-81.404297,-7.771164,-15.594946,0.063155,0.000827,1,0,1,0.169397,-0.104953,-0.169397,0.104953,-0.924557,0.575276,1,1,1,1,0,1.535396,1.331709,-0.154618,0.203687,0.154618,16.294975,15.461845,1.330637,33.087402,0,1400.000000,1433.087402,1400.000000
81266,25.443544,100763.500000,1.290000,9,1,1456,1438,1383,1467,1436.000000,1,1,2,1,-0.668663,-0.419756,-1.324854,0.159831,0.808797,4.081247,-80.674377,-74.197289,-81.404297,-7.207011,-14.497870,0.069218,0.000992,1,0,1,0.216990,-0.123344,-0.216990,0.123344,-1.368094,0.919091,1,1,1,1,0,1.535396,1.321138,-0.179567,0.214258,0.179567,17.140656,17.956711,1.347270,36.444580,0,1400.000000,1436.444580,1400.000000
81374,25.446575,100764.500000,1.240000,20,1,1413,1394,1355,1438,1400.000000,1,1,2,1,-0.640941,-0.429016,-1.322363,-0.204813,0.353035,4.057719,-81.208069,-74.702202,-81.404297,-6.702096,-13.534464,0.022991,0.000110,1,0,1,0.261427,-0.091925,-0.261427,0.091925,-1.752313,0.456801,1,1,1,1,0,1.535396,1.319375,0.184848,0.216020,-0.184848,17.281628,-18.484837,1.364872,0.161621,0,1400.000000,1400.161621,1400.000000
81472,25.444298,100763.898438,1.210000,19,1,1483,1457,1373,1439,1438.000000,1,1,2,1,-0.625710,-0.438123,-1.288537,0.164322,-0.780725,3.520657,-81.707001,-75.130020,-81.404297,-6.274280,-12.677542,0.019276,0.000078,1,0,1,0.253720,-0.080786,-0.253720,0.080786,-1.317258,0.411280,1,1,1,1,0,1.535396,1.290911,-0.167041,0.244485,0.167041,19.558811,16.704105,1.383241,37.646118,0,1400.000000,1437.646118,1400.000000
81561,25.445963,100763.203125,1.200000,19,1,1468,1433,1389,1446,1434.000000,1,1,2,1,-0.605551,-0.447668,-1.264562,0.107767,-1.878834,3.028703,-82.102074,-75.462448,-81.404297,-5.941848,-11.985404,0.035498,0.000264,1,0,1,0.258601,-0.099911,-0.258601,0.099911,-1.240399,0.753869,1,1,1,1,0,1.535396,1.264778,-0.108067,0.270618,0.108067,21.649408,10.806660,1.403876,33.859985,0,1400.000000,1433.859985,1400.000000
81674,25.444473,100765.304688,1.160000,4,1,1467,1441,1414,1474,1449.000000,1,1,2,1,-0.577726,-0.461973,-1.232226,0.259348,-1.105717,2.468326,-82.400429,-75.792809,-81.404297,-5.611492,-11.291956,0.029466,0.000182,1,0,1,0.248445,-0.140672,-0.248445,0.140672,-0.971008,1.118180,1,1,1,1,0,1.535396,1.233518,-0.232566,0.301877,0.232566,24.150200,23.256584,1.426235,48.833008,0,1400.000000,1448.833008,1400.000000
81765,25.446260,100764.101563,1.140000,9,1,1483,1451,1437,1493,1466.000000,1,1,2,1,-0.555944,-0.478124,-1.205684,0.366886,-0.313655,2.317816,-82.616928,-75.975006,-81.404297,-5.429290,-10.910975,0.034365,0.000198,1,0,1,0.245825,-0.166925,-0.245825,0.166925,-0.955361,1.300147,1,1,1,1,0,1.535396,1.205635,-0.383648,0.329761,0.383648,26.380882,38.364845,1.451540,66.197266,0,1400.000000,1466.197266,1400.000000
81872,25.449047,100764.804688,1.120000,30,1,1466,1421,1422,1466,1444.000000,1,1,2,1,-0.538312,-0.481138,-1.183366,0.125601,1.139731,2.298033,-82.731277,-76.081490,-81.404297,-5.322807,-10.697374,0.034863,0.000253,1,0,1,0.225609,-0.111872,-0.225609,0.111872,-0.861381,0.388834,1,1,1,1,0,1.535396,1.184727,-0.145901,0.350669,0.145901,28.053493,14.590113,1.479175,44.122803,0,1400.000000,1444.122803,1400.000000
81960,25.445700,100762.804688,1.110000,32,1,1486,1435,1421,1446,1447.000000,1,1,2,1,-0.513744,-0.496087,-1.150442,0.139807,1.317873,0.789643,-83.099670,-76.291908,-81.404297,-5.112390,-10.214322,0.056721,0.000545,1,0,1,0.263781,-0.144431,-0.263781,0.144431,-1.412982,1.064097,1,1,1,1,0,1.535396,1.150583,-0.142593,0.384813,0.142593,30.785027,14.259340,1.508805,46.553223,0,1400.000000,1446.553223,1400.000000
82066,25.447504,100762.804688,1.110000,9,1,1450,1415,1400,1447,1428.000000,1,1,2,1,-0.490896,-0.514738,-1.137776,-0.063543,1.716843,-0.047797,-83.381683,-76.378365,-81.404297,-5.025933,-10.004485,0.077036,0.001241,1,0,1,0.302037,-0.189718,-0.302037,0.189718,-1.584588,1.469619,1,1,1,1,0,1.535396,1.132849,0.056021,0.402547,-0.056021,32.203758,-5.602136,1.540074,28.141724,0,1400.000000,1428.141724,1400.000000
82166,25.444946,100762.203125,1.120000,3,1,1469,1437,1372,1463,1435.000000,1,1,2,1,-0.463298,-0.532150,-1.132322,0.000007,1.857653,0.939496,-83.376999,-76.182579,-81.404297,-5.221721,-10.432266,0.093309,0.001818,1,0,1,0.313332,-0.201337,-0.313332,0.201337,-1.569726,1.373363,1,1,1,1,0,1.535396,1.126702,-0.003974,0.408694,0.003974,32.695484,0.397367,1.571625,34.664429,0,1400.000000,1434.664429,1400.000000
82281,25.446558,100761.703125,1.150000,33,1,1470,1472,1355,1431,1432.000000,1,1,2,1,-0.429772,-0.555571,-1.134890,-0.067816,0.647306,2.016625,-83.489098,-76.281776,-81.404297,-5.122519,-10.269354,0.110828,0.002552,1,0,1,0.342995,-0.196534,-0.342995,0.196534,-1.802418,1.217460,1,1,1,1,0,1.535396,1.146996,0.008975,0.388400,-0.008975,31.071978,-0.897461,1.609661,31.784180,0,1400.000000,1431.784180,1400.000000
82369,25.451151,100762.703125,1.150000,31,1,1481,1460,1362,1437,1435.000000,1,1,2,1,-0.399342,-0.579404,-1.146949,0.020367,-1.005738,2.470223,-83.618530,-76.343773,-81.404297,-5.060528,-10.183456,0.109158,0.002485,1,0,1,0.326304,-0.225816,-0.326304,0.225816,-1.382743,1.509117,1,1,1,1,0,1.535396,1.147156,-0.019035,0.388239,0.019035,31.059141,1.903506,1.634783,34.597412,0,1400.000000,1434.597412,1400.000000
82459,25.450888,100762.703125,1.160000,35,1,1483,1447,1383,1479,1448.000000,1,1,2,1,-0.367874,-0.601069,-1.139297,0.189562,-1.792339,2.946210,-83.596382,-76.166847,-81.404297,-5.237451,-10.606627,0.122715,0.003150,1,0,1,0.338381,-0.242967,-0.338381,0.242967,-1.571712,1.603855,1,1,1,1,0,1.535396,1.142785,-0.148984,0.392610,0.148984,31.408834,14.898412,1.659732,47.967041,0,1400.000000,1447.967041,1400.000000
82562,25.451027,100761.398438,1.180000,8,1,1462,1425,1353,1472,1428.000000,1,1,2,1,-0.333647,-0.629723,-1.149029,-0.039674,-2.018642,3.839348,-83.263885,-75.816948,-81.404297,-5.587354,-11.349015,0.139494,0.004065,1,0,1,0.359398,-0.279982,-0.359398,0.279982,-1.676148,1.921420,1,1,1,1,0,1.535396,1.148863,0.043654,0.386533,-0.043654,30.922642,-4.365382,1.697518,28.254761,0,1400.000000,1428.254761,1400.000000
82668,25.452570,100762.203125,1.170000,29,1,1471,1438,1342,1465,1429.000000,1,1,2,1,-0.304272,-0.659155,-1.150133,-0.021265,-0.844572,4.452532,-82.927643,-75.413452,-81.404297,-5.990848,-12.162313,0.107291,0.002379,1,0,1,0.329787,-0.288668,-0.329787,0.288668,-1.161323,1.691856,1,1,1,1,0,1.535396,1.149971,0.030805,0.385425,-0.030805,30.833969,-3.080537,1.727974,29.481445,0,1400.000000,1429.481445,1400.000000
82777,25.449574,100760.804688,1.200000,9,1,1476,1430,1351,1479,1434.000000,1,1,2,1,-0.269448,-0.685788,-1.173889,-0.003285,-0.519939,4.583991,-82.532074,-75.020706,-81.404297,-6.383591,-12.981116,0.135515,0.003798,1,0,1,0.324689,-0.252554,-0.324689,0.252554,-1.274639,1.132270,1,1,1,1,0,1.535396,1.164777,-0.030525,0.370619,0.030525,29.649515,3.052539,1.758067,34.460083,0,1400.000000,1434.460083,1400.000000
82874,25.452799,100760.601563,1.210000,20,1,1462,1409,1324,1453,1412.000000,1,1,2,1,-0.255453,-0.710528,-1.194428,-0.171535,0.505852,4.228571,-82.118286,-74.630608,-81.404297,-6.773690,-13.694270,0.126747,0.003352,1,0,1,0.265418,-0.244381,-0.265418,0.244381,-0.550210,1.044275,1,1,1,1,0,1.535396,1.190993,0.171969,0.344403,-0.171969,27.552204,-17.196924,1.786674,12.141968,0,1400.000000,1412.141968,1400.000000
82976,25.453745,100759.703125,1.250000,20,1,1478,1408,1334,1455,1419.000000,1,1,2,1,-0.229532,-0.731607,-1.209845,-0.123736,0.745967,3.520905,-81.838554,-74.232986,-81.404297,-7.171309,-14.475252,0.152167,0.004822,1,0,1,0.259386,-0.223863,-0.259386,0.223863,-0.839032,0.937705,1,1,1,1,0,1.535396,1.197833,0.098369,0.337563,-0.098369,27.005014,-9.836863,1.813817,18.981934,0,1400.000000,1418.981934,1400.000000
83062,25.451607,100759.500000,1.280000,20,1,1479,1410,1313,1442,1411.000000,1,1,2,1,-0.217787,-0.744371,-1.230434,-0.153176,0.464541,3.103133,-81.599121,-73.894753,-81.404297,-7.509547,-15.133541,0.162411,0.005516,1,0,1,0.248462,-0.201493,-0.248462,0.201493,-0.815408,0.737185,1,1,1,1,0,1.535396,1.229818,0.155150,0.305578,-0.155150,24.446211,-15.514957,1.839127,10.770386,0,1400.000000,1410.770386,1400.000000
83162,25.453989,100760.101563,1.300000,34,1,1454,1393,1300,1432,1395.000000,1,1,2,1,-0.205425,-0.762120,-1.254689,-0.320466,0.286353,3.197582,-81.223915,-73.474396,-81.404297,-7.929904,-15.944942,0.148941,0.004596,1,0,1,0.243131,-0.191601,-0.243131,0.191601,-0.821217,0.825328,1,1,1,1,0,1.535396,1.253161,0.290820,0.282235,-0.290820,22.578812,-29.081964,1.862056,-4.641113,0,1400.000000,1395.358887,1400.000000
83266,25.455866,100760.000000,1.340000,9,1,1444,1361,1290,1426,1380.000000,1,1,2,1,-0.185315,-0.782492,-1.323091,-0.415454,0.524998,3.239944,-80.889320,-73.102737,-81.404297,-8.301562,-16.660601,0.127300,0.003355,1,0,1,0.212557,-0.195687,-0.212557,0.195687,-0.545736,0.953034,1,1,1,1,0,1.535396,1.311902,0.399140,0.223493,-0.399140,17.879467,-39.913960,1.881593,-20.152954,0,1400.000000,1379.847046,1400.000000
83374,25.453972,100758.203125,1.380000,20,1,1474,1392,1357,1473,1424.000000,1,1,2,1,-0.173010,-0.806419,-1.314256,0.062000,1.619021,3.037760,-80.603271,-72.756371,-81.404297,-8.647928,-17.326468,0.176164,0.006449,1,0,1,0.179296,-0.215699,-0.179296,0.215699,-0.270563,1.233654,1,1,1,1,0,1.535396,1.315040,-0.046144,0.220356,0.046144,17.628460,4.614420,1.899672,24.142578,0,1400.000000,1424.142578,1400.000000
83460,25.460859,100760.304688,1.400000,20,1,1464,1373,1345,1461,1411.000000,1,1,2,1,-0.166545,-0.819639,-1.340283,-0.061409,1.457188,2.958306,-80.415573,-72.436844,-81.404297,-8.967458,-17.970959,0.171260,0.006132,1,0,1,0.175296,-0.200087,-0.175296,0.200087,-0.475834,0.944258,1,1,1,1,0,1.535396,1.340157,0.064550,0.195239,-0.064550,15.619106,-6.455027,1.916546,11.080566,0,1400.000000,1411.080566,1400.000000
83567,25.458757,100758.601563,1.410000,26,1,1447,1389,1328,1472,1409.000000,1,1,2,1,-0.156694,-0.832166,-1.359635,-0.058673,1.218724,2.937793,-80.154747,-72.162804,-81.404297,-9.241492,-18.524532,0.162001,0.005487,1,0,1,0.186253,-0.170086,-0.186253,0.170086,-0.714742,0.636535,1,1,1,1,0,1.535396,1.359124,0.069713,0.176272,-0.069713,14.101763,-6.971316,1.931297,9.061768,0,1400.000000,1409.061768,1400.000000
83674,25.460737,100757.804688,1.450000,5,1,1473,1396,1295,1420,1396.000000,1,1,2,1,-0.141489,-0.846453,-1.392183,-0.205776,2.041916,3.075095,-79.971344,-71.954391,-81.404297,-9.449908,-18.962648,0.168380,0.005936,1,0,1,0.181412,-0.150496,-0.181412,0.150496,-0.665208,0.539957,1,1,1,1,0,1.535396,1.378745,0.184034,0.156651,-0.184034,12.532091,-18.403423,1.944225,-3.927124,0,1400.000000,1396.072876,1400.000000
83765,25.456812,100758.101563,1.460000,10,1,1473,1404,1292,1432,1400.000000,1,1,2,1,-0.125023,-0.854572,-1.424915,-0.096310,1.446190,2.829302,-79.999199,-71.848457,-81.404297,-9.555844,-19.215235,0.145927,0.004410,1,0,1,0.186412,-0.110833,-0.186412,0.110833,-0.873954,0.196436,1,1,1,1,0,1.535396,1.424007,0.105854,0.111389,-0.105854,8.911123,-10.585423,1.954527,0.280273,0,1400.000000,1400.280273,1400.000000
83872,25.456846,100756.398438,1.510000,31,1,1467,1391,1299,1431,1397.000000,1,1,2,1,-0.118822,-0.871925,-1.449076,-0.120373,2.162010,2.703466,-79.958435,-71.774673,-81.404297,-9.629624,-19.319557,0.175212,0.006411,1,0,1,0.171723,-0.131840,-0.171723,0.131840,-0.563163,0.727293,1,1,1,1,0,1.535396,1.447428,0.122245,0.087967,-0.122245,7.037382,-12.224454,1.962817,-3.224243,0,1400.000000,1396.775757,1400.000000
83959,25.462139,100758.601563,1.520000,32,1,1447,1370,1341,1455,1403.000000,1,1,2,1,-0.112411,-0.883551,-1.459079,-0.030107,2.257139,2.443192,-80.062813,-71.721581,-81.404297,-9.682722,-19.391085,0.172272,0.006213,1,0,1,0.160317,-0.146089,-0.160317,0.146089,-0.449612,0.901337,1,1,1,1,0,1.535396,1.458236,0.049793,0.077160,-0.049793,6.172781,-4.979330,1.967979,3.161377,0,1400.000000,1403.161377,1400.000000
84065,25.458143,100756.203125,1.540000,9,1,1461,1376,1343,1439,1405.000000,1,1,2,1,-0.104482,-0.901589,-1.478224,-0.033736,3.071408,2.202391,-80.132607,-71.760849,-81.404297,-9.643449,-19.288906,0.171857,0.006184,1,0,1,0.160483,-0.170247,-0.160483,0.170247,-0.409697,1.146756,1,1,1,1,0,1.535396,1.468143,0.021740,0.067253,-0.021740,5.380239,-2.173982,1.974401,5.180664,0,1400.000000,1405.180664,1400.000000
84162,25.461332,100758.703125,1.540000,0,1,1437,1374,1337,1452,1400.000000,1,1,2,1,-0.094036,-0.912934,-1.487873,-0.072232,2.814516,2.307026,-80.199471,-71.815681,-81.404297,-9.588615,-19.178795,0.161681,0.005466,1,0,1,0.161412,-0.173238,-0.161412,0.173238,-0.542444,0.981022,1,1,1,1,0,1.535396,1.478114,0.070602,0.057282,-0.070602,4.582577,-7.060247,1.978408,-0.499268,0,1400.000000,1399.500732,1400.000000
84276,25.460035,100757.398438,1.560000,29,1,1439,1393,1341,1475,1412.000000,1,1,2,1,-0.074716,-0.927052,-1.505745,0.086905,3.261416,2.179655,-80.242058,-71.780197,-81.404297,-9.624105,-19.276615,0.162971,0.005521,1,0,1,0.179652,-0.142212,-0.179652,0.142212,-0.910749,0.614771,1,1,1,1,0,1.535396,1.506874,-0.073981,0.028522,0.073981,2.281761,7.398099,1.981522,11.661377,0,1400.000000,1411.661377,1400.000000
84368,25.460684,100758.601563,1.560000,35,1,1441,1377,1299,1419,1384.000000,1,1,2,1,-0.061336,-0.935468,-1.536090,-0.177594,2.733325,2.368300,-80.273499,-71.862587,-81.404297,-9.541713,-19.123137,0.138022,0.003983,1,0,1,0.190977,-0.127691,-0.190977,0.127691,-1.013354,0.556635,1,1,1,1,0,1.535396,1.533958,0.177004,0.001437,-0.177004,0.114994,-17.700439,1.982690,-15.602783,0,1400.000000,1384.397217,1400.000000
84472,25.459457,100758.101563,1.550000,10,1,1443,1373,1315,1437,1392.000000,1,1,2,1,-0.049507,-0.947135,-1.543293,-0.107154,2.204757,2.460991,-80.343895,-71.931000,-81.404297,-9.473302,-18.974190,0.114224,0.002725,1,0,1,0.179854,-0.126702,-0.179854,0.126702,-0.726835,0.649036,1,1,1,1,0,1.535396,1.535389,0.099282,0.000007,-0.099282,0.000544,-9.928242,1.982666,-7.945068,0,1400.000000,1392.054932,1400.000000
84560,25.458967,100756.500000,1.560000,3,1,1469,1389,1335,1467,1415.000000,1,1,2,1,-0.039652,-0.952352,-1.534333,0.109221,2.926617,2.293810,-80.347733,-71.826012,-81.404297,-9.578289,-19.160717,0.133630,0.003732,1,0,1,0.173370,-0.108241,-0.173370,0.108241,-0.642065,0.401112,1,1,1,1,0,1.535396,1.526965,-0.119665,0.008430,0.119665,0.674429,11.966513,1.982281,14.623169,0,1400.000000,1414.623169,1400.000000
84666,25.458424,100758.500000,1.560000,24,1,1477,1402,1317,1436,1408.000000,1,1,2,1,-0.027647,-0.963432,-1.523836,0.027322,3.160052,2.264827,-80.298187,-71.894356,-81.404297,-9.509946,-19.012823,0.128650,0.003408,1,0,1,0.165740,-0.096177,-0.165740,0.096177,-0.577385,0.403697,1,1,1,1,0,1.535396,1.524513,-0.054153,0.010883,0.054153,0.870657,5.415318,1.982683,8.268677,0,1400.000000,1408.268677,1400.000000
84775,25.460194,100758.703125,1.530000,4,1,1457,1377,1324,1458,1404.000000,1,1,2,1,-0.011225,-0.976884,-1.542577,0.009930,2.696918,2.047209,-80.262993,-71.894180,-81.404297,-9.510117,-19.028416,0.094350,0.001833,1,0,1,0.162459,-0.120765,-0.162459,0.120765,-0.593301,0.812644,1,1,1,1,0,1.535396,1.536097,-0.016832,-0.000701,0.016832,-0.056105,1.683246,1.982995,3.610107,0,1400.000000,1403.610107,1400.000000
84870,25.462666,100761.000000,1.510000,13,1,1460,1394,1347,1491,1423.000000,1,1,2,1,-0.002294,-0.983178,-1.505161,0.189836,1.295305,2.047565,-80.208992,-71.845863,-81.404297,-9.558434,-19.156193,0.109395,0.002497,1,0,1,0.146861,-0.107603,-0.146861,0.107603,-0.480701,0.552695,1,1,1,1,0,1.535396,1.500966,-0.179760,0.034430,0.179760,2.754383,17.976028,1.984877,22.715332,0,1400.000000,1422.715332,1400.000000
84976,25.465540,100761.398438,1.480000,19,1,1481,1409,1305,1469,1416.000000,1,1,2,1,0.032239,-0.988370,-1.486523,0.038743,0.496076,2.367931,-79.930222,-71.631226,-81.404297,-9.773072,-19.661949,0.098298,0.002016,1,0,1,0.229632,-0.088484,-0.229632,0.088484,-1.664092,0.534240,1,1,1,1,0,1.535396,1.481702,-0.100923,0.053693,0.100923,4.295473,10.092345,1.988434,16.376221,0,1400.000000,1416.376221,1400.000000
85062,25.462717,100761.500000,1.450000,20,1,1495,1423,1286,1431,1409.000000,1,1,2,1,0.045903,-0.988826,-1.457225,0.002434,-2.018988,2.629483,-79.873405,-71.626778,-81.404297,-9.777525,-19.770605,0.097970,0.002009,1,0,1,0.223309,-0.066931,-0.223309,0.066931,-1.179075,0.238101,1,1,1,1,0,1.535396,1.457253,-0.010909,0.078143,0.010909,6.251440,1.090925,1.993281,9.335693,0,1400.000000,1409.335693,1400.000000
85178,25.460123,100760.898438,1.410000,7,1,1503,1407,1341,1506,1439.000000,1,1,2,1,0.054869,-0.998372,-1.419021,0.329256,-4.171510,2.767674,-79.607193,-71.382523,-81.404297,-10.021780,-20.000000,0.094507,0.001870,1,0,1,0.127605,-0.084944,-0.127605,0.084944,0.161150,0.476347,1,1,1,1,0,1.535396,1.422006,-0.277044,0.113389,0.277044,9.071150,27.704382,1.999776,38.775269,0,1400.000000,1438.775269,1400.000000
85266,25.460562,100762.203125,1.380000,9,1,1502,1399,1371,1544,1454.000000,1,1,2,1,0.063848,-1.009348,-1.396324,0.391197,-2.513846,3.055530,-79.101677,-70.873863,-81.404297,-10.530437,-20.000000,0.087024,0.001270,1,0,1,0.118809,-0.112645,-0.118809,0.112645,-0.009391,0.826935,1,1,1,1,0,1.535396,1.393782,-0.402206,0.141614,0.402206,11.329126,40.220581,2.010064,53.559814,0,1400.000000,1453.559814,1400.000000
85374,25.464926,100763.203125,1.340000,20,1,1513,1411,1318,1506,1437.000000,1,1,2,1,0.082570,-1.016356,-1.360625,0.218837,1.197633,3.194968,-78.286819,-70.287506,-81.404297,-11.116796,-20.000000,0.080338,0.001340,1,0,1,0.142753,-0.095236,-0.142753,0.095236,-0.627544,0.565112,1,1,1,1,0,1.535396,1.363887,-0.215412,0.171509,0.215412,13.720684,21.541195,2.023220,37.285156,0,1400.000000,1437.285156,1400.000000
85460,25.468290,100763.203125,1.310000,20,1,1505,1423,1307,1476,1428.000000,1,1,2,1,0.074327,-1.018520,-1.333923,0.092404,2.358197,3.056705,-77.930824,-70.044189,-81.404297,-11.360107,-20.000000,0.078830,0.001298,1,0,1,0.059573,-0.077025,-0.059573,0.077025,0.527875,0.061336,1,1,1,1,0,1.535396,1.334110,-0.094758,0.201286,0.094758,16.102886,9.475823,2.038609,27.617310,0,1400.000000,1427.617310,1400.000000
85561,25.460403,100763.304688,1.270000,20,1,1486,1396,1344,1499,1431.000000,1,1,2,1,0.087074,-1.021199,-1.294827,0.093464,1.227402,2.726384,-77.611427,-69.893555,-81.404297,-11.510747,-20.000000,0.077846,0.001266,1,0,1,0.055428,-0.048478,-0.055428,0.048478,-0.071038,-0.059656,1,1,1,1,0,1.535396,1.295018,-0.098110,0.240377,0.098110,19.230194,9.810969,2.056030,31.097168,0,1400.000000,1431.097168,1400.000000
85670,25.463470,100764.101563,1.210000,0,1,1501,1406,1358,1503,1442.000000,1,1,2,1,0.090287,-1.023111,-1.258177,0.127737,0.810904,2.512307,-77.134926,-69.542603,-81.404297,-11.861696,-20.000000,0.037305,0.000288,1,0,1,0.113939,-0.052385,-0.113939,0.052385,-0.716938,0.299677,1,1,1,1,0,1.535396,1.261504,-0.184562,0.273892,0.184562,21.911335,18.456245,2.075857,42.443481,0,1400.000000,1442.443481,1400.000000
85769,25.467064,100763.500000,1.190000,13,1,1491,1400,1325,1509,1431.000000,1,1,2,1,0.091612,-1.024408,-1.258888,0.039930,1.123529,2.485287,-76.486290,-69.099854,-81.404297,-12.304442,-20.000000,0.032791,0.000223,1,0,1,0.045883,-0.024488,-0.045883,0.024488,0.153879,-0.204320,1,1,1,1,0,1.535396,1.257209,-0.065181,0.278187,0.065181,22.254925,6.518140,2.097974,30.871094,0,1400.000000,1430.871094,1400.000000
85872,25.466171,100764.804688,1.150000,30,1,1505,1400,1338,1529,1443.000000,1,1,2,1,0.104704,-1.031379,-1.215671,0.162848,1.137522,2.737778,-75.802246,-68.545944,-81.404297,-12.858357,-20.000000,0.032389,0.000219,1,0,1,0.081399,-0.048334,-0.081399,0.048334,-0.419369,0.448972,1,1,1,1,0,1.535396,1.217263,-0.153105,0.318133,0.153105,25.450659,15.310489,2.122623,42.883789,0,1400.000000,1442.883789,1400.000000
85960,25.468327,100766.101563,1.110000,32,1,1536,1453,1314,1513,1454.000000,1,1,2,1,0.112780,-1.031778,-1.172256,0.230198,1.050745,3.806924,-75.091690,-68.119537,-81.404297,-13.284760,-20.000000,0.031742,0.000171,1,0,1,0.082340,-0.045096,-0.082340,0.045096,-0.375766,0.339294,1,1,1,1,0,1.535396,1.172487,-0.231696,0.362909,0.231696,29.032707,23.169636,2.150139,54.352539,0,1400.000000,1454.352539,1400.000000
86066,25.469816,100766.304688,1.080000,9,1,1528,1441,1302,1513,1446.000000,1,1,2,1,0.118554,-1.031619,-1.142741,0.116533,0.053291,4.961124,-74.295120,-67.526688,-81.404297,-13.877613,-20.000000,0.039138,0.000320,1,0,1,0.100075,-0.042380,-0.100075,0.042380,-0.578978,0.346628,1,1,1,1,0,1.535396,1.141107,-0.122810,0.394289,0.122810,31.543112,12.280993,2.180388,46.004517,0,1400.000000,1446.004517,1400.000000
86166,25.470114,100765.000000,1.040000,3,1,1515,1423,1310,1515,1441.000000,1,1,2,1,0.127712,-1.028445,-1.095666,0.247900,0.674365,5.140588,-73.565132,-66.862679,-81.404297,-14.541623,-20.000000,0.047217,0.000465,1,0,1,0.103881,-0.019959,-0.103881,0.019959,-0.595241,0.010897,1,1,1,1,0,1.535396,1.133124,-0.064405,0.402272,0.064405,32.181770,6.440504,2.212290,40.834595,0,1400.000000,1440.834595,1400.000000
86280,25.469570,100765.898438,1.020000,32,1,1532,1392,1375,1525,1456.000000,1,1,2,1,0.134574,-1.018589,-1.050727,0.180388,0.708968,4.069133,-72.678185,-66.131142,-81.404297,-15.273157,-20.000000,0.042523,0.000304,1,0,1,0.122573,0.044559,-0.122573,-0.044559,-0.901839,-0.519678,1,1,1,1,0,1.535396,1.075726,-0.165776,0.459669,0.165776,36.773548,16.577581,2.255760,55.606934,0,1400.000000,1455.606934,1400.000000
86369,25.467730,100763.804688,1.030000,31,1,1540,1400,1367,1526,1458.000000,1,1,2,1,0.144113,-1.010908,-1.042208,0.160250,1.721864,1.951835,-72.023079,-65.502693,-81.404297,-15.901603,-20.000000,0.087312,0.001285,1,0,1,0.112471,0.069287,-0.112471,-0.069287,-0.745779,-0.630269,1,1,1,1,0,1.535396,1.043817,-0.165245,0.491579,0.165245,39.326317,16.524494,2.287103,58.137939,0,1400.000000,1458.137939,1400.000000
86475,25.463892,100762.398438,1.050000,9,1,1495,1373,1347,1517,1433.000000,1,1,2,1,0.144024,-0.998385,-1.039469,-0.124194,1.911731,0.877935,-71.218758,-64.748550,-81.404297,-16.655750,-20.000000,0.118677,0.002931,1,0,1,0.065353,0.087322,-0.065353,-0.087322,-0.146638,-0.728227,1,1,1,1,0,1.535396,1.030477,0.097368,0.504918,-0.097368,40.393478,-9.736815,2.327303,32.984009,0,1400.000000,1432.984009,1400.000000
86561,25.471306,100764.203125,1.060000,8,1,1523,1394,1342,1524,1446.000000,1,1,2,1,0.150293,-0.985688,-1.026715,0.013122,2.725175,0.497901,-70.443893,-64.033325,-81.404297,-17.370974,-20.000000,0.142160,0.004211,1,0,1,0.067688,0.091047,-0.067688,-0.091047,-0.352219,-0.544227,1,1,1,1,0,1.535396,1.017884,-0.022113,0.517511,0.022113,41.400902,2.211322,2.367322,45.979492,0,1400.000000,1445.979492,1400.000000
86667,25.468624,100762.000000,1.080000,24,1,1520,1394,1362,1532,1452.000000,1,1,2,1,0.151301,-0.977089,-1.014485,0.127692,3.977405,0.310547,-69.673492,-63.421352,-81.404297,-17.982946,-20.000000,0.144795,0.004312,1,0,1,0.059290,0.079972,-0.059290,-0.079972,-0.234498,-0.288730,1,1,1,1,0,1.535396,1.016363,-0.077697,0.519033,0.077697,41.522617,7.769652,2.407944,51.700195,0,1400.000000,1451.700195,1400.000000
86776,25.473602,100762.500000,1.120000,4,1,1515,1410,1350,1517,1448.000000,1,1,2,1,0.158379,-0.976362,-1.040513,-0.008307,2.675837,0.627526,-68.939034,-62.977062,-81.404297,-18.427237,-20.000000,0.194248,0.007748,1,0,1,0.077926,0.023396,-0.077926,-0.023396,-0.381195,0.484531,1,1,1,1,0,1.535396,1.026490,-0.048441,0.508906,0.048441,40.712452,4.844119,2.449098,48.005615,0,1400.000000,1448.005615,1400.000000
86874,25.474302,100762.101563,1.140000,16,1,1517,1417,1317,1489,1435.000000,1,1,2,1,0.166660,-0.961833,-1.047946,-0.064367,2.144655,1.133222,-68.313217,-62.575733,-81.404297,-18.828564,-20.000000,0.206256,0.008861,1,0,1,0.088953,0.057258,-0.088953,-0.057258,-0.675910,-0.100305,1,1,1,1,0,1.535396,1.033744,0.071771,0.501651,-0.071771,40.132111,-7.177146,2.489445,35.444458,0,1400.000000,1435.444458,1400.000000
86977,25.469273,100761.703125,1.160000,20,1,1501,1397,1322,1492,1428.000000,1,1,2,1,0.177130,-0.966557,-1.067167,-0.162583,1.330692,1.822414,-67.633621,-62.135651,-81.404297,-19.268646,-20.000000,0.208835,0.009085,1,0,1,0.104661,-0.007194,-0.104661,0.007194,-0.433052,0.815370,1,1,1,1,0,1.535396,1.050904,0.129153,0.484492,-0.129153,38.759354,-12.915319,2.528376,28.372437,0,1400.000000,1428.372437,1400.000000
87063,25.474163,100761.804688,1.180000,20,1,1479,1382,1317,1482,1415.000000,1,1,2,1,0.181766,-0.953891,-1.084163,-0.245186,1.568522,2.663910,-66.902092,-61.733524,-81.404297,-19.670774,-20.000000,0.212421,0.009438,1,0,1,0.104015,0.007706,-0.104015,-0.007706,-0.510607,0.230680,1,1,1,1,0,1.535396,1.083194,0.238812,0.452201,-0.238812,36.176109,-23.881174,2.565176,14.860107,0,1400.000000,1414.860107,1400.000000
87178,25.475092,100761.203125,1.250000,6,1,1489,1393,1291,1471,1411.000000,1,1,2,1,0.190571,-0.947565,-1.134340,-0.307579,2.717487,2.990321,-66.097458,-61.174065,-81.404297,-20.230234,-20.000000,0.230915,0.011160,1,0,1,0.107946,0.056446,-0.107946,-0.056446,-0.730259,-0.281711,1,1,1,1,0,1.535396,1.113014,0.257355,0.422382,-0.257355,33.790558,-25.735538,2.599088,10.654053,0,1400.000000,1410.654053,1400.000000
87267,25.475056,100758.601563,1.300000,9,1,1469,1377,1285,1461,1398.000000,1,1,2,1,0.199206,-0.941541,-1.191715,-0.372252,3.365923,2.772046,-65.634987,-60.882954,-81.404297,-20.521345,-20.000000,0.225624,0.010537,1,0,1,0.107272,0.065858,-0.107272,-0.065858,-0.704170,-0.260359,1,1,1,1,0,1.535396,1.174376,0.332793,0.361020,-0.332793,28.881607,-33.279282,2.629485,-1.768188,0,1400.000000,1398.231812,1400.000000
87375,25.472813,100757.500000,1.350000,19,1,1481,1355,1320,1436,1398.000000,1,1,2,1,0.202783,-0.944598,-1.221899,-0.307436,3.565351,2.102006,-65.278046,-60.666008,-81.404297,-20.738293,-20.000000,0.249707,0.012958,1,0,1,0.104888,0.031455,-0.104888,-0.031455,-0.481713,0.232932,1,1,1,1,0,1.535396,1.216480,0.301551,0.318916,-0.301551,25.513258,-30.155138,2.656850,-1.984985,0,1400.000000,1398.015015,1400.000000
87461,25.475512,100757.898438,1.400000,20,1,1471,1362,1321,1454,1402.000000,1,1,2,1,0.192609,-0.936856,-1.254126,-0.230554,4.063134,1.507150,-65.094536,-60.463341,-81.404297,-20.940958,-20.000000,0.265736,0.014757,1,0,1,0.065992,0.049103,-0.065992,-0.049103,-0.097920,-0.313543,1,1,1,1,0,1.535396,1.253665,0.230840,0.281731,-0.230840,22.538452,-23.083960,2.680980,2.135498,0,1400.000000,1402.135498,1400.000000
87560,25.475197,100757.304688,1.440000,20,1,1477,1360,1312,1427,1394.000000,1,1,2,1,0.183396,-0.934651,-1.291658,-0.280794,4.292879,1.154142,-64.851486,-60.316826,-81.404297,-21.087471,-20.000000,0.269882,0.015224,1,0,1,0.049106,0.053878,-0.049106,-0.053878,-0.023304,-0.321077,1,1,1,1,0,1.535396,1.291096,0.280429,0.244299,-0.280429,19.543943,-28.042915,2.701666,-5.797363,0,1400.000000,1394.202637,1400.000000
87669,25.477055,100756.304688,1.510000,0,1,1465,1372,1293,1426,1389.000000,1,1,2,1,0.180709,-0.923078,-1.335945,-0.296526,4.567748,0.756667,-64.672791,-60.222954,-81.404297,-21.181345,-20.000000,0.261600,0.014187,1,0,1,0.039153,0.060738,-0.039153,-0.060738,-0.138755,-0.384009,1,1,1,1,0,1.535396,1.329871,0.302299,0.205525,-0.302299,16.441984,-30.229885,2.718537,-11.069336,0,1400.000000,1388.930664,1400.000000
87759,25.477737,100756.203125,1.550000,4,1,1432,1340,1311,1452,1384.000000,1,1,2,1,0.184409,-0.913188,-1.412007,-0.333813,4.720775,0.584774,-64.535622,-60.216568,-81.404297,-21.187733,-20.000000,0.255446,0.013510,1,0,1,0.049769,0.097215,-0.049769,-0.097215,-0.596689,-0.593241,1,1,1,1,0,1.535396,1.388732,0.300098,0.146663,-0.300098,11.733074,-30.009800,2.729026,-15.547729,0,1400.000000,1384.452271,1400.000000
87867,25.475248,100755.703125,1.590000,26,1,1452,1357,1280,1447,1384.000000,1,1,2,1,0.182779,-0.913382,-1.453852,-0.247639,4.986376,0.571418,-64.378212,-60.109600,-81.404297,-21.294699,-20.000000,0.258002,0.013884,1,0,1,0.069910,0.060672,-0.069910,-0.060672,-0.614409,0.118929,1,1,1,1,0,1.535396,1.451870,0.250706,0.083526,-0.250706,6.682062,-25.070572,2.739695,-15.648804,0,1400.000000,1384.351196,1400.000000
87963,25.477859,100755.601563,1.610000,36,1,1432,1372,1294,1458,1389.000000,1,1,2,1,0.178062,-0.914679,-1.490257,-0.166777,5.195579,1.457133,-64.129791,-59.917984,-81.404297,-21.486313,-20.000000,0.240754,0.012134,1,0,1,0.074449,0.034723,-0.074449,-0.034723,-0.388991,0.339118,1,1,1,1,0,1.535396,1.489572,0.176379,0.045824,-0.176379,3.665934,-17.637863,2.744478,-11.227417,0,1400.000000,1388.772583,1400.000000
88071,25.480051,100756.601563,1.630000,15,1,1444,1364,1274,1418,1375.000000,1,1,2,1,0.172696,-0.914819,-1.544951,-0.305211,3.679282,2.531773,-63.920776,-59.951759,-81.404297,-21.452538,-20.000000,0.200867,0.008446,1,0,1,0.072772,0.033622,-0.072772,-0.033622,-0.256575,0.108185,1,1,1,1,0,1.535396,1.529133,0.280802,0.006263,-0.280802,0.501051,-28.080193,2.745812,-24.833374,0,1400.000000,1375.166626,1400.000000
88165,25.482679,100758.398438,1.620000,3,1,1427,1359,1314,1436,1384.000000,1,1,2,1,0.170681,-0.913838,-1.560744,-0.181777,2.189878,2.545514,-63.856834,-59.984478,-81.404297,-21.419823,-20.000000,0.169304,0.005992,1,0,1,0.067669,0.036006,-0.067669,-0.036006,-0.253117,0.002214,1,1,1,1,0,1.535396,1.550169,0.174479,-0.014773,-0.174479,-1.181850,-17.447895,2.743852,-15.885864,0,1400.000000,1384.114136,1400.000000
88277,25.480473,100758.601563,1.610000,30,1,1462,1358,1289,1430,1385.000000,1,1,2,1,0.179023,-0.909149,-1.595459,-0.122570,1.372579,1.858946,-63.756065,-59.827888,-81.404297,-21.576410,-20.000000,0.125827,0.003290,1,0,1,0.087269,0.047507,-0.087269,-0.047507,-0.678511,-0.027690,1,1,1,1,0,1.535396,1.593666,0.132521,-0.058270,-0.132521,-4.661608,-13.252117,2.740482,-15.173218,0,1400.000000,1384.826782,1400.000000
88376,25.480507,100758.000000,1.620000,0,1,1461,1349,1323,1447,1395.000000,1,1,2,1,0.184194,-0.910665,-1.595287,-0.006948,0.901538,0.998334,-63.453392,-59.599091,-81.404297,-21.805208,-20.000000,0.144573,0.004369,1,0,1,0.099170,0.029239,-0.099170,-0.029239,-0.623466,0.269509,1,1,1,1,0,1.535396,1.594901,0.030253,-0.059505,-0.030253,-4.760389,-3.025304,2.736084,-5.049561,0,1400.000000,1394.950439,1400.000000
88467,25.480261,100758.804688,1.590000,5,1,1430,1339,1305,1466,1385.000000,1,1,2,1,0.188338,-0.908214,-1.606963,-0.131280,0.795629,0.592680,-63.114590,-59.436047,-81.404297,-21.968252,-20.000000,0.089066,0.001656,1,0,1,0.091864,0.036212,-0.091864,-0.036212,-0.495321,0.039435,1,1,1,1,0,1.535396,1.600441,0.124503,-0.065045,-0.124503,-5.203629,-12.450274,2.731139,-14.922729,0,1400.000000,1385.077271,1400.000000
88560,25.478210,100759.101563,1.570000,3,1,1465,1341,1349,1453,1402.000000,1,1,2,1,0.198909,-0.905148,-1.592915,0.034143,0.197451,0.107490,-62.897308,-59.327366,-81.404297,-22.076933,-20.000000,0.081955,0.001404,1,0,1,0.114329,0.035118,-0.114329,-0.035118,-0.751706,0.197422,1,1,1,1,0,1.535396,1.588045,-0.039517,-0.052649,0.039517,-4.211903,3.951666,2.725740,2.465454,0,1400.000000,1402.465454,1400.000000
88666,25.486641,100760.398438,1.520000,24,1,1488,1373,1296,1450,1402.000000,1,1,2,1,0.205473,-0.901890,-1.570739,-0.004513,-0.947459,-0.029563,-62.538689,-59.067928,-81.404297,-22.336372,-20.000000,0.032112,0.000213,1,0,1,0.115811,0.018851,-0.115811,-0.018851,-0.469241,0.283779,1,1,1,1,0,1.535396,1.570898,-0.017553,-0.035502,0.017553,-2.840147,1.755326,2.721682,1.636841,0,1400.000000,1401.636841,1400.000000
88775,25.477879,100760.898438,1.460000,4,1,1509,1386,1278,1435,1402.000000,1,1,2,1,0.216500,-0.904371,-1.570999,0.021023,-2.023851,0.416882,-62.005577,-58.695301,-81.404297,-22.709000,-20.000000,-0.011907,0.000029,1,0,1,0.110482,-0.011684,-0.110482,0.011684,-0.270017,0.577242,1,1,1,1,0,1.535396,1.572250,-0.023805,-0.036854,0.023805,-2.948341,2.380459,2.718742,2.150879,0,1400.000000,1402.150879,1400.000000
88861,25.484520,100761.500000,1.430000,4,1,1507,1396,1291,1485,1420.000000,1,1,2,1,0.226433,-0.898160,-1.531992,0.176319,-2.809495,1.112395,-61.453636,-58.248005,-81.404297,-23.156296,-20.000000,-0.002122,0.000001,1,0,1,0.122693,-0.017505,-0.122693,0.017505,-0.476209,0.551530,1,1,1,1,0,1.535396,1.532472,-0.174134,0.002923,0.174134,0.233860,17.413406,2.718106,20.365356,0,1400.000000,1420.365356,1400.000000
88977,25.481506,100762.804688,1.380000,20,1,1525,1388,1323,1512,1437.000000,1,1,2,1,0.244896,-0.907680,-1.477905,0.291482,-1.795040,1.874515,-60.476612,-57.467995,-81.404297,-23.936302,-20.000000,-0.003446,0.000002,1,0,1,0.141208,-0.059346,-0.141208,0.059346,-0.407262,1.029186,1,1,1,1,0,1.535396,1.484045,-0.300084,0.051351,0.300084,4.108047,30.008429,2.720614,36.837036,0,1400.000000,1436.837036,1400.000000
89059,25.485064,100764.101563,1.320000,16,1,1532,1401,1301,1499,1433.000000,1,1,2,1,0.252607,-0.911646,-1.431261,0.219747,-0.835252,2.250962,-59.595695,-56.799294,-81.404297,-24.605005,-20.000000,-0.015308,0.000049,1,0,1,0.126675,-0.058368,-0.126675,0.058368,-0.217265,0.626471,1,1,1,1,0,1.535396,1.436682,-0.228754,0.098714,0.228754,7.897129,22.875401,2.725279,33.497803,0,1400.000000,1433.497803,1400.000000
89163,25.481594,100763.804688,1.270000,34,1,1514,1400,1342,1528,1446.000000,1,1,2,1,0.272005,-0.914978,-1.369835,0.317587,-0.876690,2.380578,-58.640686,-56.090778,-81.404297,-25.313522,-20.000000,-0.044192,0.000405,1,0,1,0.109235,-0.035202,-0.109235,0.035202,-0.343280,0.277725,1,1,1,1,0,1.535396,1.372608,-0.298518,0.162788,0.298518,13.023043,29.851767,2.737039,45.611816,0,1400.000000,1445.611816,1400.000000
89267,25.482504,100763.703125,1.220000,9,1,1547,1390,1348,1512,1449.000000,1,1,2,1,0.293523,-0.920224,-1.334171,0.285214,-1.250224,2.212635,-57.560894,-55.104557,-81.404297,-26.299744,-20.000000,-0.016807,0.000058,1,0,1,0.177387,-0.050558,-0.177387,0.050558,-0.935545,0.988611,1,1,1,1,0,1.535396,1.336807,-0.301373,0.198589,0.301373,15.887117,30.137297,2.751875,48.776245,0,1400.000000,1448.776245,1400.000000
89375,25.482996,100764.304688,1.170000,20,1,1529,1395,1327,1546,1449.000000,1,1,2,1,0.306260,-0.914804,-1.272230,0.253905,-1.276296,2.387319,-56.214931,-54.092911,-81.404297,-27.311390,-20.000000,-0.007293,0.000011,1,0,1,0.152876,-0.016060,-0.152876,0.016060,-0.715997,0.300211,1,1,1,1,0,1.535396,1.276818,-0.256057,0.258578,0.256057,20.686255,25.605669,2.771188,49.063110,0,1400.000000,1449.063110,1400.000000
89461,25.482031,100765.703125,1.120000,20,1,1534,1394,1342,1545,1454.000000,1,1,2,1,0.312428,-0.926809,-1.218359,0.259851,-1.857684,2.779103,-55.161770,-53.044785,-81.404297,-28.359516,-20.000000,-0.003420,0.000002,1,0,1,0.125851,-0.061223,-0.125851,0.061223,0.035451,0.710981,1,1,1,1,0,1.535396,1.218881,-0.262584,0.316515,0.262584,25.321178,26.258410,2.794642,54.374268,0,1400.000000,1454.374268,1400.000000
89559,25.487867,100766.500000,1.070000,19,1,1534,1398,1355,1549,1459.000000,1,1,2,1,0.347143,-0.927461,-1.155712,0.221743,-2.753109,3.253204,-53.874924,-51.864906,-81.404297,-29.539394,-20.000000,0.010642,0.000019,1,0,1,0.187976,-0.085367,-0.187976,0.085367,-0.737035,1.366972,1,1,1,1,0,1.535396,1.159871,-0.258742,0.375524,0.258742,30.041943,25.874182,2.816304,58.732422,0,1400.000000,1458.732422,1400.000000
89668,25.482523,100765.304688,1.020000,0,1,1588,1447,1327,1534,1474.000000,1,1,2,1,0.372563,-0.930609,-1.084381,0.268239,-3.677199,4.022879,-52.508511,-50.478203,-81.404297,-30.926096,-20.000000,-0.013848,0.000040,1,0,1,0.224441,-0.093655,-0.224441,0.093655,-0.798781,1.330669,1,1,1,1,0,1.535396,1.090533,-0.357894,0.444862,0.357894,35.588997,35.789402,2.854394,74.232788,0,1400.000000,1474.232788,1400.000000
89778,25.488184,100768.898438,0.960000,24,1,1516,1390,1323,1543,1443.000000,1,1,2,1,0.389567,-0.938265,-1.074855,-0.030334,-4.007501,4.779873,-51.038807,-49.023045,-81.404297,-32.381256,-20.000000,-0.016069,0.000053,1,0,1,0.172797,-0.078667,-0.172797,0.078667,-0.245618,0.631216,1,1,1,1,0,1.535396,1.074921,-0.035073,0.460475,0.035073,36.838017,3.507346,2.890902,43.236328,0,1400.000000,1443.236328,1400.000000
89873,25.485712,100768.203125,0.920000,33,1,1550,1430,1360,1569,1477.000000,1,1,2,1,0.414226,-0.933926,-0.992482,0.318603,-3.551198,4.764855,-49.916737,-47.804928,-81.404297,-33.599369,-20.000000,0.018478,0.000058,1,0,1,0.195081,-0.052314,-0.195081,0.052314,-0.761582,0.659055,1,1,1,1,0,1.535396,0.996922,-0.312886,0.538474,0.312886,43.077892,31.288580,2.932208,77.298706,0,1400.000000,1477.298706,1400.000000
89978,25.487343,100768.898438,0.860000,9,1,1565,1409,1365,1553,1473.000000,1,1,2,1,0.450151,-0.926596,-0.939294,0.196419,-3.905398,4.782316,-48.681927,-46.542782,-81.404297,-34.861519,-20.000000,0.020973,0.000074,1,0,1,0.270604,0.010480,-0.270604,-0.010480,-1.893263,0.761202,1,1,1,1,0,1.535396,0.941621,-0.221529,0.593774,0.221529,47.501953,22.152903,2.978030,72.632935,0,1400.000000,1472.632935,1400.000000
90064,25.483135,100768.000000,0.830000,9,1,1573,1465,1366,1559,1491.000000,1,1,2,1,0.472128,-0.926290,-0.880819,0.365627,-4.894455,4.918486,-47.889263,-45.736908,-81.404297,-35.667393,-20.000000,0.050238,0.000426,1,0,1,0.275261,0.026235,-0.275261,-0.026235,-1.534603,0.690208,1,1,1,1,0,1.535396,0.882268,-0.359040,0.653127,0.359040,52.250195,35.903988,3.027663,91.181885,0,1400.000000,1491.181885,1400.000000
90172,25.487640,100768.804688,0.790000,31,1,1566,1456,1344,1561,1482.000000,1,1,2,1,0.498962,-0.919267,-0.822943,0.199662,-5.156030,5.523342,-46.902966,-44.706078,-81.404297,-36.698219,-20.000000,0.034271,0.000196,1,0,1,0.246154,0.010561,-0.246154,-0.010561,-0.767995,0.594864,1,1,1,1,0,1.535396,0.855103,-0.248429,0.680293,0.248429,54.423424,24.842943,3.081430,82.347778,0,1400.000000,1482.347778,1400.000000
90287,25.484837,100767.398438,0.770000,17,1,1530,1424,1331,1527,1453.000000,1,1,2,1,0.519098,-0.912990,-0.782640,0.125339,-4.927799,6.390642,-46.005932,-43.637112,-81.404297,-37.767185,-20.000000,0.047188,0.000372,1,0,1,0.127284,0.020205,-0.127284,-0.020205,0.181220,-0.441436,1,1,1,1,0,1.535396,0.825611,0.070825,0.709785,-0.070825,56.782806,-7.082506,3.149904,52.850220,0,1400.000000,1452.850220,1400.000000
90369,25.487202,100766.398438,0.780000,13,1,1522,1413,1345,1528,1452.000000,1,1,2,1,0.532246,-0.906027,-0.795088,-0.098718,-3.979410,6.655047,-45.247574,-42.910488,-81.404297,-38.493813,-20.000000,0.090995,0.001394,1,0,1,0.133879,0.054498,-0.133879,-0.054498,-0.551702,-0.294829,1,1,1,1,0,1.535396,0.789005,0.105274,0.746390,-0.105274,59.711224,-10.527389,3.197871,52.381714,0,1400.000000,1452.381714,1400.000000
90475,25.490707,100766.703125,0.790000,20,1,1530,1420,1393,1546,1472.000000,1,1,2,1,0.544808,-0.885107,-0.760424,0.048271,-3.124136,5.832609,-44.358276,-42.221851,-81.404297,-39.182449,-20.000000,0.135882,0.003107,1,0,1,0.100076,0.125676,-0.100076,-0.125676,-0.910184,-0.978822,1,1,1,1,0,1.535396,0.761374,-0.071502,0.774022,0.071502,61.921738,7.150170,3.258796,72.330688,0,1400.000000,1472.330688,1400.000000
90561,25.489515,100766.304688,0.800000,20,1,1553,1436,1428,1512,1482.000000,1,1,2,1,0.552643,-0.880068,-0.725234,0.135951,-3.896619,3.885850,-43.974472,-42.022648,-81.404297,-39.381653,-20.000000,0.181068,0.005532,1,0,1,0.067933,0.122071,-0.067933,-0.122071,-0.456160,-0.716790,1,1,1,1,0,1.535396,0.725510,-0.140330,0.809886,0.140330,64.790863,14.033027,3.321901,82.145752,0,1400.000000,1482.145752,1400.000000
90670,25.489498,100764.898438,0.830000,0,1,1564,1424,1404,1529,1480.000000,1,1,2,1,0.557796,-0.854464,-0.702360,0.000266,-5.411694,1.728001,-43.718601,-41.714626,-81.404297,-39.689674,-20.000000,0.179731,0.005408,1,0,1,0.050014,0.096596,-0.050014,-0.096596,-0.296883,-0.397525,1,1,1,1,0,1.535396,0.703324,-0.102284,0.832072,0.102284,66.565758,10.228426,3.386669,80.180908,0,1400.000000,1480.180908,1400.000000
90760,25.490005,100764.804688,0.850000,4,1,1539,1438,1362,1505,1461.000000,1,1,2,1,0.563913,-0.838684,-0.741125,-0.104035,-5.267889,1.444730,-43.457230,-41.389019,-81.404297,-40.015282,-20.000000,0.222152,0.008249,1,0,1,0.065907,0.152730,-0.065907,-0.152730,-1.042550,-0.557363,1,1,1,1,0,1.535396,0.727848,0.067170,0.807547,-0.067170,64.603798,-6.717049,3.451755,61.338501,0,1400.000000,1461.338501,1400.000000
90869,25.496544,100765.000000,0.870000,27,1,1508,1417,1380,1487,1448.000000,1,1,2,1,0.571946,-0.833624,-0.758001,-0.199562,-5.071411,2.610522,-43.168156,-41.171822,-81.404297,-40.232479,-20.000000,0.229035,0.008818,1,0,1,0.087398,0.103736,-0.087398,-0.103736,-0.590931,0.272686,1,1,1,1,0,1.535396,0.756090,0.182765,0.779306,-0.182765,62.344460,-18.276525,3.515370,47.583252,0,1400.000000,1447.583252,1400.000000
90960,25.493809,100765.304688,0.890000,32,1,1470,1438,1335,1501,1436.000000,1,1,2,1,0.566152,-0.830642,-0.783540,-0.276624,-5.540544,4.205782,-43.177753,-41.075180,-81.404297,-40.329121,-20.000000,0.229410,0.010963,1,0,1,0.042058,0.061615,-0.042058,-0.061615,0.237039,0.029266,1,1,1,1,0,1.535396,0.783263,0.276011,0.752132,-0.276011,60.170586,-27.601068,3.576433,36.145996,0,1400.000000,1436.145996,1400.000000
91066,25.493687,100762.203125,0.950000,9,1,1463,1416,1295,1474,1412.000000,1,1,2,1,0.570088,-0.818301,-0.840024,-0.515160,-4.944336,6.118124,-43.253178,-41.045425,-81.404297,-40.358875,-20.000000,0.225859,0.010641,1,0,1,0.014395,0.058689,-0.014395,-0.058689,0.048696,-0.225468,1,1,1,1,0,1.535396,0.823154,0.490517,0.712241,-0.490517,56.979317,-49.051685,3.634099,11.561768,0,1400.000000,1411.561768,1400.000000
91163,25.490532,100760.000000,1.010000,0,1,1397,1372,1312,1478,1390.000000,1,1,2,1,0.568742,-0.807011,-0.863375,-0.284737,-3.403050,6.942507,-43.343346,-41.116837,-81.404297,-40.287460,-20.000000,0.208813,0.009079,1,0,1,-0.001855,0.066093,0.001855,-0.066093,-0.006736,-0.432417,1,1,1,1,0,1.535396,0.906879,0.640809,0.628517,-0.640809,50.281357,-64.080872,3.686549,-10.112915,0,1400.000000,1389.887085,1400.000000
91269,25.492599,100760.000000,1.070000,20,1,1474,1404,1360,1477,1429.000000,1,1,2,1,0.567360,-0.800281,-0.937866,-0.226155,-2.109219,6.343772,-43.447620,-41.367477,-81.404297,-40.036819,-20.000000,0.253198,0.013296,1,0,1,-0.009738,0.064132,0.009738,-0.064132,-0.026718,-0.348532,1,1,1,1,0,1.535396,0.935816,0.231424,0.599580,-0.231424,47.966389,-23.142414,3.736881,28.560913,0,1400.000000,1428.560913,1400.000000
91359,25.494528,100758.804688,1.150000,20,1,1454,1403,1348,1467,1418.000000,1,1,2,1,0.568505,-0.770470,-0.988878,-0.319713,-2.211909,5.270945,-43.709633,-41.737289,-81.404297,-39.667011,-20.000000,0.284855,0.016909,1,0,1,0.017089,0.153775,-0.017089,-0.153775,-1.207001,-0.845933,1,1,1,1,0,1.535396,0.964518,0.315361,0.570878,-0.315361,45.670238,-31.536058,3.774139,17.908325,0,1400.000000,1417.908325,1400.000000
91472,25.495947,100757.703125,1.250000,4,1,1463,1412,1345,1465,1421.000000,1,1,2,1,0.569832,-0.754455,-1.060971,-0.253112,-2.106924,3.931645,-44.150532,-42.253391,-81.404297,-39.150909,-20.000000,0.308003,0.019783,1,0,1,0.029973,0.152761,-0.029973,-0.152761,-0.776733,-0.379267,1,1,1,1,0,1.535396,1.039767,0.224502,0.495629,-0.224502,39.650314,-22.450209,3.824057,21.024170,0,1400.000000,1421.024170,1400.000000
91563,25.498821,100758.398438,1.310000,9,1,1425,1395,1313,1447,1395.000000,1,1,2,1,0.556238,-0.734569,-1.107870,-0.436399,-3.158330,3.931044,-44.530777,-42.622440,-81.404297,-38.781860,-20.000000,0.323412,0.021871,1,0,1,-0.027217,0.157052,0.027217,-0.157052,-0.188634,-1.059322,1,1,1,1,0,1.535396,1.105689,0.435837,0.429707,-0.435837,34.376534,-43.583694,3.860260,-5.346924,0,1400.000000,1394.653076,1400.000000
91670,25.490515,100755.398438,1.370000,30,1,1441,1384,1305,1425,1389.000000,1,1,2,1,0.554790,-0.701936,-1.171557,-0.463300,-3.035443,4.236143,-44.782478,-42.961391,-81.404297,-38.442909,-20.000000,0.307363,0.019542,1,0,1,-0.066320,0.187649,0.066320,-0.187649,-0.379066,-1.360470,1,1,1,1,0,1.535396,1.168372,0.443734,0.367024,-0.443734,29.361916,-44.373447,3.891524,-11.119995,0,1400.000000,1388.880005,1400.000000
91778,25.495247,100754.703125,1.500000,9,1,1435,1387,1308,1422,1388.000000,1,1,2,1,0.554580,-0.674670,-1.285336,-0.416265,-2.738257,4.062841,-45.087059,-43.347397,-81.404297,-38.056904,-20.000000,0.339914,0.023896,1,0,1,-0.025202,0.228837,0.025202,-0.228837,-1.058678,-1.042070,1,1,1,1,0,1.535396,1.255627,0.385166,0.279768,-0.385166,22.381468,-38.516651,3.916680,-12.218506,0,1400.000000,1387.781494,1400.000000
91875,25.498541,100754.203125,1.570000,20,1,1447,1394,1310,1429,1395.000000,1,1,2,1,0.540937,-0.638465,-1.333860,-0.230049,-3.354581,4.225404,-45.533722,-43.710041,-81.404297,-37.694256,-20.000000,0.362514,0.027425,1,0,1,-0.057424,0.268974,0.057424,-0.268974,-0.917361,-1.638151,1,1,1,1,0,1.535396,1.329570,0.254615,0.205826,-0.254615,16.466084,-25.461546,3.935698,-5.059814,0,1400.000000,1394.940186,1400.000000
91976,25.497227,100753.898438,1.620000,20,1,1453,1381,1298,1408,1385.000000,1,1,2,1,0.536938,-0.610666,-1.400092,-0.272071,-4.508311,4.110330,-45.829475,-44.095448,-81.404297,-37.308853,-20.000000,0.347026,0.025141,1,0,1,-0.037127,0.283579,0.037127,-0.283579,-1.123105,-1.188459,1,1,1,1,0,1.535396,1.372974,0.314960,0.162422,-0.314960,12.993774,-31.496000,3.950145,-14.552124,0,1400.000000,1385.447876,1400.000000
92062,25.498909,100754.304688,1.660000,20,1,1419,1339,1311,1423,1373.000000,1,1,2,1,0.530195,-0.587157,-1.455463,-0.375105,-4.132851,3.992507,-46.095375,-44.333061,-81.404297,-37.071239,-20.000000,0.331283,0.022977,1,0,1,-0.022975,0.270210,0.022975,-0.270210,-0.930456,-0.895219,1,1,1,1,0,1.535396,1.453961,0.375693,0.081435,-0.375693,6.514807,-37.569302,3.959061,-27.095459,0,1400.000000,1372.904541,1400.000000
92171,25.497261,100754.000000,1.730000,0,1,1424,1357,1288,1388,1364.000000,1,1,2,1,0.524410,-0.552089,-1.520389,-0.433199,-3.668048,3.566542,-46.464729,-44.738987,-81.404297,-36.665314,-20.000000,0.309860,0.019866,1,0,1,-0.036147,0.279548,0.036147,-0.279548,-0.837209,-1.166686,1,1,1,1,0,1.535396,1.511811,0.416256,0.023585,-0.416256,1.886806,-41.625572,3.962143,-35.776611,0,1400.000000,1364.223389,1400.000000
92261,25.498909,100753.203125,1.770000,4,1,1414,1340,1306,1396,1364.000000,1,1,2,1,0.517063,-0.523380,-1.612213,-0.409827,-2.821017,3.105518,-46.646736,-45.253288,-81.404297,-36.151009,-20.000000,0.276925,0.015864,1,0,1,-0.072094,0.308479,0.072094,-0.308479,-0.688135,-1.679264,1,1,1,1,0,1.535396,1.592367,0.356636,-0.056971,-0.356636,-4.557686,-35.663620,3.959402,-36.261963,0,1400.000000,1363.738037,1400.000000
92374,25.501450,100755.000000,1.780000,19,1,1395,1323,1323,1432,1368.000000,1,1,2,1,0.518481,-0.491764,-1.659831,-0.238534,-2.836824,2.177964,-47.065266,-45.876942,-81.404297,-35.527355,-20.000000,0.241028,0.012071,1,0,1,-0.024495,0.285069,0.024495,-0.285069,-0.938645,-0.815423,1,1,1,1,0,1.535396,1.655985,0.267444,-0.120589,-0.267444,-9.647160,-26.744381,3.951878,-32.439697,0,1400.000000,1367.560303,1400.000000
92460,25.496649,100753.601563,1.800000,19,1,1426,1364,1335,1423,1387.000000,1,1,2,1,0.516711,-0.465786,-1.684900,-0.046209,-2.262720,1.423456,-47.339184,-46.458183,-81.404297,-34.946117,-20.000000,0.230469,0.011100,1,0,1,-0.009911,0.289157,0.009911,-0.289157,-1.047344,-0.874735,1,1,1,1,0,1.535396,1.684800,0.053127,-0.149405,-0.053127,-11.952372,-5.312671,3.941174,-13.323853,0,1400.000000,1386.676147,1400.000000
92565,25.498014,100754.500000,1.810000,19,1,1433,1353,1340,1438,1391.000000,1,1,2,1,0.512192,-0.440084,-1.700124,0.023134,-1.760508,0.940980,-47.719143,-46.959797,-81.404297,-34.444500,-20.000000,0.223284,0.010421,1,0,1,-0.008984,0.257915,0.008984,-0.257915,-0.660665,-0.630836,1,1,1,1,0,1.535396,1.700203,-0.004414,-0.164808,0.004414,-13.184614,0.441430,3.928484,-8.814697,0,1400.000000,1391.185303,1400.000000
92678,25.501730,100756.500000,1.790000,4,1,1425,1365,1315,1427,1383.000000,1,1,2,1,0.514851,-0.421866,-1.718270,-0.146638,-2.250770,1.462835,-47.979309,-47.662582,-81.404297,-33.741714,-20.000000,0.182372,0.006960,1,0,1,0.012338,0.182450,-0.012338,-0.182450,-0.318079,0.038414,1,1,1,1,0,1.535396,1.704903,0.073699,-0.169507,-0.073699,-13.560581,-7.369918,3.914583,-17.015869,0,1400.000000,1382.984131,1400.000000
92769,25.501432,100757.398438,1.750000,9,1,1402,1348,1321,1433,1376.000000,1,1,2,1,0.516821,-0.410350,-1.749014,-0.127416,-2.631047,2.059034,-48.255329,-48.187576,-81.404297,-33.216724,-20.000000,0.109107,0.002464,1,0,1,0.017928,0.149301,-0.017928,-0.149301,-0.240226,0.072149,1,1,1,1,0,1.535396,1.740660,0.118536,-0.205265,-0.118536,-16.421165,-11.853615,3.899100,-24.375732,0,1400.000000,1375.624268,1400.000000
92876,25.500277,100759.101563,1.700000,30,1,1411,1343,1298,1436,1372.000000,1,1,2,1,0.515930,-0.397447,-1.742318,-0.124688,-2.846950,2.861383,-48.521236,-48.708935,-81.404297,-32.695366,-20.000000,0.065627,0.000899,1,0,1,0.002411,0.151836,-0.002411,-0.151836,-0.308621,-0.432724,1,1,1,1,0,1.535396,1.740389,0.153114,-0.204994,-0.153114,-16.399488,-15.311438,3.883177,-27.827759,0,1400.000000,1372.172241,1400.000000
92963,25.499662,100759.101563,1.660000,31,1,1469,1392,1332,1426,1405.000000,1,1,2,1,0.538537,-0.383357,-1.702557,0.154864,-2.899321,3.067479,-48.755798,-49.147133,-81.404297,-32.257168,-20.000000,0.056817,0.000676,1,0,1,0.076810,0.152333,-0.076810,-0.152333,-1.200601,0.205290,1,1,1,1,0,1.535396,1.703592,-0.141510,-0.168196,0.141510,-13.455667,14.150990,3.868332,4.563599,0,1400.000000,1404.563599,1400.000000
93075,25.501976,100761.101563,1.610000,14,1,1502,1421,1363,1453,1435.000000,1,1,2,1,0.559796,-0.359574,-1.641039,0.407499,-2.808988,2.795145,-49.299820,-49.793037,-81.404297,-31.611259,-20.000000,0.068107,0.000971,1,0,1,0.145525,0.169252,-0.145525,-0.169252,-1.734680,0.273583,1,1,1,1,0,1.535396,1.643486,-0.396582,-0.108090,0.396582,-8.647232,39.658157,3.856864,34.867798,0,1400.000000,1434.867798,1400.000000
93165,25.501678,100762.398438,1.540000,0,1,1498,1441,1360,1449,1437.000000,1,1,2,1,0.583460,-0.344449,-1.575275,0.285970,-3.230918,2.991421,-49.692039,-50.400921,-81.404297,-31.003376,-20.000000,0.051682,0.000558,1,0,1,0.170369,0.147517,-0.170369,-0.147517,-1.399733,0.504012,1,1,1,1,0,1.535396,1.613329,-0.398511,-0.077933,0.398511,-6.234674,39.851109,3.849672,37.466064,0,1400.000000,1437.466064,1400.000000
93260,25.500311,100763.398438,1.460000,9,1,1494,1424,1326,1436,1420.000000,1,1,2,1,0.602769,-0.336040,-1.562985,0.179519,-4.505178,3.395800,-50.206825,-50.979290,-81.404297,-30.425009,-20.000000,-0.003961,0.000003,1,0,1,0.196953,0.105417,-0.196953,-0.105417,-1.082531,0.804089,1,1,1,1,0,1.535396,1.563706,-0.181115,-0.028310,0.181115,-2.264833,18.111547,3.846954,19.693726,0,1400.000000,1419.693726,1400.000000
93372,25.508093,100767.203125,1.360000,20,1,1499,1457,1349,1483,1447.000000,1,1,2,1,0.624753,-0.319661,-1.472065,0.375479,-5.604475,4.344688,-50.656647,-51.677814,-81.404297,-29.726482,-20.000000,-0.021121,0.000093,1,0,1,0.164140,0.097427,-0.164140,-0.097427,-0.611672,0.261593,1,1,1,1,0,1.535396,1.477427,-0.389308,0.057968,0.389308,4.637480,38.930752,3.850236,47.418457,0,1400.000000,1447.418457,1400.000000
93471,25.503553,100767.203125,1.260000,19,1,1473,1414,1449,1376,1428.000000,1,1,2,1,0.676877,-0.312660,-1.405504,0.094178,-4.922227,3.623922,-51.476673,-53.057678,-81.404297,-28.346621,-20.000000,-0.051012,0.000543,1,0,1,0.320571,0.025852,-0.320571,-0.025852,-1.805594,1.915581,1,1,1,1,0,1.535396,1.406943,-0.141510,0.128453,0.141510,10.276203,14.151031,3.858292,28.285522,0,1400.000000,1428.285522,1400.000000
93561,25.505516,100769.000000,1.160000,19,1,1589,1415,1438,1426,1467.000000,1,1,2,1,0.722677,-0.291974,-1.306956,0.441955,-5.288198,1.736025,-52.227959,-54.262699,-81.404297,-27.141602,-20.000000,-0.058100,0.000572,1,0,1,0.374607,0.024260,-0.374607,-0.024260,-2.118081,1.759352,1,1,1,1,0,1.535396,1.307845,-0.447358,0.227550,0.447358,18.204031,44.735752,3.871906,66.811646,0,1400.000000,1466.811646,1400.000000
93670,25.506077,100770.703125,1.000000,0,1,1612,1405,1504,1480,1500.000000,1,1,2,1,0.772521,-0.313081,-1.186013,0.622641,-5.816543,-3.504171,-51.011169,-54.322216,-81.404297,-27.082083,-20.000000,-0.116257,0.002263,1,0,1,0.268749,0.029450,-0.268749,-0.029450,-0.643321,0.225080,1,1,1,1,0,1.535396,1.200447,-0.689170,0.334949,0.689170,26.795912,68.916962,3.893407,99.606323,0,1400.000000,1499.606323,1400.000000
93760,25.507584,100770.703125,0.920000,4,1,1586,1402,1499,1410,1474.000000,1,1,2,1,0.786135,-0.334019,-1.127573,0.403858,-5.332147,-7.487426,-51.161682,-55.114883,-81.404297,-26.289415,-20.000000,-0.114232,0.002185,1,0,1,0.165889,-0.166152,-0.165889,0.166152,1.801823,1.701748,1,1,1,1,0,1.535396,1.134232,-0.384778,0.401164,0.384778,32.093086,38.477795,3.923846,74.494751,0,1400.000000,1474.494751,1400.000000
93868,25.504816,100769.101563,0.860000,26,1,1550,1462,1488,1492,1498.000000,1,1,2,1,0.790915,-0.296969,-0.999157,0.491263,-4.492519,-9.859856,-52.947983,-56.572880,-81.404297,-24.831419,-20.000000,-0.055822,0.000525,1,0,1,0.012315,0.016377,-0.012315,-0.016377,0.882361,-1.538253,1,1,1,1,0,1.535396,1.004212,-0.519964,0.531183,0.519964,42.494667,51.996349,3.963226,98.454224,0,1400.000000,1498.454224,1400.000000
93960,25.509197,100770.804688,0.800000,32,1,1516,1496,1438,1475,1481.000000,1,1,2,1,0.795639,-0.308500,-0.925272,0.277137,-5.288825,-8.748941,-54.170002,-57.958378,-81.404297,-23.445923,-20.000000,-0.036497,0.000225,1,0,1,-0.063564,-0.017999,0.063564,0.017999,1.526893,-0.961973,1,1,1,1,0,1.535396,0.925549,-0.278057,0.609846,0.278057,48.787704,27.805733,4.009652,80.603027,0,1400.000000,1480.603027,1400.000000
94066,25.507042,100770.304688,0.730000,9,1,1501,1506,1393,1484,1471.000000,1,1,2,1,0.778402,-0.297179,-0.852926,0.114200,-6.899311,-5.338651,-56.130436,-59.437531,-81.404297,-21.966770,-20.000000,-0.024658,0.000103,1,0,1,-0.190987,-0.015601,0.190987,0.015601,1.986797,-1.397394,1,1,1,1,0,1.535396,0.854908,-0.127925,0.680488,0.127925,54.439034,12.792519,4.061260,71.292847,0,1400.000000,1471.292847,1400.000000
94163,25.506620,100769.203125,0.700000,0,1,1454,1505,1404,1434,1449.000000,1,1,2,1,0.755188,-0.282589,-0.786292,0.272723,-7.496509,-2.250145,-58.223858,-61.158253,-81.404297,-20.246046,-20.000000,-0.040927,0.000282,1,0,1,-0.279446,-0.003472,0.279446,0.003472,2.364586,-1.649858,1,1,1,1,0,1.535396,0.851355,0.102051,0.684040,-0.102051,54.723236,-10.205065,4.116044,48.634277,0,1400.000000,1448.634277,1400.000000
94281,25.507339,100767.703125,0.700000,32,1,1498,1578,1456,1452,1496.000000,1,1,2,1,0.716091,-0.268578,-0.726707,0.278525,-8.576507,-0.530272,-61.592514,-64.596535,-81.404297,-16.807764,-20.000000,0.038584,0.000250,1,0,1,-0.350890,0.084720,0.350890,-0.084720,1.866720,-2.029574,1,1,1,1,0,1.535396,0.756906,-0.299585,0.778490,0.299585,62.279205,29.958508,4.189608,96.427368,0,1400.000000,1496.427368,1400.000000
94370,25.510967,100768.203125,0.710000,31,1,1483,1551,1447,1503,1496.000000,1,1,2,1,0.682943,-0.262113,-0.711241,0.254300,-8.121285,1.406235,-64.146317,-66.574249,-81.404297,-14.830049,-20.000000,0.096127,0.001555,1,0,1,-0.340714,0.073322,0.340714,-0.073322,1.549014,-1.307241,1,1,1,1,0,1.535396,0.714340,-0.260150,0.821056,0.260150,65.684494,26.014973,4.241911,95.941406,0,1400.000000,1495.941406,1400.000000
94477,25.509600,100766.398438,0.730000,9,1,1473,1583,1427,1502,1496.000000,1,1,2,1,0.633538,-0.258217,-0.680140,0.222758,-5.882152,3.377909,-66.747246,-68.827789,-81.404297,-12.576509,-20.000000,0.155789,0.003433,1,0,1,-0.381401,0.046982,0.381401,-0.046982,2.081766,-0.972521,1,1,1,1,0,1.535396,0.676562,-0.234084,0.858834,0.234084,68.706688,23.408413,4.309417,96.424561,0,1400.000000,1496.424561,1400.000000
94570,25.511738,100767.101563,0.740000,16,1,1464,1556,1378,1518,1479.000000,1,1,2,1,0.614515,-0.243819,-0.665141,0.045600,-5.771537,6.696789,-68.917084,-70.356895,-81.404297,-11.047400,-20.000000,0.182158,0.004698,1,0,1,-0.327742,0.084611,0.327742,-0.084611,0.844261,-1.080308,1,1,1,1,0,1.535396,0.665914,-0.051319,0.869481,0.051319,69.558517,5.131949,4.378518,79.068970,0,1400.000000,1479.068970,1400.000000
94678,25.506533,100764.898438,0.780000,38,1,1453,1566,1373,1528,1480.000000,1,1,2,1,0.584941,-0.234987,-0.651786,0.093266,-6.014943,10.026003,-70.852219,-71.832176,-81.404297,-9.572121,-19.371059,0.210632,0.006229,1,0,1,-0.244127,0.119233,0.244127,-0.119233,0.076899,-0.976720,1,1,1,1,0,1.535396,0.653215,-0.051970,0.882180,0.051970,70.574432,5.196985,4.448191,80.219604,0,1400.000000,1480.219604,1400.000000
94769,25.508636,100764.804688,0.850000,0,1,1433,1577,1408,1513,1483.000000,1,1,2,1,0.564036,-0.226806,-0.667439,0.091294,-6.262417,11.913971,-72.701546,-73.426552,-81.404297,-7.977750,-16.101309,0.271367,0.010397,1,0,1,-0.237376,0.101581,0.237376,-0.101581,0.499552,-0.688221,1,1,1,1,0,1.535396,0.668364,-0.094232,0.867032,0.094232,69.362572,9.423200,4.518039,83.303833,0,1400.000000,1483.303833,1400.000000
94864,25.508583,100763.000000,0.890000,9,1,1434,1560,1399,1527,1480.000000,1,1,2,1,0.550413,-0.223538,-0.680688,0.072578,-6.013943,13.421066,-74.490219,-74.940575,-81.404297,-6.463722,-13.043818,0.324469,0.014855,1,0,1,-0.181513,0.092279,0.181513,-0.092279,0.094341,-0.413779,1,1,1,1,0,1.535396,0.680972,-0.069202,0.854424,0.069202,68.353912,6.920156,4.587183,79.861206,0,1400.000000,1479.861206,1400.000000
94977,25.508198,100762.101563,0.940000,20,1,1450,1549,1423,1487,1477.000000,1,1,2,1,0.541862,-0.213059,-0.682620,-0.009770,-6.249038,13.350594,-76.084930,-76.455528,-81.404297,-4.948772,-10.249101,0.375474,0.019886,1,0,1,-0.106643,0.083151,0.106643,-0.083151,-0.426107,-0.177626,1,1,1,1,0,1.535396,0.664574,-0.023870,0.870822,0.023870,69.665726,2.387027,4.656371,76.709106,0,1400.000000,1476.709106,1400.000000
95063,25.512491,100763.601563,0.970000,20,1,1441,1552,1415,1487,1474.000000,1,1,2,1,0.529597,-0.204889,-0.687197,0.021474,-6.622397,12.844886,-77.219109,-77.638840,-81.404297,-3.765463,-7.900603,0.401034,0.022730,1,0,1,-0.107058,0.084958,0.107058,-0.084958,0.025794,-0.380338,1,1,1,1,0,1.535396,0.687274,-0.017170,0.848121,0.017170,67.849709,1.717007,4.724389,74.291138,0,1400.000000,1474.291138,1400.000000
95172,25.511738,100763.304688,1.000000,0,1,1419,1551,1392,1494,1464.000000,1,1,2,1,0.525609,-0.195652,-0.706370,-0.082873,-5.789509,13.448133,-78.263283,-78.649193,-81.404297,-2.755107,-5.677814,0.385576,0.024742,1,0,1,-0.099497,0.085031,0.099497,-0.085031,0.070744,-0.422125,1,1,1,1,0,1.535396,0.704723,0.072018,0.830673,-0.072018,66.453812,-7.201775,4.790733,64.042725,0,1400.000000,1464.042725,1400.000000
95262,25.514105,100761.398438,1.050000,4,1,1406,1543,1389,1478,1454.000000,1,1,2,1,0.517787,-0.187903,-0.786019,-0.191607,-5.895330,13.938924,-79.127159,-79.504135,-81.404297,-1.900165,-4.019593,0.388384,0.025131,1,0,1,-0.100770,0.087303,0.100770,-0.087303,0.324614,-0.489100,1,1,1,1,0,1.535396,0.761616,0.127511,0.773780,-0.127511,61.902370,-12.751129,4.853797,54.005005,0,1400.000000,1454.005005,1400.000000
95375,25.513140,100762.304688,1.070000,20,1,1407,1539,1395,1482,1456.000000,1,1,2,1,0.510606,-0.180235,-0.801406,-0.071931,-6.091390,14.048290,-80.067955,-80.371880,-81.404297,-1.032417,-2.260273,0.393205,0.025862,1,0,1,-0.090080,0.068362,0.090080,-0.068362,0.298328,-0.214663,1,1,1,1,0,1.535396,0.800036,0.076833,0.735360,-0.076833,58.828793,-7.683263,4.914356,56.059937,0,1400.000000,1456.059937,1400.000000
95473,25.509741,100761.804688,1.100000,20,1,1410,1564,1412,1470,1464.000000,1,1,2,1,0.499891,-0.174404,-0.816596,0.020868,-5.949268,13.796558,-80.808159,-81.209305,-81.404297,-0.194995,-0.491268,0.405724,0.027628,1,0,1,-0.095097,0.070569,0.095097,-0.070569,0.406465,-0.367901,1,1,1,1,0,1.535396,0.816886,-0.019927,0.718510,0.019927,57.480816,1.992735,4.972996,64.446533,0,1400.000000,1464.446533,1400.000000
95561,25.512299,100762.000000,1.130000,19,1,1412,1544,1416,1489,1465.000000,1,1,2,1,0.494433,-0.171628,-0.834833,0.039448,-5.962377,13.573929,-81.399956,-81.811279,-81.404297,0.406984,0.703708,0.416820,0.029248,1,0,1,-0.090822,0.070591,0.090822,-0.070591,0.299955,-0.351035,1,1,1,1,0,1.535396,0.834910,-0.037633,0.700486,0.037633,56.038849,3.763331,5.029883,64.832031,0,1400.000000,1464.832031,1400.000000
95663,25.511055,100760.601563,1.170000,36,1,1418,1551,1396,1463,1457.000000,1,1,2,1,0.487057,-0.166330,-0.851641,0.009876,-5.857893,13.344442,-81.811043,-82.282562,-81.404297,0.878260,1.629485,0.413466,0.028527,1,0,1,-0.086672,0.079217,0.086672,-0.079217,0.290373,-0.476437,1,1,1,1,0,1.535396,0.851534,0.023258,0.683862,-0.023258,54.708969,-2.325767,5.084217,57.467407,0,1400.000000,1457.467407,1400.000000
95765,25.510511,100761.000000,1.190000,9,1,1411,1544,1402,1467,1456.000000,1,1,2,1,0.476188,-0.161559,-0.920012,-0.069325,-6.321337,13.202124,-82.124619,-82.720619,-81.404297,1.316321,2.510873,0.394393,0.025966,1,0,1,-0.106545,0.055234,0.106545,-0.055234,0.638145,-0.168813,1,1,1,1,0,1.535396,0.895607,0.008109,0.639788,-0.008109,51.183071,-0.810873,5.136115,55.508301,0,1400.000000,1455.508301,1400.000000
95868,25.512054,100761.500000,1.200000,26,1,1420,1533,1393,1450,1449.000000,1,1,2,1,0.465654,-0.154387,-0.935821,-0.034575,-6.397099,12.905067,-82.189957,-82.948639,-81.404297,1.544340,2.901785,0.386690,0.025111,1,0,1,-0.110131,0.044810,0.110131,-0.044810,0.631199,-0.096794,1,1,1,1,0,1.535396,0.935443,0.040495,0.599953,-0.040495,47.996220,-4.049519,5.185759,49.132446,0,1400.000000,1449.132446,1400.000000
95960,25.515821,100762.398438,1.220000,32,1,1412,1531,1385,1464,1448.000000,1,1,2,1,0.457148,-0.150004,-0.953152,-0.036174,-6.432631,12.624971,-82.285934,-83.079880,-81.404297,1.675582,3.168681,0.393720,0.032235,1,0,1,-0.116462,0.035757,0.116462,-0.035757,0.658988,-0.084414,1,1,1,1,0,1.535396,0.953116,0.036171,0.582280,-0.036171,46.582394,-3.617074,5.232937,48.198242,0,1400.000000,1448.198242,1400.000000
96066,25.519081,100763.000000,1.210000,9,1,1408,1538,1390,1468,1451.000000,1,1,2,1,0.449504,-0.145645,-0.991580,-0.005887,-6.067280,12.465628,-82.314613,-83.230576,-81.404297,1.826277,3.515970,0.339624,0.024034,1,0,1,-0.115122,0.013939,0.115122,-0.013939,0.525416,0.084588,1,1,1,1,0,1.535396,0.970388,-0.005801,0.565008,0.005801,45.200649,0.580133,5.277311,51.058105,0,1400.000000,1451.058105,1400.000000
96163,25.520868,100762.203125,1.210000,0,1,1407,1535,1383,1467,1448.000000,1,1,2,1,0.441497,-0.142534,-0.985993,-0.032043,-5.708496,13.157818,-82.396454,-83.349709,-81.404297,1.945409,3.775107,0.318441,0.021093,1,0,1,-0.113801,-0.000699,0.113801,0.000699,0.544940,0.177146,1,1,1,1,0,1.535396,1.011939,-0.011306,0.523457,0.011306,41.876545,1.130615,5.319831,48.327026,0,1400.000000,1448.327026,1400.000000
96281,25.518608,100761.601563,1.210000,32,1,1399,1508,1373,1456,1434.000000,1,1,2,1,0.435199,-0.140712,-1.017454,-0.027598,-5.851652,13.342973,-82.297905,-83.292923,-81.404297,1.888622,3.535839,0.280256,0.016279,1,0,1,-0.091188,0.021225,0.091188,-0.021225,0.231230,-0.191692,1,1,1,1,0,1.535396,1.050813,0.099872,0.484582,-0.099872,38.766586,-9.987153,5.368495,34.147949,0,1400.000000,1434.147949,1400.000000
96370,25.517206,100761.304688,1.230000,31,1,1408,1511,1380,1453,1438.000000,1,1,2,1,0.428970,-0.140832,-1.056368,-0.063239,-5.522569,12.918662,-82.154541,-83.199242,-81.404297,1.794940,3.274775,0.293663,0.017963,1,0,1,-0.076761,0.002898,0.076761,-0.002898,0.175054,0.101751,1,1,1,1,0,1.535396,1.055642,0.058115,0.479754,-0.058115,38.380318,-5.811513,5.400132,37.968994,0,1400.000000,1437.968994,1400.000000
96477,25.520483,100762.398438,1.220000,9,1,1414,1523,1383,1437,1439.000000,1,1,2,1,0.417102,-0.136627,-1.076990,-0.063825,-5.280250,12.181345,-82.174591,-83.302956,-81.404297,1.898656,3.586642,0.259369,0.014025,1,0,1,-0.102813,0.008832,0.102813,-0.008832,0.620116,-0.123743,1,1,1,1,0,1.535396,1.060256,0.039939,0.475140,-0.039939,38.011215,-3.993893,5.438220,39.455566,0,1400.000000,1439.455566,1400.000000
96563,25.521904,100763.898438,1.200000,9,1,1413,1525,1384,1450,1443.000000,1,1,2,1,0.416172,-0.136903,-1.078084,0.013229,-4.991907,12.020227,-82.210106,-83.370796,-81.404297,1.966493,3.671083,0.235831,0.011627,1,0,1,-0.084042,0.002613,0.084042,-0.002613,0.229365,0.019174,1,1,1,1,0,1.535396,1.078143,-0.010520,0.457253,0.010520,36.580200,1.052042,5.474737,43.106934,0,1400.000000,1443.106934,1400.000000
96670,25.519520,100762.398438,1.210000,30,1,1427,1527,1380,1458,1448.000000,1,1,2,1,0.408807,-0.137672,-1.072596,0.064866,-4.771544,12.096917,-82.200775,-83.335228,-81.404297,1.930929,3.573493,0.218869,0.009908,1,0,1,-0.050275,-0.013267,0.050275,0.013267,-0.019829,0.198338,1,1,1,1,0,1.535396,1.073000,-0.050281,0.462396,0.050281,36.991646,5.028067,5.511000,47.530762,0,1400.000000,1447.530762,1400.000000
96778,25.518276,100761.601563,1.200000,9,1,1423,1525,1394,1470,1453.000000,1,1,2,1,0.399909,-0.139351,-1.096883,0.087079,-4.655889,11.992887,-82.040398,-83.249718,-81.404297,1.845422,3.515417,0.215136,0.007756,1,0,1,-0.072402,-0.018969,0.072402,0.018969,0.411647,0.156151,1,1,1,1,0,1.535396,1.086250,-0.114038,0.449146,0.114038,35.931694,11.403765,5.547321,52.882813,0,1400.000000,1452.882813,1400.000000
96875,25.522253,100762.398438,1.190000,20,1,1416,1524,1389,1440,1442.000000,1,1,2,1,0.393393,-0.135265,-1.092284,-0.004140,-4.893523,11.698864,-82.082191,-83.355003,-81.404297,1.950702,3.685290,0.210870,0.009263,1,0,1,-0.073978,0.000123,0.073978,-0.000123,0.371733,-0.154042,1,1,1,1,0,1.535396,1.092323,-0.008760,0.443073,0.008760,35.445831,0.875979,5.583457,41.905273,0,1400.000000,1441.905273,1400.000000
96977,25.522797,100762.703125,1.190000,20,1,1411,1506,1371,1433,1430.000000,1,1,2,1,0.389821,-0.129088,-1.096571,-0.153966,-4.978911,11.908504,-82.042511,-83.336838,-81.404297,1.932541,3.545346,0.209224,0.009117,1,0,1,-0.072813,0.039753,0.072813,-0.039753,0.298102,-0.606185,1,1,1,1,0,1.535396,1.080530,0.122817,0.454866,-0.122817,36.389282,-12.281686,5.619564,29.727173,0,1400.000000,1429.727173,1400.000000
97063,25.515926,100761.804688,1.190000,20,1,1423,1517,1395,1466,1450.000000,1,1,2,1,0.383707,-0.129766,-1.084920,0.082321,-4.927545,11.403765,-81.894943,-83.206764,-81.404297,1.802467,3.342237,0.216454,0.009797,1,0,1,-0.083147,0.032202,0.083147,-0.032202,0.452849,-0.299246,1,1,1,1,0,1.535396,1.085248,-0.080838,0.450147,0.080838,36.011791,8.083831,5.654819,49.750488,0,1400.000000,1449.750488,1400.000000
97173,25.518730,100761.304688,1.200000,1,1,1415,1520,1390,1439,1441.000000,1,1,2,1,0.379920,-0.125876,-1.072763,-0.060808,-5.048066,10.975843,-81.890404,-83.258980,-81.404297,1.854683,3.407014,0.201175,0.006791,1,0,1,-0.078535,0.015344,0.078535,-0.015344,0.328250,-0.049833,1,1,1,1,0,1.535396,1.071882,0.017134,0.463513,-0.017134,37.081078,-1.713376,5.690665,41.058350,0,1400.000000,1441.058350,1400.000000
97262,25.520432,100763.000000,1.180000,4,1,1420,1513,1377,1427,1434.000000,1,1,2,1,0.374917,-0.124244,-1.116615,-0.096349,-5.089610,10.691820,-81.994171,-83.384361,-81.404297,1.980065,3.591122,0.175674,0.006378,1,0,1,-0.065731,0.015638,0.065731,-0.015638,0.196887,-0.056563,1,1,1,1,0,1.535396,1.104326,0.060684,0.431070,-0.060684,34.485580,-6.068395,5.725754,34.142944,0,1400.000000,1434.142944,1400.000000
97375,25.523849,100762.101563,1.180000,20,1,1395,1514,1372,1435,1429.000000,1,1,2,1,0.361698,-0.119702,-1.111910,-0.109194,-4.648123,11.033935,-82.058365,-83.520584,-81.404297,2.116286,4.011350,0.182055,0.006880,1,0,1,-0.098925,0.040685,0.098925,-0.040685,0.641246,-0.477968,1,1,1,1,0,1.535396,1.109933,0.104441,0.425463,-0.104441,34.037048,-10.444117,5.760533,29.353516,0,1400.000000,1429.353516,1400.000000
97474,25.522709,100761.703125,1.190000,20,1,1409,1527,1398,1445,1445.000000,1,1,2,1,0.362233,-0.122036,-1.094896,0.054693,-4.559440,11.150819,-82.331207,-83.770119,-81.404297,2.365820,4.500255,0.207138,0.008937,1,0,1,-0.063293,0.008681,0.063293,-0.008681,0.087079,0.165864,1,1,1,1,0,1.535396,1.095623,-0.044310,0.439773,0.044310,35.181854,4.431008,5.795508,45.408325,0,1400.000000,1445.408325,1400.000000
97561,25.524900,100763.804688,1.170000,19,1,1400,1495,1379,1438,1428.000000,1,1,2,1,0.359231,-0.118870,-1.094926,-0.139124,-4.837488,11.425978,-82.456726,-83.850494,-81.404297,2.446198,4.588282,0.188305,0.007414,1,0,1,-0.052856,0.006243,0.052856,-0.006243,0.059543,0.055818,1,1,1,1,0,1.535396,1.094651,0.135486,0.440745,-0.135486,35.259590,-13.548649,5.830831,27.541748,0,1400.000000,1427.541748,1400.000000
97671,25.521290,100762.304688,1.170000,1,1,1417,1510,1382,1451,1440.000000,1,1,2,1,0.356004,-0.117785,-1.086097,-0.059924,-4.859808,11.244961,-82.324471,-83.680122,-81.404297,2.275826,4.232893,0.150144,0.004668,1,0,1,-0.064262,0.026276,0.064262,-0.026276,0.260035,-0.249811,1,1,1,1,0,1.535396,1.085249,0.021569,0.450147,-0.021569,36.011765,-2.156934,5.864929,39.719727,0,1400.000000,1439.719727,1400.000000
97760,25.522009,100761.304688,1.190000,4,1,1431,1507,1370,1420,1432.000000,1,1,2,1,0.349587,-0.116273,-1.125734,-0.113113,-4.699385,10.437355,-82.124710,-83.525764,-81.404297,2.121464,3.902804,0.176359,0.006438,1,0,1,-0.072435,0.020216,0.072435,-0.020216,0.392147,-0.135804,1,1,1,1,0,1.535396,1.113641,0.077343,0.421755,-0.077343,33.740395,-7.734318,5.899249,31.905273,0,1400.000000,1431.905273,1400.000000
97876,25.524603,100761.500000,1.210000,34,1,1450,1518,1432,1440,1460.000000,1,1,2,1,0.343719,-0.118359,-1.097530,0.217051,-4.235351,8.929551,-81.968979,-83.573814,-81.404297,2.169514,4.120797,0.216810,0.007941,1,0,1,-0.072393,0.000679,0.072393,-0.000679,0.414878,0.128176,1,1,1,1,0,1.535396,1.101284,-0.192272,0.434112,0.192272,34.728958,19.227198,5.934012,59.890137,0,1400.000000,1459.890137,1400.000000
97971,25.527266,100762.304688,1.220000,0,1,1414,1495,1396,1415,1430.000000,1,1,2,1,0.345264,-0.111536,-1.102177,-0.125050,-4.219275,8.334920,-82.168083,-83.705231,-81.404297,2.300934,4.391129,0.235567,0.011599,1,0,1,-0.042170,0.013874,0.042170,-0.013874,-0.088777,-0.115245,1,1,1,1,0,1.535396,1.100871,0.111334,0.434525,-0.111334,34.761993,-11.133387,5.969045,29.597656,0,1400.000000,1429.597656,1400.000000
98066,25.526583,100762.601563,1.220000,9,1,1424,1523,1417,1452,1454.000000,1,1,2,1,0.343329,-0.115657,-1.100764,0.121963,-2.894753,8.051567,-82.271675,-83.884865,-81.404297,2.480568,4.842795,0.232520,0.011304,1,0,1,-0.018013,0.005463,0.018013,-0.005463,-0.166239,0.148940,1,1,1,1,0,1.535396,1.087728,-0.122287,0.447668,0.122287,35.813408,12.228736,6.003077,54.045166,0,1400.000000,1454.045166,1400.000000
98166,25.526846,100761.898438,1.210000,3,1,1429,1509,1430,1468,1459.000000,1,1,2,1,0.342058,-0.116029,-1.090845,0.010518,-2.298013,7.848009,-82.261246,-83.888832,-81.404297,2.484536,4.913037,0.230541,0.008982,1,0,1,-0.011435,-0.038576,0.011435,0.038576,-0.033401,0.529371,1,1,1,1,0,1.535396,1.098810,-0.183763,0.436586,0.183763,34.926853,18.376307,6.037936,59.341064,0,1400.000000,1459.341064,1400.000000
98279,25.528406,100762.898438,1.190000,31,1,1425,1504,1410,1426,1441.000000,1,1,2,1,0.342272,-0.118089,-1.076280,0.065126,-1.961304,7.461657,-82.138130,-83.777367,-81.404297,2.373067,4.721757,0.187961,0.007333,1,0,1,0.000262,-0.015749,-0.000262,0.015749,-0.147489,0.072394,1,1,1,1,0,1.535396,1.114190,-0.017155,0.421206,0.017155,33.696449,1.715524,6.072760,41.484741,0,1400.000000,1441.484741,1400.000000
98369,25.525812,100762.898438,1.190000,31,1,1438,1509,1416,1442,1451.000000,1,1,2,1,0.343914,-0.117891,-1.095057,0.103202,-2.840332,7.103044,-82.122810,-83.747749,-81.404297,2.343451,4.563071,0.204827,0.008747,1,0,1,0.011962,-0.002969,-0.011962,0.002969,-0.252459,-0.081566,1,1,1,1,0,1.535396,1.096036,-0.093859,0.439359,0.093859,35.148754,9.385931,6.108666,50.643311,0,1400.000000,1450.643311,1400.000000
98475,25.528774,100763.203125,1.190000,9,1,1442,1502,1388,1440,1443.000000,1,1,2,1,0.341738,-0.121784,-1.097443,-0.020685,-3.758763,7.014232,-81.975082,-83.559502,-81.404297,2.155205,4.159790,0.205357,0.008792,1,0,1,0.003476,-0.013077,-0.003476,0.013077,0.007119,0.112451,1,1,1,1,0,1.535396,1.084698,-0.009208,0.450698,0.009208,36.055840,0.920790,6.144459,43.121094,0,1400.000000,1443.121094,1400.000000
98561,25.528072,100762.398438,1.180000,8,1,1438,1508,1398,1432,1444.000000,1,1,2,1,0.342132,-0.121540,-1.086515,0.001250,-3.739419,7.057332,-81.758415,-83.392761,-81.404297,1.988459,3.834789,0.206110,0.008862,1,0,1,0.003168,-0.019239,-0.003168,0.019239,0.004289,0.166473,1,1,1,1,0,1.535396,1.073918,-0.013469,0.461478,0.013469,36.918251,1.346920,6.180012,44.445190,0,1400.000000,1444.445190,1400.000000
98667,25.532507,100763.203125,1.170000,24,1,1417,1501,1411,1431,1440.000000,1,1,2,1,0.338804,-0.124274,-1.077341,-0.033595,-3.422991,7.225316,-81.910591,-83.614922,-81.404297,2.210625,4.293231,0.170231,0.005966,1,0,1,-0.008384,-0.023486,0.008384,0.023486,0.189919,0.133511,1,1,1,1,0,1.535396,1.076771,0.029975,0.458624,-0.029975,36.689949,-2.997478,6.215672,39.908203,0,1400.000000,1439.908203,1400.000000
98776,25.528650,100762.398438,1.150000,4,1,1412,1496,1394,1409,1428.000000,1,1,2,1,0.334438,-0.129072,-1.119443,-0.147882,-2.705597,7.115057,-82.098305,-83.864517,-81.404297,2.460221,4.842105,0.140976,0.004090,1,0,1,-0.034312,-0.047023,0.034312,0.047023,0.459791,0.394966,1,1,1,1,0,1.535396,1.107118,0.124850,0.428278,-0.124850,34.262230,-12.485029,6.250974,28.028198,0,1400.000000,1428.028198,1400.000000
98871,25.530420,100762.398438,1.150000,13,1,1433,1499,1416,1417,1441.000000,1,1,2,1,0.333872,-0.127858,-1.096795,-0.062157,-3.280451,6.736259,-82.249115,-83.962021,-81.404297,2.557721,5.004439,0.164540,0.005626,1,0,1,-0.032115,-0.036332,0.032115,0.036332,0.279207,0.166232,1,1,1,1,0,1.535396,1.085460,0.015309,0.449936,-0.015309,35.994892,-1.530873,6.286578,40.750610,0,1400.000000,1440.750610,1400.000000
98961,25.531876,100763.203125,1.150000,3,1,1413,1502,1399,1403,1429.000000,1,1,2,1,0.335010,-0.129259,-1.084775,-0.161295,-3.650884,6.345709,-82.337303,-84.075462,-81.404297,2.671164,5.158957,0.176014,0.006463,1,0,1,-0.023861,-0.018960,0.023861,0.018960,0.075119,-0.065780,1,1,1,1,0,1.535396,1.073703,0.140142,0.461693,-0.140142,36.935455,-14.014205,6.322828,29.244019,0,1400.000000,1429.244019,1400.000000
99069,25.531630,100762.898438,1.150000,26,1,1417,1499,1431,1414,1440.000000,1,1,2,1,0.328200,-0.130918,-1.067129,-0.042669,-2.842901,5.624470,-82.484352,-84.312668,-81.404297,2.908370,5.736252,0.195216,0.007978,1,0,1,-0.040485,-0.017872,0.040485,0.017872,0.325453,0.012704,1,1,1,1,0,1.535396,1.066695,0.043538,0.468701,-0.043538,37.496078,-4.353757,6.359142,39.501465,0,1400.000000,1439.501465,1400.000000
99163,25.530369,100762.804688,1.150000,34,1,1401,1510,1431,1422,1441.000000,1,1,2,1,0.321434,-0.133042,-1.055742,-0.030038,-2.206836,5.653020,-82.825974,-84.646187,-81.404297,3.241888,6.479902,0.167855,0.005840,1,0,1,-0.039714,-0.022841,0.039714,0.022841,0.258377,0.097088,1,1,1,1,0,1.535396,1.055452,0.034361,0.479944,-0.034361,38.395500,-3.436068,6.395921,41.355347,0,1400.000000,1441.355347,1400.000000
99267,25.528265,100761.101563,1.170000,9,1,1419,1529,1377,1384,1427.000000,1,1,2,1,0.316038,-0.132311,-1.101155,-0.198437,-3.683032,6.377395,-83.261055,-84.999229,-81.404297,3.594927,7.080420,0.182285,0.006879,1,0,1,-0.049273,-0.001288,0.049273,0.001288,0.315401,-0.186786,1,1,1,1,0,1.535396,1.087715,0.155879,0.447681,-0.155879,35.814484,-15.587852,6.432466,26.659058,0,1400.000000,1426.659058,1400.000000
99375,25.533487,100763.000000,1.180000,20,1,1431,1491,1420,1438,1445.000000,1,1,2,1,0.315973,-0.135815,-1.079954,0.025223,-3.708195,6.229038,-83.077057,-84.815636,-81.404297,3.411338,6.668320,0.213379,0.009464,1,0,1,-0.027443,-0.013128,0.027443,0.013128,0.005792,0.108877,1,1,1,1,0,1.535396,1.080420,-0.025555,0.454976,0.025555,36.398079,2.555451,6.470042,45.423584,0,1400.000000,1445.423584,1400.000000
99473,25.528336,100761.703125,1.170000,19,1,1431,1514,1408,1411,1441.000000,1,1,2,1,0.306508,-0.144124,-1.068746,-0.057190,-3.422107,6.044903,-82.860931,-84.637268,-81.404297,3.232968,6.369801,0.215140,0.009655,1,0,1,-0.046878,-0.042017,0.046878,0.042017,0.414327,0.409322,1,1,1,1,0,1.535396,1.068152,0.029592,0.467243,-0.029592,37.379463,-2.959231,6.507467,40.927734,0,1400.000000,1440.927734,1400.000000
99561,25.531981,100765.000000,1.140000,19,1,1417,1506,1436,1433,1448.000000,1,1,2,1,0.306063,-0.150660,-1.052313,0.026857,-3.634927,5.898427,-83.034805,-84.781120,-81.404297,3.376818,6.629368,0.198869,0.008276,1,0,1,-0.039549,-0.052408,0.039549,0.052408,0.192489,0.438029,1,1,1,1,0,1.535396,1.052366,-0.025754,0.483030,0.025754,38.642395,2.575439,6.545193,47.763062,0,1400.000000,1447.763062,1400.000000
99675,25.534416,100763.703125,1.130000,5,1,1433,1510,1434,1435,1453.000000,1,1,2,1,0.303983,-0.158397,-1.041231,-0.016707,-3.254946,5.857959,-83.163399,-84.960243,-81.404297,3.555947,6.989380,0.198091,0.006650,1,0,1,-0.013661,-0.049589,0.013661,0.049589,-0.057271,0.310733,1,1,1,1,0,1.535396,1.032358,-0.057932,0.503037,0.057932,40.242996,5.793237,6.583407,52.619629,0,1400.000000,1452.619629,1400.000000
99766,25.535994,100765.101563,1.110000,10,1,1423,1514,1409,1422,1442.000000,1,1,2,1,0.301132,-0.165113,-1.065434,-0.063383,-3.341052,5.829076,-83.228447,-85.034401,-81.404297,3.630102,7.149965,0.155884,0.005029,1,0,1,-0.026597,-0.064709,0.026597,0.064709,0.221698,0.438629,1,1,1,1,0,1.535396,1.054116,0.027530,0.481279,-0.027530,38.502357,-2.753018,6.622339,42.371704,0,1400.000000,1442.371704,1400.000000
99873,25.535976,100763.804688,1.100000,31,1,1433,1495,1419,1433,1445.000000,1,1,2,1,0.305395,-0.169756,-1.039626,-0.011539,-2.899034,5.850877,-83.124344,-84.887825,-81.404297,3.483526,6.823065,0.171196,0.006111,1,0,1,0.011070,-0.071874,-0.011070,0.071874,-0.271851,0.514983,1,1,1,1,0,1.535396,1.039524,0.009583,0.495872,-0.009583,39.669731,-0.958319,6.662229,45.373657,0,1400.000000,1445.373657,1400.000000
99961,25.531893,100761.703125,1.110000,33,1,1443,1526,1422,1428,1455.000000,1,1,2,1,0.305941,-0.172586,-1.016864,0.071998,-2.429001,5.946238,-83.030190,-84.841309,-81.404297,3.437013,6.709922,0.200969,0.006838,1,0,1,0.023921,-0.054202,-0.023921,0.054202,-0.324867,0.194845,1,1,1,1,0,1.535396,1.016935,-0.071632,0.518460,0.071632,41.476822,7.163198,6.702891,55.342896,0,1400.000000,1455.342896,1400.000000
100067,25.536695,100762.898438,1.120000,10,1,1428,1513,1411,1441,1448.000000,1,1,2,1,0.302422,-0.174610,-1.009777,-0.035806,-2.941780,6.258235,-82.999519,-84.874260,-81.404297,3.469962,6.758001,0.221187,0.008272,1,0,1,0.011607,-0.034535,-0.011607,0.034535,-0.028202,-0.049097,1,1,1,1,0,1.535396,0.998767,0.021615,0.536628,-0.021615,42.930260,-2.161527,6.744385,47.513062,0,1400.000000,1447.513062,1400.000000
100166,25.532909,100762.101563,1.130000,3,1,1411,1495,1400,1423,1432.000000,1,1,2,1,0.302871,-0.174610,-0.999616,-0.060667,-2.662305,6.698882,-82.959335,-84.780380,-81.404297,3.376081,6.583325,0.245588,0.012573,1,0,1,0.004634,-0.010394,-0.004634,0.010394,0.005375,-0.232352,1,1,1,1,0,1.535396,1.031974,0.149577,0.503421,-0.149577,40.273705,-14.957664,6.785437,32.101440,0,1400.000000,1432.101440,1400.000000
100279,25.535048,100762.601563,1.140000,31,1,1409,1507,1408,1420,1436.000000,1,1,2,1,0.302625,-0.175613,-0.990650,0.013869,-2.297308,6.956991,-82.928909,-84.839546,-81.404297,3.435244,6.668266,0.220756,0.010111,1,0,1,-0.005372,0.007232,0.005372,-0.007232,0.074991,-0.273580,1,1,1,1,0,1.535396,1.034851,0.105782,0.500545,-0.105782,40.043571,-10.578249,6.827089,36.292358,0,1400.000000,1436.292358,1400.000000
100369,25.537729,100763.703125,1.130000,31,1,1423,1498,1430,1441,1448.000000,1,1,2,1,0.305290,-0.176982,-1.017295,0.007509,-1.712529,6.908576,-82.862785,-84.844833,-81.404297,3.440537,6.672679,0.227037,0.010739,1,0,1,0.018280,-0.007947,-0.018280,0.007947,-0.253529,0.091827,1,1,1,1,0,1.535396,1.017301,0.004249,0.518095,-0.004249,41.447571,-0.424852,6.869650,47.892334,0,1400.000000,1447.892334,1400.000000
100475,25.535030,100762.203125,1.140000,8,1,1166,1255,1192,1188,1200.000000,1,1,1,1,0.298204,-0.173500,-1.029265,-0.019514,-1.246093,6.983570,-82.795959,-84.848938,-81.404297,3.444642,6.737586,0.238902,0.022386,1,0,1,0.008849,0.006669,-0.008849,-0.006669,-0.035931,-0.159425,0,0,0,0,0,0.000000,0.000000,0.000000,0.000000,0.000000,0.000000,0.000000,0.000000,0.000000,0,0.000000,0.000000,0.000000
100561,25.533524,100762.703125,1.140000,9,1,1216,1247,1220,1117,1200.000000,1,1,1,1,0.293991,-0.173161,-1.033571,0.223569,-1.026616,5.701956,-83.095894,-85.145477,-81.404297,3.741182,7.367028,0.228819,0.020883,1,0,1,0.013068,-0.002689,-0.013068,0.002689,-0.077351,0.071236,0,0,0,0,0,0.000000,0.000000,0.000000,0.000000,0.000000,0.000000,0.000000,0.000000,0.000000,0,0.000000,0.000000,0.000000
100669,25.538010,100763.500000,1.140000,31,1,1285,1209,1298,1008,1200.000000,1,1,1,1,0.282150,-0.174875,-1.015571,0.556606,-1.869532,-0.910584,-84.011765,-85.872284,-81.404297,4.467982,9.048019,0.216813,0.018520,1,0,1,0.014896,-0.063957,-0.014896,0.063957,0.061159,0.782979,0,0,0,0,0,0.000000,0.000000,0.000000,0.000000,0.000000,0.000000,0.000000,0.000000,0.000000,0,0.000000,0.000000,0.000000
100777,25.541708,100764.101563,1.110000,10,1,1304,1153,1328,1015,1200.000000,1,1,1,1,0.278348,-0.183065,-0.990613,1.097810,-2.313641,-11.160827,-84.326279,-86.099167,-81.404297,4.694867,9.667881,0.239636,0.022791,1,0,1,-0.014923,-0.074729,0.014923,0.074729,0.336392,0.601869,0,0,0,0,0,0.000000,0.000000,0.000000,0.000000,0.000000,0.000000,0.000000,0.000000,0.000000,0,0.000000,0.000000,0.000000
100873,25.540218,100765.804688,1.080000,20,1,1277,1161,1362,1000,1200.000000,1,1,1,1,0.272154,-0.196056,-0.972452,0.813837,-2.839442,-18.772797,-84.902260,-86.799110,-81.404297,5.394811,11.291865,0.211253,0.018036,1,0,1,-0.022212,-0.096743,0.022212,0.096743,0.322729,0.749915,0,0,0,0,0,0.000000,0.000000,0.000000,0.000000,0.000000,0.000000,0.000000,0.000000,0.000000,0,0.000000,0.000000,0.000000
100959,25.538885,100767.898438,1.030000,20,1,1304,1142,1354,1000,1200.000000,1,1,1,1,0.245856,-0.190588,-0.946172,0.635796,-2.315970,-24.578005,-85.699158,-87.627190,-81.404297,6.222890,12.495713,0.187708,0.014326,1,0,1,-0.082731,-0.053262,0.082731,0.053262,1.088332,-0.158488,0,0,0,0,0,0.000000,0.000000,0.000000,0.000000,0.000000,0.000000,0.000000,0.000000,0.000000,0,0.000000,0.000000,0.000000
101082,25.538431,100771.101563,0.900000,1,1,1367,1110,1323,1000,1200.000000,1,1,1,1,0.229356,-0.194689,-0.858498,0.589650,-0.286937,-36.241802,-86.775833,-88.635429,-81.404297,7.231128,13.096300,0.180059,0.013189,1,0,1,-0.138305,0.031141,0.138305,-0.031141,1.182545,-0.800406,0,0,0,0,0,0.000000,0.000000,0.000000,0.000000,0.000000,0.000000,0.000000,0.000000,0.000000,0,0.000000,0.000000,0.000000
101176,25.536257,100770.000000,0.830000,9,1,1314,1125,1361,1000,1200.000000,1,1,1,1,0.207951,-0.177706,-0.794550,0.531051,1.276862,-45.634060,-88.235229,-90.297287,-81.404297,8.892988,14.041080,0.142844,0.008322,1,0,1,-0.171146,0.134162,0.171146,-0.134162,1.263241,-1.828820,0,0,0,0,0,0.000000,0.000000,0.000000,0.000000,0.000000,0.000000,0.000000,0.000000,0.000000,0,0.000000,0.000000,0.000000
101263,25.540060,100772.304688,0.730000,10,1,1295,1145,1360,1000,1200.000000,1,1,1,1,0.193965,-0.154224,-0.778058,0.181866,4.025276,-52.524464,-90.182076,-92.386635,-81.404297,10.982336,14.553472,0.056597,0.001283,1,0,1,-0.164568,0.228400,0.164568,-0.228400,0.952907,-2.474929,0,0,0,0,0,0.000000,0.000000,0.000000,0.000000,0.000000,0.000000,0.000000,0.000000,0.000000,0,0.000000,0.000000,0.000000
101369,25.543356,100776.398438,0.610000,30,1,1290,1148,1338,1024,1200.000000,1,1,1,1,0.157425,-0.117660,-0.682547,0.296133,7.158783,-58.719868,-92.346603,-94.758774,-81.404297,13.354475,13.833230,0.020474,0.000144,1,0,1,-0.211643,0.308298,0.211643,-0.308298,1.460632,-2.567720,0,0,0,0,0,0.000000,0.000000,0.000000,0.000000,0.000000,0.000000,0.000000,0.000000,0.000000,0,0.000000,0.000000,0.000000
101477,25.541620,100777.000000,0.470000,9,1,1278,1147,1319,1056,1200.000000,1,1,1,1,0.156879,-0.079622,-0.593915,0.293345,8.047386,-62.366520,-93.613213,-95.535614,-81.404297,14.131313,15.081268,-0.027126,0.000252,1,0,1,-0.102338,0.304344,0.102338,-0.304344,-0.201612,-1.795459,0,0,0,0,0,0.000000,0.000000,0.000000,0.000000,0.000000,0.000000,0.000000,0.000000,0.000000,0,0.000000,0.000000,0.000000
101563,25.538692,100775.304688,0.400000,9,1,1279,1161,1301,1060,1200.000000,1,1,1,1,0.163861,-0.080863,-0.516337,0.261634,7.358465,-63.390289,-93.269600,-94.870331,-81.404297,13.466032,15.371243,-0.018757,0.000121,1,0,1,-0.006966,0.155390,0.006966,-0.155390,-1.238070,0.162260,0,0,0,0,0,0.000000,0.000000,0.000000,0.000000,0.000000,0.000000,0.000000,0.000000,0.000000,0,0.000000,0.000000,0.000000
101669,25.541883,100776.398438,0.330000,29,1,1271,1162,1286,1080,1200.000000,1,1,1,1,0.167981,-0.073490,-0.436285,0.311606,6.929784,-62.311886,-92.143730,-93.648605,-81.404297,12.244309,14.934760,-0.070571,0.001680,1,0,1,0.066205,-0.009035,-0.066205,0.009035,-1.384668,1.663518,0,0,0,0,0,0.000000,0.000000,0.000000,0.000000,0.000000,0.000000,0.000000,0.000000,0.000000,0,0.000000,0.000000,0.000000
101779,25.540813,100775.703125,0.260000,10,1,1255,1160,1291,1093,1200.000000,1,1,1,1,0.176377,-0.081816,-0.402796,0.176060,5.682492,-59.696873,-90.604256,-91.860832,-81.404297,10.456534,13.177368,-0.047976,0.000776,1,0,1,0.079989,-0.072281,-0.079989,0.072281,-0.928942,1.545221,0,0,0,0,0,0.000000,0.000000,0.000000,0.000000,0.000000,0.000000,0.000000,0.000000,0.000000,0,0.000000,0.000000,0.000000
101875,25.543407,100777.398438,0.220000,20,1,1257,1157,1286,1101,1200.000000,1,1,1,1,0.191390,-0.114462,-0.340825,0.179248,4.828107,-56.189274,-89.268967,-90.534416,-81.404297,9.130119,12.608565,-0.026592,0.000242,1,0,1,0.110445,-0.188466,-0.110445,0.188466,-1.006247,2.499553,0,0,0,0,0,0.000000,0.000000,0.000000,0.000000,0.000000,0.000000,0.000000,0.000000,0.000000,0,0.000000,0.000000,0.000000
101973,25.541952,100775.804688,0.190000,19,1,1256,1161,1270,1113,1200.000000,1,1,1,1,0.195844,-0.125143,-0.277869,0.337828,2.468498,-52.097107,-88.210358,-89.264732,-81.404297,7.860435,11.700727,0.006053,0.000010,1,0,1,0.102717,-0.193377,-0.102717,0.193377,-0.582436,1.561427,0,0,0,0,0,0.000000,0.000000,0.000000,0.000000,0.000000,0.000000,0.000000,0.000000,0.000000,0,0.000000,0.000000,0.000000
102059,25.544039,100777.000000,0.160000,20,1,1249,1176,1243,1132,1200.000000,1,1,1,1,0.200979,-0.148273,-0.234183,0.297190,1.607560,-46.359211,-87.187355,-87.961182,-81.404297,6.556879,10.717550,0.021603,0.000130,1,0,1,0.103451,-0.205304,-0.103451,0.205304,-0.490621,1.400754,0,0,0,0,0,0.000000,0.000000,0.000000,0.000000,0.000000,0.000000,0.000000,0.000000,0.000000,0,0.000000,0.000000,0.000000
102169,25.543180,100774.898438,0.150000,1,1,1253,1221,1193,1133,1200.000000,1,1,1,1,0.212823,-0.188120,-0.208939,0.076040,-0.378419,-35.451622,-85.737648,-86.306709,-81.404297,4.902410,9.674798,0.038319,0.000402,1,0,1,0.114786,-0.229193,-0.114786,0.229193,-0.557459,1.561632,0,0,0,0,0,0.000000,0.000000,0.000000,0.000000,0.000000,0.000000,0.000000,0.000000,0.000000,0,0.000000,0.000000,0.000000
102266,25.541323,100774.601563,0.150000,12,1,1225,1213,1191,1171,1200.000000,1,1,1,1,0.226147,-0.206950,-0.197002,0.329989,-1.805748,-25.890066,-85.067215,-85.553406,-81.404297,4.149108,9.120201,0.054051,0.000798,1,0,1,0.130222,-0.197027,-0.130222,0.197027,-0.724654,0.853510,0,0,0,0,0,0.000000,0.000000,0.000000,0.000000,0.000000,0.000000,0.000000,0.000000,0.000000,0,0.000000,0.000000,0.000000
102369,25.546387,100776.398438,0.140000,29,1,1252,1195,1208,1145,1200.000000,1,1,1,1,0.200249,-0.210126,-0.174304,0.291390,-1.865444,-19.303078,-84.263931,-84.846497,-81.404297,3.442197,6.820012,0.063931,0.001129,1,0,1,-0.000067,-0.076467,0.000067,0.076467,0.807289,-0.775449,0,0,0,0,0,0.000000,0.000000,0.000000,0.000000,0.000000,0.000000,0.000000,0.000000,0.000000,0,0.000000,0.000000,0.000000
102477,25.543022,100776.601563,0.120000,0,1,1249,1172,1238,1141,1200.000000,1,1,1,1,0.191701,-0.213322,-0.094472,0.733607,-0.503421,-16.705782,-83.592155,-84.312263,-81.404297,2.907967,5.437617,0.110413,0.003376,1,0,1,-0.021887,0.042642,0.021887,-0.042642,0.429073,-1.709264,0,0,0,0,0,0.000000,0.000000,0.000000,0.000000,0.000000,0.000000,0.000000,0.000000,0.000000,0,0.000000,0.000000,0.000000
102567,25.542513,100776.500000,0.090000,4,1,1282,1153,1269,1097,1200.000000,1,1,1,1,0.200861,-0.233987,-0.058021,0.535704,-0.937264,-17.230955,-83.594223,-83.818619,-81.404297,2.414322,4.758231,0.141541,0.005535,1,0,1,0.017585,0.058353,-0.017585,-0.058353,-0.342520,-1.019615,0,0,0,0,0,0.000000,0.000000,0.000000,0.000000,0.000000,0.000000,0.000000,0.000000,0.000000,0,0.000000,0.000000,0.000000
102675,25.543478,100779.601563,0.040000,3,1,1195,1212,1150,1243,1200.000000,1,1,1,1,0.220077,-0.247878,-0.040573,-0.486953,-0.975049,-12.356170,-83.955544,-83.501030,-81.404297,2.096731,4.154039,0.106666,0.003142,1,0,1,0.064288,0.067650,-0.064288,-0.067650,-0.847429,-0.600210,0,0,0,0,0,0.000000,0.000000,0.000000,0.000000,0.000000,0.000000,0.000000,0.000000,0.000000,0,0.000000,0.000000,0.000000
102767,25.545897,100780.804688,-0.030000,10,1,1220,1268,1171,1141,1200.000000,1,1,1,1,0.225877,-0.251180,-0.094613,-0.513629,-1.646030,-7.901004,-84.312187,-83.766251,-81.404297,2.361948,4.780176,-0.023956,0.000156,1,0,1,0.057074,-0.002079,-0.057074,0.002079,-0.313165,0.419360,0,0,0,0,0,0.000000,0.000000,0.000000,0.000000,0.000000,0.000000,0.000000,0.000000,0.000000,0,0.000000,0.000000,0.000000
102875,25.543442,100779.203125,-0.070000,32,1,1216,1210,1175,1199,1200.000000,1,1,1,1,0.216362,-0.211322,0.018263,0.264330,-3.844851,-4.653256,-84.589218,-83.330788,-81.404297,1.926489,3.920713,0.042645,0.000501,1,0,1,-0.023674,0.136226,0.023674,-0.136226,0.572702,-1.575676,0,0,0,0,0,0.000000,0.000000,0.000000,0.000000,0.000000,0.000000,0.000000,0.000000,0.000000,0,0.000000,0.000000,0.000000
102959,25.541059,100777.101563,-0.090000,30,1,1242,1186,1179,1193,1200.000000,1,1,1,1,0.212600,-0.218404,0.082428,0.422741,-2.564781,-3.769059,-83.904846,-82.537376,-81.404297,1.133074,2.315557,0.087188,0.002101,1,0,1,-0.018253,0.105200,0.018253,-0.105200,0.232526,-0.619887,0,0,0,0,0,0.000000,0.000000,0.000000,0.000000,0.000000,0.000000,0.000000,0.000000,0.000000,0,0.000000,0.000000,0.000000
103070,25.547771,100777.601563,-0.080000,12,1,1198,1215,1203,1184,1200.000000,1,1,1,1,0.204971,-0.216919,0.136662,0.305851,-1.380797,-3.607598,-83.536194,-82.331871,-81.404297,0.927574,1.841904,0.164788,0.007504,1,0,1,0.003747,0.054044,-0.003747,-0.054044,-0.046754,0.107269,0,0,0,0,0,0.000000,0.000000,0.000000,0.000000,0.000000,0.000000,0.000000,0.000000,0.000000,0,0.000000,0.000000,0.000000
103161,25.546650,100778.898438,-0.090000,17,1,1226,1251,1159,1164,1200.000000,1,1,1,1,0.214759,-0.226672,0.172116,0.330239,-1.931709,-2.455441,-83.630592,-82.408569,-81.404297,1.004270,2.026660,0.159884,0.006962,1,0,1,-0.024734,0.048743,0.024734,-0.048743,0.361292,-0.081937,0,0,0,0,0,0.000000,0.000000,0.000000,0.000000,0.000000,0.000000,0.000000,0.000000,0.000000,0,0.000000,0.000000,0.000000
103266,25.546579,100779.203125,-0.120000,36,1,1215,1216,1180,1189,1200.000000,1,1,1,1,0.233311,-0.221687,0.190822,0.285501,-3.480367,0.183998,-83.585114,-82.399292,-81.404297,0.994995,1.967695,0.172066,0.008156,1,0,1,0.106331,0.046608,-0.106331,-0.046608,-1.423136,0.038791,0,0,0,0,0,0.000000,0.000000,0.000000,0.000000,0.000000,0.000000,0.000000,0.000000,0.000000,0,0.000000,0.000000,0.000000
103375,25.545650,100775.898438,-0.110000,4,1,1236,1211,1194,1159,1200.000000,1,1,1,1,0.210036,-0.223970,0.219282,0.333096,-2.174833,-0.342044,-83.290192,-82.222153,-81.404297,0.817854,1.637818,0.227561,0.014111,1,0,1,0.024604,0.030828,-0.024604,-0.030828,0.100565,0.055523,0,0,0,0,0,0.000000,0.000000,0.000000,0.000000,0.000000,0.000000,0.000000,0.000000,0.000000,0,0.000000,0.000000,0.000000
103465,25.546789,100777.203125,-0.090000,7,1,1227,1230,1182,1160,1200.000000,1,1,1,1,0.217965,-0.227967,0.236796,0.329303,-1.824886,0.256668,-83.120331,-82.143974,-81.404297,0.739675,1.467412,0.263270,0.019094,1,0,1,0.045545,0.042611,-0.045545,-0.042611,-0.330388,-0.195096,0,0,0,0,0,0.000000,0.000000,0.000000,0.000000,0.000000,0.000000,0.000000,0.000000,0.000000,0,0.000000,0.000000,0.000000
103563,25.546299,100777.898438,-0.080000,20,1,1208,1228,1180,1184,1200.000000,1,1,1,1,0.216248,-0.236255,0.260547,0.369213,-2.077778,0.217922,-83.037941,-82.153946,-81.404297,0.749647,1.489698,0.293071,0.023760,1,0,1,0.047284,0.026972,-0.047284,-0.026972,-0.270054,0.062440,0,0,0,0,0,0.000000,0.000000,0.000000,0.000000,0.000000,0.000000,0.000000,0.000000,0.000000,0,0.000000,0.000000,0.000000
103664,25.550611,100779.101563,-0.110000,35,1,1213,1223,1183,1181,1200.000000,1,1,1,1,0.216542,-0.242056,0.287348,0.269850,-1.867839,0.238469,-82.960640,-82.153763,-81.404297,0.749463,1.489774,0.255332,0.017795,1,0,1,0.057080,0.010664,-0.057080,-0.010664,-0.346534,0.153367,0,0,0,0,0,0.000000,0.000000,0.000000,0.000000,0.000000,0.000000,0.000000,0.000000,0.000000,0,0.000000,0.000000,0.000000
103765,25.549612,100778.304688,-0.110000,4,1,1228,1209,1191,1172,1200.000000,1,1,1,1,0.222132,-0.242562,0.248350,0.104844,-1.589794,0.329725,-82.934540,-82.145508,-81.404297,0.741212,1.474092,0.259503,0.018327,1,0,1,0.058254,-0.005371,-0.058254,0.005371,-0.294079,0.276819,0,0,0,0,0,0.000000,0.000000,0.000000,0.000000,0.000000,0.000000,0.000000,0.000000,0.000000,0,0.000000,0.000000,0.000000
103859,25.553240,100778.500000,-0.120000,12,1,1195,1235,1186,1184,1200.000000,1,1,1,1,0.221159,-0.249139,0.271340,0.270207,-1.543963,0.198558,-82.893723,-82.203278,-81.404297,0.798982,1.586605,0.267415,0.019701,1,0,1,0.052277,0.000402,-0.052277,-0.000402,-0.203932,0.079479,0,0,0,0,0,0.000000,0.000000,0.000000,0.000000,0.000000,0.000000,0.000000,0.000000,0.000000,0,0.000000,0.000000,0.000000
103968,25.552872,100778.703125,-0.130000,35,1,1227,1221,1180,1171,1200.000000,1,1,1,1,0.215774,-0.254697,0.291771,0.223877,-1.651333,0.255636,-83.019676,-82.204712,-81.404297,0.800409,1.583948,0.272207,0.020476,1,0,1,0.040818,0.012516,-0.040818,-0.012516,-0.093818,-0.139089,0,0,0,0,0,0.000000,0.000000,0.000000,0.000000,0.000000,0.000000,0.000000,0.000000,0.000000,0,0.000000,0.000000,0.000000
104077,25.551889,100778.304688,-0.140000,8,1,1196,1233,1179,1192,1200.000000,1,1,1,1,0.205089,-0.265109,0.277864,-0.037241,-1.690837,0.350695,-83.122261,-82.212433,-81.404297,0.808134,1.606863,0.256027,0.018061,1,0,1,0.012866,0.005031,-0.012866,-0.005031,0.278991,-0.016565,0,0,0,0,0,0.000000,0.000000,0.000000,0.000000,0.000000,0.000000,0.000000,0.000000,0.000000,0,0.000000,0.000000,0.000000
104162,25.549944,100777.703125,-0.150000,1,1,1242,1223,1182,1153,1200.000000,1,1,1,1,0.204797,-0.273004,0.315059,0.216754,-1.892520,0.169435,-83.045197,-82.212067,-81.404297,0.807765,1.610088,0.225484,0.013938,1,0,1,-0.013325,-0.005641,0.013325,0.005641,0.470493,0.092886,0,0,0,0,0,0.000000,0.000000,0.000000,0.000000,0.000000,0.000000,0.000000,0.000000,0.000000,0,0.000000,0.000000,0.000000
104284,25.552399,100780.000000,-0.170000,37,1,1000,1000,1000,1000,1000.000000,1,0,6,1,0.203447,-0.280245,0.315005,0.178360,-2.399657,-0.054262,-83.028458,0.000000,0.000000,0.000000,0.000000,0.227067,0.014236,1,0,0,0.000000,0.000000,0.000000,0.000000,0.000000,0.000000,0,0,0,0,0,0.000000,0.000000,0.000000,0.000000,0.000000,0.000000,0.000000,0.000000,0.000000,0,0.000000,0.000000,0.000000
104366,25.553099,100780.398438,-0.200000,32,1,1000,1000,1000,1000,1000.000000,1,0,6,1,0.206914,-0.282398,0.301424,0.154931,-2.925444,-0.092064,-83.040703,0.000000,0.000000,0.000000,0.000000,0.209663,0.012194,1,0,0,0.000000,0.000000,0.000000,0.000000,0.000000,0.000000,0,0,0,0,0,0.000000,0.000000,0.000000,0.000000,0.000000,0.000000,0.000000,0.000000,0.000000,0,0.000000,0.000000,0.000000
104463,25.554115,100782.500000,-0.270000,0,1,1000,1000,1000,1000,1000.000000,1,0,6,1,0.201427,-0.290301,0.321592,0.160669,-3.052130,0.143770,-82.986046,0.000000,0.000000,0.000000,0.000000,0.185967,0.009633,1,0,0,0.000000,0.000000,0.000000,0.000000,0.000000,0.000000,0,0,0,0,0,0.000000,0.000000,0.000000,0.000000,0.000000,0.000000,0.000000,0.000000,0.000000,0,0.000000,0.000000,0.000000
104577,25.553783,100780.898438,-0.290000,28,1,1000,1000,1000,1000,1000.000000,1,0,6,1,0.201675,-0.296194,0.336918,0.156048,-3.057429,0.427786,-82.762657,0.000000,0.000000,0.000000,0.000000,0.151886,0.006443,1,0,0,0.000000,0.000000,0.000000,0.000000,0.000000,0.000000,0,0,0,0,0,0.000000,0.000000,0.000000,0.000000,0.000000,0.000000,0.000000,0.000000,0.000000,0,0.000000,0.000000,0.000000
104663,25.553467,100779.898438,-0.300000,29,1,1000,1000,1000,1000,1000.000000,1,0,6,1,0.198597,-0.305880,0.356600,0.159590,-3.156552,0.507450,-82.733948,0.000000,0.000000,0.000000,0.000000,0.138114,0.005315,1,0,0,0.000000,0.000000,0.000000,0.000000,0.000000,0.000000,0,0,0,0,0,0.000000,0.000000,0.000000,0.000000,0.000000,0.000000,0.000000,0.000000,0.000000,0,0.000000,0.000000,0.000000
104772,25.560530,100782.500000,-0.330000,9,1,1000,1000,1000,1000,1000.000000,1,0,6,1,0.202064,-0.309380,0.348453,0.138674,-3.169492,0.516613,-82.737869,0.000000,0.000000,0.000000,0.000000,0.124969,0.004360,1,0,0,0.000000,0.000000,0.000000,0.000000,0.000000,0.000000,0,0,0,0,0,0.000000,0.000000,0.000000,0.000000,0.000000,0.000000,0.000000,0.000000,0.000000,0,0.000000,0.000000,0.000000
104879,25.551645,100779.500000,-0.320000,30,1,1000,1000,1000,1000,1000.000000,1,0,6,1,0.200799,-0.315039,0.369647,0.142614,-3.162898,0.726150,-82.573822,0.000000,0.000000,0.000000,0.000000,0.154487,0.006680,1,0,0,0.000000,0.000000,0.000000,0.000000,0.000000,0.000000,0,0,0,0,0,0.000000,0.000000,0.000000,0.000000,0.000000,0.000000,0.000000,0.000000,0.000000,0,0.000000,0.000000,0.000000
104965,25.558672,100781.398438,-0.320000,30,1,1000,1000,1000,1000,1000.000000,1,0,6,1,0.198617,-0.320500,0.384104,0.142810,-3.167973,0.876571,-82.463425,0.000000,0.000000,0.000000,0.000000,0.169425,0.008052,1,0,0,0.000000,0.000000,0.000000,0.000000,0.000000,0.000000,0,0,0,0,0,0.000000,0.000000,0.000000,0.000000,0.000000,0.000000,0.000000,0.000000,0.000000,0,0.000000,0.000000,0.000000
105077,25.550365,100779.304688,-0.320000,1,1,1000,1000,1000,1000,1000.000000,1,0,6,1,0.189532,-0.325491,0.364627,0.088427,-3.356102,1.053275,-82.394722,0.000000,0.000000,0.000000,0.000000,0.173142,0.008406,1,0,0,0.000000,0.000000,0.000000,0.000000,0.000000,0.000000,0,0,0,0,0,0.000000,0.000000,0.000000,0.000000,0.000000,0.000000,0.000000,0.000000,0.000000,0,0.000000,0.000000,0.000000
105166,25.556341,100780.304688,-0.320000,4,1,1000,1000,1000,1000,1000.000000,1,0,6,1,0.186215,-0.332818,0.354352,0.064908,-3.317594,1.078676,-82.374641,0.000000,0.000000,0.000000,0.000000,0.139749,0.005563,1,0,0,0.000000,0.000000,0.000000,0.000000,0.000000,0.000000,0,0,0,0,0,0.000000,0.000000,0.000000,0.000000,0.000000,0.000000,0.000000,0.000000,0.000000,0,0.000000,0.000000,0.000000
105284,25.560934,100782.203125,-0.330000,35,1,1000,1000,1000,1000,1000.000000,1,0,6,1,0.182924,-0.339117,0.357150,0.055328,-3.301235,1.097534,-82.364380,0.000000,0.000000,0.000000,0.000000,0.114606,0.003752,1,0,0,0.000000,0.000000,0.000000,0.000000,0.000000,0.000000,0,0,0,0,0,0.000000,0.000000,0.000000,0.000000,0.000000,0.000000,0.000000,0.000000,0.000000,0,0.000000,0.000000,0.000000
105370,25.557936,100782.398438,-0.350000,36,1,1000,1000,1000,1000,1000.000000,1,0,6,1,0.182160,-0.338379,0.346885,0.043715,-3.278630,1.075680,-82.379257,0.000000,0.000000,0.000000,0.000000,0.105591,0.003187,1,0,0,0.000000,0.000000,0.000000,0.000000,0.000000,0.000000,0,0,0,0,0,0.000000,0.000000,0.000000,0.000000,0.000000,0.000000,0.000000,0.000000,0.000000,0,0.000000,0.000000,0.000000
105472,25.554134,100779.304688,-0.360000,9,1,1000,1000,1000,1000,1000.000000,1,0,6,1,0.178611,-0.344077,0.350952,0.039989,-3.246709,1.059341,-82.381943,0.000000,0.000000,0.000000,0.000000,0.093704,0.002520,1,0,0,0.000000,0.000000,0.000000,0.000000,0.000000,0.000000,0,0,0,0,0,0.000000,0.000000,0.000000,0.000000,0.000000,0.000000,0.000000,0.000000,0.000000,0,0.000000,0.000000,0.000000
105579,25.552662,100779.101563,-0.340000,29,1,1000,1000,1000,1000,1000.000000,1,0,6,1,0.175059,-0.349729,0.356533,0.037423,-3.223256,1.054329,-82.378967,0.000000,0.000000,0.000000,0.000000,0.119132,0.004079,1,0,0,0.000000,0.000000,0.000000,0.000000,0.000000,0.000000,0,0,0,0,0,0.000000,0.000000,0.000000,0.000000,0.000000,0.000000,0.000000,0.000000,0.000000,0,0.000000,0.000000,0.000000
105664,25.558655,100780.898438,-0.330000,29,1,1000,1000,1000,1000,1000.000000,1,0,6,1,0.172027,-0.354945,0.360467,0.035449,-3.204720,1.049889,-82.373840,0.000000,0.000000,0.000000,0.000000,0.124918,0.004485,1,0,0,0.000000,0.000000,0.000000,0.000000,0.000000,0.000000,0,0,0,0,0,0.000000,0.000000,0.000000,0.000000,0.000000,0.000000,0.000000,0.000000,0.000000,0,0.000000,0.000000,0.000000
105770,25.552889,100779.703125,-0.310000,6,1,1000,1000,1000,1000,1000.000000,1,0,6,1,0.171722,-0.354215,0.349294,0.028156,-3.199555,1.036023,-82.376823,0.000000,0.000000,0.000000,0.000000,0.143179,0.005905,1,0,0,0.000000,0.000000,0.000000,0.000000,0.000000,0.000000,0,0,0,0,0,0.000000,0.000000,0.000000,0.000000,0.000000,0.000000,0.000000,0.000000,0.000000,0,0.000000,0.000000,0.000000
105877,25.557674,100780.101563,-0.310000,19,1,1000,1000,1000,1000,1000.000000,1,0,6,1,0.169678,-0.359303,0.353081,0.026881,-3.188871,1.023653,-82.366089,0.000000,0.000000,0.000000,0.000000,0.146667,0.006200,1,0,0,0.000000,0.000000,0.000000,0.000000,0.000000,0.000000,0,0,0,0,0,0.000000,0.000000,0.000000,0.000000,0.000000,0.000000,0.000000,0.000000,0.000000,0,0.000000,0.000000,0.000000
105977,25.560637,100781.398438,-0.320000,19,1,1000,1000,1000,1000,1000.000000,1,0,6,1,0.167479,-0.364486,0.356643,0.025152,-3.185707,1.013452,-82.349472,0.000000,0.000000,0.000000,0.000000,0.139976,0.005651,1,0,0,0.000000,0.000000,0.000000,0.000000,0.000000,0.000000,0,0,0,0,0,0.000000,0.000000,0.000000,0.000000,0.000000,0.000000,0.000000,0.000000,0.000000,0,0.000000,0.000000,0.000000
106063,25.560917,100781.500000,-0.330000,20,1,1000,1000,1000,1000,1000.000000,1,0,6,1,0.165488,-0.369331,0.360508,0.024024,-3.180474,1.016346,-82.339661,0.000000,0.000000,0.000000,0.000000,0.135394,0.005289,1,0,0,0.000000,0.000000,0.000000,0.000000,0.000000,0.000000,0,0,0,0,0,0.000000,0.000000,0.000000,0.000000,0.000000,0.000000,0.000000,0.000000,0.000000,0,0.000000,0.000000,0.000000
106176,25.557463,100779.101563,-0.310000,0,1,1000,1000,1000,1000,1000.000000,1,0,6,1,0.163223,-0.374524,0.364155,0.022512,-3.184201,1.004675,-82.314514,0.000000,0.000000,0.000000,0.000000,0.138430,0.005533,1,0,0,0.000000,0.000000,0.000000,0.000000,0.000000,0.000000,0,0,0,0,0,0.000000,0.000000,0.000000,0.000000,0.000000,0.000000,0.000000,0.000000,0.000000,0,0.000000,0.000000,0.000000
106283,25.563528,100780.804688,-0.320000,21,1,1000,1000,1000,1000,1000.000000,1,0,6,1,0.161155,-0.379048,0.363305,0.020315,-3.181940,1.009053,-82.304008,0.000000,0.000000,0.000000,0.000000,0.137029,0.005428,1,0,0,0.000000,0.000000,0.000000,0.000000,0.000000,0.000000,0,0,0,0,0,0.000000,0.000000,0.000000,0.000000,0.000000,0.000000,0.000000,0.000000,0.000000,0,0.000000,0.000000,0.000000
106364,25.560390,100780.898438,-0.330000,3,1,1000,1000,1000,1000,1000.000000,1,0,6,1,0.161144,-0.378974,0.357361,0.016782,-3.183194,1.003139,-82.297836,0.000000,0.000000,0.000000,0.000000,0.130492,0.004924,1,0,0,0.000000,0.000000,0.000000,0.000000,0.000000,0.000000,0,0,0,0,0,0.000000,0.000000,0.000000,0.000000,0.000000,0.000000,0.000000,0.000000,0.000000,0,0.000000,0.000000,0.000000
106462,25.559040,100779.804688,-0.320000,1,1,1000,1000,1000,1000,1000.000000,1,0,6,1,0.159277,-0.384050,0.363935,0.017112,-3.184197,0.995406,-82.277420,0.000000,0.000000,0.000000,0.000000,0.137481,0.005467,1,0,0,0.000000,0.000000,0.000000,0.000000,0.000000,0.000000,0,0,0,0,0,0.000000,0.000000,0.000000,0.000000,0.000000,0.000000,0.000000,0.000000,0.000000,0,0.000000,0.000000,0.000000
106559,25.562634,100781.398438,-0.330000,8,1,1000,1000,1000,1000,1000.000000,1,0,6,1,0.157109,-0.388683,0.363322,0.015679,-3.185569,0.997632,-82.262314,0.000000,0.000000,0.000000,0.000000,0.136468,0.005391,1,0,0,0.000000,0.000000,0.000000,0.000000,0.000000,0.000000,0,0,0,0,0,0.000000,0.000000,0.000000,0.000000,0.000000,0.000000,0.000000,0.000000,0.000000,0,0.000000,0.000000,0.000000
106671,25.563562,100781.000000,-0.340000,35,1,1000,1000,1000,1000,1000.000000,1,0,6,1,0.155170,-0.393452,0.366908,0.016375,-3.185965,1.012907,-82.236710,0.000000,0.000000,0.000000,0.000000,0.121769,0.004292,1,0,0,0.000000,0.000000,0.000000,0.000000,0.000000,0.000000,0,0,0,0,0,0.000000,0.000000,0.000000,0.000000,0.000000,0.000000,0.000000,0.000000,0.000000,0,0.000000,0.000000,0.000000
106776,25.560566,100780.898438,-0.360000,0,1,1000,1000,1000,1000,1000.000000,1,0,6,1,0.155092,-0.393328,0.362587,0.012073,-3.215744,1.020690,-82.245193,0.000000,0.000000,0.000000,0.000000,0.105185,0.003203,1,0,0,0.000000,0.000000,0.000000,0.000000,0.000000,0.000000,0,0,0,0,0,0.000000,0.000000,0.000000,0.000000,0.000000,0.000000,0.000000,0.000000,0.000000,0,0.000000,0.000000,0.000000
106878,25.560863,100781.203125,-0.360000,12,1,1000,1000,1000,1000,1000.000000,1,0,6,1,0.153261,-0.397878,0.364201,0.010064,-3.201118,1.038011,-82.240074,0.000000,0.000000,0.000000,0.000000,0.106438,0.003283,1,0,0,0.000000,0.000000,0.000000,0.000000,0.000000,0.000000,0,0,0,0,0,0.000000,0.000000,0.000000,0.000000,0.000000,0.000000,0.000000,0.000000,0.000000,0,0.000000,0.000000,0.000000
106978,25.563738,100780.398438,-0.370000,21,1,1000,1000,1000,1000,1000.000000,1,0,6,1,0.151523,-0.402687,0.367979,0.009247,-3.217783,1.041165,-82.225906,0.000000,0.000000,0.000000,0.000000,0.100598,0.002932,1,0,0,0.000000,0.000000,0.000000,0.000000,0.000000,0.000000,0,0,0,0,0,0.000000,0.000000,0.000000,0.000000,0.000000,0.000000,0.000000,0.000000,0.000000,0,0.000000,0.000000,0.000000
107068,25.561810,100780.304688,-0.360000,25,1,1000,1000,1000,1000,1000.000000,1,0,6,1,0.149473,-0.407406,0.370867,0.008275,-3.224262,1.042719,-82.207108,0.000000,0.000000,0.000000,0.000000,0.113663,0.003745,1,0,0,0.000000,0.000000,0.000000,0.000000,0.000000,0.000000,0,0,0,0,0,0.000000,0.000000,0.000000,0.000000,0.000000,0.000000,0.000000,0.000000,0.000000,0,0.000000,0.000000,0.000000
107161,25.570240,100781.804688,-0.360000,32,1,1000,1000,1000,1000,1000.000000,1,0,6,1,0.147563,-0.412062,0.373866,0.008002,-3.227658,1.046494,-82.193253,0.000000,0.000000,0.000000,0.000000,0.108775,0.003431,1,0,0,0.000000,0.000000,0.000000,0.000000,0.000000,0.000000,0,0,0,0,0,0.000000,0.000000,0.000000,0.000000,0.000000,0.000000,0.000000,0.000000,0.000000,0,0.000000,0.000000,0.000000
107288,25.563562,100780.000000,-0.360000,1,1,1000,1000,1000,1000,1000.000000,1,0,6,1,0.145724,-0.416541,0.376797,0.007141,-3.224824,1.056945,-82.175522,0.000000,0.000000,0.000000,0.000000,0.101689,0.002999,1,0,0,0.000000,0.000000,0.000000,0.000000,0.000000,0.000000,0,0,0,0,0,0.000000,0.000000,0.000000,0.000000,0.000000,0.000000,0.000000,0.000000,0.000000,0,0.000000,0.000000,0.000000
107379,25.566278,100780.804688,-0.360000,0,1,1000,1000,1000,1000,1000.000000,1,0,6,1,0.145729,-0.416576,0.369775,0.003680,-3.226376,1.060738,-82.175812,0.000000,0.000000,0.000000,0.000000,0.112113,0.003647,1,0,0,0.000000,0.000000,0.000000,0.000000,0.000000,0.000000,0,0,0,0,0,0.000000,0.000000,0.000000,0.000000,0.000000,0.000000,0.000000,0.000000,0.000000,0,0.000000,0.000000,0.000000
107479,25.565105,100779.898438,-0.350000,0,1,1000,1000,1000,1000,1000.000000,1,0,6,1,0.144059,-0.421052,0.374578,0.004449,-3.236732,1.054337,-82.169205,0.000000,0.000000,0.000000,0.000000,0.117035,0.003974,1,0,0,0.000000,0.000000,0.000000,0.000000,0.000000,0.000000,0,0,0,0,0,0.000000,0.000000,0.000000,0.000000,0.000000,0.000000,0.000000,0.000000,0.000000,0,0.000000,0.000000,0.000000
107561,25.567734,100782.601563,-0.370000,20,1,1000,1000,1000,1000,1000.000000,1,0,6,1,0.142304,-0.425270,0.377116,0.005269,-3.292311,1.044963,-82.149979,0.000000,0.000000,0.000000,0.000000,0.109315,0.003466,1,0,0,0.000000,0.000000,0.000000,0.000000,0.000000,0.000000,0,0,0,0,0,0.000000,0.000000,0.000000,0.000000,0.000000,0.000000,0.000000,0.000000,0.000000,0,0.000000,0.000000,0.000000
107681,25.570660,100782.203125,-0.410000,0,1,1000,1000,1000,1000,1000.000000,1,0,6,1,0.140971,-0.429834,0.380591,0.003432,-3.236592,1.046896,-82.128014,0.000000,0.000000,0.000000,0.000000,0.075233,0.001642,1,0,0,0.000000,0.000000,0.000000,0.000000,0.000000,0.000000,0,0,0,0,0,0.000000,0.000000,0.000000,0.000000,0.000000,0.000000,0.000000,0.000000,0.000000,0,0.000000,0.000000,0.000000
