timestamp_ms,baro_temp_c,baro_pressure_pa,baro_rel_alt_lpf_m,baro_age_ms,baro_ready,M1,M2,M3,M4,ekf_pwm_mean,motor_output_allowed,motor_on_detected,flight_mode,ekf_ready,ekf_pos_n,ekf_pos_e,ekf_pos_d,ekf_vel_d,ekf_pos_n_std_m,ekf_pos_e_std_m,ekf_vel_n_std_mps,ekf_vel_e_std_mps,gnss_age_ms,gnss_hacc_m,gnss_vacc_m,gnss_sacc_mps,gnss_hacc_var_m2,gnss_vacc_var_m2,gnss_sacc_var_m2ps2,gnss_pos_cov_valid,gnss_vel_cov_valid,gnss_pos_cov_n_m2,gnss_pos_cov_e_m2,gnss_pos_cov_d_m2,gnss_vel_cov_n_m2ps2,gnss_vel_cov_e_m2ps2,gnss_vel_cov_d_m2ps2,gnss_pos_n_m,gnss_pos_e_m,gnss_pos_d_m,gnss_vel_n_mps,gnss_vel_e_mps,gnss_vel_d_mps,roll_deg,pitch_deg,yaw_deg,imu_yaw_deg,yaw_des_deg,yaw_err_deg,yaw_rate_sp_deg_s,roll_rate_deg_s,pitch_rate_deg_s,yaw_rate_deg_s,roll_rate_output,pitch_rate_output,yaw_rate_output,motor_sat_flags,baro_innov_m,baro_test_ratio,baro_update_used,baro_rejected,vel_ctrl_active,vel_sp_n_mps,vel_sp_e_mps,vel_filt_n_mps,vel_filt_e_mps,vel_err_n_mps,vel_err_e_mps,roll_des_slew_deg,pitch_des_slew_deg,pos_hold_latched,pos_sp_n_m,pos_sp_e_m,pos_err_n_m,pos_err_e_m,alt_ctrl_enabled,alt_ctrl_allowed,alt_ctrl_active,alt_hold_latched,alt_ctrl_block_reason,alt_sp_m,alt_meas_m,vel_up_mps,alt_err_m,vel_err_mps,alt_p_term_us,alt_d_term_us,alt_i_term_us,alt_throttle_corr_us,alt_throttle_corr_sat,alt_base_pwm_us,alt_cmd_pwm_us,alt_base_pwm_latched
7731,28.519382,100418.804688,0.000000,19,1,1000,1000,1000,1000,1000.000000,0,0,0,0,0.000000,0.000000,0.000000,0.000000,0.000000,0.000000,0.000000,0.000000,73,1.551000,3.153000,0.111000,2.405601,9.941410,0.012321,1,1,1.500000,-0.008568,1.369434,-1.051074,0.000027,0.017881,0.000000,0.000000,0.000000,0.070000,0.022000,0.003000,0.000000,0.000000,0.000000,0.000000,0.000000,0.000000,0.000000,0.000000,0.000000,0.000000,0.000000,0.000000,0.000000,0,0.000000,0.000000,0,0,0,0.000000,0.000000,0.000000,0.000000,0.000000,0.000000,0.000000,0.000000,0,0.000000,0.000000,0.000000,0.000000,0,0,0,0,0,0.000000,0.000000,0.000000,0.000000,0.000000,0.000000,0.000000,0.000000,0.000000,0,0.000000,0.000000,0.000000
7838,28.519241,100418.500000,0.010000,0,1,1000,1000,1000,1000,1000.000000,0,0,0,0,0.000000,0.000000,0.000000,0.000000,0.000000,0.000000,0.000000,0.000000,52,1.514000,3.082000,0.127000,2.292196,9.498726,0.016129,1,1,1.500000,-0.013126,1.303781,-0.981886,-0.000166,0.017669,0.000000,0.000000,0.000000,0.030000,0.005000,0.021000,0.000000,0.000000,0.000000,0.000000,0.000000,0.000000,0.000000,0.000000,0.000000,0.000000,0.000000,0.000000,0.000000,0,0.000000,0.000000,0,0,0,0.000000,0.000000,0.000000,0.000000,0.000000,0.000000,0.000000,0.000000,0,0.000000,0.000000,0.000000,0.000000,0,0,0,0,0,0.000000,0.000000,0.000000,0.000000,0.000000,0.000000,0.000000,0.000000,0.000000,0,0.000000,0.000000,0.000000
7941,28.514811,100417.703125,0.030000,19,1,1000,1000,1000,1000,1000.000000,0,0,0,0,0.000000,0.000000,0.000000,0.000000,0.000000,0.000000,0.000000,0.000000,30,1.480000,3.016000,0.129000,2.190400,9.096256,0.016641,1,1,1.500000,-0.017286,1.243937,-0.919932,-0.000020,0.017700,0.000000,0.000000,0.000000,0.012000,0.024000,0.016000,0.000000,0.000000,0.000000,0.000000,0.000000,0.000000,0.000000,0.000000,0.000000,0.000000,0.000000,0.000000,0.000000,0,0.000000,0.000000,0,0,0,0.000000,0.000000,0.000000,0.000000,0.000000,0.000000,0.000000,0.000000,0,0.000000,0.000000,0.000000,0.000000,0,0,0,0,0,0.000000,0.000000,0.000000,0.000000,0.000000,0.000000,0.000000,0.000000,0.000000,0,0.000000,0.000000,0.000000
8028,28.520695,100420.101563,0.020000,22,1,1000,1000,1000,1000,1000.000000,0,0,0,0,0.000000,0.000000,0.000000,0.000000,0.000000,0.000000,0.000000,0.000000,117,1.480000,3.016000,0.129000,2.190400,9.096256,0.016641,1,1,1.500000,-0.017286,1.243937,-0.919932,-0.000020,0.017700,0.000000,0.000000,0.000000,0.012000,0.024000,0.016000,0.000000,0.000000,0.000000,0.000000,0.000000,0.000000,0.000000,0.000000,0.000000,0.000000,0.000000,0.000000,0.000000,0,0.000000,0.000000,0,0,0,0.000000,0.000000,0.000000,0.000000,0.000000,0.000000,0.000000,0.000000,0,0.000000,0.000000,0.000000,0.000000,0,0,0,0,0,0.000000,0.000000,0.000000,0.000000,0.000000,0.000000,0.000000,0.000000,0.000000,0,0.000000,0.000000,0.000000
8132,28.519258,100420.898438,0.010000,0,1,1000,1000,1000,1000,1000.000000,0,0,0,0,0.000000,0.000000,0.000000,0.000000,0.000000,0.000000,0.000000,0.000000,97,1.447000,2.954000,0.138000,2.093809,8.726117,0.019044,1,1,1.500000,-0.021164,1.189344,-0.864185,-0.000438,0.017360,0.000000,0.000000,0.000000,0.003000,-0.001000,0.026000,0.000000,0.000000,0.000000,0.000000,0.000000,0.000000,0.000000,0.000000,0.000000,0.000000,0.000000,0.000000,0.000000,0,0.000000,0.000000,0,0,0,0.000000,0.000000,0.000000,0.000000,0.000000,0.000000,0.000000,0.000000,0,0.000000,0.000000,0.000000,0.000000,0,0,0,0,0,0.000000,0.000000,0.000000,0.000000,0.000000,0.000000,0.000000,0.000000,0.000000,0,0.000000,0.000000,0.000000
8235,28.518454,100418.898438,0.020000,19,1,1000,1000,1000,1000,1000.000000,0,0,0,0,0.000000,0.000000,0.000000,0.000000,0.000000,0.000000,0.000000,0.000000,72,1.417000,2.895000,0.134000,2.007889,8.381026,0.017956,1,1,1.500000,-0.024445,1.139760,-0.812669,-0.000406,0.017458,0.000000,0.000000,0.000000,0.015000,-0.004000,0.016000,0.000000,0.000000,0.000000,0.000000,0.000000,0.000000,0.000000,0.000000,0.000000,0.000000,0.000000,0.000000,0.000000,0,0.000000,0.000000,0,0,0,0.000000,0.000000,0.000000,0.000000,0.000000,0.000000,0.000000,0.000000,0,0.000000,0.000000,0.000000,0.000000,0,0,0,0,0,0.000000,0.000000,0.000000,0.000000,0.000000,0.000000,0.000000,0.000000,0.000000,0,0.000000,0.000000,0.000000
8342,28.518805,100419.898438,0.050000,0,1,1000,1000,1000,1000,1000.000000,0,0,0,0,0.000000,0.000000,0.000000,0.000000,0.000000,0.000000,0.000000,0.000000,57,1.389000,2.840000,0.122000,1.929321,8.065600,0.014884,1,1,1.500000,-0.028092,1.094429,-0.765527,-0.000107,0.017808,0.000000,0.000000,0.000000,-0.013000,-0.013000,0.010000,0.000000,0.000000,0.000000,0.000000,0.000000,0.000000,0.000000,0.000000,0.000000,0.000000,0.000000,0.000000,0.000000,0,0.000000,0.000000,0,0,0,0.000000,0.000000,0.000000,0.000000,0.000000,0.000000,0.000000,0.000000,0,0.000000,0.000000,0.000000,0.000000,0,0,0,0,0,0.000000,0.000000,0.000000,0.000000,0.000000,0.000000,0.000000,0.000000,0.000000,0,0.000000,0.000000,0.000000
8430,28.518173,100421.203125,0.020000,1,1,1000,1000,1000,1000,1000.000000,0,0,0,0,0.000000,0.000000,0.000000,0.000000,0.000000,0.000000,0.000000,0.000000,19,1.363000,2.786000,0.132000,1.857769,7.761796,0.017424,1,1,1.500000,-0.031324,1.052846,-0.723069,-0.000046,0.017785,0.000000,0.000000,0.000000,0.010000,0.011000,0.018000,0.000000,0.000000,0.000000,0.000000,0.000000,0.000000,0.000000,0.000000,0.000000,0.000000,0.000000,0.000000,0.000000,0,0.000000,0.000000,0,0,0,0.000000,0.000000,0.000000,0.000000,0.000000,0.000000,0.000000,0.000000,0,0.000000,0.000000,0.000000,0.000000,0,0,0,0,0,0.000000,0.000000,0.000000,0.000000,0.000000,0.000000,0.000000,0.000000,0.000000,0,0.000000,0.000000,0.000000
8533,28.513058,100418.000000,0.020000,19,1,1000,1000,1000,1000,1000.000000,0,0,0,0,0.000000,0.000000,0.000000,0.000000,0.000000,0.000000,0.000000,0.000000,122,1.363000,2.786000,0.132000,1.857769,7.761796,0.017424,1,1,1.500000,-0.031324,1.052846,-0.723069,-0.000046,0.017785,0.000000,0.000000,0.000000,0.010000,0.011000,0.018000,0.000000,0.000000,0.000000,0.000000,0.000000,0.000000,0.000000,0.000000,0.000000,0.000000,0.000000,0.000000,0.000000,0,0.000000,0.000000,0,0,0,0.000000,0.000000,0.000000,0.000000,0.000000,0.000000,0.000000,0.000000,0,0.000000,0.000000,0.000000,0.000000,0,0,0,0,0,0.000000,0.000000,0.000000,0.000000,0.000000,0.000000,0.000000,0.000000,0.000000,0,0.000000,0.000000,0.000000
8640,28.518244,100419.304688,0.010000,0,1,1000,1000,1000,1000,1000.000000,0,0,0,0,0.000000,0.000000,0.000000,0.000000,0.000000,0.000000,0.000000,0.000000,104,1.338000,2.736000,0.134000,1.790244,7.485696,0.017956,1,1,1.500000,-0.033997,1.013806,-0.684309,-0.000045,0.017784,0.000000,0.000000,0.000000,0.016000,-0.001000,0.018000,0.000000,0.000000,0.000000,0.000000,0.000000,0.000000,0.000000,0.000000,0.000000,0.000000,0.000000,0.000000,0.000000,0,0.000000,0.000000,0,0,0,0.000000,0.000000,0.000000,0.000000,0.000000,0.000000,0.000000,0.000000,0,0.000000,0.000000,0.000000,0.000000,0,0,0,0,0,0.000000,0.000000,0.000000,0.000000,0.000000,0.000000,0.000000,0.000000,0.000000,0,0.000000,0.000000,0.000000
8733,28.518717,100421.398438,-0.010000,9,1,1000,1000,1000,1000,1000.000000,0,0,0,0,0.000000,0.000000,0.000000,0.000000,0.000000,0.000000,0.000000,0.000000,75,1.314000,2.687000,0.136000,1.726596,7.219969,0.018496,1,1,1.500000,-0.036700,0.977055,-0.649010,-0.000274,0.017864,0.000000,0.000000,0.000000,-0.003000,-0.010000,0.010000,0.000000,0.000000,0.000000,0.000000,0.000000,0.000000,0.000000,0.000000,0.000000,0.000000,0.000000,0.000000,0.000000,0,0.000000,0.000000,0,0,0,0.000000,0.000000,0.000000,0.000000,0.000000,0.000000,0.000000,0.000000,0,0.000000,0.000000,0.000000,0.000000,0,0,0,0,0,0.000000,0.000000,0.000000,0.000000,0.000000,0.000000,0.000000,0.000000,0.000000,0,0.000000,0.000000,0.000000
8836,28.517578,100420.898438,-0.030000,28,1,1000,1000,1000,1000,1000.000000,0,0,0,0,0.000000,0.000000,0.000000,0.000000,0.000000,0.000000,0.000000,0.000000,51,1.291000,2.641000,0.128000,1.666681,6.974881,0.016384,1,1,1.500000,-0.039105,0.943108,-0.615486,-0.000388,0.017948,0.000000,0.000000,0.000000,0.004000,0.007000,0.008000,0.000000,0.000000,0.000000,0.000000,0.000000,0.000000,0.000000,0.000000,0.000000,0.000000,0.000000,0.000000,0.000000,0,0.000000,0.000000,0,0,0,0.000000,0.000000,0.000000,0.000000,0.000000,0.000000,0.000000,0.000000,0,0.000000,0.000000,0.000000,0.000000,0,0,0,0,0,0.000000,0.000000,0.000000,0.000000,0.000000,0.000000,0.000000,0.000000,0.000000,0,0.000000,0.000000,0.000000
8939,28.519154,100420.500000,-0.030000,5,1,1000,1000,1000,1000,1000.000000,0,0,0,0,0.000000,0.000000,0.000000,0.000000,0.000000,0.000000,0.000000,0.000000,29,1.269000,2.596000,0.139000,1.610361,6.739217,0.019321,1,1,1.500000,-0.041182,0.910882,-0.584667,-0.000342,0.017909,0.000000,0.000000,0.000000,0.009000,-0.010000,0.009000,0.000000,0.000000,0.000000,0.000000,0.000000,0.000000,0.000000,0.000000,0.000000,0.000000,0.000000,0.000000,0.000000,0,0.000000,0.000000,0,0,0,0.000000,0.000000,0.000000,0.000000,0.000000,0.000000,0.000000,0.000000,0,0.000000,0.000000,0.000000,0.000000,0,0,0,0,0,0.000000,0.000000,0.000000,0.000000,0.000000,0.000000,0.000000,0.000000,0.000000,0,0.000000,0.000000,0.000000
9042,28.516369,100420.898438,-0.040000,23,1,1000,1000,1000,1000,1000.000000,0,0,0,0,0.000000,0.000000,0.000000,0.000000,0.000000,0.000000,0.000000,0.000000,7,1.249000,2.554000,0.130000,1.560001,6.522917,0.016900,1,1,1.500000,-0.042786,0.881323,-0.556099,-0.000296,0.018019,0.000000,0.000000,0.000000,0.004000,0.019000,0.022000,0.000000,0.000000,0.000000,0.000000,0.000000,0.000000,0.000000,0.000000,0.000000,0.000000,0.000000,0.000000,0.000000,0,0.000000,0.000000,0,0,0,0.000000,0.000000,0.000000,0.000000,0.000000,0.000000,0.000000,0.000000,0,0.000000,0.000000,0.000000,0.000000,0,0,0,0,0,0.000000,0.000000,0.000000,0.000000,0.000000,0.000000,0.000000,0.000000,0.000000,0,0.000000,0.000000,0.000000
9128,28.514355,100419.203125,-0.030000,25,1,1000,1000,1000,1000,1000.000000,0,0,0,0,0.000000,0.000000,0.000000,0.000000,0.000000,0.000000,0.000000,0.000000,93,1.249000,2.554000,0.130000,1.560001,6.522917,0.016900,1,1,1.500000,-0.042786,0.881323,-0.556099,-0.000296,0.018019,0.000000,0.000000,0.000000,0.004000,0.019000,0.022000,0.000000,0.000000,0.000000,0.000000,0.000000,0.000000,0.000000,0.000000,0.000000,0.000000,0.000000,0.000000,0.000000,0,0.000000,0.000000,0,0,0,0.000000,0.000000,0.000000,0.000000,0.000000,0.000000,0.000000,0.000000,0,0.000000,0.000000,0.000000,0.000000,0,0,0,0,0,0.000000,0.000000,0.000000,0.000000,0.000000,0.000000,0.000000,0.000000,0.000000,0,0.000000,0.000000,0.000000
9231,28.509642,100417.601563,0.000000,1,1,1000,1000,1000,1000,1000.000000,0,0,0,0,0.000000,0.000000,0.000000,0.000000,0.000000,0.000000,0.000000,0.000000,67,1.230000,2.514000,0.141000,1.512900,6.320197,0.019881,1,1,1.500000,-0.044073,0.853826,-0.529517,-0.000345,0.018067,0.000000,0.000000,0.000000,0.002000,-0.018000,0.019000,0.000000,0.000000,0.000000,0.000000,0.000000,0.000000,0.000000,0.000000,0.000000,0.000000,0.000000,0.000000,0.000000,0,0.000000,0.000000,0,0,0,0.000000,0.000000,0.000000,0.000000,0.000000,0.000000,0.000000,0.000000,0,0.000000,0.000000,0.000000,0.000000,0,0,0,0,0,0.000000,0.000000,0.000000,0.000000,0.000000,0.000000,0.000000,0.000000,0.000000,0,0.000000,0.000000,0.000000
9334,28.516737,100421.304688,-0.020000,19,1,1000,1000,1000,1000,1000.000000,0,0,0,0,0.000000,0.000000,0.000000,0.000000,0.000000,0.000000,0.000000,0.000000,45,1.211000,2.475000,0.134000,1.466521,6.125626,0.017956,1,1,1.500000,-0.044999,0.828000,-0.504980,-0.000571,0.018435,0.000000,0.000000,0.000000,0.011000,0.008000,0.018000,0.000000,0.000000,0.000000,0.000000,0.000000,0.000000,0.000000,0.000000,0.000000,0.000000,0.000000,0.000000,0.000000,0,0.000000,0.000000,0,0,0,0.000000,0.000000,0.000000,0.000000,0.000000,0.000000,0.000000,0.000000,0,0.000000,0.000000,0.000000,0.000000,0,0,0,0,0,0.000000,0.000000,0.000000,0.000000,0.000000,0.000000,0.000000,0.000000,0.000000,0,0.000000,0.000000,0.000000
9441,28.512182,100418.398438,0.000000,0,1,1000,1000,1000,1000,1000.000000,0,0,0,0,0.000000,0.000000,0.000000,0.000000,0.000000,0.000000,0.000000,0.000000,31,1.194000,2.439000,0.136000,1.425636,5.948721,0.018496,1,1,1.500000,-0.045708,0.803998,-0.482305,-0.000356,0.018083,0.000000,0.000000,0.000000,0.017000,-0.007000,0.015000,0.000000,0.000000,0.000000,0.000000,0.000000,0.000000,0.000000,0.000000,0.000000,0.000000,0.000000,0.000000,0.000000,0,0.000000,0.000000,0,0,0,0.000000,0.000000,0.000000,0.000000,0.000000,0.000000,0.000000,0.000000,0,0.000000,0.000000,0.000000,0.000000,0,0,0,0,0,0.000000,0.000000,0.000000,0.000000,0.000000,0.000000,0.000000,0.000000,0.000000,0,0.000000,0.000000,0.000000
9545,28.515493,100419.101563,0.000000,20,1,1000,1000,1000,1000,1000.000000,0,0,0,0,0.000000,0.000000,0.000000,0.000000,0.000000,0.000000,0.000000,0.000000,9,1.177000,2.404000,0.122000,1.385329,5.779216,0.014884,1,1,1.500000,-0.046358,0.781536,-0.461527,-0.000350,0.018071,0.000000,0.000000,0.000000,-0.002000,0.003000,0.023000,0.000000,0.000000,0.000000,0.000000,0.000000,0.000000,0.000000,0.000000,0.000000,0.000000,0.000000,0.000000,0.000000,0,0.000000,0.000000,0,0,0,0.000000,0.000000,0.000000,0.000000,0.000000,0.000000,0.000000,0.000000,0,0.000000,0.000000,0.000000,0.000000,0,0,0,0,0,0.000000,0.000000,0.000000,0.000000,0.000000,0.000000,0.000000,0.000000,0.000000,0,0.000000,0.000000,0.000000
9632,28.511219,100419.000000,0.020000,22,1,1000,1000,1000,1000,1000.000000,0,0,0,0,0.000000,0.000000,0.000000,0.000000,0.000000,0.000000,0.000000,0.000000,96,1.177000,2.404000,0.122000,1.385329,5.779216,0.014884,1,1,1.500000,-0.046358,0.781536,-0.461527,-0.000350,0.018071,0.000000,0.000000,0.000000,-0.002000,0.003000,0.023000,0.000000,0.000000,0.000000,0.000000,0.000000,0.000000,0.000000,0.000000,0.000000,0.000000,0.000000,0.000000,0.000000,0,0.000000,0.000000,0,0,0,0.000000,0.000000,0.000000,0.000000,0.000000,0.000000,0.000000,0.000000,0,0.000000,0.000000,0.000000,0.000000,0,0,0,0,0,0.000000,0.000000,0.000000,0.000000,0.000000,0.000000,0.000000,0.000000,0.000000,0,0.000000,0.000000,0.000000
9736,28.517788,100421.000000,0.020000,0,1,1000,1000,1000,1000,1000.000000,0,0,0,0,0.000000,0.000000,0.000000,0.000000,0.000000,0.000000,0.000000,0.000000,79,1.161000,2.371000,0.133000,1.347921,5.621641,0.017689,1,1,1.500000,-0.046784,0.760272,-0.442525,-0.000349,0.018071,0.000000,0.000000,0.000000,0.016000,0.010000,0.022000,0.000000,0.000000,0.000000,0.000000,0.000000,0.000000,0.000000,0.000000,0.000000,0.000000,0.000000,0.000000,0.000000,0,0.000000,0.000000,0,0,0,0.000000,0.000000,0.000000,0.000000,0.000000,0.000000,0.000000,0.000000,0,0.000000,0.000000,0.000000,0.000000,0,0,0,0,0,0.000000,0.000000,0.000000,0.000000,0.000000,0.000000,0.000000,0.000000,0.000000,0,0.000000,0.000000,0.000000
9828,28.513882,100419.000000,0.020000,8,1,1000,1000,1000,1000,1000.000000,0,0,0,0,0.000000,0.000000,0.000000,0.000000,0.000000,0.000000,0.000000,0.000000,43,1.146000,2.339000,0.136000,1.313316,5.470922,0.018496,1,1,1.500000,-0.047076,0.740250,-0.424949,-0.000350,0.018071,0.000000,0.000000,0.000000,-0.004000,-0.014000,0.014000,0.000000,0.000000,0.000000,0.000000,0.000000,0.000000,0.000000,0.000000,0.000000,0.000000,0.000000,0.000000,0.000000,0,0.000000,0.000000,0,0,0,0.000000,0.000000,0.000000,0.000000,0.000000,0.000000,0.000000,0.000000,0,0.000000,0.000000,0.000000,0.000000,0,0,0,0,0,0.000000,0.000000,0.000000,0.000000,0.000000,0.000000,0.000000,0.000000,0.000000,0,0.000000,0.000000,0.000000
9931,28.513636,100420.500000,0.000000,27,1,1000,1000,1000,1000,1000.000000,0,0,0,0,0.000000,0.000000,0.000000,0.000000,0.000000,0.000000,0.000000,0.000000,20,1.131000,2.309000,0.142000,1.279161,5.331481,0.020164,1,1,1.500000,-0.047303,0.721518,-0.408696,-0.000350,0.018071,0.000000,0.000000,0.000000,0.002000,-0.012000,0.014000,0.000000,0.000000,0.000000,0.000000,0.000000,0.000000,0.000000,0.000000,0.000000,0.000000,0.000000,0.000000,0.000000,0,0.000000,0.000000,0,0,0,0.000000,0.000000,0.000000,0.000000,0.000000,0.000000,0.000000,0.000000,0,0.000000,0.000000,0.000000,0.000000,0,0,0,0,0,0.000000,0.000000,0.000000,0.000000,0.000000,0.000000,0.000000,0.000000,0.000000,0,0.000000,0.000000,0.000000
10034,28.514547,100419.898438,-0.010000,4,1,1000,1000,1000,1000,1000.000000,0,0,0,0,0.000000,0.000000,0.000000,0.000000,0.000000,0.000000,0.000000,0.000000,123,1.131000,2.309000,0.142000,1.279161,5.331481,0.020164,1,1,1.500000,-0.047303,0.721518,-0.408696,-0.000350,0.018071,0.000000,0.000000,0.000000,0.002000,-0.012000,0.014000,0.000000,0.000000,0.000000,0.000000,0.000000,0.000000,0.000000,0.000000,0.000000,0.000000,0.000000,0.000000,0.000000,0,0.000000,0.000000,0,0,0,0.000000,0.000000,0.000000,0.000000,0.000000,0.000000,0.000000,0.000000,0,0.000000,0.000000,0.000000,0.000000,0,0,0,0,0,0.000000,0.000000,0.000000,0.000000,0.000000,0.000000,0.000000,0.000000,0.000000,0,0.000000,0.000000,0.000000
10138,28.514791,100421.000000,-0.010000,23,1,1000,1000,1000,1000,1000.000000,0,0,0,0,0.000000,0.000000,0.000000,0.000000,0.000000,0.000000,0.000000,0.000000,102,1.118000,2.280000,0.130000,1.249924,5.198401,0.016900,1,1,1.500000,-0.047475,0.703736,-0.393748,-0.000463,0.017912,0.000000,0.000000,0.000000,0.021000,0.020000,0.026000,0.000000,0.000000,0.000000,0.000000,0.000000,0.000000,0.000000,0.000000,0.000000,0.000000,0.000000,0.000000,0.000000,0,0.000000,0.000000,0,0,0,0.000000,0.000000,0.000000,0.000000,0.000000,0.000000,0.000000,0.000000,0,0.000000,0.000000,0.000000,0.000000,0,0,0,0,0,0.000000,0.000000,0.000000,0.000000,0.000000,0.000000,0.000000,0.000000,0.000000,0,0.000000,0.000000,0.000000
10241,28.515808,100419.203125,-0.020000,0,1,1000,1000,1000,1000,1000.000000,0,0,0,0,0.000000,0.000000,0.000000,0.000000,0.000000,0.000000,0.000000,0.000000,75,1.104000,2.252000,0.117000,1.218816,5.071505,0.013689,1,1,1.500000,-0.047361,0.687001,-0.380524,-0.000325,0.018055,0.000000,0.000000,0.000000,-0.002000,0.009000,0.016000,0.000000,0.000000,0.000000,0.000000,0.000000,0.000000,0.000000,0.000000,0.000000,0.000000,0.000000,0.000000,0.000000,0,0.000000,0.000000,0,0,0,0.000000,0.000000,0.000000,0.000000,0.000000,0.000000,0.000000,0.000000,0,0.000000,0.000000,0.000000,0.000000,0,0,0,0,0,0.000000,0.000000,0.000000,0.000000,0.000000,0.000000,0.000000,0.000000,0.000000,0,0.000000,0.000000,0.000000
10344,28.511797,100419.304688,-0.010000,19,1,1000,1000,1000,1000,1000.000000,0,0,0,0,0.000000,0.000000,0.000000,0.000000,0.000000,0.000000,0.000000,0.000000,59,1.092000,2.226000,0.140000,1.192464,4.955076,0.019600,1,1,1.500000,-0.047244,0.671197,-0.368112,-0.000351,0.018071,0.000000,0.000000,0.000000,0.010000,-0.019000,0.011000,0.000000,0.000000,0.000000,0.000000,0.000000,0.000000,0.000000,0.000000,0.000000,0.000000,0.000000,0.000000,0.000000,0,0.000000,0.000000,0,0,0,0.000000,0.000000,0.000000,0.000000,0.000000,0.000000,0.000000,0.000000,0,0.000000,0.000000,0.000000,0.000000,0,0,0,0,0,0.000000,0.000000,0.000000,0.000000,0.000000,0.000000,0.000000,0.000000,0.000000,0,0.000000,0.000000,0.000000
10428,28.511656,100420.703125,-0.020000,19,1,1000,1000,1000,1000,1000.000000,0,0,0,0,0.000000,0.000000,0.000000,0.000000,0.000000,0.000000,0.000000,0.000000,18,1.079000,2.201000,0.128000,1.164241,4.844402,0.016384,1,1,1.500000,-0.046924,0.655962,-0.356806,-0.000354,0.017953,0.000000,0.000000,0.000000,0.005000,0.008000,0.009000,0.000000,0.000000,0.000000,0.000000,0.000000,0.000000,0.000000,0.000000,0.000000,0.000000,0.000000,0.000000,0.000000,0,0.000000,0.000000,0,0,0,0.000000,0.000000,0.000000,0.000000,0.000000,0.000000,0.000000,0.000000,0,0.000000,0.000000,0.000000,0.000000,0,0,0,0,0,0.000000,0.000000,0.000000,0.000000,0.000000,0.000000,0.000000,0.000000,0.000000,0,0.000000,0.000000,0.000000
10535,28.512463,100419.304688,0.000000,0,1,1000,1000,1000,1000,1000.000000,0,0,0,0,0.000000,0.000000,0.000000,0.000000,0.000000,0.000000,0.000000,0.000000,125,1.079000,2.201000,0.128000,1.164241,4.844402,0.016384,1,1,1.500000,-0.046924,0.655962,-0.356806,-0.000354,0.017953,0.000000,0.000000,0.000000,0.005000,0.008000,0.009000,0.000000,0.000000,0.000000,0.000000,0.000000,0.000000,0.000000,0.000000,0.000000,0.000000,0.000000,0.000000,0.000000,0,0.000000,0.000000,0,0,0,0.000000,0.000000,0.000000,0.000000,0.000000,0.000000,0.000000,0.000000,0,0.000000,0.000000,0.000000,0.000000,0,0,0,0,0,0.000000,0.000000,0.000000,0.000000,0.000000,0.000000,0.000000,0.000000,0.000000,0,0.000000,0.000000,0.000000
10639,28.508783,100418.398438,0.020000,20,1,1000,1000,1000,1000,1000.000000,0,0,0,0,0.000000,0.000000,0.000000,0.000000,0.000000,0.000000,0.000000,0.000000,103,1.067000,2.177000,0.133000,1.138489,4.739329,0.017689,1,1,1.500000,-0.046506,0.641382,-0.346279,-0.000574,0.018256,0.000000,0.000000,0.000000,0.000000,-0.003000,0.008000,0.000000,0.000000,0.000000,0.000000,0.000000,0.000000,0.000000,0.000000,0.000000,0.000000,0.000000,0.000000,0.000000,0,0.000000,0.000000,0,0,0,0.000000,0.000000,0.000000,0.000000,0.000000,0.000000,0.000000,0.000000,0,0.000000,0.000000,0.000000,0.000000,0,0,0,0,0,0.000000,0.000000,0.000000,0.000000,0.000000,0.000000,0.000000,0.000000,0.000000,0,0.000000,0.000000,0.000000
10746,28.511078,100420.304688,0.010000,0,1,1000,1000,1000,1000,1000.000000,0,0,0,0,0.000000,0.000000,0.000000,0.000000,0.000000,0.000000,0.000000,0.000000,87,1.055000,2.153000,0.134000,1.113025,4.635409,0.017956,1,1,1.500000,-0.046264,0.627452,-0.336621,-0.000582,0.018267,0.000000,0.000000,0.000000,0.022000,0.001000,0.022000,0.000000,0.000000,0.000000,0.000000,0.000000,0.000000,0.000000,0.000000,0.000000,0.000000,0.000000,0.000000,0.000000,0,0.000000,0.000000,0,0,0,0.000000,0.000000,0.000000,0.000000,0.000000,0.000000,0.000000,0.000000,0,0.000000,0.000000,0.000000,0.000000,0,0,0,0,0,0.000000,0.000000,0.000000,0.000000,0.000000,0.000000,0.000000,0.000000,0.000000,0,0.000000,0.000000,0.000000
10831,28.514582,100421.804688,-0.020000,0,1,1000,1000,1000,1000,1000.000000,0,0,0,0,0.000000,0.000000,0.000000,0.000000,0.000000,0.000000,0.000000,0.000000,45,1.044000,2.130000,0.122000,1.089936,4.536901,0.014884,1,1,1.500000,-0.045822,0.614096,-0.327281,-0.000556,0.018308,0.000000,0.000000,0.000000,-0.003000,0.001000,0.023000,0.000000,0.000000,0.000000,0.000000,0.000000,0.000000,0.000000,0.000000,0.000000,0.000000,0.000000,0.000000,0.000000,0,0.000000,0.000000,0,0,0,0.000000,0.000000,0.000000,0.000000,0.000000,0.000000,0.000000,0.000000,0,0.000000,0.000000,0.000000,0.000000,0,0,0,0,0,0.000000,0.000000,0.000000,0.000000,0.000000,0.000000,0.000000,0.000000,0.000000,0,0.000000,0.000000,0.000000
10939,28.505840,100418.703125,-0.010000,24,1,1000,1000,1000,1000,1000.000000,0,0,0,0,0.000000,0.000000,0.000000,0.000000,0.000000,0.000000,0.000000,0.000000,28,1.033000,2.108000,0.143000,1.067089,4.443664,0.020449,1,1,1.500000,-0.045423,0.601348,-0.318261,-0.000556,0.018425,0.000000,0.000000,0.000000,0.004000,-0.016000,0.022000,0.000000,0.000000,0.000000,0.000000,0.000000,0.000000,0.000000,0.000000,0.000000,0.000000,0.000000,0.000000,0.000000,0,0.000000,0.000000,0,0,0,0.000000,0.000000,0.000000,0.000000,0.000000,0.000000,0.000000,0.000000,0,0.000000,0.000000,0.000000,0.000000,0,0,0,0,0,0.000000,0.000000,0.000000,0.000000,0.000000,0.000000,0.000000,0.000000,0.000000,0,0.000000,0.000000,0.000000
11042,28.510973,100420.500000,0.000000,1,1,1000,1000,1000,1000,1000.000000,0,0,0,0,0.000000,0.000000,0.000000,0.000000,0.000000,0.000000,0.000000,0.000000,6,1.022000,2.087000,0.130000,1.044484,4.355569,0.016900,1,1,1.500000,-0.045214,0.589047,-0.309711,-0.000435,0.017992,0.000000,0.000000,0.000000,0.009000,0.033000,0.026000,0.000000,0.000000,0.000000,0.000000,0.000000,0.000000,0.000000,0.000000,0.000000,0.000000,0.000000,0.000000,0.000000,0,0.000000,0.000000,0,0,0,0.000000,0.000000,0.000000,0.000000,0.000000,0.000000,0.000000,0.000000,0,0.000000,0.000000,0.000000,0.000000,0,0,0,0,0,0.000000,0.000000,0.000000,0.000000,0.000000,0.000000,0.000000,0.000000,0.000000,0,0.000000,0.000000,0.000000
11128,28.510658,100420.398438,-0.010000,0,1,1000,1000,1000,1000,1000.000000,0,0,0,0,0.000000,0.000000,0.000000,0.000000,0.000000,0.000000,0.000000,0.000000,92,1.022000,2.087000,0.130000,1.044484,4.355569,0.016900,1,1,1.500000,-0.045214,0.589047,-0.309711,-0.000435,0.017992,0.000000,0.000000,0.000000,0.009000,0.033000,0.026000,0.000000,0.000000,0.000000,0.000000,0.000000,0.000000,0.000000,0.000000,0.000000,0.000000,0.000000,0.000000,0.000000,0,0.000000,0.000000,0,0,0,0.000000,0.000000,0.000000,0.000000,0.000000,0.000000,0.000000,0.000000,0,0.000000,0.000000,0.000000,0.000000,0,0,0,0,0,0.000000,0.000000,0.000000,0.000000,0.000000,0.000000,0.000000,0.000000,0.000000,0,0.000000,0.000000,0.000000
11232,28.508118,100419.804688,0.000000,19,1,1000,1000,1000,1000,1000.000000,0,0,0,0,0.000000,0.000000,0.000000,0.000000,0.000000,0.000000,0.000000,0.000000,65,1.012000,2.067000,0.139000,1.024144,4.272490,0.019321,1,1,1.500000,-0.044787,0.577167,-0.301789,-0.000350,0.017899,0.000000,0.000000,0.000000,0.011000,-0.026000,0.012000,0.000000,0.000000,0.000000,0.000000,0.000000,0.000000,0.000000,0.000000,0.000000,0.000000,0.000000,0.000000,0.000000,0,0.000000,0.000000,0,0,0,0.000000,0.000000,0.000000,0.000000,0.000000,0.000000,0.000000,0.000000,0,0.000000,0.000000,0.000000,0.000000,0,0,0,0,0,0.000000,0.000000,0.000000,0.000000,0.000000,0.000000,0.000000,0.000000,0.000000,0,0.000000,0.000000,0.000000
11339,28.510885,100422.000000,-0.030000,0,1,1000,1000,1000,1000,1000.000000,0,0,0,0,0.000000,0.000000,0.000000,0.000000,0.000000,0.000000,0.000000,0.000000,54,1.002000,2.047000,0.136000,1.004004,4.190210,0.018496,1,1,1.500000,-0.044270,0.566176,-0.293832,-0.000539,0.018264,0.000000,0.000000,0.000000,0.017000,0.002000,0.020000,0.000000,0.000000,0.000000,0.000000,0.000000,0.000000,0.000000,0.000000,0.000000,0.000000,0.000000,0.000000,0.000000,0,0.000000,0.000000,0,0,0,0.000000,0.000000,0.000000,0.000000,0.000000,0.000000,0.000000,0.000000,0,0.000000,0.000000,0.000000,0.000000,0,0,0,0,0,0.000000,0.000000,0.000000,0.000000,0.000000,0.000000,0.000000,0.000000,0.000000,0,0.000000,0.000000,0.000000
11442,28.505877,100419.804688,-0.030000,19,1,1000,1000,1000,1000,1000.000000,0,0,0,0,0.000000,0.000000,0.000000,0.000000,0.000000,0.000000,0.000000,0.000000,32,0.993000,2.028000,0.115000,0.986049,4.112784,0.013225,1,1,1.500000,-0.043607,0.555566,-0.286204,-0.000503,0.018153,0.000000,0.000000,0.000000,-0.004000,0.004000,0.014000,0.000000,0.000000,0.000000,0.000000,0.000000,0.000000,0.000000,0.000000,0.000000,0.000000,0.000000,0.000000,0.000000,0,0.000000,0.000000,0,0,0,0.000000,0.000000,0.000000,0.000000,0.000000,0.000000,0.000000,0.000000,0,0.000000,0.000000,0.000000,0.000000,0,0,0,0,0,0.000000,0.000000,0.000000,0.000000,0.000000,0.000000,0.000000,0.000000,0.000000,0,0.000000,0.000000,0.000000
11549,28.508240,100419.203125,-0.030000,0,1,1000,1000,1000,1000,1000.000000,0,0,0,0,0.000000,0.000000,0.000000,0.000000,0.000000,0.000000,0.000000,0.000000,12,0.984000,2.010000,0.143000,0.968256,4.040100,0.020449,1,1,1.500000,-0.042972,0.545316,-0.279071,-0.000312,0.018019,0.000000,0.000000,0.000000,0.009000,-0.010000,0.023000,0.000000,0.000000,0.000000,0.000000,0.000000,0.000000,0.000000,0.000000,0.000000,0.000000,0.000000,0.000000,0.000000,0,0.000000,0.000000,0,0,0,0.000000,0.000000,0.000000,0.000000,0.000000,0.000000,0.000000,0.000000,0,0.000000,0.000000,0.000000,0.000000,0,0,0,0,0,0.000000,0.000000,0.000000,0.000000,0.000000,0.000000,0.000000,0.000000,0.000000,0,0.000000,0.000000,0.000000
11635,28.506769,100420.203125,-0.040000,1,1,1000,1000,1000,1000,1000.000000,0,0,0,0,0.000000,0.000000,0.000000,0.000000,0.000000,0.000000,0.000000,0.000000,98,0.984000,2.010000,0.143000,0.968256,4.040100,0.020449,1,1,1.500000,-0.042972,0.545316,-0.279071,-0.000312,0.018019,0.000000,0.000000,0.000000,0.009000,-0.010000,0.023000,0.000000,0.000000,0.000000,0.000000,0.000000,0.000000,0.000000,0.000000,0.000000,0.000000,0.000000,0.000000,0.000000,0,0.000000,0.000000,0,0,0,0.000000,0.000000,0.000000,0.000000,0.000000,0.000000,0.000000,0.000000,0,0.000000,0.000000,0.000000,0.000000,0,0,0,0,0,0.000000,0.000000,0.000000,0.000000,0.000000,0.000000,0.000000,0.000000,0.000000,0,0.000000,0.000000,0.000000
11739,28.507593,100419.804688,-0.040000,19,1,1000,1000,1000,1000,1000.000000,0,0,0,0,0.000000,0.000000,0.000000,0.000000,0.000000,0.000000,0.000000,0.000000,78,0.975000,1.992000,0.127000,0.950625,3.968064,0.016129,1,1,1.500000,-0.042541,0.535791,-0.271926,-0.000429,0.018178,0.000000,0.000000,0.000000,-0.003000,0.013000,0.021000,0.000000,0.000000,0.000000,0.000000,0.000000,0.000000,0.000000,0.000000,0.000000,0.000000,0.000000,0.000000,0.000000,0,0.000000,0.000000,0,0,0,0.000000,0.000000,0.000000,0.000000,0.000000,0.000000,0.000000,0.000000,0,0.000000,0.000000,0.000000,0.000000,0,0,0,0,0,0.000000,0.000000,0.000000,0.000000,0.000000,0.000000,0.000000,0.000000,0.000000,0,0.000000,0.000000,0.000000
11846,28.502880,100418.898438,-0.010000,0,1,1000,1000,1000,1000,1000.000000,0,0,0,0,0.000000,0.000000,0.000000,0.000000,0.000000,0.000000,0.000000,0.000000,61,0.967000,1.975000,0.133000,0.935089,3.900625,0.017689,1,1,1.500000,-0.042076,0.526502,-0.265259,-0.000388,0.018058,0.000000,0.000000,0.000000,0.031000,-0.011000,0.021000,0.000000,0.000000,0.000000,0.000000,0.000000,0.000000,0.000000,0.000000,0.000000,0.000000,0.000000,0.000000,0.000000,0,0.000000,0.000000,0,0,0,0.000000,0.000000,0.000000,0.000000,0.000000,0.000000,0.000000,0.000000,0,0.000000,0.000000,0.000000,0.000000,0,0,0,0,0,0.000000,0.000000,0.000000,0.000000,0.000000,0.000000,0.000000,0.000000,0.000000,0,0.000000,0.000000,0.000000
11930,28.508469,100419.703125,-0.010000,0,1,1000,1000,1000,1000,1000.000000,0,0,0,0,0.000000,0.000000,0.000000,0.000000,0.000000,0.000000,0.000000,0.000000,19,0.959000,1.958000,0.128000,0.919681,3.833764,0.016384,1,1,1.500000,-0.041609,0.517697,-0.258666,-0.000431,0.018179,0.000000,0.000000,0.000000,-0.002000,-0.005000,0.030000,0.000000,0.000000,0.000000,0.000000,0.000000,0.000000,0.000000,0.000000,0.000000,0.000000,0.000000,0.000000,0.000000,0,0.000000,0.000000,0,0,0,0.000000,0.000000,0.000000,0.000000,0.000000,0.000000,0.000000,0.000000,0,0.000000,0.000000,0.000000,0.000000,0,0,0,0,0,0.000000,0.000000,0.000000,0.000000,0.000000,0.000000,0.000000,0.000000,0.000000,0,0.000000,0.000000,0.000000
12038,28.502722,100417.804688,0.020000,24,1,1000,1000,1000,1000,1000.000000,0,0,0,0,0.000000,0.000000,0.000000,0.000000,0.000000,0.000000,0.000000,0.000000,3,0.951000,1.942000,0.139000,0.904401,3.771365,0.019321,1,1,1.500000,-0.041079,0.509326,-0.252724,-0.000400,0.019296,0.000000,0.000000,0.000000,-0.002000,-0.013000,0.020000,0.000000,0.000000,0.000000,0.000000,0.000000,0.000000,0.000000,0.000000,0.000000,0.000000,0.000000,0.000000,0.000000,0,0.000000,0.000000,0,0,0,0.000000,0.000000,0.000000,0.000000,0.000000,0.000000,0.000000,0.000000,0,0.000000,0.000000,0.000000,0.000000,0,0,0,0,0,0.000000,0.000000,0.000000,0.000000,0.000000,0.000000,0.000000,0.000000,0.000000,0,0.000000,0.000000,0.000000
12141,28.510641,100421.304688,0.000000,1,1,1000,1000,1000,1000,1000.000000,0,0,0,0,0.000000,0.000000,0.000000,0.000000,0.000000,0.000000,0.000000,0.000000,106,0.951000,1.942000,0.139000,0.904401,3.771365,0.019321,1,1,1.500000,-0.041079,0.509326,-0.252724,-0.000400,0.019296,0.000000,0.000000,0.000000,-0.002000,-0.013000,0.020000,0.000000,0.000000,0.000000,0.000000,0.000000,0.000000,0.000000,0.000000,0.000000,0.000000,0.000000,0.000000,0.000000,0,0.000000,0.000000,0,0,0,0.000000,0.000000,0.000000,0.000000,0.000000,0.000000,0.000000,0.000000,0,0.000000,0.000000,0.000000,0.000000,0,0,0,0,0,0.000000,0.000000,0.000000,0.000000,0.000000,0.000000,0.000000,0.000000,0.000000,0,0.000000,0.000000,0.000000
12228,28.500830,100418.898438,0.010000,4,1,1000,1000,1000,1000,1000.000000,0,0,0,0,0.000000,0.000000,0.000000,0.000000,0.000000,0.000000,0.000000,0.000000,60,0.943000,1.927000,0.140000,0.889249,3.713329,0.019600,1,1,1.500000,-0.040525,0.501130,-0.246765,-0.000399,0.019169,0.000000,0.000000,0.000000,0.005000,-0.005000,0.016000,0.000000,0.000000,0.000000,0.000000,0.000000,0.000000,0.000000,0.000000,0.000000,0.000000,0.000000,0.000000,0.000000,0,0.000000,0.000000,0,0,0,0.000000,0.000000,0.000000,0.000000,0.000000,0.000000,0.000000,0.000000,0,0.000000,0.000000,0.000000,0.000000,0,0,0,0,0,0.000000,0.000000,0.000000,0.000000,0.000000,0.000000,0.000000,0.000000,0.000000,0,0.000000,0.000000,0.000000
12331,28.509064,100419.703125,0.000000,23,1,1000,1000,1000,1000,1000.000000,0,0,0,0,0.000000,0.000000,0.000000,0.000000,0.000000,0.000000,0.000000,0.000000,41,0.936000,1.911000,0.137000,0.876096,3.651922,0.018769,1,1,1.500000,-0.039992,0.493208,-0.241103,-0.000395,0.019162,0.000000,0.000000,0.000000,0.000000,0.008000,0.025000,0.000000,0.000000,0.000000,0.000000,0.000000,0.000000,0.000000,0.000000,0.000000,0.000000,0.000000,0.000000,0.000000,0,0.000000,0.000000,0,0,0,0.000000,0.000000,0.000000,0.000000,0.000000,0.000000,0.000000,0.000000,0,0.000000,0.000000,0.000000,0.000000,0,0,0,0,0,0.000000,0.000000,0.000000,0.000000,0.000000,0.000000,0.000000,0.000000,0.000000,0,0.000000,0.000000,0.000000
12434,28.508223,100420.203125,0.010000,0,1,1000,1000,1000,1000,1000.000000,0,0,0,0,0.000000,0.000000,0.000000,0.000000,0.000000,0.000000,0.000000,0.000000,22,0.928000,1.897000,0.139000,0.861184,3.598609,0.019321,1,1,1.500000,-0.039412,0.485605,-0.235576,-0.000394,0.019161,0.000000,0.000000,0.000000,0.015000,-0.006000,0.019000,0.000000,0.000000,0.000000,0.000000,0.000000,0.000000,0.000000,0.000000,0.000000,0.000000,0.000000,0.000000,0.000000,0,0.000000,0.000000,0,0,0,0.000000,0.000000,0.000000,0.000000,0.000000,0.000000,0.000000,0.000000,0,0.000000,0.000000,0.000000,0.000000,0,0,0,0,0,0.000000,0.000000,0.000000,0.000000,0.000000,0.000000,0.000000,0.000000,0.000000,0,0.000000,0.000000,0.000000
12538,28.499832,100419.500000,0.000000,19,1,1000,1000,1000,1000,1000.000000,0,0,0,0,0.000000,0.000000,0.000000,0.000000,0.000000,0.000000,0.000000,0.000000,3,0.921000,1.882000,0.136000,0.848241,3.541924,0.018496,1,1,1.500000,-0.038932,0.478262,-0.230390,-0.000383,0.018075,0.000000,0.000000,0.000000,0.015000,0.006000,0.024000,0.000000,0.000000,0.000000,0.000000,0.000000,0.000000,0.000000,0.000000,0.000000,0.000000,0.000000,0.000000,0.000000,0,0.000000,0.000000,0,0,0,0.000000,0.000000,0.000000,0.000000,0.000000,0.000000,0.000000,0.000000,0,0.000000,0.000000,0.000000,0.000000,0,0,0,0,0,0.000000,0.000000,0.000000,0.000000,0.000000,0.000000,0.000000,0.000000,0.000000,0,0.000000,0.000000,0.000000
12645,28.503826,100419.304688,0.000000,0,1,1000,1000,1000,1000,1000.000000,0,0,0,0,0.000000,0.000000,0.000000,0.000000,0.000000,0.000000,0.000000,0.000000,110,0.921000,1.882000,0.136000,0.848241,3.541924,0.018496,1,1,1.500000,-0.038932,0.478262,-0.230390,-0.000383,0.018075,0.000000,0.000000,0.000000,0.015000,0.006000,0.024000,0.000000,0.000000,0.000000,0.000000,0.000000,0.000000,0.000000,0.000000,0.000000,0.000000,0.000000,0.000000,0.000000,0,0.000000,0.000000,0,0,0,0.000000,0.000000,0.000000,0.000000,0.000000,0.000000,0.000000,0.000000,0,0.000000,0.000000,0.000000,0.000000,0,0,0,0,0,0.000000,0.000000,0.000000,0.000000,0.000000,0.000000,0.000000,0.000000,0.000000,0,0.000000,0.000000,0.000000
12729,28.504316,100420.000000,0.000000,0,1,1000,1000,1000,1000,1000.000000,0,0,0,0,0.000000,0.000000,0.000000,0.000000,0.000000,0.000000,0.000000,0.000000,68,0.914000,1.867000,0.136000,0.835396,3.485689,0.018496,1,1,1.500000,-0.038469,0.471038,-0.225442,-0.000392,0.018044,0.000000,0.000000,0.000000,-0.004000,-0.014000,0.027000,0.000000,0.000000,0.000000,0.000000,0.000000,0.000000,0.000000,0.000000,0.000000,0.000000,0.000000,0.000000,0.000000,0,0.000000,0.000000,0,0,0,0.000000,0.000000,0.000000,0.000000,0.000000,0.000000,0.000000,0.000000,0,0.000000,0.000000,0.000000,0.000000,0,0,0,0,0,0.000000,0.000000,0.000000,0.000000,0.000000,0.000000,0.000000,0.000000,0.000000,0,0.000000,0.000000,0.000000
12832,28.501549,100421.000000,0.000000,19,1,1000,1000,1000,1000,1000.000000,0,0,0,0,0.000000,0.000000,0.000000,0.000000,0.000000,0.000000,0.000000,0.000000,46,0.908000,1.854000,0.129000,0.824464,3.437316,0.016641,1,1,1.500000,-0.038072,0.463993,-0.220858,-0.000393,0.018044,0.000000,0.000000,0.000000,0.010000,0.015000,0.009000,0.000000,0.000000,0.000000,0.000000,0.000000,0.000000,0.000000,0.000000,0.000000,0.000000,0.000000,0.000000,0.000000,0,0.000000,0.000000,0,0,0,0.000000,0.000000,0.000000,0.000000,0.000000,0.000000,0.000000,0.000000,0,0.000000,0.000000,0.000000,0.000000,0,0,0,0,0,0.000000,0.000000,0.000000,0.000000,0.000000,0.000000,0.000000,0.000000,0.000000,0,0.000000,0.000000,0.000000
12939,28.500813,100419.304688,-0.010000,0,1,1000,1000,1000,1000,1000.000000,0,0,0,0,0.000000,0.000000,0.000000,0.000000,0.000000,0.000000,0.000000,0.000000,27,0.901000,1.840000,0.142000,0.811801,3.385600,0.020164,1,1,1.500000,-0.037574,0.457209,-0.216179,-0.000392,0.018044,0.000000,0.000000,0.000000,0.009000,-0.018000,0.020000,0.000000,0.000000,0.000000,0.000000,0.000000,0.000000,0.000000,0.000000,0.000000,0.000000,0.000000,0.000000,0.000000,0,0.000000,0.000000,0,0,0,0.000000,0.000000,0.000000,0.000000,0.000000,0.000000,0.000000,0.000000,0,0.000000,0.000000,0.000000,0.000000,0,0,0,0,0,0.000000,0.000000,0.000000,0.000000,0.000000,0.000000,0.000000,0.000000,0.000000,0,0.000000,0.000000,0.000000
13042,28.500656,100419.500000,-0.020000,19,1,1000,1000,1000,1000,1000.000000,0,0,0,0,0.000000,0.000000,0.000000,0.000000,0.000000,0.000000,0.000000,0.000000,8,0.895000,1.826000,0.132000,0.801025,3.334276,0.017424,1,1,1.500000,-0.037123,0.450678,-0.211838,-0.000361,0.018032,0.000000,0.000000,0.000000,0.004000,0.009000,0.021000,0.000000,0.000000,0.000000,0.000000,0.000000,0.000000,0.000000,0.000000,0.000000,0.000000,0.000000,0.000000,0.000000,0,0.000000,0.000000,0,0,0,0.000000,0.000000,0.000000,0.000000,0.000000,0.000000,0.000000,0.000000,0,0.000000,0.000000,0.000000,0.000000,0,0,0,0,0,0.000000,0.000000,0.000000,0.000000,0.000000,0.000000,0.000000,0.000000,0.000000,0,0.000000,0.000000,0.000000
13128,28.503002,100419.703125,-0.020000,21,1,1000,1000,1000,1000,1000.000000,0,0,0,0,0.000000,0.000000,0.000000,0.000000,0.000000,0.000000,0.000000,0.000000,94,0.895000,1.826000,0.132000,0.801025,3.334276,0.017424,1,1,1.500000,-0.037123,0.450678,-0.211838,-0.000361,0.018032,0.000000,0.000000,0.000000,0.004000,0.009000,0.021000,0.000000,0.000000,0.000000,0.000000,0.000000,0.000000,0.000000,0.000000,0.000000,0.000000,0.000000,0.000000,0.000000,0,0.000000,0.000000,0,0,0,0.000000,0.000000,0.000000,0.000000,0.000000,0.000000,0.000000,0.000000,0,0.000000,0.000000,0.000000,0.000000,0,0,0,0,0,0.000000,0.000000,0.000000,0.000000,0.000000,0.000000,0.000000,0.000000,0.000000,0,0.000000,0.000000,0.000000
13233,28.506523,100422.101563,-0.050000,0,1,1000,1000,1000,1000,1000.000000,0,0,0,0,0.000000,0.000000,0.000000,0.000000,0.000000,0.000000,0.000000,0.000000,65,0.888000,1.813000,0.137000,0.788544,3.286969,0.018769,1,1,1.500000,-0.036655,0.444392,-0.207516,-0.000391,0.018043,0.000000,0.000000,0.000000,-0.002000,-0.013000,0.017000,0.000000,0.000000,0.000000,0.000000,0.000000,0.000000,0.000000,0.000000,0.000000,0.000000,0.000000,0.000000,0.000000,0,0.000000,0.000000,0,0,0,0.000000,0.000000,0.000000,0.000000,0.000000,0.000000,0.000000,0.000000,0,0.000000,0.000000,0.000000,0.000000,0,0,0,0,0,0.000000,0.000000,0.000000,0.000000,0.000000,0.000000,0.000000,0.000000,0.000000,0,0.000000,0.000000,0.000000
13336,28.499990,100419.500000,-0.030000,19,1,1000,1000,1000,1000,1000.000000,0,0,0,0,0.000000,0.000000,0.000000,0.000000,0.000000,0.000000,0.000000,0.000000,46,0.882000,1.801000,0.135000,0.777924,3.243601,0.018225,1,1,1.500000,-0.036130,0.438082,-0.203575,-0.000402,0.017849,0.000000,0.000000,0.000000,0.009000,0.005000,0.020000,0.000000,0.000000,0.000000,0.000000,0.000000,0.000000,0.000000,0.000000,0.000000,0.000000,0.000000,0.000000,0.000000,0,0.000000,0.000000,0,0,0,0.000000,0.000000,0.000000,0.000000,0.000000,0.000000,0.000000,0.000000,0,0.000000,0.000000,0.000000,0.000000,0,0,0,0,0,0.000000,0.000000,0.000000,0.000000,0.000000,0.000000,0.000000,0.000000,0.000000,0,0.000000,0.000000,0.000000
13443,28.500235,100418.304688,-0.010000,0,1,1000,1000,1000,1000,1000.000000,0,0,0,0,0.000000,0.000000,0.000000,0.000000,0.000000,0.000000,0.000000,0.000000,30,0.876000,1.789000,0.138000,0.767376,3.200521,0.019044,1,1,1.500000,-0.035609,0.431995,-0.199992,-0.000338,0.017902,0.000000,0.000000,0.000000,0.008000,0.000000,0.023000,0.000000,0.000000,0.000000,0.000000,0.000000,0.000000,0.000000,0.000000,0.000000,0.000000,0.000000,0.000000,0.000000,0,0.000000,0.000000,0,0,0,0.000000,0.000000,0.000000,0.000000,0.000000,0.000000,0.000000,0.000000,0,0.000000,0.000000,0.000000,0.000000,0,0,0,0,0,0.000000,0.000000,0.000000,0.000000,0.000000,0.000000,0.000000,0.000000,0.000000,0,0.000000,0.000000,0.000000
13527,28.500164,100420.304688,0.000000,0,1,1000,1000,1000,1000,1000.000000,0,0,0,0,0.000000,0.000000,0.000000,0.000000,0.000000,0.000000,0.000000,0.000000,114,0.876000,1.789000,0.138000,0.767376,3.200521,0.019044,1,1,1.500000,-0.035609,0.431995,-0.199992,-0.000338,0.017902,0.000000,0.000000,0.000000,0.008000,0.000000,0.023000,0.000000,0.000000,0.000000,0.000000,0.000000,0.000000,0.000000,0.000000,0.000000,0.000000,0.000000,0.000000,0.000000,0,0.000000,0.000000,0,0,0,0.000000,0.000000,0.000000,0.000000,0.000000,0.000000,0.000000,0.000000,0,0.000000,0.000000,0.000000,0.000000,0,0,0,0,0,0.000000,0.000000,0.000000,0.000000,0.000000,0.000000,0.000000,0.000000,0.000000,0,0.000000,0.000000,0.000000
13632,28.502968,100421.398438,-0.020000,20,1,1000,1000,1000,1000,1000.000000,0,0,0,0,0.000000,0.000000,0.000000,0.000000,0.000000,0.000000,0.000000,0.000000,99,0.870000,1.777000,0.137000,0.756900,3.157729,0.018769,1,1,1.500000,-0.035019,0.426149,-0.196274,-0.000292,0.018018,0.000000,0.000000,0.000000,0.006000,0.002000,0.023000,0.000000,0.000000,0.000000,0.000000,0.000000,0.000000,0.000000,0.000000,0.000000,0.000000,0.000000,0.000000,0.000000,0,0.000000,0.000000,0,0,0,0.000000,0.000000,0.000000,0.000000,0.000000,0.000000,0.000000,0.000000,0,0.000000,0.000000,0.000000,0.000000,0,0,0,0,0,0.000000,0.000000,0.000000,0.000000,0.000000,0.000000,0.000000,0.000000,0.000000,0,0.000000,0.000000,0.000000
13738,28.502197,100420.203125,-0.020000,0,1,1000,1000,1000,1000,1000.000000,0,0,0,0,0.000000,0.000000,0.000000,0.000000,0.000000,0.000000,0.000000,0.000000,76,0.864000,1.765000,0.141000,0.746496,3.115225,0.019881,1,1,1.500000,-0.034451,0.420475,-0.192692,-0.000291,0.018021,0.000000,0.000000,0.000000,0.006000,-0.009000,0.022000,0.000000,0.000000,0.000000,0.000000,0.000000,0.000000,0.000000,0.000000,0.000000,0.000000,0.000000,0.000000,0.000000,0,0.000000,0.000000,0,0,0,0.000000,0.000000,0.000000,0.000000,0.000000,0.000000,0.000000,0.000000,0,0.000000,0.000000,0.000000,0.000000,0,0,0,0,0,0.000000,0.000000,0.000000,0.000000,0.000000,0.000000,0.000000,0.000000,0.000000,0,0.000000,0.000000,0.000000
13841,28.498886,100419.601563,-0.010000,19,1,1000,1000,1000,1000,1000.000000,0,0,0,0,0.000000,0.000000,0.000000,0.000000,0.000000,0.000000,0.000000,0.000000,54,0.858000,1.753000,0.140000,0.736164,3.073009,0.019600,1,1,1.500000,-0.033836,0.415124,-0.189159,-0.000317,0.017997,0.000000,0.000000,0.000000,0.005000,-0.013000,0.033000,0.000000,0.000000,0.000000,0.000000,0.000000,0.000000,0.000000,0.000000,0.000000,0.000000,0.000000,0.000000,0.000000,0,0.000000,0.000000,0,0,0,0.000000,0.000000,0.000000,0.000000,0.000000,0.000000,0.000000,0.000000,0,0.000000,0.000000,0.000000,0.000000,0,0,0,0,0,0.000000,0.000000,0.000000,0.000000,0.000000,0.000000,0.000000,0.000000,0.000000,0,0.000000,0.000000,0.000000
13948,28.503160,100420.398438,-0.010000,0,1,1000,1000,1000,1000,1000.000000,0,0,0,0,0.000000,0.000000,0.000000,0.000000,0.000000,0.000000,0.000000,0.000000,36,0.853000,1.742000,0.133000,0.727609,3.034564,0.017689,1,1,1.500000,-0.033308,0.410003,-0.185582,-0.000352,0.018061,0.000000,0.000000,0.000000,0.020000,0.014000,0.031000,0.000000,0.000000,0.000000,0.000000,0.000000,0.000000,0.000000,0.000000,0.000000,0.000000,0.000000,0.000000,0.000000,0,0.000000,0.000000,0,0,0,0.000000,0.000000,0.000000,0.000000,0.000000,0.000000,0.000000,0.000000,0,0.000000,0.000000,0.000000,0.000000,0,0,0,0,0,0.000000,0.000000,0.000000,0.000000,0.000000,0.000000,0.000000,0.000000,0.000000,0,0.000000,0.000000,0.000000
14032,28.498203,100420.000000,-0.010000,0,1,1000,1000,1000,1000,1000.000000,0,0,0,0,0.000000,0.000000,0.000000,0.000000,0.000000,0.000000,0.000000,0.000000,120,0.853000,1.742000,0.133000,0.727609,3.034564,0.017689,1,1,1.500000,-0.033308,0.410003,-0.185582,-0.000352,0.018061,0.000000,0.000000,0.000000,0.020000,0.014000,0.031000,0.000000,0.000000,0.000000,0.000000,0.000000,0.000000,0.000000,0.000000,0.000000,0.000000,0.000000,0.000000,0.000000,0,0.000000,0.000000,0,0,0,0.000000,0.000000,0.000000,0.000000,0.000000,0.000000,0.000000,0.000000,0,0.000000,0.000000,0.000000,0.000000,0,0,0,0,0,0.000000,0.000000,0.000000,0.000000,0.000000,0.000000,0.000000,0.000000,0.000000,0,0.000000,0.000000,0.000000
14136,28.499762,100419.304688,0.000000,20,1,1000,1000,1000,1000,1000.000000,0,0,0,0,0.000000,0.000000,0.000000,0.000000,0.000000,0.000000,0.000000,0.000000,102,0.848000,1.731000,0.134000,0.719104,2.996361,0.017956,1,1,1.500000,-0.032794,0.405027,-0.182105,-0.000352,0.018081,0.000000,0.000000,0.000000,0.008000,0.008000,0.031000,0.000000,0.000000,0.000000,0.000000,0.000000,0.000000,0.000000,0.000000,0.000000,0.000000,0.000000,0.000000,0.000000,0,0.000000,0.000000,0,0,0,0.000000,0.000000,0.000000,0.000000,0.000000,0.000000,0.000000,0.000000,0,0.000000,0.000000,0.000000,0.000000,0,0,0,0,0,0.000000,0.000000,0.000000,0.000000,0.000000,0.000000,0.000000,0.000000,0.000000,0,0.000000,0.000000,0.000000
14228,28.499866,100418.898438,0.010000,27,1,1000,1000,1000,1000,1000.000000,0,0,0,0,0.000000,0.000000,0.000000,0.000000,0.000000,0.000000,0.000000,0.000000,60,0.843000,1.720000,0.138000,0.710649,2.958400,0.019044,1,1,1.500000,-0.032311,0.400163,-0.178766,-0.000352,0.018081,0.000000,0.000000,0.000000,0.011000,-0.001000,0.034000,0.000000,0.000000,0.000000,0.000000,0.000000,0.000000,0.000000,0.000000,0.000000,0.000000,0.000000,0.000000,0.000000,0,0.000000,0.000000,0,0,0,0.000000,0.000000,0.000000,0.000000,0.000000,0.000000,0.000000,0.000000,0,0.000000,0.000000,0.000000,0.000000,0,0,0,0,0,0.000000,0.000000,0.000000,0.000000,0.000000,0.000000,0.000000,0.000000,0.000000,0,0.000000,0.000000,0.000000
14331,28.498991,100419.703125,0.000000,4,1,1000,1000,1000,1000,1000.000000,0,0,0,0,0.000000,0.000000,0.000000,0.000000,0.000000,0.000000,0.000000,0.000000,41,0.838000,1.709000,0.136000,0.702244,2.920681,0.018496,1,1,1.500000,-0.031836,0.395431,-0.175534,-0.000334,0.018083,0.000000,0.000000,0.000000,0.006000,0.004000,0.033000,0.000000,0.000000,0.000000,0.000000,0.000000,0.000000,0.000000,0.000000,0.000000,0.000000,0.000000,0.000000,0.000000,0,0.000000,0.000000,0,0,0,0.000000,0.000000,0.000000,0.000000,0.000000,0.000000,0.000000,0.000000,0,0.000000,0.000000,0.000000,0.000000,0,0,0,0,0,0.000000,0.000000,0.000000,0.000000,0.000000,0.000000,0.000000,0.000000,0.000000,0,0.000000,0.000000,0.000000
14434,28.496731,100419.101563,0.020000,22,1,1000,1000,1000,1000,1000.000000,0,0,0,0,0.000000,0.000000,0.000000,0.000000,0.000000,0.000000,0.000000,0.000000,22,0.833000,1.699000,0.122000,0.693889,2.886601,0.014884,1,1,1.500000,-0.031279,0.390823,-0.172487,-0.000272,0.018044,0.000000,0.000000,0.000000,-0.002000,-0.004000,0.017000,0.000000,0.000000,0.000000,0.000000,0.000000,0.000000,0.000000,0.000000,0.000000,0.000000,0.000000,0.000000,0.000000,0,0.000000,0.000000,0,0,0,0.000000,0.000000,0.000000,0.000000,0.000000,0.000000,0.000000,0.000000,0,0.000000,0.000000,0.000000,0.000000,0,0,0,0,0,0.000000,0.000000,0.000000,0.000000,0.000000,0.000000,0.000000,0.000000,0.000000,0,0.000000,0.000000,0.000000
14539,28.497801,100419.898438,0.010000,0,1,1000,1000,1000,1000,1000.000000,0,0,0,0,0.000000,0.000000,0.000000,0.000000,0.000000,0.000000,0.000000,0.000000,5,0.828000,1.689000,0.126000,0.685584,2.852721,0.015876,1,1,1.500000,-0.030711,0.386373,-0.169477,-0.000290,0.018041,0.000000,0.000000,0.000000,0.018000,0.002000,0.011000,0.000000,0.000000,0.000000,0.000000,0.000000,0.000000,0.000000,0.000000,0.000000,0.000000,0.000000,0.000000,0.000000,0,0.000000,0.000000,0,0,0,0.000000,0.000000,0.000000,0.000000,0.000000,0.000000,0.000000,0.000000,0,0.000000,0.000000,0.000000,0.000000,0,0,0,0,0,0.000000,0.000000,0.000000,0.000000,0.000000,0.000000,0.000000,0.000000,0.000000,0,0.000000,0.000000,0.000000
14642,28.494419,100419.101563,0.020000,19,1,1000,1000,1000,1000,1000.000000,0,0,0,0,0.000000,0.000000,0.000000,0.000000,0.000000,0.000000,0.000000,0.000000,108,0.828000,1.689000,0.126000,0.685584,2.852721,0.015876,1,1,1.500000,-0.030711,0.386373,-0.169477,-0.000290,0.018041,0.000000,0.000000,0.000000,0.018000,0.002000,0.011000,0.000000,0.000000,0.000000,0.000000,0.000000,0.000000,0.000000,0.000000,0.000000,0.000000,0.000000,0.000000,0.000000,0,0.000000,0.000000,0,0,0,0.000000,0.000000,0.000000,0.000000,0.000000,0.000000,0.000000,0.000000,0,0.000000,0.000000,0.000000,0.000000,0,0,0,0,0,0.000000,0.000000,0.000000,0.000000,0.000000,0.000000,0.000000,0.000000,0.000000,0,0.000000,0.000000,0.000000
14749,28.497292,100419.000000,0.020000,0,1,1000,1000,1000,1000,1000.000000,0,0,0,0,0.000000,0.000000,0.000000,0.000000,0.000000,0.000000,0.000000,0.000000,88,0.823000,1.679000,0.115000,0.677329,2.819041,0.013225,1,1,1.500000,-0.030128,0.382209,-0.166528,-0.000291,0.018041,0.000000,0.000000,0.000000,-0.004000,-0.004000,0.010000,0.000000,0.000000,0.000000,0.000000,0.000000,0.000000,0.000000,0.000000,0.000000,0.000000,0.000000,0.000000,0.000000,0,0.000000,0.000000,0,0,0,0.000000,0.000000,0.000000,0.000000,0.000000,0.000000,0.000000,0.000000,0,0.000000,0.000000,0.000000,0.000000,0,0,0,0,0,0.000000,0.000000,0.000000,0.000000,0.000000,0.000000,0.000000,0.000000,0.000000,0,0.000000,0.000000,0.000000
14833,28.494104,100418.398438,0.040000,0,1,1000,1000,1000,1000,1000.000000,0,0,0,0,0.000000,0.000000,0.000000,0.000000,0.000000,0.000000,0.000000,0.000000,46,0.818000,1.669000,0.129000,0.669124,2.785561,0.016641,1,1,1.500000,-0.029683,0.377904,-0.163967,-0.000360,0.017880,0.000000,0.000000,0.000000,0.009000,0.021000,0.002000,0.000000,0.000000,0.000000,0.000000,0.000000,0.000000,0.000000,0.000000,0.000000,0.000000,0.000000,0.000000,0.000000,0,0.000000,0.000000,0,0,0,0.000000,0.000000,0.000000,0.000000,0.000000,0.000000,0.000000,0.000000,0,0.000000,0.000000,0.000000,0.000000,0,0,0,0,0,0.000000,0.000000,0.000000,0.000000,0.000000,0.000000,0.000000,0.000000,0.000000,0,0.000000,0.000000,0.000000
14936,28.496153,100420.703125,0.030000,19,1,1000,1000,1000,1000,1000.000000,0,0,0,0,0.000000,0.000000,0.000000,0.000000,0.000000,0.000000,0.000000,0.000000,25,0.814000,1.659000,0.139000,0.662596,2.752281,0.019321,1,1,1.500000,-0.029189,0.373820,-0.161443,-0.000331,0.017892,0.000000,0.000000,0.000000,0.002000,-0.013000,0.005000,0.000000,0.000000,0.000000,0.000000,0.000000,0.000000,0.000000,0.000000,0.000000,0.000000,0.000000,0.000000,0.000000,0,0.000000,0.000000,0,0,0,0.000000,0.000000,0.000000,0.000000,0.000000,0.000000,0.000000,0.000000,0,0.000000,0.000000,0.000000,0.000000,0,0,0,0,0,0.000000,0.000000,0.000000,0.000000,0.000000,0.000000,0.000000,0.000000,0.000000,0,0.000000,0.000000,0.000000
15043,28.496923,100419.898438,0.010000,0,1,1000,1000,1000,1000,1000.000000,0,0,0,0,0.000000,0.000000,0.000000,0.000000,0.000000,0.000000,0.000000,0.000000,10,0.809000,1.650000,0.133000,0.654481,2.722500,0.017689,1,1,1.500000,-0.028669,0.369946,-0.158892,-0.000286,0.018005,0.000000,0.000000,0.000000,0.005000,0.026000,0.000000,0.000000,0.000000,0.000000,0.000000,0.000000,0.000000,0.000000,0.000000,0.000000,0.000000,0.000000,0.000000,0.000000,0,0.000000,0.000000,0,0,0,0.000000,0.000000,0.000000,0.000000,0.000000,0.000000,0.000000,0.000000,0,0.000000,0.000000,0.000000,0.000000,0,0,0,0,0,0.000000,0.000000,0.000000,0.000000,0.000000,0.000000,0.000000,0.000000,0.000000,0,0.000000,0.000000,0.000000
15130,28.497169,100420.601563,0.000000,0,1,1000,1000,1000,1000,1000.000000,0,0,0,0,0.000000,0.000000,0.000000,0.000000,0.000000,0.000000,0.000000,0.000000,97,0.809000,1.650000,0.133000,0.654481,2.722500,0.017689,1,1,1.500000,-0.028669,0.369946,-0.158892,-0.000286,0.018005,0.000000,0.000000,0.000000,0.005000,0.026000,0.000000,0.000000,0.000000,0.000000,0.000000,0.000000,0.000000,0.000000,0.000000,0.000000,0.000000,0.000000,0.000000,0.000000,0,0.000000,0.000000,0,0,0,0.000000,0.000000,0.000000,0.000000,0.000000,0.000000,0.000000,0.000000,0,0.000000,0.000000,0.000000,0.000000,0,0,0,0,0,0.000000,0.000000,0.000000,0.000000,0.000000,0.000000,0.000000,0.000000,0.000000,0,0.000000,0.000000,0.000000
15234,28.498852,100418.500000,0.010000,19,1,1000,1000,1000,1000,1000.000000,0,0,0,0,0.000000,0.000000,0.000000,0.000000,0.000000,0.000000,0.000000,0.000000,66,0.805000,1.641000,0.118000,0.648025,2.692881,0.013924,1,1,1.500000,-0.028167,0.366188,-0.156374,-0.000286,0.018109,0.000000,0.000000,0.000000,0.008000,0.000000,0.002000,0.000000,0.000000,0.000000,0.000000,0.000000,0.000000,0.000000,0.000000,0.000000,0.000000,0.000000,0.000000,0.000000,0,0.000000,0.000000,0,0,0,0.000000,0.000000,0.000000,0.000000,0.000000,0.000000,0.000000,0.000000,0,0.000000,0.000000,0.000000,0.000000,0,0,0,0,0,0.000000,0.000000,0.000000,0.000000,0.000000,0.000000,0.000000,0.000000,0.000000,0,0.000000,0.000000,0.000000
15342,28.492912,100419.898438,0.000000,1,1,1000,1000,1000,1000,1000.000000,0,0,0,0,0.000000,0.000000,0.000000,0.000000,0.000000,0.000000,0.000000,0.000000,52,0.801000,1.632000,0.125000,0.641601,2.663424,0.015625,1,1,1.500000,-0.027668,0.362475,-0.153924,-0.000285,0.018112,0.000000,0.000000,0.000000,0.007000,-0.004000,0.004000,0.000000,0.000000,0.000000,0.000000,0.000000,0.000000,0.000000,0.000000,0.000000,0.000000,0.000000,0.000000,0.000000,0,0.000000,0.000000,0,0,0,0.000000,0.000000,0.000000,0.000000,0.000000,0.000000,0.000000,0.000000,0,0.000000,0.000000,0.000000,0.000000,0,0,0,0,0,0.000000,0.000000,0.000000,0.000000,0.000000,0.000000,0.000000,0.000000,0.000000,0,0.000000,0.000000,0.000000
15428,28.496346,100420.101563,0.000000,0,1,1000,1000,1000,1000,1000.000000,0,0,0,0,0.000000,0.000000,0.000000,0.000000,0.000000,0.000000,0.000000,0.000000,17,0.797000,1.624000,0.112000,0.635209,2.637376,0.012544,1,1,1.500000,-0.027217,0.358832,-0.151589,-0.000363,0.018105,0.000000,0.000000,0.000000,-0.001000,0.008000,0.012000,0.000000,0.000000,0.000000,0.000000,0.000000,0.000000,0.000000,0.000000,0.000000,0.000000,0.000000,0.000000,0.000000,0,0.000000,0.000000,0,0,0,0.000000,0.000000,0.000000,0.000000,0.000000,0.000000,0.000000,0.000000,0,0.000000,0.000000,0.000000,0.000000,0,0,0,0,0,0.000000,0.000000,0.000000,0.000000,0.000000,0.000000,0.000000,0.000000,0.000000,0,0.000000,0.000000,0.000000
15532,28.492649,100419.101563,0.010000,19,1,1000,1000,1000,1000,1000.000000,0,0,0,0,0.000000,0.000000,0.000000,0.000000,0.000000,0.000000,0.000000,0.000000,121,0.797000,1.624000,0.112000,0.635209,2.637376,0.012544,1,1,1.500000,-0.027217,0.358832,-0.151589,-0.000363,0.018105,0.000000,0.000000,0.000000,-0.001000,0.008000,0.012000,0.000000,0.000000,0.000000,0.000000,0.000000,0.000000,0.000000,0.000000,0.000000,0.000000,0.000000,0.000000,0.000000,0,0.000000,0.000000,0,0,0,0.000000,0.000000,0.000000,0.000000,0.000000,0.000000,0.000000,0.000000,0,0.000000,0.000000,0.000000,0.000000,0,0,0,0,0,0.000000,0.000000,0.000000,0.000000,0.000000,0.000000,0.000000,0.000000,0.000000,0,0.000000,0.000000,0.000000
15639,28.494612,100420.304688,0.010000,0,1,1000,1000,1000,1000,1000.000000,0,0,0,0,0.000000,0.000000,0.000000,0.000000,0.000000,0.000000,0.000000,0.000000,105,0.793000,1.615000,0.132000,0.628849,2.608225,0.017424,1,1,1.500000,-0.026787,0.355226,-0.149336,-0.000340,0.018106,0.000000,0.000000,0.000000,0.023000,-0.009000,0.017000,0.000000,0.000000,0.000000,0.000000,0.000000,0.000000,0.000000,0.000000,0.000000,0.000000,0.000000,0.000000,0.000000,0,0.000000,0.000000,0,0,0,0.000000,0.000000,0.000000,0.000000,0.000000,0.000000,0.000000,0.000000,0,0.000000,0.000000,0.000000,0.000000,0,0,0,0,0,0.000000,0.000000,0.000000,0.000000,0.000000,0.000000,0.000000,0.000000,0.000000,0,0.000000,0.000000,0.000000
15744,28.498413,100422.000000,-0.010000,19,1,1000,1000,1000,1000,1000.000000,0,0,0,0,0.000000,0.000000,0.000000,0.000000,0.000000,0.000000,0.000000,0.000000,83,0.788000,1.607000,0.125000,0.620944,2.582449,0.015625,1,1,1.500000,-0.026415,0.351571,-0.147333,-0.000310,0.017997,0.000000,0.000000,0.000000,-0.009000,0.023000,0.013000,0.000000,0.000000,0.000000,0.000000,0.000000,0.000000,0.000000,0.000000,0.000000,0.000000,0.000000,0.000000,0.000000,0,0.000000,0.000000,0,0,0,0.000000,0.000000,0.000000,0.000000,0.000000,0.000000,0.000000,0.000000,0,0.000000,0.000000,0.000000,0.000000,0,0,0,0,0,0.000000,0.000000,0.000000,0.000000,0.000000,0.000000,0.000000,0.000000,0.000000,0,0.000000,0.000000,0.000000
15828,28.497257,100421.203125,-0.030000,19,1,1000,1000,1000,1000,1000.000000,0,0,0,0,0.000000,0.000000,0.000000,0.000000,0.000000,0.000000,0.000000,0.000000,42,0.784000,1.598000,0.136000,0.614656,2.553604,0.018496,1,1,1.500000,-0.026038,0.348036,-0.145329,-0.000264,0.018109,0.000000,0.000000,0.000000,0.020000,-0.014000,0.017000,0.000000,0.000000,0.000000,0.000000,0.000000,0.000000,0.000000,0.000000,0.000000,0.000000,0.000000,0.000000,0.000000,0,0.000000,0.000000,0,0,0,0.000000,0.000000,0.000000,0.000000,0.000000,0.000000,0.000000,0.000000,0,0.000000,0.000000,0.000000,0.000000,0,0,0,0,0,0.000000,0.000000,0.000000,0.000000,0.000000,0.000000,0.000000,0.000000,0.000000,0,0.000000,0.000000,0.000000
15935,28.497328,100420.500000,-0.030000,0,1,1000,1000,1000,1000,1000.000000,0,0,0,0,0.000000,0.000000,0.000000,0.000000,0.000000,0.000000,0.000000,0.000000,24,0.780000,1.590000,0.130000,0.608400,2.528100,0.016900,1,1,1.500000,-0.025703,0.344556,-0.143443,-0.000308,0.017998,0.000000,0.000000,0.000000,0.007000,0.017000,0.013000,0.000000,0.000000,0.000000,0.000000,0.000000,0.000000,0.000000,0.000000,0.000000,0.000000,0.000000,0.000000,0.000000,0,0.000000,0.000000,0,0,0,0.000000,0.000000,0.000000,0.000000,0.000000,0.000000,0.000000,0.000000,0,0.000000,0.000000,0.000000,0.000000,0,0,0,0,0,0.000000,0.000000,0.000000,0.000000,0.000000,0.000000,0.000000,0.000000,0.000000,0,0.000000,0.000000,0.000000
16040,28.492422,100417.703125,-0.010000,20,1,1000,1000,1000,1000,1000.000000,0,0,0,0,0.000000,0.000000,0.000000,0.000000,0.000000,0.000000,0.000000,0.000000,7,0.776000,1.582000,0.137000,0.602176,2.502724,0.018769,1,1,1.500000,-0.025316,0.341240,-0.141470,-0.000266,0.018110,0.000000,0.000000,0.000000,0.016000,-0.007000,0.018000,0.000000,0.000000,0.000000,0.000000,0.000000,0.000000,0.000000,0.000000,0.000000,0.000000,0.000000,0.000000,0.000000,0,0.000000,0.000000,0,0,0,0.000000,0.000000,0.000000,0.000000,0.000000,0.000000,0.000000,0.000000,0,0.000000,0.000000,0.000000,0.000000,0,0,0,0,0,0.000000,0.000000,0.000000,0.000000,0.000000,0.000000,0.000000,0.000000,0.000000,0,0.000000,0.000000,0.000000
16128,28.489882,100419.703125,-0.010000,23,1,1000,1000,1000,1000,1000.000000,0,0,0,0,0.000000,0.000000,0.000000,0.000000,0.000000,0.000000,0.000000,0.000000,95,0.776000,1.582000,0.137000,0.602176,2.502724,0.018769,1,1,1.500000,-0.025316,0.341240,-0.141470,-0.000266,0.018110,0.000000,0.000000,0.000000,0.016000,-0.007000,0.018000,0.000000,0.000000,0.000000,0.000000,0.000000,0.000000,0.000000,0.000000,0.000000,0.000000,0.000000,0.000000,0.000000,0,0.000000,0.000000,0,0,0,0.000000,0.000000,0.000000,0.000000,0.000000,0.000000,0.000000,0.000000,0,0.000000,0.000000,0.000000,0.000000,0,0,0,0,0,0.000000,0.000000,0.000000,0.000000,0.000000,0.000000,0.000000,0.000000,0.000000,0,0.000000,0.000000,0.000000
16231,28.490286,100420.101563,-0.020000,0,1,1000,1000,1000,1000,1000.000000,0,0,0,0,0.000000,0.000000,0.000000,0.000000,0.000000,0.000000,0.000000,0.000000,63,0.773000,1.575000,0.117000,0.597529,2.480625,0.013689,1,1,1.500000,-0.024996,0.337940,-0.139673,-0.000310,0.017999,0.000000,0.000000,0.000000,-0.006000,-0.001000,0.013000,0.000000,0.000000,0.000000,0.000000,0.000000,0.000000,0.000000,0.000000,0.000000,0.000000,0.000000,0.000000,0.000000,0,0.000000,0.000000,0,0,0,0.000000,0.000000,0.000000,0.000000,0.000000,0.000000,0.000000,0.000000,0,0.000000,0.000000,0.000000,0.000000,0,0,0,0,0,0.000000,0.000000,0.000000,0.000000,0.000000,0.000000,0.000000,0.000000,0.000000,0,0.000000,0.000000,0.000000
16336,28.495628,100420.601563,-0.020000,19,1,1000,1000,1000,1000,1000.000000,0,0,0,0,0.000000,0.000000,0.000000,0.000000,0.000000,0.000000,0.000000,0.000000,47,0.769000,1.567000,0.137000,0.591361,2.455489,0.018769,1,1,1.500000,-0.024694,0.334661,-0.137910,-0.000545,0.017742,0.000000,0.000000,0.000000,0.012000,-0.008000,0.012000,0.000000,0.000000,0.000000,0.000000,0.000000,0.000000,0.000000,0.000000,0.000000,0.000000,0.000000,0.000000,0.000000,0,0.000000,0.000000,0,0,0,0.000000,0.000000,0.000000,0.000000,0.000000,0.000000,0.000000,0.000000,0,0.000000,0.000000,0.000000,0.000000,0,0,0,0,0,0.000000,0.000000,0.000000,0.000000,0.000000,0.000000,0.000000,0.000000,0.000000,0,0.000000,0.000000,0.000000
16428,28.492598,100418.703125,0.010000,27,1,1000,1000,1000,1000,1000.000000,0,0,0,0,0.000000,0.000000,0.000000,0.000000,0.000000,0.000000,0.000000,0.000000,17,0.765000,1.559000,0.126000,0.585225,2.430481,0.015876,1,1,1.500000,-0.024385,0.331492,-0.136180,-0.000548,0.017732,0.000000,0.000000,0.000000,-0.007000,0.024000,0.013000,0.000000,0.000000,0.000000,0.000000,0.000000,0.000000,0.000000,0.000000,0.000000,0.000000,0.000000,0.000000,0.000000,0,0.000000,0.000000,0,0,0,0.000000,0.000000,0.000000,0.000000,0.000000,0.000000,0.000000,0.000000,0,0.000000,0.000000,0.000000,0.000000,0,0,0,0,0,0.000000,0.000000,0.000000,0.000000,0.000000,0.000000,0.000000,0.000000,0.000000,0,0.000000,0.000000,0.000000
16531,28.495138,100421.703125,-0.020000,4,1,1000,1000,1000,1000,1000.000000,0,0,0,0,0.000000,0.000000,0.000000,0.000000,0.000000,0.000000,0.000000,0.000000,120,0.765000,1.559000,0.126000,0.585225,2.430481,0.015876,1,1,1.500000,-0.024385,0.331492,-0.136180,-0.000548,0.017732,0.000000,0.000000,0.000000,-0.007000,0.024000,0.013000,0.000000,0.000000,0.000000,0.000000,0.000000,0.000000,0.000000,0.000000,0.000000,0.000000,0.000000,0.000000,0.000000,0,0.000000,0.000000,0,0,0,0.000000,0.000000,0.000000,0.000000,0.000000,0.000000,0.000000,0.000000,0,0.000000,0.000000,0.000000,0.000000,0,0,0,0,0,0.000000,0.000000,0.000000,0.000000,0.000000,0.000000,0.000000,0.000000,0.000000,0,0.000000,0.000000,0.000000
16635,28.488918,100421.398438,-0.030000,22,1,1000,1000,1000,1000,1000.000000,0,0,0,0,0.000000,0.000000,0.000000,0.000000,0.000000,0.000000,0.000000,0.000000,101,0.761000,1.552000,0.142000,0.579121,2.408704,0.020164,1,1,1.500000,-0.024137,0.328405,-0.134682,-0.000539,0.018102,0.000000,0.000000,0.000000,0.009000,-0.013000,0.014000,0.000000,0.000000,0.000000,0.000000,0.000000,0.000000,0.000000,0.000000,0.000000,0.000000,0.000000,0.000000,0.000000,0,0.000000,0.000000,0,0,0,0.000000,0.000000,0.000000,0.000000,0.000000,0.000000,0.000000,0.000000,0,0.000000,0.000000,0.000000,0.000000,0,0,0,0,0,0.000000,0.000000,0.000000,0.000000,0.000000,0.000000,0.000000,0.000000,0.000000,0,0.000000,0.000000,0.000000
16739,28.493334,100419.101563,-0.040000,0,1,1000,1000,1000,1000,1000.000000,0,0,0,0,0.000000,0.000000,0.000000,0.000000,0.000000,0.000000,0.000000,0.000000,78,0.758000,1.545000,0.135000,0.574564,2.387025,0.018225,1,1,1.500000,-0.023883,0.325333,-0.133143,-0.000661,0.017649,0.000000,0.000000,0.000000,0.005000,0.007000,0.021000,0.000000,0.000000,0.000000,0.000000,0.000000,0.000000,0.000000,0.000000,0.000000,0.000000,0.000000,0.000000,0.000000,0,0.000000,0.000000,0,0,0,0.000000,0.000000,0.000000,0.000000,0.000000,0.000000,0.000000,0.000000,0,0.000000,0.000000,0.000000,0.000000,0,0,0,0,0,0.000000,0.000000,0.000000,0.000000,0.000000,0.000000,0.000000,0.000000,0.000000,0,0.000000,0.000000,0.000000
16842,28.494122,100419.703125,-0.020000,19,1,1000,1000,1000,1000,1000.000000,0,0,0,0,0.000000,0.000000,0.000000,0.000000,0.000000,0.000000,0.000000,0.000000,56,0.754000,1.538000,0.141000,0.568516,2.365444,0.019881,1,1,1.500000,-0.023552,0.322441,-0.131522,-0.000594,0.017625,0.000000,0.000000,0.000000,0.022000,-0.016000,0.030000,0.000000,0.000000,0.000000,0.000000,0.000000,0.000000,0.000000,0.000000,0.000000,0.000000,0.000000,0.000000,0.000000,0,0.000000,0.000000,0,0,0,0.000000,0.000000,0.000000,0.000000,0.000000,0.000000,0.000000,0.000000,0,0.000000,0.000000,0.000000,0.000000,0,0,0,0,0,0.000000,0.000000,0.000000,0.000000,0.000000,0.000000,0.000000,0.000000,0.000000,0,0.000000,0.000000,0.000000
16949,28.487255,100418.101563,0.010000,0,1,1000,1000,1000,1000,1000.000000,0,0,0,0,0.000000,0.000000,0.000000,0.000000,0.000000,0.000000,0.000000,0.000000,38,0.751000,1.531000,0.118000,0.564001,2.343961,0.013924,1,1,1.500000,-0.023238,0.319652,-0.129890,-0.000468,0.017635,0.000000,0.000000,0.000000,-0.013000,0.014000,0.021000,0.000000,0.000000,0.000000,0.000000,0.000000,0.000000,0.000000,0.000000,0.000000,0.000000,0.000000,0.000000,0.000000,0,0.000000,0.000000,0,0,0,0.000000,0.000000,0.000000,0.000000,0.000000,0.000000,0.000000,0.000000,0,0.000000,0.000000,0.000000,0.000000,0,0,0,0,0,0.000000,0.000000,0.000000,0.000000,0.000000,0.000000,0.000000,0.000000,0.000000,0,0.000000,0.000000,0.000000
17033,28.493473,100420.304688,0.010000,0,1,1000,1000,1000,1000,1000.000000,0,0,0,0,0.000000,0.000000,0.000000,0.000000,0.000000,0.000000,0.000000,0.000000,122,0.751000,1.531000,0.118000,0.564001,2.343961,0.013924,1,1,1.500000,-0.023238,0.319652,-0.129890,-0.000468,0.017635,0.000000,0.000000,0.000000,-0.013000,0.014000,0.021000,0.000000,0.000000,0.000000,0.000000,0.000000,0.000000,0.000000,0.000000,0.000000,0.000000,0.000000,0.000000,0.000000,0,0.000000,0.000000,0,0,0,0.000000,0.000000,0.000000,0.000000,0.000000,0.000000,0.000000,0.000000,0,0.000000,0.000000,0.000000,0.000000,0,0,0,0,0,0.000000,0.000000,0.000000,0.000000,0.000000,0.000000,0.000000,0.000000,0.000000,0,0.000000,0.000000,0.000000
17136,28.489935,100418.804688,0.020000,19,1,1000,1000,1000,1000,1000.000000,0,0,0,0,0.000000,0.000000,0.000000,0.000000,0.000000,0.000000,0.000000,0.000000,100,0.748000,1.524000,0.133000,0.559504,2.322576,0.017689,1,1,1.500000,-0.022840,0.317045,-0.128104,-0.000396,0.017724,0.000000,0.000000,0.000000,0.023000,0.009000,0.027000,0.000000,0.000000,0.000000,0.000000,0.000000,0.000000,0.000000,0.000000,0.000000,0.000000,0.000000,0.000000,0.000000,0,0.000000,0.000000,0,0,0,0.000000,0.000000,0.000000,0.000000,0.000000,0.000000,0.000000,0.000000,0,0.000000,0.000000,0.000000,0.000000,0,0,0,0,0,0.000000,0.000000,0.000000,0.000000,0.000000,0.000000,0.000000,0.000000,0.000000,0,0.000000,0.000000,0.000000
17243,28.491547,100419.804688,0.000000,0,1,1000,1000,1000,1000,1000.000000,0,0,0,0,0.000000,0.000000,0.000000,0.000000,0.000000,0.000000,0.000000,0.000000,76,0.745000,1.517000,0.136000,0.555025,2.301289,0.018496,1,1,1.500000,-0.022487,0.314491,-0.126461,-0.000436,0.017619,0.000000,0.000000,0.000000,-0.004000,-0.012000,0.015000,0.000000,0.000000,0.000000,0.000000,0.000000,0.000000,0.000000,0.000000,0.000000,0.000000,0.000000,0.000000,0.000000,0,0.000000,0.000000,0,0,0,0.000000,0.000000,0.000000,0.000000,0.000000,0.000000,0.000000,0.000000,0,0.000000,0.000000,0.000000,0.000000,0,0,0,0,0,0.000000,0.000000,0.000000,0.000000,0.000000,0.000000,0.000000,0.000000,0.000000,0,0.000000,0.000000,0.000000
17327,28.490932,100420.601563,-0.010000,0,1,1000,1000,1000,1000,1000.000000,0,0,0,0,0.000000,0.000000,0.000000,0.000000,0.000000,0.000000,0.000000,0.000000,37,0.742000,1.511000,0.133000,0.550564,2.283121,0.017689,1,1,1.500000,-0.022132,0.311994,-0.124778,-0.000616,0.017588,0.000000,0.000000,0.000000,0.022000,0.012000,0.031000,0.000000,0.000000,0.000000,0.000000,0.000000,0.000000,0.000000,0.000000,0.000000,0.000000,0.000000,0.000000,0.000000,0,0.000000,0.000000,0,0,0,0.000000,0.000000,0.000000,0.000000,0.000000,0.000000,0.000000,0.000000,0,0.000000,0.000000,0.000000,0.000000,0,0,0,0,0,0.000000,0.000000,0.000000,0.000000,0.000000,0.000000,0.000000,0.000000,0.000000,0,0.000000,0.000000,0.000000
17432,28.493422,100419.898438,-0.010000,20,1,1000,1000,1000,1000,1000.000000,0,0,0,0,0.000000,0.000000,0.000000,0.000000,0.000000,0.000000,0.000000,0.000000,21,0.739000,1.504000,0.117000,0.546121,2.262016,0.013689,1,1,1.500000,-0.021800,0.309487,-0.123200,-0.000592,0.017577,0.000000,0.000000,0.000000,-0.018000,0.000000,0.025000,0.000000,0.000000,0.000000,0.000000,0.000000,0.000000,0.000000,0.000000,0.000000,0.000000,0.000000,0.000000,0.000000,0,0.000000,0.000000,0,0,0,0.000000,0.000000,0.000000,0.000000,0.000000,0.000000,0.000000,0.000000,0,0.000000,0.000000,0.000000,0.000000,0,0,0,0,0,0.000000,0.000000,0.000000,0.000000,0.000000,0.000000,0.000000,0.000000,0.000000,0,0.000000,0.000000,0.000000
17539,28.488077,100420.398438,-0.010000,0,1,1000,1000,1000,1000,1000.000000,0,0,0,0,0.000000,0.000000,0.000000,0.000000,0.000000,0.000000,0.000000,0.000000,2,0.736000,1.498000,0.128000,0.541696,2.244004,0.016384,1,1,1.500000,-0.021488,0.307088,-0.121700,-0.000418,0.017732,0.000000,0.000000,0.000000,0.041000,0.010000,0.026000,0.000000,0.000000,0.000000,0.000000,0.000000,0.000000,0.000000,0.000000,0.000000,0.000000,0.000000,0.000000,0.000000,0,0.000000,0.000000,0,0,0,0.000000,0.000000,0.000000,0.000000,0.000000,0.000000,0.000000,0.000000,0,0.000000,0.000000,0.000000,0.000000,0,0,0,0,0,0.000000,0.000000,0.000000,0.000000,0.000000,0.000000,0.000000,0.000000,0.000000,0,0.000000,0.000000,0.000000
17643,28.490723,100420.304688,0.000000,19,1,1000,1000,1000,1000,1000.000000,0,0,0,0,0.000000,0.000000,0.000000,0.000000,0.000000,0.000000,0.000000,0.000000,106,0.736000,1.498000,0.128000,0.541696,2.244004,0.016384,1,1,1.500000,-0.021488,0.307088,-0.121700,-0.000418,0.017732,0.000000,0.000000,0.000000,0.041000,0.010000,0.026000,0.000000,0.000000,0.000000,0.000000,0.000000,0.000000,0.000000,0.000000,0.000000,0.000000,0.000000,0.000000,0.000000,0,0.000000,0.000000,0,0,0,0.000000,0.000000,0.000000,0.000000,0.000000,0.000000,0.000000,0.000000,0,0.000000,0.000000,0.000000,0.000000,0,0,0,0,0,0.000000,0.000000,0.000000,0.000000,0.000000,0.000000,0.000000,0.000000,0.000000,0,0.000000,0.000000,0.000000
17728,28.488077,100419.203125,0.020000,19,1,1000,1000,1000,1000,1000.000000,0,0,0,0,0.000000,0.000000,0.000000,0.000000,0.000000,0.000000,0.000000,0.000000,65,0.733000,1.492000,0.121000,0.537289,2.226064,0.014641,1,1,1.500000,-0.021208,0.304675,-0.120298,-0.000415,0.017737,0.000000,0.000000,0.000000,-0.020000,-0.007000,0.031000,0.000000,0.000000,0.000000,0.000000,0.000000,0.000000,0.000000,0.000000,0.000000,0.000000,0.000000,0.000000,0.000000,0,0.000000,0.000000,0,0,0,0.000000,0.000000,0.000000,0.000000,0.000000,0.000000,0.000000,0.000000,0,0.000000,0.000000,0.000000,0.000000,0,0,0,0,0,0.000000,0.000000,0.000000,0.000000,0.000000,0.000000,0.000000,0.000000,0.000000,0,0.000000,0.000000,0.000000
17835,28.490057,100420.304688,0.030000,0,1,1000,1000,1000,1000,1000.000000,0,0,0,0,0.000000,0.000000,0.000000,0.000000,0.000000,0.000000,0.000000,0.000000,49,0.730000,1.486000,0.136000,0.532900,2.208196,0.018496,1,1,1.500000,-0.020967,0.302233,-0.119003,-0.000226,0.017428,0.000000,0.000000,0.000000,0.030000,-0.010000,0.028000,0.000000,0.000000,0.000000,0.000000,0.000000,0.000000,0.000000,0.000000,0.000000,0.000000,0.000000,0.000000,0.000000,0,0.000000,0.000000,0,0,0,0.000000,0.000000,0.000000,0.000000,0.000000,0.000000,0.000000,0.000000,0,0.000000,0.000000,0.000000,0.000000,0,0,0,0,0,0.000000,0.000000,0.000000,0.000000,0.000000,0.000000,0.000000,0.000000,0.000000,0,0.000000,0.000000,0.000000
17939,28.489725,100421.000000,0.010000,19,1,1000,1000,1000,1000,1000.000000,0,0,0,0,0.000000,0.000000,0.000000,0.000000,0.000000,0.000000,0.000000,0.000000,28,0.727000,1.480000,0.129000,0.528529,2.190400,0.016641,1,1,1.500000,-0.020736,0.299837,-0.117792,-0.000200,0.017411,0.000000,0.000000,0.000000,-0.001000,-0.002000,0.038000,0.000000,0.000000,0.000000,0.000000,0.000000,0.000000,0.000000,0.000000,0.000000,0.000000,0.000000,0.000000,0.000000,0,0.000000,0.000000,0,0,0,0.000000,0.000000,0.000000,0.000000,0.000000,0.000000,0.000000,0.000000,0,0.000000,0.000000,0.000000,0.000000,0,0,0,0,0,0.000000,0.000000,0.000000,0.000000,0.000000,0.000000,0.000000,0.000000,0.000000,0,0.000000,0.000000,0.000000
18046,28.487465,100419.703125,0.020000,0,1,1000,1000,1000,1000,1000.000000,0,0,0,0,0.000000,0.000000,0.000000,0.000000,0.000000,0.000000,0.000000,0.000000,10,0.724000,1.475000,0.135000,0.524176,2.175625,0.018225,1,1,1.500000,-0.020523,0.297439,-0.116625,-0.000201,0.017411,0.000000,0.000000,0.000000,0.014000,0.009000,0.026000,0.000000,0.000000,0.000000,0.000000,0.000000,0.000000,0.000000,0.000000,0.000000,0.000000,0.000000,0.000000,0.000000,0,0.000000,0.000000,0,0,0,0.000000,0.000000,0.000000,0.000000,0.000000,0.000000,0.000000,0.000000,0,0.000000,0.000000,0.000000,0.000000,0,0,0,0,0,0.000000,0.000000,0.000000,0.000000,0.000000,0.000000,0.000000,0.000000,0.000000,0,0.000000,0.000000,0.000000
18131,28.488323,100420.203125,0.020000,1,1,1000,1000,1000,1000,1000.000000,0,0,0,0,0.000000,0.000000,0.000000,0.000000,0.000000,0.000000,0.000000,0.000000,95,0.724000,1.475000,0.135000,0.524176,2.175625,0.018225,1,1,1.500000,-0.020523,0.297439,-0.116625,-0.000201,0.017411,0.000000,0.000000,0.000000,0.014000,0.009000,0.026000,0.000000,0.000000,0.000000,0.000000,0.000000,0.000000,0.000000,0.000000,0.000000,0.000000,0.000000,0.000000,0.000000,0,0.000000,0.000000,0,0,0,0.000000,0.000000,0.000000,0.000000,0.000000,0.000000,0.000000,0.000000,0,0.000000,0.000000,0.000000,0.000000,0,0,0,0,0,0.000000,0.000000,0.000000,0.000000,0.000000,0.000000,0.000000,0.000000,0.000000,0,0.000000,0.000000,0.000000
18234,28.486536,100418.203125,0.020000,19,1,1000,1000,1000,1000,1000.000000,0,0,0,0,0.000000,0.000000,0.000000,0.000000,0.000000,0.000000,0.000000,0.000000,66,0.721000,1.469000,0.140000,0.519841,2.157961,0.019600,1,1,1.500000,-0.020332,0.295150,-0.115513,-0.000220,0.017413,0.000000,0.000000,0.000000,0.004000,-0.002000,0.026000,0.000000,0.000000,0.000000,0.000000,0.000000,0.000000,0.000000,0.000000,0.000000,0.000000,0.000000,0.000000,0.000000,0,0.000000,0.000000,0,0,0,0.000000,0.000000,0.000000,0.000000,0.000000,0.000000,0.000000,0.000000,0,0.000000,0.000000,0.000000,0.000000,0,0,0,0,0,0.000000,0.000000,0.000000,0.000000,0.000000,0.000000,0.000000,0.000000,0.000000,0,0.000000,0.000000,0.000000
18341,28.491756,100420.898438,0.020000,0,1,1000,1000,1000,1000,1000.000000,0,0,0,0,0.000000,0.000000,0.000000,0.000000,0.000000,0.000000,0.000000,0.000000,51,0.718000,1.463000,0.140000,0.515524,2.140369,0.019600,1,1,1.500000,-0.020177,0.292938,-0.114337,-0.000327,0.017453,0.000000,0.000000,0.000000,0.018000,-0.015000,0.020000,0.000000,0.000000,0.000000,0.000000,0.000000,0.000000,0.000000,0.000000,0.000000,0.000000,0.000000,0.000000,0.000000,0,0.000000,0.000000,0,0,0,0.000000,0.000000,0.000000,0.000000,0.000000,0.000000,0.000000,0.000000,0,0.000000,0.000000,0.000000,0.000000,0,0,0,0,0,0.000000,0.000000,0.000000,0.000000,0.000000,0.000000,0.000000,0.000000,0.000000,0,0.000000,0.000000,0.000000
18429,28.488043,100420.601563,0.020000,1,1,1000,1000,1000,1000,1000.000000,0,0,0,0,0.000000,0.000000,0.000000,0.000000,0.000000,0.000000,0.000000,0.000000,18,0.716000,1.458000,0.137000,0.512656,2.125764,0.018769,1,1,1.500000,-0.019948,0.290826,-0.113185,-0.000231,0.017423,0.000000,0.000000,0.000000,0.005000,0.004000,0.020000,0.000000,0.000000,0.000000,0.000000,0.000000,0.000000,0.000000,0.000000,0.000000,0.000000,0.000000,0.000000,0.000000,0,0.000000,0.000000,0,0,0,0.000000,0.000000,0.000000,0.000000,0.000000,0.000000,0.000000,0.000000,0,0.000000,0.000000,0.000000,0.000000,0,0,0,0,0,0.000000,0.000000,0.000000,0.000000,0.000000,0.000000,0.000000,0.000000,0.000000,0,0.000000,0.000000,0.000000
18532,28.488482,100420.101563,0.010000,19,1,1000,1000,1000,1000,1000.000000,0,0,0,0,0.000000,0.000000,0.000000,0.000000,0.000000,0.000000,0.000000,0.000000,121,0.716000,1.458000,0.137000,0.512656,2.125764,0.018769,1,1,1.500000,-0.019948,0.290826,-0.113185,-0.000231,0.017423,0.000000,0.000000,0.000000,0.005000,0.004000,0.020000,0.000000,0.000000,0.000000,0.000000,0.000000,0.000000,0.000000,0.000000,0.000000,0.000000,0.000000,0.000000,0.000000,0,0.000000,0.000000,0,0,0,0.000000,0.000000,0.000000,0.000000,0.000000,0.000000,0.000000,0.000000,0,0.000000,0.000000,0.000000,0.000000,0,0,0,0,0,0.000000,0.000000,0.000000,0.000000,0.000000,0.000000,0.000000,0.000000,0.000000,0,0.000000,0.000000,0.000000
18642,28.487307,100418.898438,0.010000,3,1,1000,1000,1000,1000,1000.000000,0,0,0,0,0.000000,0.000000,0.000000,0.000000,0.000000,0.000000,0.000000,0.000000,106,0.713000,1.453000,0.113000,0.508369,2.111209,0.012769,1,1,1.500000,-0.019746,0.288708,-0.112126,-0.000203,0.017425,0.000000,0.000000,0.000000,-0.016000,0.004000,0.017000,0.000000,0.000000,0.000000,0.000000,0.000000,0.000000,0.000000,0.000000,0.000000,0.000000,0.000000,0.000000,0.000000,0,0.000000,0.000000,0,0,0,0.000000,0.000000,0.000000,0.000000,0.000000,0.000000,0.000000,0.000000,0,0.000000,0.000000,0.000000,0.000000,0,0,0,0,0,0.000000,0.000000,0.000000,0.000000,0.000000,0.000000,0.000000,0.000000,0.000000,0,0.000000,0.000000,0.000000
18745,28.487623,100420.101563,0.010000,20,1,1000,1000,1000,1000,1000.000000,0,0,0,0,0.000000,0.000000,0.000000,0.000000,0.000000,0.000000,0.000000,0.000000,84,0.710000,1.447000,0.133000,0.504100,2.093809,0.017689,1,1,1.500000,-0.019507,0.286715,-0.110986,-0.000203,0.017505,0.000000,0.000000,0.000000,0.015000,0.011000,0.021000,0.000000,0.000000,0.000000,0.000000,0.000000,0.000000,0.000000,0.000000,0.000000,0.000000,0.000000,0.000000,0.000000,0,0.000000,0.000000,0,0,0,0.000000,0.000000,0.000000,0.000000,0.000000,0.000000,0.000000,0.000000,0,0.000000,0.000000,0.000000,0.000000,0,0,0,0,0,0.000000,0.000000,0.000000,0.000000,0.000000,0.000000,0.000000,0.000000,0.000000,0,0.000000,0.000000,0.000000
18828,28.487043,100420.398438,0.000000,19,1,1000,1000,1000,1000,1000.000000,0,0,0,0,0.000000,0.000000,0.000000,0.000000,0.000000,0.000000,0.000000,0.000000,42,0.708000,1.442000,0.140000,0.501264,2.079364,0.019600,1,1,1.500000,-0.019312,0.284793,-0.109820,-0.000261,0.017542,0.000000,0.000000,0.000000,0.011000,-0.004000,0.019000,0.000000,0.000000,0.000000,0.000000,0.000000,0.000000,0.000000,0.000000,0.000000,0.000000,0.000000,0.000000,0.000000,0,0.000000,0.000000,0,0,0,0.000000,0.000000,0.000000,0.000000,0.000000,0.000000,0.000000,0.000000,0,0.000000,0.000000,0.000000,0.000000,0,0,0,0,0,0.000000,0.000000,0.000000,0.000000,0.000000,0.000000,0.000000,0.000000,0.000000,0,0.000000,0.000000,0.000000
18935,28.488182,100421.000000,-0.010000,0,1,1000,1000,1000,1000,1000.000000,0,0,0,0,0.000000,0.000000,0.000000,0.000000,0.000000,0.000000,0.000000,0.000000,25,0.705000,1.437000,0.124000,0.497025,2.064969,0.015376,1,1,1.500000,-0.019182,0.282807,-0.108778,-0.000481,0.017894,0.000000,0.000000,0.000000,-0.005000,-0.001000,0.022000,0.000000,0.000000,0.000000,0.000000,0.000000,0.000000,0.000000,0.000000,0.000000,0.000000,0.000000,0.000000,0.000000,0,0.000000,0.000000,0,0,0,0.000000,0.000000,0.000000,0.000000,0.000000,0.000000,0.000000,0.000000,0,0.000000,0.000000,0.000000,0.000000,0,0,0,0,0,0.000000,0.000000,0.000000,0.000000,0.000000,0.000000,0.000000,0.000000,0.000000,0,0.000000,0.000000,0.000000
19040,28.490723,100420.804688,-0.010000,20,1,1000,1000,1000,1000,1000.000000,0,0,0,0,0.000000,0.000000,0.000000,0.000000,0.000000,0.000000,0.000000,0.000000,4,0.703000,1.432000,0.138000,0.494209,2.050624,0.019044,1,1,1.500000,-0.019027,0.280787,-0.107793,-0.000428,0.017871,0.000000,0.000000,0.000000,0.019000,-0.007000,0.018000,0.000000,0.000000,0.000000,0.000000,0.000000,0.000000,0.000000,0.000000,0.000000,0.000000,0.000000,0.000000,0.000000,0,0.000000,0.000000,0,0,0,0.000000,0.000000,0.000000,0.000000,0.000000,0.000000,0.000000,0.000000,0,0.000000,0.000000,0.000000,0.000000,0,0,0,0,0,0.000000,0.000000,0.000000,0.000000,0.000000,0.000000,0.000000,0.000000,0.000000,0,0.000000,0.000000,0.000000
19128,28.484434,100419.898438,-0.020000,23,1,1000,1000,1000,1000,1000.000000,0,0,0,0,0.000000,0.000000,0.000000,0.000000,0.000000,0.000000,0.000000,0.000000,92,0.703000,1.432000,0.138000,0.494209,2.050624,0.019044,1,1,1.500000,-0.019027,0.280787,-0.107793,-0.000428,0.017871,0.000000,0.000000,0.000000,0.019000,-0.007000,0.018000,0.000000,0.000000,0.000000,0.000000,0.000000,0.000000,0.000000,0.000000,0.000000,0.000000,0.000000,0.000000,0.000000,0,0.000000,0.000000,0,0,0,0.000000,0.000000,0.000000,0.000000,0.000000,0.000000,0.000000,0.000000,0,0.000000,0.000000,0.000000,0.000000,0,0,0,0,0,0.000000,0.000000,0.000000,0.000000,0.000000,0.000000,0.000000,0.000000,0.000000,0,0.000000,0.000000,0.000000
19231,28.486326,100420.500000,-0.010000,0,1,1000,1000,1000,1000,1000.000000,0,0,0,0,0.000000,0.000000,0.000000,0.000000,0.000000,0.000000,0.000000,0.000000,63,0.700000,1.427000,0.116000,0.490000,2.036329,0.013456,1,1,1.500000,-0.018909,0.278772,-0.106908,-0.000427,0.017870,0.000000,0.000000,0.000000,-0.011000,0.001000,0.014000,0.000000,0.000000,0.000000,0.000000,0.000000,0.000000,0.000000,0.000000,0.000000,0.000000,0.000000,0.000000,0.000000,0,0.000000,0.000000,0,0,0,0.000000,0.000000,0.000000,0.000000,0.000000,0.000000,0.000000,0.000000,0,0.000000,0.000000,0.000000,0.000000,0,0,0,0,0,0.000000,0.000000,0.000000,0.000000,0.000000,0.000000,0.000000,0.000000,0.000000,0,0.000000,0.000000,0.000000
19334,28.485853,100419.898438,0.000000,19,1,1000,1000,1000,1000,1000.000000,0,0,0,0,0.000000,0.000000,0.000000,0.000000,0.000000,0.000000,0.000000,0.000000,45,0.698000,1.422000,0.132000,0.487204,2.022084,0.017424,1,1,1.500000,-0.018782,0.276702,-0.106003,-0.000210,0.017520,0.000000,0.000000,0.000000,0.034000,0.001000,0.026000,0.000000,0.000000,0.000000,0.000000,0.000000,0.000000,0.000000,0.000000,0.000000,0.000000,0.000000,0.000000,0.000000,0,0.000000,0.000000,0,0,0,0.000000,0.000000,0.000000,0.000000,0.000000,0.000000,0.000000,0.000000,0,0.000000,0.000000,0.000000,0.000000,0,0,0,0,0,0.000000,0.000000,0.000000,0.000000,0.000000,0.000000,0.000000,0.000000,0.000000,0,0.000000,0.000000,0.000000
19441,28.487062,100419.804688,0.010000,0,1,1000,1000,1000,1000,1000.000000,0,0,0,0,0.000000,0.000000,0.000000,0.000000,0.000000,0.000000,0.000000,0.000000,33,0.695000,1.417000,0.118000,0.483025,2.007889,0.013924,1,1,1.500000,-0.018723,0.274726,-0.105146,-0.000320,0.018123,0.000000,0.000000,0.000000,-0.022000,-0.009000,0.024000,0.000000,0.000000,0.000000,0.000000,0.000000,0.000000,0.000000,0.000000,0.000000,0.000000,0.000000,0.000000,0.000000,0,0.000000,0.000000,0,0,0,0.000000,0.000000,0.000000,0.000000,0.000000,0.000000,0.000000,0.000000,0,0.000000,0.000000,0.000000,0.000000,0,0,0,0,0,0.000000,0.000000,0.000000,0.000000,0.000000,0.000000,0.000000,0.000000,0.000000,0,0.000000,0.000000,0.000000
19545,28.489813,100420.304688,0.010000,20,1,1000,1000,1000,1000,1000.000000,0,0,0,0,0.000000,0.000000,0.000000,0.000000,0.000000,0.000000,0.000000,0.000000,9,0.693000,1.412000,0.134000,0.480249,1.993744,0.017956,1,1,1.500000,-0.018635,0.272706,-0.104394,-0.000309,0.017997,0.000000,0.000000,0.000000,0.026000,-0.005000,0.020000,0.000000,0.000000,0.000000,0.000000,0.000000,0.000000,0.000000,0.000000,0.000000,0.000000,0.000000,0.000000,0.000000,0,0.000000,0.000000,0,0,0,0.000000,0.000000,0.000000,0.000000,0.000000,0.000000,0.000000,0.000000,0,0.000000,0.000000,0.000000,0.000000,0,0,0,0,0,0.000000,0.000000,0.000000,0.000000,0.000000,0.000000,0.000000,0.000000,0.000000,0,0.000000,0.000000,0.000000
19632,28.489147,100420.500000,0.010000,23,1,1000,1000,1000,1000,1000.000000,0,0,0,0,0.000000,0.000000,0.000000,0.000000,0.000000,0.000000,0.000000,0.000000,96,0.693000,1.412000,0.134000,0.480249,1.993744,0.017956,1,1,1.500000,-0.018635,0.272706,-0.104394,-0.000309,0.017997,0.000000,0.000000,0.000000,0.026000,-0.005000,0.020000,0.000000,0.000000,0.000000,0.000000,0.000000,0.000000,0.000000,0.000000,0.000000,0.000000,0.000000,0.000000,0.000000,0,0.000000,0.000000,0,0,0,0.000000,0.000000,0.000000,0.000000,0.000000,0.000000,0.000000,0.000000,0,0.000000,0.000000,0.000000,0.000000,0,0,0,0,0,0.000000,0.000000,0.000000,0.000000,0.000000,0.000000,0.000000,0.000000,0.000000,0,0.000000,0.000000,0.000000
19739,28.485800,100419.500000,-0.010000,4,1,1000,1000,1000,1000,1000.000000,0,0,0,0,0.000000,0.000000,0.000000,0.000000,0.000000,0.000000,0.000000,0.000000,78,0.690000,1.407000,0.124000,0.476100,1.979649,0.015376,1,1,1.500000,-0.018537,0.270681,-0.103646,-0.000297,0.017491,0.000000,0.000000,0.000000,-0.008000,0.029000,0.024000,0.000000,0.000000,0.000000,0.000000,0.000000,0.000000,0.000000,0.000000,0.000000,0.000000,0.000000,0.000000,0.000000,0,0.000000,0.000000,0,0,0,0.000000,0.000000,0.000000,0.000000,0.000000,0.000000,0.000000,0.000000,0,0.000000,0.000000,0.000000,0.000000,0,0,0,0,0,0.000000,0.000000,0.000000,0.000000,0.000000,0.000000,0.000000,0.000000,0.000000,0,0.000000,0.000000,0.000000
19842,28.489182,100421.000000,-0.020000,23,1,1000,1000,1000,1000,1000.000000,0,0,0,0,0.000000,0.000000,0.000000,0.000000,0.000000,0.000000,0.000000,0.000000,55,0.688000,1.402000,0.130000,0.473344,1.965604,0.016900,1,1,1.500000,-0.018465,0.268698,-0.102973,-0.000110,0.017638,0.000000,0.000000,0.000000,0.018000,0.006000,0.014000,0.000000,0.000000,0.000000,0.000000,0.000000,0.000000,0.000000,0.000000,0.000000,0.000000,0.000000,0.000000,0.000000,0,0.000000,0.000000,0,0,0,0.000000,0.000000,0.000000,0.000000,0.000000,0.000000,0.000000,0.000000,0,0.000000,0.000000,0.000000,0.000000,0,0,0,0,0,0.000000,0.000000,0.000000,0.000000,0.000000,0.000000,0.000000,0.000000,0.000000,0,0.000000,0.000000,0.000000
19945,28.485346,100419.898438,-0.020000,0,1,1000,1000,1000,1000,1000.000000,0,0,0,0,0.000000,0.000000,0.000000,0.000000,0.000000,0.000000,0.000000,0.000000,35,0.685000,1.398000,0.142000,0.469225,1.954404,0.020164,1,1,1.500000,-0.018321,0.266881,-0.102154,-0.000037,0.017719,0.000000,0.000000,0.000000,0.013000,-0.014000,0.024000,0.000000,0.000000,0.000000,0.000000,0.000000,0.000000,0.000000,0.000000,0.000000,0.000000,0.000000,0.000000,0.000000,0,0.000000,0.000000,0,0,0,0.000000,0.000000,0.000000,0.000000,0.000000,0.000000,0.000000,0.000000,0,0.000000,0.000000,0.000000,0.000000,0,0,0,0,0,0.000000,0.000000,0.000000,0.000000,0.000000,0.000000,0.000000,0.000000,0.000000,0,0.000000,0.000000,0.000000
20030,28.489513,100423.804688,-0.050000,0,1,1000,1000,1000,1000,1000.000000,0,0,0,0,0.000000,0.000000,0.000000,0.000000,0.000000,0.000000,0.000000,0.000000,120,0.685000,1.398000,0.142000,0.469225,1.954404,0.020164,1,1,1.500000,-0.018321,0.266881,-0.102154,-0.000037,0.017719,0.000000,0.000000,0.000000,0.013000,-0.014000,0.024000,0.000000,0.000000,0.000000,0.000000,0.000000,0.000000,0.000000,0.000000,0.000000,0.000000,0.000000,0.000000,0.000000,0,0.000000,0.000000,0,0,0,0.000000,0.000000,0.000000,0.000000,0.000000,0.000000,0.000000,0.000000,0,0.000000,0.000000,0.000000,0.000000,0,0,0,0,0,0.000000,0.000000,0.000000,0.000000,0.000000,0.000000,0.000000,0.000000,0.000000,0,0.000000,0.000000,0.000000
20134,28.483803,100420.101563,-0.060000,19,1,1000,1000,1000,1000,1000.000000,0,0,0,0,0.000000,0.000000,0.000000,0.000000,0.000000,0.000000,0.000000,0.000000,98,0.683000,1.393000,0.139000,0.466489,1.940449,0.019321,1,1,1.500000,-0.018162,0.265117,-0.101318,-0.000035,0.017722,0.000000,0.000000,0.000000,0.006000,0.002000,0.030000,0.000000,0.000000,0.000000,0.000000,0.000000,0.000000,0.000000,0.000000,0.000000,0.000000,0.000000,0.000000,0.000000,0,0.000000,0.000000,0,0,0,0.000000,0.000000,0.000000,0.000000,0.000000,0.000000,0.000000,0.000000,0,0.000000,0.000000,0.000000,0.000000,0,0,0,0,0,0.000000,0.000000,0.000000,0.000000,0.000000,0.000000,0.000000,0.000000,0.000000,0,0.000000,0.000000,0.000000
20241,28.483383,100420.500000,-0.050000,0,1,1000,1000,1000,1000,1000.000000,0,0,0,0,0.000000,0.000000,0.000000,0.000000,0.000000,0.000000,0.000000,0.000000,74,0.681000,1.389000,0.141000,0.463761,1.929321,0.019881,1,1,1.500000,-0.018047,0.263355,-0.100568,-0.000233,0.017820,0.000000,0.000000,0.000000,0.001000,-0.001000,0.029000,0.000000,0.000000,0.000000,0.000000,0.000000,0.000000,0.000000,0.000000,0.000000,0.000000,0.000000,0.000000,0.000000,0,0.000000,0.000000,0,0,0,0.000000,0.000000,0.000000,0.000000,0.000000,0.000000,0.000000,0.000000,0,0.000000,0.000000,0.000000,0.000000,0,0,0,0,0,0.000000,0.000000,0.000000,0.000000,0.000000,0.000000,0.000000,0.000000,0.000000,0,0.000000,0.000000,0.000000
20344,28.478373,100418.601563,-0.030000,19,1,1000,1000,1000,1000,1000.000000,0,0,0,0,0.000000,0.000000,0.000000,0.000000,0.000000,0.000000,0.000000,0.000000,55,0.679000,1.384000,0.130000,0.461041,1.915456,0.016900,1,1,1.500000,-0.017949,0.261650,-0.099732,-0.000134,0.017846,0.000000,0.000000,0.000000,0.023000,0.017000,0.019000,0.000000,0.000000,0.000000,0.000000,0.000000,0.000000,0.000000,0.000000,0.000000,0.000000,0.000000,0.000000,0.000000,0,0.000000,0.000000,0,0,0,0.000000,0.000000,0.000000,0.000000,0.000000,0.000000,0.000000,0.000000,0,0.000000,0.000000,0.000000,0.000000,0,0,0,0,0,0.000000,0.000000,0.000000,0.000000,0.000000,0.000000,0.000000,0.000000,0.000000,0,0.000000,0.000000,0.000000
20428,28.480194,100419.898438,-0.020000,19,1,1000,1000,1000,1000,1000.000000,0,0,0,0,0.000000,0.000000,0.000000,0.000000,0.000000,0.000000,0.000000,0.000000,19,0.676000,1.380000,0.121000,0.456976,1.904400,0.014641,1,1,1.500000,-0.017882,0.259894,-0.099086,-0.000269,0.017910,0.000000,0.000000,0.000000,-0.010000,0.000000,0.017000,0.000000,0.000000,0.000000,0.000000,0.000000,0.000000,0.000000,0.000000,0.000000,0.000000,0.000000,0.000000,0.000000,0,0.000000,0.000000,0,0,0,0.000000,0.000000,0.000000,0.000000,0.000000,0.000000,0.000000,0.000000,0,0.000000,0.000000,0.000000,0.000000,0,0,0,0,0,0.000000,0.000000,0.000000,0.000000,0.000000,0.000000,0.000000,0.000000,0.000000,0,0.000000,0.000000,0.000000
20536,28.484575,100420.304688,-0.020000,0,1,1000,1000,1000,1000,1000.000000,0,0,0,0,0.000000,0.000000,0.000000,0.000000,0.000000,0.000000,0.000000,0.000000,127,0.676000,1.380000,0.121000,0.456976,1.904400,0.014641,1,1,1.500000,-0.017882,0.259894,-0.099086,-0.000269,0.017910,0.000000,0.000000,0.000000,-0.010000,0.000000,0.017000,0.000000,0.000000,0.000000,0.000000,0.000000,0.000000,0.000000,0.000000,0.000000,0.000000,0.000000,0.000000,0.000000,0,0.000000,0.000000,0,0,0,0.000000,0.000000,0.000000,0.000000,0.000000,0.000000,0.000000,0.000000,0,0.000000,0.000000,0.000000,0.000000,0,0,0,0,0,0.000000,0.000000,0.000000,0.000000,0.000000,0.000000,0.000000,0.000000,0.000000,0,0.000000,0.000000,0.000000
20640,28.485468,100420.398438,-0.020000,19,1,1000,1000,1000,1000,1000.000000,0,0,0,0,0.000000,0.000000,0.000000,0.000000,0.000000,0.000000,0.000000,0.000000,103,0.674000,1.375000,0.143000,0.454276,1.890625,0.020449,1,1,1.500000,-0.017768,0.258179,-0.098355,-0.000059,0.017805,0.000000,0.000000,0.000000,0.007000,-0.013000,0.028000,0.000000,0.000000,0.000000,0.000000,0.000000,0.000000,0.000000,0.000000,0.000000,0.000000,0.000000,0.000000,0.000000,0,0.000000,0.000000,0,0,0,0.000000,0.000000,0.000000,0.000000,0.000000,0.000000,0.000000,0.000000,0,0.000000,0.000000,0.000000,0.000000,0,0,0,0,0,0.000000,0.000000,0.000000,0.000000,0.000000,0.000000,0.000000,0.000000,0.000000,0,0.000000,0.000000,0.000000
20749,28.479635,100418.101563,0.010000,0,1,1000,1000,1000,1000,1000.000000,0,0,0,0,0.000000,0.000000,0.000000,0.000000,0.000000,0.000000,0.000000,0.000000,88,0.672000,1.371000,0.132000,0.451584,1.879641,0.017424,1,1,1.500000,-0.017688,0.256454,-0.097678,-0.000256,0.017644,0.000000,0.000000,0.000000,0.023000,0.012000,0.023000,0.000000,0.000000,0.000000,0.000000,0.000000,0.000000,0.000000,0.000000,0.000000,0.000000,0.000000,0.000000,0.000000,0,0.000000,0.000000,0,0,0,0.000000,0.000000,0.000000,0.000000,0.000000,0.000000,0.000000,0.000000,0,0.000000,0.000000,0.000000,0.000000,0,0,0,0,0,0.000000,0.000000,0.000000,0.000000,0.000000,0.000000,0.000000,0.000000,0.000000,0,0.000000,0.000000,0.000000
20838,28.476463,100417.703125,0.040000,5,1,1000,1000,1000,1000,1000.000000,0,0,0,0,0.000000,0.000000,0.000000,0.000000,0.000000,0.000000,0.000000,0.000000,52,0.670000,1.367000,0.126000,0.448900,1.868689,0.015876,1,1,1.500000,-0.017592,0.254786,-0.096995,-0.000051,0.017891,0.000000,0.000000,0.000000,-0.001000,-0.006000,0.020000,0.000000,0.000000,0.000000,0.000000,0.000000,0.000000,0.000000,0.000000,0.000000,0.000000,0.000000,0.000000,0.000000,0,0.000000,0.000000,0,0,0,0.000000,0.000000,0.000000,0.000000,0.000000,0.000000,0.000000,0.000000,0,0.000000,0.000000,0.000000,0.000000,0,0,0,0,0,0.000000,0.000000,0.000000,0.000000,0.000000,0.000000,0.000000,0.000000,0.000000,0,0.000000,0.000000,0.000000
20941,28.479355,100420.203125,0.020000,22,1,1000,1000,1000,1000,1000.000000,0,0,0,0,0.000000,0.000000,0.000000,0.000000,0.000000,0.000000,0.000000,0.000000,32,0.668000,1.363000,0.137000,0.446224,1.857769,0.018769,1,1,1.500000,-0.017476,0.253180,-0.096308,-0.000028,0.017890,0.000000,0.000000,0.000000,0.012000,0.005000,0.019000,0.000000,0.000000,0.000000,0.000000,0.000000,0.000000,0.000000,0.000000,0.000000,0.000000,0.000000,0.000000,0.000000,0,0.000000,0.000000,0,0,0,0.000000,0.000000,0.000000,0.000000,0.000000,0.000000,0.000000,0.000000,0,0.000000,0.000000,0.000000,0.000000,0,0,0,0,0,0.000000,0.000000,0.000000,0.000000,0.000000,0.000000,0.000000,0.000000,0.000000,0,0.000000,0.000000,0.000000
21028,28.475885,100418.101563,0.030000,25,1,1000,1000,1000,1000,1000.000000,0,0,0,0,0.000000,0.000000,0.000000,0.000000,0.000000,0.000000,0.000000,0.000000,119,0.668000,1.363000,0.137000,0.446224,1.857769,0.018769,1,1,1.500000,-0.017476,0.253180,-0.096308,-0.000028,0.017890,0.000000,0.000000,0.000000,0.012000,0.005000,0.019000,0.000000,0.000000,0.000000,0.000000,0.000000,0.000000,0.000000,0.000000,0.000000,0.000000,0.000000,0.000000,0.000000,0,0.000000,0.000000,0,0,0,0.000000,0.000000,0.000000,0.000000,0.000000,0.000000,0.000000,0.000000,0,0.000000,0.000000,0.000000,0.000000,0,0,0,0,0,0.000000,0.000000,0.000000,0.000000,0.000000,0.000000,0.000000,0.000000,0.000000,0,0.000000,0.000000,0.000000
21131,28.482559,100420.601563,0.000000,0,1,1000,1000,1000,1000,1000.000000,0,0,0,0,0.000000,0.000000,0.000000,0.000000,0.000000,0.000000,0.000000,0.000000,95,0.665000,1.358000,0.133000,0.442225,1.844164,0.017689,1,1,1.500000,-0.017411,0.251592,-0.095620,-0.000087,0.017925,0.000000,0.000000,0.000000,0.008000,0.014000,0.020000,0.000000,0.000000,0.000000,0.000000,0.000000,0.000000,0.000000,0.000000,0.000000,0.000000,0.000000,0.000000,0.000000,0,0.000000,0.000000,0,0,0,0.000000,0.000000,0.000000,0.000000,0.000000,0.000000,0.000000,0.000000,0,0.000000,0.000000,0.000000,0.000000,0,0,0,0,0,0.000000,0.000000,0.000000,0.000000,0.000000,0.000000,0.000000,0.000000,0.000000,0,0.000000,0.000000,0.000000
21234,28.479162,100420.101563,-0.010000,19,1,1000,1000,1000,1000,1000.000000,0,0,0,0,0.000000,0.000000,0.000000,0.000000,0.000000,0.000000,0.000000,0.000000,66,0.663000,1.354000,0.141000,0.439569,1.833316,0.019881,1,1,1.500000,-0.017328,0.249984,-0.095008,-0.000273,0.017679,0.000000,0.000000,0.000000,0.011000,-0.004000,0.026000,0.000000,0.000000,0.000000,0.000000,0.000000,0.000000,0.000000,0.000000,0.000000,0.000000,0.000000,0.000000,0.000000,0,0.000000,0.000000,0,0,0,0.000000,0.000000,0.000000,0.000000,0.000000,0.000000,0.000000,0.000000,0,0.000000,0.000000,0.000000,0.000000,0,0,0,0,0,0.000000,0.000000,0.000000,0.000000,0.000000,0.000000,0.000000,0.000000,0.000000,0,0.000000,0.000000,0.000000
21341,28.474957,100420.398438,-0.010000,0,1,1000,1000,1000,1000,1000.000000,0,0,0,0,0.000000,0.000000,0.000000,0.000000,0.000000,0.000000,0.000000,0.000000,51,0.661000,1.350000,0.126000,0.436921,1.822500,0.015876,1,1,1.500000,-0.017284,0.248328,-0.094492,-0.000321,0.017562,0.000000,0.000000,0.000000,-0.003000,0.014000,0.018000,0.000000,0.000000,0.000000,0.000000,0.000000,0.000000,0.000000,0.000000,0.000000,0.000000,0.000000,0.000000,0.000000,0,0.000000,0.000000,0,0,0,0.000000,0.000000,0.000000,0.000000,0.000000,0.000000,0.000000,0.000000,0,0.000000,0.000000,0.000000,0.000000,0,0,0,0,0,0.000000,0.000000,0.000000,0.000000,0.000000,0.000000,0.000000,0.000000,0.000000,0,0.000000,0.000000,0.000000
21429,28.478970,100419.898438,-0.010000,1,1,1000,1000,1000,1000,1000.000000,0,0,0,0,0.000000,0.000000,0.000000,0.000000,0.000000,0.000000,0.000000,0.000000,20,0.659000,1.346000,0.140000,0.434281,1.811716,0.019600,1,1,1.500000,-0.017238,0.246749,-0.093994,-0.000341,0.017568,0.000000,0.000000,0.000000,0.014000,-0.009000,0.016000,0.000000,0.000000,0.000000,0.000000,0.000000,0.000000,0.000000,0.000000,0.000000,0.000000,0.000000,0.000000,0.000000,0,0.000000,0.000000,0,0,0,0.000000,0.000000,0.000000,0.000000,0.000000,0.000000,0.000000,0.000000,0,0.000000,0.000000,0.000000,0.000000,0,0,0,0,0,0.000000,0.000000,0.000000,0.000000,0.000000,0.000000,0.000000,0.000000,0.000000,0,0.000000,0.000000,0.000000
21532,28.476990,100420.703125,-0.030000,19,1,1000,1000,1000,1000,1000.000000,0,0,0,0,0.000000,0.000000,0.000000,0.000000,0.000000,0.000000,0.000000,0.000000,123,0.659000,1.346000,0.140000,0.434281,1.811716,0.019600,1,1,1.500000,-0.017238,0.246749,-0.093994,-0.000341,0.017568,0.000000,0.000000,0.000000,0.014000,-0.009000,0.016000,0.000000,0.000000,0.000000,0.000000,0.000000,0.000000,0.000000,0.000000,0.000000,0.000000,0.000000,0.000000,0.000000,0,0.000000,0.000000,0,0,0,0.000000,0.000000,0.000000,0.000000,0.000000,0.000000,0.000000,0.000000,0,0.000000,0.000000,0.000000,0.000000,0,0,0,0,0,0.000000,0.000000,0.000000,0.000000,0.000000,0.000000,0.000000,0.000000,0.000000,0,0.000000,0.000000,0.000000
21639,28.477358,100419.101563,-0.010000,0,1,1000,1000,1000,1000,1000.000000,0,0,0,0,0.000000,0.000000,0.000000,0.000000,0.000000,0.000000,0.000000,0.000000,102,0.657000,1.342000,0.117000,0.431649,1.800964,0.013689,1,1,1.500000,-0.017216,0.245247,-0.093430,-0.000366,0.017658,0.000000,0.000000,0.000000,-0.002000,0.009000,0.014000,0.000000,0.000000,0.000000,0.000000,0.000000,0.000000,0.000000,0.000000,0.000000,0.000000,0.000000,0.000000,0.000000,0,0.000000,0.000000,0,0,0,0.000000,0.000000,0.000000,0.000000,0.000000,0.000000,0.000000,0.000000,0,0.000000,0.000000,0.000000,0.000000,0,0,0,0,0,0.000000,0.000000,0.000000,0.000000,0.000000,0.000000,0.000000,0.000000,0.000000,0,0.000000,0.000000,0.000000
21745,28.478565,100419.500000,0.000000,20,1,1000,1000,1000,1000,1000.000000,0,0,0,0,0.000000,0.000000,0.000000,0.000000,0.000000,0.000000,0.000000,0.000000,84,0.655000,1.338000,0.139000,0.429025,1.790244,0.019321,1,1,1.500000,-0.017187,0.243782,-0.092895,-0.000367,0.017661,0.000000,0.000000,0.000000,0.011000,-0.004000,0.013000,0.000000,0.000000,0.000000,0.000000,0.000000,0.000000,0.000000,0.000000,0.000000,0.000000,0.000000,0.000000,0.000000,0,0.000000,0.000000,0,0,0,0.000000,0.000000,0.000000,0.000000,0.000000,0.000000,0.000000,0.000000,0,0.000000,0.000000,0.000000,0.000000,0,0,0,0,0,0.000000,0.000000,0.000000,0.000000,0.000000,0.000000,0.000000,0.000000,0.000000,0,0.000000,0.000000,0.000000
21830,28.475273,100419.304688,0.010000,19,1,1000,1000,1000,1000,1000.000000,0,0,0,0,0.000000,0.000000,0.000000,0.000000,0.000000,0.000000,0.000000,0.000000,44,0.653000,1.335000,0.138000,0.426409,1.782225,0.019044,1,1,1.500000,-0.017182,0.242319,-0.092419,-0.000526,0.017742,0.000000,0.000000,0.000000,0.018000,0.002000,0.022000,0.000000,0.000000,0.000000,0.000000,0.000000,0.000000,0.000000,0.000000,0.000000,0.000000,0.000000,0.000000,0.000000,0,0.000000,0.000000,0,0,0,0.000000,0.000000,0.000000,0.000000,0.000000,0.000000,0.000000,0.000000,0,0.000000,0.000000,0.000000,0.000000,0,0,0,0,0,0.000000,0.000000,0.000000,0.000000,0.000000,0.000000,0.000000,0.000000,0.000000,0,0.000000,0.000000,0.000000
21937,28.476236,100421.000000,0.010000,0,1,1000,1000,1000,1000,1000.000000,0,0,0,0,0.000000,0.000000,0.000000,0.000000,0.000000,0.000000,0.000000,0.000000,28,0.651000,1.331000,0.133000,0.423801,1.771561,0.017689,1,1,1.500000,-0.017166,0.240890,-0.091914,-0.000534,0.017747,0.000000,0.000000,0.000000,0.007000,0.007000,0.011000,0.000000,0.000000,0.000000,0.000000,0.000000,0.000000,0.000000,0.000000,0.000000,0.000000,0.000000,0.000000,0.000000,0,0.000000,0.000000,0,0,0,0.000000,0.000000,0.000000,0.000000,0.000000,0.000000,0.000000,0.000000,0,0.000000,0.000000,0.000000,0.000000,0,0,0,0,0,0.000000,0.000000,0.000000,0.000000,0.000000,0.000000,0.000000,0.000000,0.000000,0,0.000000,0.000000,0.000000
22040,28.479897,100420.703125,-0.010000,19,1,1000,1000,1000,1000,1000.000000,0,0,0,0,0.000000,0.000000,0.000000,0.000000,0.000000,0.000000,0.000000,0.000000,3,0.649000,1.328000,0.116000,0.421201,1.763584,0.013456,1,1,1.500000,-0.017145,0.239549,-0.091404,-0.000535,0.017747,0.000000,0.000000,0.000000,-0.001000,0.003000,0.013000,0.000000,0.000000,0.000000,0.000000,0.000000,0.000000,0.000000,0.000000,0.000000,0.000000,0.000000,0.000000,0.000000,0,0.000000,0.000000,0,0,0,0.000000,0.000000,0.000000,0.000000,0.000000,0.000000,0.000000,0.000000,0,0.000000,0.000000,0.000000,0.000000,0,0,0,0,0,0.000000,0.000000,0.000000,0.000000,0.000000,0.000000,0.000000,0.000000,0.000000,0,0.000000,0.000000,0.000000
22128,28.472557,100420.101563,-0.010000,23,1,1000,1000,1000,1000,1000.000000,0,0,0,0,0.000000,0.000000,0.000000,0.000000,0.000000,0.000000,0.000000,0.000000,91,0.649000,1.328000,0.116000,0.421201,1.763584,0.013456,1,1,1.500000,-0.017145,0.239549,-0.091404,-0.000535,0.017747,0.000000,0.000000,0.000000,-0.001000,0.003000,0.013000,0.000000,0.000000,0.000000,0.000000,0.000000,0.000000,0.000000,0.000000,0.000000,0.000000,0.000000,0.000000,0.000000,0,0.000000,0.000000,0,0,0,0.000000,0.000000,0.000000,0.000000,0.000000,0.000000,0.000000,0.000000,0,0.000000,0.000000,0.000000,0.000000,0,0,0,0,0,0.000000,0.000000,0.000000,0.000000,0.000000,0.000000,0.000000,0.000000,0.000000,0,0.000000,0.000000,0.000000
22231,28.472645,100420.398438,-0.010000,0,1,1000,1000,1000,1000,1000.000000,0,0,0,0,0.000000,0.000000,0.000000,0.000000,0.000000,0.000000,0.000000,0.000000,62,0.648000,1.324000,0.116000,0.419904,1.752976,0.013456,1,1,1.500000,-0.017067,0.238317,-0.090770,-0.000332,0.017776,0.000000,0.000000,0.000000,-0.003000,0.009000,0.005000,0.000000,0.000000,0.000000,0.000000,0.000000,0.000000,0.000000,0.000000,0.000000,0.000000,0.000000,0.000000,0.000000,0,0.000000,0.000000,0,0,0,0.000000,0.000000,0.000000,0.000000,0.000000,0.000000,0.000000,0.000000,0,0.000000,0.000000,0.000000,0.000000,0,0,0,0,0,0.000000,0.000000,0.000000,0.000000,0.000000,0.000000,0.000000,0.000000,0.000000,0,0.000000,0.000000,0.000000
22336,28.475466,100421.601563,-0.020000,19,1,1000,1000,1000,1000,1000.000000,0,0,0,0,0.000000,0.000000,0.000000,0.000000,0.000000,0.000000,0.000000,0.000000,46,0.646000,1.321000,0.129000,0.417316,1.745041,0.016641,1,1,1.500000,-0.016991,0.237118,-0.090165,-0.000297,0.017735,0.000000,0.000000,0.000000,-0.004000,-0.010000,-0.002000,0.000000,0.000000,0.000000,0.000000,0.000000,0.000000,0.000000,0.000000,0.000000,0.000000,0.000000,0.000000,0.000000,0,0.000000,0.000000,0,0,0,0.000000,0.000000,0.000000,0.000000,0.000000,0.000000,0.000000,0.000000,0,0.000000,0.000000,0.000000,0.000000,0,0,0,0,0,0.000000,0.000000,0.000000,0.000000,0.000000,0.000000,0.000000,0.000000,0.000000,0,0.000000,0.000000,0.000000
22443,28.472733,100419.398438,0.010000,0,1,1000,1000,1000,1000,1000.000000,0,0,0,0,0.000000,0.000000,0.000000,0.000000,0.000000,0.000000,0.000000,0.000000,33,0.644000,1.317000,0.112000,0.414736,1.734489,0.012544,1,1,1.500000,-0.016882,0.235870,-0.089614,-0.000237,0.017696,0.000000,0.000000,0.000000,0.018000,0.006000,-0.001000,0.000000,0.000000,0.000000,0.000000,0.000000,0.000000,0.000000,0.000000,0.000000,0.000000,0.000000,0.000000,0.000000,0,0.000000,0.000000,0,0,0,0.000000,0.000000,0.000000,0.000000,0.000000,0.000000,0.000000,0.000000,0,0.000000,0.000000,0.000000,0.000000,0,0,0,0,0,0.000000,0.000000,0.000000,0.000000,0.000000,0.000000,0.000000,0.000000,0.000000,0,0.000000,0.000000,0.000000
22527,28.476236,100421.898438,-0.010000,0,1,1000,1000,1000,1000,1000.000000,0,0,0,0,0.000000,0.000000,0.000000,0.000000,0.000000,0.000000,0.000000,0.000000,117,0.644000,1.317000,0.112000,0.414736,1.734489,0.012544,1,1,1.500000,-0.016882,0.235870,-0.089614,-0.000237,0.017696,0.000000,0.000000,0.000000,0.018000,0.006000,-0.001000,0.000000,0.000000,0.000000,0.000000,0.000000,0.000000,0.000000,0.000000,0.000000,0.000000,0.000000,0.000000,0.000000,0,0.000000,0.000000,0,0,0,0.000000,0.000000,0.000000,0.000000,0.000000,0.000000,0.000000,0.000000,0,0.000000,0.000000,0.000000,0.000000,0,0,0,0,0,0.000000,0.000000,0.000000,0.000000,0.000000,0.000000,0.000000,0.000000,0.000000,0,0.000000,0.000000,0.000000
22632,28.474291,100420.398438,-0.010000,19,1,1000,1000,1000,1000,1000.000000,0,0,0,0,0.000000,0.000000,0.000000,0.000000,0.000000,0.000000,0.000000,0.000000,95,0.643000,1.314000,0.123000,0.413449,1.726596,0.015129,1,1,1.500000,-0.016773,0.234691,-0.089075,-0.000230,0.018055,0.000000,0.000000,0.000000,-0.020000,0.016000,0.001000,0.000000,0.000000,0.000000,0.000000,0.000000,0.000000,0.000000,0.000000,0.000000,0.000000,0.000000,0.000000,0.000000,0,0.000000,0.000000,0,0,0,0.000000,0.000000,0.000000,0.000000,0.000000,0.000000,0.000000,0.000000,0,0.000000,0.000000,0.000000,0.000000,0,0,0,0,0,0.000000,0.000000,0.000000,0.000000,0.000000,0.000000,0.000000,0.000000,0.000000,0,0.000000,0.000000,0.000000
22741,28.470753,100420.304688,-0.020000,0,1,1000,1000,1000,1000,1000.000000,0,0,0,0,0.000000,0.000000,0.000000,0.000000,0.000000,0.000000,0.000000,0.000000,79,0.641000,1.311000,0.116000,0.410881,1.718721,0.013456,1,1,1.500000,-0.016670,0.233465,-0.088556,-0.000227,0.017706,0.000000,0.000000,0.000000,0.022000,0.004000,0.004000,0.000000,0.000000,0.000000,0.000000,0.000000,0.000000,0.000000,0.000000,0.000000,0.000000,0.000000,0.000000,0.000000,0,0.000000,0.000000,0,0,0,0.000000,0.000000,0.000000,0.000000,0.000000,0.000000,0.000000,0.000000,0,0.000000,0.000000,0.000000,0.000000,0,0,0,0,0,0.000000,0.000000,0.000000,0.000000,0.000000,0.000000,0.000000,0.000000,0.000000,0,0.000000,0.000000,0.000000
22831,28.472523,100420.703125,-0.030000,1,1,1000,1000,1000,1000,1000.000000,0,0,0,0,0.000000,0.000000,0.000000,0.000000,0.000000,0.000000,0.000000,0.000000,44,0.639000,1.307000,0.133000,0.408321,1.708249,0.017689,1,1,1.500000,-0.016589,0.232248,-0.088056,-0.000251,0.017768,0.000000,0.000000,0.000000,0.016000,-0.021000,0.007000,0.000000,0.000000,0.000000,0.000000,0.000000,0.000000,0.000000,0.000000,0.000000,0.000000,0.000000,0.000000,0.000000,0,0.000000,0.000000,0,0,0,0.000000,0.000000,0.000000,0.000000,0.000000,0.000000,0.000000,0.000000,0,0.000000,0.000000,0.000000,0.000000,0,0,0,0,0,0.000000,0.000000,0.000000,0.000000,0.000000,0.000000,0.000000,0.000000,0.000000,0,0.000000,0.000000,0.000000
22936,28.473783,100420.203125,-0.020000,20,1,1000,1000,1000,1000,1000.000000,0,0,0,0,0.000000,0.000000,0.000000,0.000000,0.000000,0.000000,0.000000,0.000000,24,0.638000,1.304000,0.131000,0.407044,1.700416,0.017161,1,1,1.500000,-0.016522,0.231017,-0.087576,-0.000251,0.017837,0.000000,0.000000,0.000000,0.003000,0.018000,0.006000,0.000000,0.000000,0.000000,0.000000,0.000000,0.000000,0.000000,0.000000,0.000000,0.000000,0.000000,0.000000,0.000000,0,0.000000,0.000000,0,0,0,0.000000,0.000000,0.000000,0.000000,0.000000,0.000000,0.000000,0.000000,0,0.000000,0.000000,0.000000,0.000000,0,0,0,0,0,0.000000,0.000000,0.000000,0.000000,0.000000,0.000000,0.000000,0.000000,0.000000,0,0.000000,0.000000,0.000000
23028,28.472347,100420.898438,-0.030000,26,1,1000,1000,1000,1000,1000.000000,0,0,0,0,0.000000,0.000000,0.000000,0.000000,0.000000,0.000000,0.000000,0.000000,116,0.638000,1.304000,0.131000,0.407044,1.700416,0.017161,1,1,1.500000,-0.016522,0.231017,-0.087576,-0.000251,0.017837,0.000000,0.000000,0.000000,0.003000,0.018000,0.006000,0.000000,0.000000,0.000000,0.000000,0.000000,0.000000,0.000000,0.000000,0.000000,0.000000,0.000000,0.000000,0.000000,0,0.000000,0.000000,0,0,0,0.000000,0.000000,0.000000,0.000000,0.000000,0.000000,0.000000,0.000000,0,0.000000,0.000000,0.000000,0.000000,0,0,0,0,0,0.000000,0.000000,0.000000,0.000000,0.000000,0.000000,0.000000,0.000000,0.000000,0,0.000000,0.000000,0.000000
23131,28.464411,100418.898438,-0.020000,0,1,1000,1000,1000,1000,1000.000000,0,0,0,0,0.000000,0.000000,0.000000,0.000000,0.000000,0.000000,0.000000,0.000000,94,0.636000,1.301000,0.108000,0.404496,1.692601,0.011664,1,1,1.500000,-0.016468,0.229766,-0.087115,-0.000255,0.017846,0.000000,0.000000,0.000000,-0.011000,0.004000,0.004000,0.000000,0.000000,0.000000,0.000000,0.000000,0.000000,0.000000,0.000000,0.000000,0.000000,0.000000,0.000000,0.000000,0,0.000000,0.000000,0,0,0,0.000000,0.000000,0.000000,0.000000,0.000000,0.000000,0.000000,0.000000,0,0.000000,0.000000,0.000000,0.000000,0,0,0,0,0,0.000000,0.000000,0.000000,0.000000,0.000000,0.000000,0.000000,0.000000,0.000000,0,0.000000,0.000000,0.000000
23237,28.469070,100419.304688,0.000000,20,1,1000,1000,1000,1000,1000.000000,0,0,0,0,0.000000,0.000000,0.000000,0.000000,0.000000,0.000000,0.000000,0.000000,68,0.634000,1.298000,0.118000,0.401956,1.684804,0.013924,1,1,1.500000,-0.016427,0.228509,-0.086728,-0.000102,0.017891,0.000000,0.000000,0.000000,0.026000,0.006000,0.007000,0.000000,0.000000,0.000000,0.000000,0.000000,0.000000,0.000000,0.000000,0.000000,0.000000,0.000000,0.000000,0.000000,0,0.000000,0.000000,0,0,0,0.000000,0.000000,0.000000,0.000000,0.000000,0.000000,0.000000,0.000000,0,0.000000,0.000000,0.000000,0.000000,0,0,0,0,0,0.000000,0.000000,0.000000,0.000000,0.000000,0.000000,0.000000,0.000000,0.000000,0,0.000000,0.000000,0.000000
23346,28.465498,100420.203125,0.020000,0,1,1000,1000,1000,1000,1000.000000,0,0,0,0,0.000000,0.000000,0.000000,0.000000,0.000000,0.000000,0.000000,0.000000,56,0.632000,1.295000,0.119000,0.399424,1.677025,0.014161,1,1,1.500000,-0.016400,0.227239,-0.086364,-0.000413,0.017362,0.000000,0.000000,0.000000,-0.006000,0.009000,0.010000,0.000000,0.000000,0.000000,0.000000,0.000000,0.000000,0.000000,0.000000,0.000000,0.000000,0.000000,0.000000,0.000000,0,0.000000,0.000000,0,0,0,0.000000,0.000000,0.000000,0.000000,0.000000,0.000000,0.000000,0.000000,0,0.000000,0.000000,0.000000,0.000000,0,0,0,0,0,0.000000,0.000000,0.000000,0.000000,0.000000,0.000000,0.000000,0.000000,0.000000,0,0.000000,0.000000,0.000000
23432,28.466881,100420.000000,0.030000,0,1,1000,1000,1000,1000,1000.000000,0,0,0,0,0.000000,0.000000,0.000000,0.000000,0.000000,0.000000,0.000000,0.000000,20,0.631000,1.292000,0.123000,0.398161,1.669264,0.015129,1,1,1.500000,-0.016363,0.226023,-0.085984,-0.000382,0.017447,0.000000,0.000000,0.000000,0.011000,-0.023000,-0.010000,0.000000,0.000000,0.000000,0.000000,0.000000,0.000000,0.000000,0.000000,0.000000,0.000000,0.000000,0.000000,0.000000,0,0.000000,0.000000,0,0,0,0.000000,0.000000,0.000000,0.000000,0.000000,0.000000,0.000000,0.000000,0,0.000000,0.000000,0.000000,0.000000,0,0,0,0,0,0.000000,0.000000,0.000000,0.000000,0.000000,0.000000,0.000000,0.000000,0.000000,0,0.000000,0.000000,0.000000
23538,28.467775,100420.398438,0.020000,20,1,1000,1000,1000,1000,1000.000000,0,0,0,0,0.000000,0.000000,0.000000,0.000000,0.000000,0.000000,0.000000,0.000000,0,0.629000,1.289000,0.110000,0.395641,1.661521,0.012100,1,1,1.500000,-0.016312,0.224823,-0.085602,-0.000202,0.017300,0.000000,0.000000,0.000000,0.001000,0.003000,-0.001000,0.000000,0.000000,0.000000,0.000000,0.000000,0.000000,0.000000,0.000000,0.000000,0.000000,0.000000,0.000000,0.000000,0,0.000000,0.000000,0,0,0,0.000000,0.000000,0.000000,0.000000,0.000000,0.000000,0.000000,0.000000,0,0.000000,0.000000,0.000000,0.000000,0,0,0,0,0,0.000000,0.000000,0.000000,0.000000,0.000000,0.000000,0.000000,0.000000,0.000000,0,0.000000,0.000000,0.000000
23628,28.459751,100418.804688,0.030000,24,1,1000,1000,1000,1000,1000.000000,0,0,0,0,0.000000,0.000000,0.000000,0.000000,0.000000,0.000000,0.000000,0.000000,90,0.629000,1.289000,0.110000,0.395641,1.661521,0.012100,1,1,1.500000,-0.016312,0.224823,-0.085602,-0.000202,0.017300,0.000000,0.000000,0.000000,0.001000,0.003000,-0.001000,0.000000,0.000000,0.000000,0.000000,0.000000,0.000000,0.000000,0.000000,0.000000,0.000000,0.000000,0.000000,0.000000,0,0.000000,0.000000,0,0,0,0.000000,0.000000,0.000000,0.000000,0.000000,0.000000,0.000000,0.000000,0,0.000000,0.000000,0.000000,0.000000,0,0,0,0,0,0.000000,0.000000,0.000000,0.000000,0.000000,0.000000,0.000000,0.000000,0.000000,0,0.000000,0.000000,0.000000
23735,28.463308,100419.898438,0.030000,2,1,1000,1000,1000,1000,1000.000000,0,0,0,0,0.000000,0.000000,0.000000,0.000000,0.000000,0.000000,0.000000,0.000000,73,0.627000,1.286000,0.124000,0.393129,1.653796,0.015376,1,1,1.500000,-0.016265,0.223642,-0.085245,-0.000169,0.017253,0.000000,0.000000,0.000000,-0.018000,0.014000,-0.003000,0.000000,0.000000,0.000000,0.000000,0.000000,0.000000,0.000000,0.000000,0.000000,0.000000,0.000000,0.000000,0.000000,0,0.000000,0.000000,0,0,0,0.000000,0.000000,0.000000,0.000000,0.000000,0.000000,0.000000,0.000000,0,0.000000,0.000000,0.000000,0.000000,0,0,0,0,0,0.000000,0.000000,0.000000,0.000000,0.000000,0.000000,0.000000,0.000000,0.000000,0,0.000000,0.000000,0.000000
23839,28.463745,100419.898438,0.030000,20,1,1000,1000,1000,1000,1000.000000,0,0,0,0,0.000000,0.000000,0.000000,0.000000,0.000000,0.000000,0.000000,0.000000,52,0.626000,1.283000,0.124000,0.391876,1.646089,0.015376,1,1,1.500000,-0.016242,0.222459,-0.084905,-0.000414,0.017116,0.000000,0.000000,0.000000,0.021000,-0.012000,0.006000,0.000000,0.000000,0.000000,0.000000,0.000000,0.000000,0.000000,0.000000,0.000000,0.000000,0.000000,0.000000,0.000000,0,0.000000,0.000000,0,0,0,0.000000,0.000000,0.000000,0.000000,0.000000,0.000000,0.000000,0.000000,0,0.000000,0.000000,0.000000,0.000000,0,0,0,0,0,0.000000,0.000000,0.000000,0.000000,0.000000,0.000000,0.000000,0.000000,0.000000,0,0.000000,0.000000,0.000000
23948,28.462748,100419.703125,0.030000,0,1,1000,1000,1000,1000,1000.000000,0,0,0,0,0.000000,0.000000,0.000000,0.000000,0.000000,0.000000,0.000000,0.000000,36,0.624000,1.280000,0.127000,0.389376,1.638400,0.016129,1,1,1.500000,-0.016199,0.221302,-0.084519,-0.000387,0.017164,0.000000,0.000000,0.000000,0.008000,0.017000,0.008000,0.000000,0.000000,0.000000,0.000000,0.000000,0.000000,0.000000,0.000000,0.000000,0.000000,0.000000,0.000000,0.000000,0,0.000000,0.000000,0,0,0,0.000000,0.000000,0.000000,0.000000,0.000000,0.000000,0.000000,0.000000,0,0.000000,0.000000,0.000000,0.000000,0,0,0,0,0,0.000000,0.000000,0.000000,0.000000,0.000000,0.000000,0.000000,0.000000,0.000000,0,0.000000,0.000000,0.000000
24034,28.459244,100417.898438,0.040000,0,1,1000,1000,1000,1000,1000.000000,0,0,0,0,0.000000,0.000000,0.000000,0.000000,0.000000,0.000000,0.000000,0.000000,122,0.624000,1.280000,0.127000,0.389376,1.638400,0.016129,1,1,1.500000,-0.016199,0.221302,-0.084519,-0.000387,0.017164,0.000000,0.000000,0.000000,0.008000,0.017000,0.008000,0.000000,0.000000,0.000000,0.000000,0.000000,0.000000,0.000000,0.000000,0.000000,0.000000,0.000000,0.000000,0.000000,0,0.000000,0.000000,0,0,0,0.000000,0.000000,0.000000,0.000000,0.000000,0.000000,0.000000,0.000000,0,0.000000,0.000000,0.000000,0.000000,0,0,0,0,0,0.000000,0.000000,0.000000,0.000000,0.000000,0.000000,0.000000,0.000000,0.000000,0,0.000000,0.000000,0.000000
24143,28.459209,100419.101563,0.030000,23,1,1000,1000,1000,1000,1000.000000,0,0,0,0,0.000000,0.000000,0.000000,0.000000,0.000000,0.000000,0.000000,0.000000,106,0.623000,1.277000,0.119000,0.388129,1.630729,0.014161,1,1,1.500000,-0.016159,0.220176,-0.084142,-0.000406,0.017155,0.000000,0.000000,0.000000,-0.004000,-0.009000,0.007000,0.000000,0.000000,0.000000,0.000000,0.000000,0.000000,0.000000,0.000000,0.000000,0.000000,0.000000,0.000000,0.000000,0,0.000000,0.000000,0,0,0,0.000000,0.000000,0.000000,0.000000,0.000000,0.000000,0.000000,0.000000,0,0.000000,0.000000,0.000000,0.000000,0,0,0,0,0,0.000000,0.000000,0.000000,0.000000,0.000000,0.000000,0.000000,0.000000,0.000000,0,0.000000,0.000000,0.000000
24228,28.458368,100419.203125,0.040000,22,1,1000,1000,1000,1000,1000.000000,0,0,0,0,0.000000,0.000000,0.000000,0.000000,0.000000,0.000000,0.000000,0.000000,59,0.621000,1.274000,0.122000,0.385641,1.623076,0.014884,1,1,1.500000,-0.016121,0.219056,-0.083791,-0.000406,0.017155,0.000000,0.000000,0.000000,0.021000,0.004000,0.010000,0.000000,0.000000,0.000000,0.000000,0.000000,0.000000,0.000000,0.000000,0.000000,0.000000,0.000000,0.000000,0.000000,0,0.000000,0.000000,0,0,0,0.000000,0.000000,0.000000,0.000000,0.000000,0.000000,0.000000,0.000000,0,0.000000,0.000000,0.000000,0.000000,0,0,0,0,0,0.000000,0.000000,0.000000,0.000000,0.000000,0.000000,0.000000,0.000000,0.000000,0,0.000000,0.000000,0.000000
24335,28.457773,100419.000000,0.030000,0,1,1000,1000,1000,1000,1000.000000,0,0,0,0,0.000000,0.000000,0.000000,0.000000,0.000000,0.000000,0.000000,0.000000,44,0.620000,1.272000,0.114000,0.384400,1.617984,0.012996,1,1,1.500000,-0.016077,0.217954,-0.083425,-0.000381,0.017191,0.000000,0.000000,0.000000,-0.003000,-0.004000,-0.001000,0.000000,0.000000,0.000000,0.000000,0.000000,0.000000,0.000000,0.000000,0.000000,0.000000,0.000000,0.000000,0.000000,0,0.000000,0.000000,0,0,0,0.000000,0.000000,0.000000,0.000000,0.000000,0.000000,0.000000,0.000000,0,0.000000,0.000000,0.000000,0.000000,0,0,0,0,0,0.000000,0.000000,0.000000,0.000000,0.000000,0.000000,0.000000,0.000000,0.000000,0,0.000000,0.000000,0.000000
24441,28.454638,100419.000000,0.030000,20,1,1000,1000,1000,1000,1000.000000,0,0,0,0,0.000000,0.000000,0.000000,0.000000,0.000000,0.000000,0.000000,0.000000,28,0.618000,1.269000,0.125000,0.381924,1.610361,0.015625,1,1,1.500000,-0.016019,0.216878,-0.083062,-0.000192,0.017343,0.000000,0.000000,0.000000,-0.003000,0.005000,-0.004000,0.000000,0.000000,0.000000,0.000000,0.000000,0.000000,0.000000,0.000000,0.000000,0.000000,0.000000,0.000000,0.000000,0,0.000000,0.000000,0,0,0,0.000000,0.000000,0.000000,0.000000,0.000000,0.000000,0.000000,0.000000,0,0.000000,0.000000,0.000000,0.000000,0,0,0,0,0,0.000000,0.000000,0.000000,0.000000,0.000000,0.000000,0.000000,0.000000,0.000000,0,0.000000,0.000000,0.000000
24527,28.457737,100421.000000,0.010000,20,1,1000,1000,1000,1000,1000.000000,0,0,0,0,0.000000,0.000000,0.000000,0.000000,0.000000,0.000000,0.000000,0.000000,114,0.618000,1.269000,0.125000,0.381924,1.610361,0.015625,1,1,1.500000,-0.016019,0.216878,-0.083062,-0.000192,0.017343,0.000000,0.000000,0.000000,-0.003000,0.005000,-0.004000,0.000000,0.000000,0.000000,0.000000,0.000000,0.000000,0.000000,0.000000,0.000000,0.000000,0.000000,0.000000,0.000000,0,0.000000,0.000000,0,0,0,0.000000,0.000000,0.000000,0.000000,0.000000,0.000000,0.000000,0.000000,0,0.000000,0.000000,0.000000,0.000000,0,0,0,0,0,0.000000,0.000000,0.000000,0.000000,0.000000,0.000000,0.000000,0.000000,0.000000,0,0.000000,0.000000,0.000000
24636,28.457947,100420.703125,0.010000,0,1,1000,1000,1000,1000,1000.000000,0,0,0,0,0.000000,0.000000,0.000000,0.000000,0.000000,0.000000,0.000000,0.000000,99,0.617000,1.266000,0.122000,0.380689,1.602756,0.014884,1,1,1.500000,-0.015949,0.215832,-0.082683,-0.000188,0.017348,0.000000,0.000000,0.000000,0.000000,-0.006000,-0.004000,0.000000,0.000000,0.000000,0.000000,0.000000,0.000000,0.000000,0.000000,0.000000,0.000000,0.000000,0.000000,0.000000,0,0.000000,0.000000,0,0,0,0.000000,0.000000,0.000000,0.000000,0.000000,0.000000,0.000000,0.000000,0,0.000000,0.000000,0.000000,0.000000,0,0,0,0,0,0.000000,0.000000,0.000000,0.000000,0.000000,0.000000,0.000000,0.000000,0.000000,0,0.000000,0.000000,0.000000
24742,28.454094,100419.101563,0.030000,20,1,1000,1000,1000,1000,1000.000000,0,0,0,0,0.000000,0.000000,0.000000,0.000000,0.000000,0.000000,0.000000,0.000000,80,0.615000,1.264000,0.121000,0.378225,1.597696,0.014641,1,1,1.500000,-0.015886,0.214782,-0.082324,-0.000188,0.017348,0.000000,0.000000,0.000000,-0.002000,0.006000,-0.001000,0.000000,0.000000,0.000000,0.000000,0.000000,0.000000,0.000000,0.000000,0.000000,0.000000,0.000000,0.000000,0.000000,0,0.000000,0.000000,0,0,0,0.000000,0.000000,0.000000,0.000000,0.000000,0.000000,0.000000,0.000000,0,0.000000,0.000000,0.000000,0.000000,0,0,0,0,0,0.000000,0.000000,0.000000,0.000000,0.000000,0.000000,0.000000,0.000000,0.000000,0,0.000000,0.000000,0.000000
24828,28.455757,100419.000000,0.030000,20,1,1000,1000,1000,1000,1000.000000,0,0,0,0,0.000000,0.000000,0.000000,0.000000,0.000000,0.000000,0.000000,0.000000,42,0.614000,1.261000,0.133000,0.376996,1.590121,0.017689,1,1,1.500000,-0.015808,0.213781,-0.081919,-0.000188,0.017404,0.000000,0.000000,0.000000,0.002000,-0.010000,0.001000,0.000000,0.000000,0.000000,0.000000,0.000000,0.000000,0.000000,0.000000,0.000000,0.000000,0.000000,0.000000,0.000000,0,0.000000,0.000000,0,0,0,0.000000,0.000000,0.000000,0.000000,0.000000,0.000000,0.000000,0.000000,0,0.000000,0.000000,0.000000,0.000000,0,0,0,0,0,0.000000,0.000000,0.000000,0.000000,0.000000,0.000000,0.000000,0.000000,0.000000,0,0.000000,0.000000,0.000000
24937,28.457790,100419.500000,0.030000,0,1,1000,1000,1000,1000,1000.000000,0,0,0,0,0.000000,0.000000,0.000000,0.000000,0.000000,0.000000,0.000000,0.000000,24,0.612000,1.258000,0.124000,0.374544,1.582564,0.015376,1,1,1.500000,-0.015726,0.212795,-0.081498,-0.000189,0.017389,0.000000,0.000000,0.000000,0.010000,0.013000,-0.003000,0.000000,0.000000,0.000000,0.000000,0.000000,0.000000,0.000000,0.000000,0.000000,0.000000,0.000000,0.000000,0.000000,0,0.000000,0.000000,0,0,0,0.000000,0.000000,0.000000,0.000000,0.000000,0.000000,0.000000,0.000000,0,0.000000,0.000000,0.000000,0.000000,0,0,0,0,0,0.000000,0.000000,0.000000,0.000000,0.000000,0.000000,0.000000,0.000000,0.000000,0,0.000000,0.000000,0.000000
25043,28.453480,100419.000000,0.030000,20,1,1000,1000,1000,1000,1000.000000,0,0,0,0,0.000000,0.000000,0.000000,0.000000,0.000000,0.000000,0.000000,0.000000,5,0.611000,1.256000,0.137000,0.373321,1.577536,0.018769,1,1,1.500000,-0.015662,0.211802,-0.081144,-0.000188,0.017405,0.000000,0.000000,0.000000,0.009000,0.005000,0.018000,0.000000,0.000000,0.000000,0.000000,0.000000,0.000000,0.000000,0.000000,0.000000,0.000000,0.000000,0.000000,0.000000,0,0.000000,0.000000,0,0,0,0.000000,0.000000,0.000000,0.000000,0.000000,0.000000,0.000000,0.000000,0,0.000000,0.000000,0.000000,0.000000,0,0,0,0,0,0.000000,0.000000,0.000000,0.000000,0.000000,0.000000,0.000000,0.000000,0.000000,0,0.000000,0.000000,0.000000
25128,28.458017,100420.101563,0.020000,20,1,1000,1000,1000,1000,1000.000000,0,0,0,0,0.000000,0.000000,0.000000,0.000000,0.000000,0.000000,0.000000,0.000000,90,0.611000,1.256000,0.137000,0.373321,1.577536,0.018769,1,1,1.500000,-0.015662,0.211802,-0.081144,-0.000188,0.017405,0.000000,0.000000,0.000000,0.009000,0.005000,0.018000,0.000000,0.000000,0.000000,0.000000,0.000000,0.000000,0.000000,0.000000,0.000000,0.000000,0.000000,0.000000,0.000000,0,0.000000,0.000000,0,0,0,0.000000,0.000000,0.000000,0.000000,0.000000,0.000000,0.000000,0.000000,0,0.000000,0.000000,0.000000,0.000000,0,0,0,0,0,0.000000,0.000000,0.000000,0.000000,0.000000,0.000000,0.000000,0.000000,0.000000,0,0.000000,0.000000,0.000000
25236,28.454321,100419.804688,0.020000,2,1,1000,1000,1000,1000,1000.000000,0,0,0,0,0.000000,0.000000,0.000000,0.000000,0.000000,0.000000,0.000000,0.000000,66,0.609000,1.253000,0.130000,0.370881,1.570009,0.016900,1,1,1.500000,-0.015589,0.210821,-0.080767,-0.000189,0.017389,0.000000,0.000000,0.000000,-0.006000,-0.011000,0.008000,0.000000,0.000000,0.000000,0.000000,0.000000,0.000000,0.000000,0.000000,0.000000,0.000000,0.000000,0.000000,0.000000,0,0.000000,0.000000,0,0,0,0.000000,0.000000,0.000000,0.000000,0.000000,0.000000,0.000000,0.000000,0,0.000000,0.000000,0.000000,0.000000,0,0,0,0,0,0.000000,0.000000,0.000000,0.000000,0.000000,0.000000,0.000000,0.000000,0.000000,0,0.000000,0.000000,0.000000
25339,28.453936,100420.304688,0.010000,19,1,1000,1000,1000,1000,1000.000000,0,0,0,0,0.000000,0.000000,0.000000,0.000000,0.000000,0.000000,0.000000,0.000000,55,0.608000,1.251000,0.121000,0.369664,1.565001,0.014641,1,1,1.500000,-0.015518,0.209887,-0.080397,-0.000343,0.017469,0.000000,0.000000,0.000000,0.003000,0.002000,0.003000,0.000000,0.000000,0.000000,0.000000,0.000000,0.000000,0.000000,0.000000,0.000000,0.000000,0.000000,0.000000,0.000000,0,0.000000,0.000000,0,0,0,0.000000,0.000000,0.000000,0.000000,0.000000,0.000000,0.000000,0.000000,0,0.000000,0.000000,0.000000,0.000000,0,0,0,0,0,0.000000,0.000000,0.000000,0.000000,0.000000,0.000000,0.000000,0.000000,0.000000,0,0.000000,0.000000,0.000000
25446,28.450888,100420.000000,0.000000,0,1,1000,1000,1000,1000,1000.000000,0,0,0,0,0.000000,0.000000,0.000000,0.000000,0.000000,0.000000,0.000000,0.000000,34,0.607000,1.249000,0.130000,0.368449,1.560001,0.016900,1,1,1.500000,-0.015469,0.208949,-0.080093,-0.000386,0.017417,0.000000,0.000000,0.000000,0.005000,0.011000,0.009000,0.000000,0.000000,0.000000,0.000000,0.000000,0.000000,0.000000,0.000000,0.000000,0.000000,0.000000,0.000000,0.000000,0,0.000000,0.000000,0,0,0,0.000000,0.000000,0.000000,0.000000,0.000000,0.000000,0.000000,0.000000,0,0.000000,0.000000,0.000000,0.000000,0,0,0,0,0,0.000000,0.000000,0.000000,0.000000,0.000000,0.000000,0.000000,0.000000,0.000000,0,0.000000,0.000000,0.000000
25530,28.450556,100420.101563,0.010000,0,1,1000,1000,1000,1000,1000.000000,0,0,0,0,0.000000,0.000000,0.000000,0.000000,0.000000,0.000000,0.000000,0.000000,118,0.607000,1.249000,0.130000,0.368449,1.560001,0.016900,1,1,1.500000,-0.015469,0.208949,-0.080093,-0.000386,0.017417,0.000000,0.000000,0.000000,0.005000,0.011000,0.009000,0.000000,0.000000,0.000000,0.000000,0.000000,0.000000,0.000000,0.000000,0.000000,0.000000,0.000000,0.000000,0.000000,0,0.000000,0.000000,0,0,0,0.000000,0.000000,0.000000,0.000000,0.000000,0.000000,0.000000,0.000000,0,0.000000,0.000000,0.000000,0.000000,0,0,0,0,0,0.000000,0.000000,0.000000,0.000000,0.000000,0.000000,0.000000,0.000000,0.000000,0,0.000000,0.000000,0.000000
25634,28.454742,100421.000000,0.010000,20,1,1000,1000,1000,1000,1000.000000,0,0,0,0,0.000000,0.000000,0.000000,0.000000,0.000000,0.000000,0.000000,0.000000,97,0.605000,1.246000,0.130000,0.366025,1.552516,0.016900,1,1,1.500000,-0.015411,0.208018,-0.079753,-0.000251,0.017342,0.000000,0.000000,0.000000,0.027000,-0.008000,0.015000,0.000000,0.000000,0.000000,0.000000,0.000000,0.000000,0.000000,0.000000,0.000000,0.000000,0.000000,0.000000,0.000000,0,0.000000,0.000000,0,0,0,0.000000,0.000000,0.000000,0.000000,0.000000,0.000000,0.000000,0.000000,0,0.000000,0.000000,0.000000,0.000000,0,0,0,0,0,0.000000,0.000000,0.000000,0.000000,0.000000,0.000000,0.000000,0.000000,0.000000,0,0.000000,0.000000,0.000000
25742,28.450958,100419.398438,-0.010000,0,1,1000,1000,1000,1000,1000.000000,0,0,0,0,0.000000,0.000000,0.000000,0.000000,0.000000,0.000000,0.000000,0.000000,80,0.604000,1.244000,0.127000,0.364816,1.547536,0.016129,1,1,1.500000,-0.015364,0.207098,-0.079462,-0.000295,0.017358,0.000000,0.000000,0.000000,-0.016000,-0.028000,0.011000,0.000000,0.000000,0.000000,0.000000,0.000000,0.000000,0.000000,0.000000,0.000000,0.000000,0.000000,0.000000,0.000000,0,0.000000,0.000000,0,0,0,0.000000,0.000000,0.000000,0.000000,0.000000,0.000000,0.000000,0.000000,0,0.000000,0.000000,0.000000,0.000000,0,0,0,0,0,0.000000,0.000000,0.000000,0.000000,0.000000,0.000000,0.000000,0.000000,0.000000,0,0.000000,0.000000,0.000000
25830,28.448891,100419.101563,0.000000,1,1,1000,1000,1000,1000,1000.000000,0,0,0,0,0.000000,0.000000,0.000000,0.000000,0.000000,0.000000,0.000000,0.000000,45,0.603000,1.242000,0.131000,0.363609,1.542564,0.017161,1,1,1.500000,-0.015302,0.206201,-0.079144,-0.000209,0.017394,0.000000,0.000000,0.000000,0.005000,0.033000,-0.001000,0.000000,0.000000,0.000000,0.000000,0.000000,0.000000,0.000000,0.000000,0.000000,0.000000,0.000000,0.000000,0.000000,0,0.000000,0.000000,0,0,0,0.000000,0.000000,0.000000,0.000000,0.000000,0.000000,0.000000,0.000000,0,0.000000,0.000000,0.000000,0.000000,0,0,0,0,0,0.000000,0.000000,0.000000,0.000000,0.000000,0.000000,0.000000,0.000000,0.000000,0,0.000000,0.000000,0.000000
25934,28.447874,100418.898438,0.010000,20,1,1000,1000,1000,1000,1000.000000,0,0,0,0,0.000000,0.000000,0.000000,0.000000,0.000000,0.000000,0.000000,0.000000,21,0.601000,1.241000,0.129000,0.361201,1.540081,0.016641,1,1,1.500000,-0.015223,0.205329,-0.078989,-0.000031,0.017414,0.000000,0.000000,0.000000,0.009000,0.003000,0.006000,0.000000,0.000000,0.000000,0.000000,0.000000,0.000000,0.000000,0.000000,0.000000,0.000000,0.000000,0.000000,0.000000,0,0.000000,0.000000,0,0,0,0.000000,0.000000,0.000000,0.000000,0.000000,0.000000,0.000000,0.000000,0,0.000000,0.000000,0.000000,0.000000,0,0,0,0,0,0.000000,0.000000,0.000000,0.000000,0.000000,0.000000,0.000000,0.000000,0.000000,0,0.000000,0.000000,0.000000
26042,28.446877,100417.500000,0.020000,0,1,1000,1000,1000,1000,1000.000000,0,0,0,0,0.000000,0.000000,0.000000,0.000000,0.000000,0.000000,0.000000,0.000000,2,0.600000,1.238000,0.123000,0.360000,1.532644,0.015129,1,1,1.500000,-0.015163,0.204467,-0.078605,-0.000193,0.017626,0.000000,0.000000,0.000000,0.005000,-0.011000,-0.005000,0.000000,0.000000,0.000000,0.000000,0.000000,0.000000,0.000000,0.000000,0.000000,0.000000,0.000000,0.000000,0.000000,0,0.000000,0.000000,0,0,0,0.000000,0.000000,0.000000,0.000000,0.000000,0.000000,0.000000,0.000000,0,0.000000,0.000000,0.000000,0.000000,0,0,0,0,0,0.000000,0.000000,0.000000,0.000000,0.000000,0.000000,0.000000,0.000000,0.000000,0,0.000000,0.000000,0.000000
26131,28.450029,100420.203125,0.020000,0,1,1000,1000,1000,1000,1000.000000,0,0,0,0,0.000000,0.000000,0.000000,0.000000,0.000000,0.000000,0.000000,0.000000,91,0.600000,1.238000,0.123000,0.360000,1.532644,0.015129,1,1,1.500000,-0.015163,0.204467,-0.078605,-0.000193,0.017626,0.000000,0.000000,0.000000,0.005000,-0.011000,-0.005000,0.000000,0.000000,0.000000,0.000000,0.000000,0.000000,0.000000,0.000000,0.000000,0.000000,0.000000,0.000000,0.000000,0,0.000000,0.000000,0,0,0,0.000000,0.000000,0.000000,0.000000,0.000000,0.000000,0.000000,0.000000,0,0.000000,0.000000,0.000000,0.000000,0,0,0,0,0,0.000000,0.000000,0.000000,0.000000,0.000000,0.000000,0.000000,0.000000,0.000000,0,0.000000,0.000000,0.000000
26235,28.450712,100420.000000,0.010000,19,1,1000,1000,1000,1000,1000.000000,0,0,0,0,0.000000,0.000000,0.000000,0.000000,0.000000,0.000000,0.000000,0.000000,65,0.599000,1.236000,0.138000,0.358801,1.527696,0.019044,1,1,1.500000,-0.015109,0.203598,-0.078295,-0.000107,0.017641,0.000000,0.000000,0.000000,0.014000,-0.017000,0.013000,0.000000,0.000000,0.000000,0.000000,0.000000,0.000000,0.000000,0.000000,0.000000,0.000000,0.000000,0.000000,0.000000,0,0.000000,0.000000,0,0,0,0.000000,0.000000,0.000000,0.000000,0.000000,0.000000,0.000000,0.000000,0,0.000000,0.000000,0.000000,0.000000,0,0,0,0,0,0.000000,0.000000,0.000000,0.000000,0.000000,0.000000,0.000000,0.000000,0.000000,0,0.000000,0.000000,0.000000
26342,28.447191,100419.000000,0.010000,0,1,1000,1000,1000,1000,1000.000000,0,0,0,0,0.000000,0.000000,0.000000,0.000000,0.000000,0.000000,0.000000,0.000000,57,0.597000,1.234000,0.129000,0.356409,1.522756,0.016641,1,1,1.500000,-0.015051,0.202763,-0.077978,-0.000139,0.017585,0.000000,0.000000,0.000000,-0.002000,0.021000,0.006000,0.000000,0.000000,0.000000,0.000000,0.000000,0.000000,0.000000,0.000000,0.000000,0.000000,0.000000,0.000000,0.000000,0,0.000000,0.000000,0,0,0,0.000000,0.000000,0.000000,0.000000,0.000000,0.000000,0.000000,0.000000,0,0.000000,0.000000,0.000000,0.000000,0,0,0,0,0,0.000000,0.000000,0.000000,0.000000,0.000000,0.000000,0.000000,0.000000,0.000000,0,0.000000,0.000000,0.000000
26430,28.443899,100419.101563,0.020000,1,1,1000,1000,1000,1000,1000.000000,0,0,0,0,0.000000,0.000000,0.000000,0.000000,0.000000,0.000000,0.000000,0.000000,17,0.596000,1.232000,0.141000,0.355216,1.517824,0.019881,1,1,1.500000,-0.015001,0.201912,-0.077667,-0.000162,0.017571,0.000000,0.000000,0.000000,0.017000,-0.013000,0.022000,0.000000,0.000000,0.000000,0.000000,0.000000,0.000000,0.000000,0.000000,0.000000,0.000000,0.000000,0.000000,0.000000,0,0.000000,0.000000,0,0,0,0.000000,0.000000,0.000000,0.000000,0.000000,0.000000,0.000000,0.000000,0,0.000000,0.000000,0.000000,0.000000,0,0,0,0,0,0.000000,0.000000,0.000000,0.000000,0.000000,0.000000,0.000000,0.000000,0.000000,0,0.000000,0.000000,0.000000
26533,28.443390,100418.500000,0.030000,19,1,1000,1000,1000,1000,1000.000000,0,0,0,0,0.000000,0.000000,0.000000,0.000000,0.000000,0.000000,0.000000,0.000000,120,0.596000,1.232000,0.141000,0.355216,1.517824,0.019881,1,1,1.500000,-0.015001,0.201912,-0.077667,-0.000162,0.017571,0.000000,0.000000,0.000000,0.017000,-0.013000,0.022000,0.000000,0.000000,0.000000,0.000000,0.000000,0.000000,0.000000,0.000000,0.000000,0.000000,0.000000,0.000000,0.000000,0,0.000000,0.000000,0,0,0,0.000000,0.000000,0.000000,0.000000,0.000000,0.000000,0.000000,0.000000,0,0.000000,0.000000,0.000000,0.000000,0,0,0,0,0,0.000000,0.000000,0.000000,0.000000,0.000000,0.000000,0.000000,0.000000,0.000000,0,0.000000,0.000000,0.000000
26640,28.446667,100421.000000,0.000000,0,1,1000,1000,1000,1000,1000.000000,0,0,0,0,0.000000,0.000000,0.000000,0.000000,0.000000,0.000000,0.000000,0.000000,102,0.595000,1.229000,0.123000,0.354025,1.510441,0.015129,1,1,1.500000,-0.014959,0.201075,-0.077368,-0.000162,0.017570,0.000000,0.000000,0.000000,-0.009000,0.020000,0.013000,0.000000,0.000000,0.000000,0.000000,0.000000,0.000000,0.000000,0.000000,0.000000,0.000000,0.000000,0.000000,0.000000,0,0.000000,0.000000,0,0,0,0.000000,0.000000,0.000000,0.000000,0.000000,0.000000,0.000000,0.000000,0,0.000000,0.000000,0.000000,0.000000,0,0,0,0,0,0.000000,0.000000,0.000000,0.000000,0.000000,0.000000,0.000000,0.000000,0.000000,0,0.000000,0.000000,0.000000
26743,28.445528,100419.101563,0.000000,19,1,1000,1000,1000,1000,1000.000000,0,0,0,0,0.000000,0.000000,0.000000,0.000000,0.000000,0.000000,0.000000,0.000000,81,0.594000,1.227000,0.136000,0.352836,1.505529,0.018496,1,1,1.500000,-0.014901,0.200266,-0.076999,-0.000158,0.018272,0.000000,0.000000,0.000000,0.003000,-0.027000,0.001000,0.000000,0.000000,0.000000,0.000000,0.000000,0.000000,0.000000,0.000000,0.000000,0.000000,0.000000,0.000000,0.000000,0,0.000000,0.000000,0,0,0,0.000000,0.000000,0.000000,0.000000,0.000000,0.000000,0.000000,0.000000,0,0.000000,0.000000,0.000000,0.000000,0,0,0,0,0,0.000000,0.000000,0.000000,0.000000,0.000000,0.000000,0.000000,0.000000,0.000000,0,0.000000,0.000000,0.000000
26828,28.445387,100420.601563,-0.010000,20,1,1000,1000,1000,1000,1000.000000,0,0,0,0,0.000000,0.000000,0.000000,0.000000,0.000000,0.000000,0.000000,0.000000,44,0.592000,1.225000,0.127000,0.350464,1.500625,0.016129,1,1,1.500000,-0.014853,0.199441,-0.076652,-0.000151,0.018294,0.000000,0.000000,0.000000,0.023000,0.006000,0.013000,0.000000,0.000000,0.000000,0.000000,0.000000,0.000000,0.000000,0.000000,0.000000,0.000000,0.000000,0.000000,0.000000,0,0.000000,0.000000,0,0,0,0.000000,0.000000,0.000000,0.000000,0.000000,0.000000,0.000000,0.000000,0,0.000000,0.000000,0.000000,0.000000,0,0,0,0,0,0.000000,0.000000,0.000000,0.000000,0.000000,0.000000,0.000000,0.000000,0.000000,0,0.000000,0.000000,0.000000
26934,28.448435,100421.500000,-0.020000,0,1,1000,1000,1000,1000,1000.000000,0,0,0,0,0.000000,0.000000,0.000000,0.000000,0.000000,0.000000,0.000000,0.000000,22,0.591000,1.223000,0.125000,0.349281,1.495729,0.015625,1,1,1.500000,-0.014809,0.198637,-0.076305,-0.000150,0.018294,0.000000,0.000000,0.000000,-0.016000,0.012000,-0.003000,0.000000,0.000000,0.000000,0.000000,0.000000,0.000000,0.000000,0.000000,0.000000,0.000000,0.000000,0.000000,0.000000,0,0.000000,0.000000,0,0,0,0.000000,0.000000,0.000000,0.000000,0.000000,0.000000,0.000000,0.000000,0,0.000000,0.000000,0.000000,0.000000,0,0,0,0,0,0.000000,0.000000,0.000000,0.000000,0.000000,0.000000,0.000000,0.000000,0.000000,0,0.000000,0.000000,0.000000
27039,28.445089,100419.398438,-0.010000,20,1,1000,1000,1000,1000,1000.000000,0,0,0,0,0.000000,0.000000,0.000000,0.000000,0.000000,0.000000,0.000000,0.000000,2,0.590000,1.221000,0.138000,0.348100,1.490841,0.019044,1,1,1.500000,-0.014774,0.197844,-0.075982,-0.000341,0.018156,0.000000,0.000000,0.000000,0.007000,-0.018000,0.007000,0.000000,0.000000,0.000000,0.000000,0.000000,0.000000,0.000000,0.000000,0.000000,0.000000,0.000000,0.000000,0.000000,0,0.000000,0.000000,0,0,0,0.000000,0.000000,0.000000,0.000000,0.000000,0.000000,0.000000,0.000000,0,0.000000,0.000000,0.000000,0.000000,0,0,0,0,0,0.000000,0.000000,0.000000,0.000000,0.000000,0.000000,0.000000,0.000000,0.000000,0,0.000000,0.000000,0.000000
27146,28.441761,100418.601563,0.000000,0,1,1000,1000,1000,1000,1000.000000,0,0,0,0,0.000000,0.000000,0.000000,0.000000,0.000000,0.000000,0.000000,0.000000,109,0.590000,1.221000,0.138000,0.348100,1.490841,0.019044,1,1,1.500000,-0.014774,0.197844,-0.075982,-0.000341,0.018156,0.000000,0.000000,0.000000,0.007000,-0.018000,0.007000,0.000000,0.000000,0.000000,0.000000,0.000000,0.000000,0.000000,0.000000,0.000000,0.000000,0.000000,0.000000,0.000000,0,0.000000,0.000000,0,0,0,0.000000,0.000000,0.000000,0.000000,0.000000,0.000000,0.000000,0.000000,0,0.000000,0.000000,0.000000,0.000000,0,0,0,0,0,0.000000,0.000000,0.000000,0.000000,0.000000,0.000000,0.000000,0.000000,0.000000,0,0.000000,0.000000,0.000000
27231,28.441305,100418.601563,0.000000,0,1,1000,1000,1000,1000,1000.000000,0,0,0,0,0.000000,0.000000,0.000000,0.000000,0.000000,0.000000,0.000000,0.000000,62,0.589000,1.219000,0.132000,0.346921,1.485961,0.017424,1,1,1.500000,-0.014743,0.197071,-0.075693,-0.000154,0.018336,0.000000,0.000000,0.000000,0.010000,0.028000,0.010000,0.000000,0.000000,0.000000,0.000000,0.000000,0.000000,0.000000,0.000000,0.000000,0.000000,0.000000,0.000000,0.000000,0,0.000000,0.000000,0,0,0,0.000000,0.000000,0.000000,0.000000,0.000000,0.000000,0.000000,0.000000,0,0.000000,0.000000,0.000000,0.000000,0,0,0,0,0,0.000000,0.000000,0.000000,0.000000,0.000000,0.000000,0.000000,0.000000,0.000000,0,0.000000,0.000000,0.000000
27335,28.442673,100419.203125,0.020000,19,1,1000,1000,1000,1000,1000.000000,0,0,0,0,0.000000,0.000000,0.000000,0.000000,0.000000,0.000000,0.000000,0.000000,50,0.588000,1.217000,0.141000,0.345744,1.481089,0.019881,1,1,1.500000,-0.014712,0.196297,-0.075404,-0.000150,0.018342,0.000000,0.000000,0.000000,0.012000,-0.030000,0.019000,0.000000,0.000000,0.000000,0.000000,0.000000,0.000000,0.000000,0.000000,0.000000,0.000000,0.000000,0.000000,0.000000,0,0.000000,0.000000,0,0,0,0.000000,0.000000,0.000000,0.000000,0.000000,0.000000,0.000000,0.000000,0,0.000000,0.000000,0.000000,0.000000,0,0,0,0,0,0.000000,0.000000,0.000000,0.000000,0.000000,0.000000,0.000000,0.000000,0.000000,0,0.000000,0.000000,0.000000
27430,28.446001,100419.703125,0.010000,30,1,1000,1000,1000,1000,1000.000000,0,0,0,0,0.000000,0.000000,0.000000,0.000000,0.000000,0.000000,0.000000,0.000000,18,0.587000,1.215000,0.132000,0.344569,1.476225,0.017424,1,1,1.500000,-0.014684,0.195521,-0.075095,-0.000343,0.018169,0.000000,0.000000,0.000000,0.003000,0.021000,0.009000,0.000000,0.000000,0.000000,0.000000,0.000000,0.000000,0.000000,0.000000,0.000000,0.000000,0.000000,0.000000,0.000000,0,0.000000,0.000000,0,0,0,0.000000,0.000000,0.000000,0.000000,0.000000,0.000000,0.000000,0.000000,0,0.000000,0.000000,0.000000,0.000000,0,0,0,0,0,0.000000,0.000000,0.000000,0.000000,0.000000,0.000000,0.000000,0.000000,0.000000,0,0.000000,0.000000,0.000000
27533,28.439484,100419.000000,0.010000,7,1,1000,1000,1000,1000,1000.000000,0,0,0,0,0.000000,0.000000,0.000000,0.000000,0.000000,0.000000,0.000000,0.000000,121,0.587000,1.215000,0.132000,0.344569,1.476225,0.017424,1,1,1.500000,-0.014684,0.195521,-0.075095,-0.000343,0.018169,0.000000,0.000000,0.000000,0.003000,0.021000,0.009000,0.000000,0.000000,0.000000,0.000000,0.000000,0.000000,0.000000,0.000000,0.000000,0.000000,0.000000,0.000000,0.000000,0,0.000000,0.000000,0,0,0,0.000000,0.000000,0.000000,0.000000,0.000000,0.000000,0.000000,0.000000,0,0.000000,0.000000,0.000000,0.000000,0,0,0,0,0,0.000000,0.000000,0.000000,0.000000,0.000000,0.000000,0.000000,0.000000,0.000000,0,0.000000,0.000000,0.000000
27636,28.438362,100419.000000,0.020000,24,1,1000,1000,1000,1000,1000.000000,0,0,0,0,0.000000,0.000000,0.000000,0.000000,0.000000,0.000000,0.000000,0.000000,99,0.585000,1.213000,0.138000,0.342225,1.471369,0.019044,1,1,1.500000,-0.014671,0.194735,-0.074826,-0.000408,0.018070,0.000000,0.000000,0.000000,0.003000,0.002000,0.014000,0.000000,0.000000,0.000000,0.000000,0.000000,0.000000,0.000000,0.000000,0.000000,0.000000,0.000000,0.000000,0.000000,0,0.000000,0.000000,0,0,0,0.000000,0.000000,0.000000,0.000000,0.000000,0.000000,0.000000,0.000000,0,0.000000,0.000000,0.000000,0.000000,0,0,0,0,0,0.000000,0.000000,0.000000,0.000000,0.000000,0.000000,0.000000,0.000000,0.000000,0,0.000000,0.000000,0.000000
27740,28.442900,100420.101563,0.020000,2,1,1000,1000,1000,1000,1000.000000,0,0,0,0,0.000000,0.000000,0.000000,0.000000,0.000000,0.000000,0.000000,0.000000,79,0.584000,1.211000,0.123000,0.341056,1.466521,0.015129,1,1,1.500000,-0.014627,0.193999,-0.074532,-0.000124,0.018276,0.000000,0.000000,0.000000,-0.003000,-0.005000,0.015000,0.000000,0.000000,0.000000,0.000000,0.000000,0.000000,0.000000,0.000000,0.000000,0.000000,0.000000,0.000000,0.000000,0,0.000000,0.000000,0,0,0,0.000000,0.000000,0.000000,0.000000,0.000000,0.000000,0.000000,0.000000,0,0.000000,0.000000,0.000000,0.000000,0,0,0,0,0,0.000000,0.000000,0.000000,0.000000,0.000000,0.000000,0.000000,0.000000,0.000000,0,0.000000,0.000000,0.000000
27843,28.439974,100418.898438,0.020000,21,1,1000,1000,1000,1000,1000.000000,0,0,0,0,0.000000,0.000000,0.000000,0.000000,0.000000,0.000000,0.000000,0.000000,59,0.583000,1.209000,0.141000,0.339889,1.461681,0.019881,1,1,1.500000,-0.014603,0.193276,-0.074252,-0.000167,0.018347,0.000000,0.000000,0.000000,0.019000,-0.018000,0.023000,0.000000,0.000000,0.000000,0.000000,0.000000,0.000000,0.000000,0.000000,0.000000,0.000000,0.000000,0.000000,0.000000,0,0.000000,0.000000,0,0,0,0.000000,0.000000,0.000000,0.000000,0.000000,0.000000,0.000000,0.000000,0,0.000000,0.000000,0.000000,0.000000,0,0,0,0,0,0.000000,0.000000,0.000000,0.000000,0.000000,0.000000,0.000000,0.000000,0.000000,0,0.000000,0.000000,0.000000
27948,28.439169,100417.804688,0.040000,0,1,1000,1000,1000,1000,1000.000000,0,0,0,0,0.000000,0.000000,0.000000,0.000000,0.000000,0.000000,0.000000,0.000000,35,0.582000,1.207000,0.131000,0.338724,1.456849,0.017161,1,1,1.500000,-0.014592,0.192527,-0.074017,-0.000210,0.018159,0.000000,0.000000,0.000000,-0.001000,0.014000,0.015000,0.000000,0.000000,0.000000,0.000000,0.000000,0.000000,0.000000,0.000000,0.000000,0.000000,0.000000,0.000000,0.000000,0,0.000000,0.000000,0,0,0,0.000000,0.000000,0.000000,0.000000,0.000000,0.000000,0.000000,0.000000,0,0.000000,0.000000,0.000000,0.000000,0,0,0,0,0,0.000000,0.000000,0.000000,0.000000,0.000000,0.000000,0.000000,0.000000,0.000000,0,0.000000,0.000000,0.000000
28032,28.441271,100419.804688,0.040000,0,1,1000,1000,1000,1000,1000.000000,0,0,0,0,0.000000,0.000000,0.000000,0.000000,0.000000,0.000000,0.000000,0.000000,119,0.582000,1.207000,0.131000,0.338724,1.456849,0.017161,1,1,1.500000,-0.014592,0.192527,-0.074017,-0.000210,0.018159,0.000000,0.000000,0.000000,-0.001000,0.014000,0.015000,0.000000,0.000000,0.000000,0.000000,0.000000,0.000000,0.000000,0.000000,0.000000,0.000000,0.000000,0.000000,0.000000,0,0.000000,0.000000,0,0,0,0.000000,0.000000,0.000000,0.000000,0.000000,0.000000,0.000000,0.000000,0,0.000000,0.000000,0.000000,0.000000,0,0,0,0,0,0.000000,0.000000,0.000000,0.000000,0.000000,0.000000,0.000000,0.000000,0.000000,0,0.000000,0.000000,0.000000
28137,28.441551,100419.398438,0.040000,19,1,1000,1000,1000,1000,1000.000000,0,0,0,0,0.000000,0.000000,0.000000,0.000000,0.000000,0.000000,0.000000,0.000000,99,0.581000,1.205000,0.138000,0.337561,1.452025,0.019044,1,1,1.500000,-0.014580,0.191771,-0.073776,-0.000400,0.017999,0.000000,0.000000,0.000000,0.001000,0.002000,0.014000,0.000000,0.000000,0.000000,0.000000,0.000000,0.000000,0.000000,0.000000,0.000000,0.000000,0.000000,0.000000,0.000000,0,0.000000,0.000000,0,0,0,0.000000,0.000000,0.000000,0.000000,0.000000,0.000000,0.000000,0.000000,0,0.000000,0.000000,0.000000,0.000000,0,0,0,0,0,0.000000,0.000000,0.000000,0.000000,0.000000,0.000000,0.000000,0.000000,0.000000,0,0.000000,0.000000,0.000000
28244,28.438923,100419.398438,0.050000,0,1,1000,1000,1000,1000,1000.000000,0,0,0,0,0.000000,0.000000,0.000000,0.000000,0.000000,0.000000,0.000000,0.000000,75,0.580000,1.203000,0.138000,0.336400,1.447209,0.019044,1,1,1.500000,-0.014561,0.191017,-0.073501,-0.000405,0.017978,0.000000,0.000000,0.000000,0.004000,-0.007000,0.009000,0.000000,0.000000,0.000000,0.000000,0.000000,0.000000,0.000000,0.000000,0.000000,0.000000,0.000000,0.000000,0.000000,0,0.000000,0.000000,0,0,0,0.000000,0.000000,0.000000,0.000000,0.000000,0.000000,0.000000,0.000000,0,0.000000,0.000000,0.000000,0.000000,0,0,0,0,0,0.000000,0.000000,0.000000,0.000000,0.000000,0.000000,0.000000,0.000000,0.000000,0,0.000000,0.000000,0.000000
28328,28.438328,100419.304688,0.050000,0,1,1000,1000,1000,1000,1000.000000,0,0,0,0,0.000000,0.000000,0.000000,0.000000,0.000000,0.000000,0.000000,0.000000,38,0.579000,1.201000,0.132000,0.335241,1.442401,0.017424,1,1,1.500000,-0.014563,0.190297,-0.073211,-0.000464,0.018019,0.000000,0.000000,0.000000,0.009000,0.019000,0.013000,0.000000,0.000000,0.000000,0.000000,0.000000,0.000000,0.000000,0.000000,0.000000,0.000000,0.000000,0.000000,0.000000,0,0.000000,0.000000,0,0,0,0.000000,0.000000,0.000000,0.000000,0.000000,0.000000,0.000000,0.000000,0,0.000000,0.000000,0.000000,0.000000,0,0,0,0,0,0.000000,0.000000,0.000000,0.000000,0.000000,0.000000,0.000000,0.000000,0.000000,0,0.000000,0.000000,0.000000
28432,28.441534,100419.398438,0.040000,20,1,1000,1000,1000,1000,1000.000000,0,0,0,0,0.000000,0.000000,0.000000,0.000000,0.000000,0.000000,0.000000,0.000000,20,0.578000,1.199000,0.138000,0.334084,1.437601,0.019044,1,1,1.500000,-0.014542,0.189567,-0.072946,-0.000407,0.017978,0.000000,0.000000,0.000000,0.004000,-0.022000,0.007000,0.000000,0.000000,0.000000,0.000000,0.000000,0.000000,0.000000,0.000000,0.000000,0.000000,0.000000,0.000000,0.000000,0,0.000000,0.000000,0,0,0,0.000000,0.000000,0.000000,0.000000,0.000000,0.000000,0.000000,0.000000,0,0.000000,0.000000,0.000000,0.000000,0,0,0,0,0,0.000000,0.000000,0.000000,0.000000,0.000000,0.000000,0.000000,0.000000,0.000000,0,0.000000,0.000000,0.000000
28541,28.444458,100421.304688,0.020000,1,1,1000,1000,1000,1000,1000.000000,0,0,0,0,0.000000,0.000000,0.000000,0.000000,0.000000,0.000000,0.000000,0.000000,4,0.576000,1.197000,0.130000,0.331776,1.432809,0.016900,1,1,1.500000,-0.014523,0.188846,-0.072691,-0.000405,0.017977,0.000000,0.000000,0.000000,-0.006000,0.030000,0.011000,0.000000,0.000000,0.000000,0.000000,0.000000,0.000000,0.000000,0.000000,0.000000,0.000000,0.000000,0.000000,0.000000,0,0.000000,0.000000,0,0,0,0.000000,0.000000,0.000000,0.000000,0.000000,0.000000,0.000000,0.000000,0,0.000000,0.000000,0.000000,0.000000,0,0,0,0,0,0.000000,0.000000,0.000000,0.000000,0.000000,0.000000,0.000000,0.000000,0.000000,0,0.000000,0.000000,0.000000
28633,28.437084,100419.304688,0.010000,0,1,1000,1000,1000,1000,1000.000000,0,0,0,0,0.000000,0.000000,0.000000,0.000000,0.000000,0.000000,0.000000,0.000000,96,0.576000,1.197000,0.130000,0.331776,1.432809,0.016900,1,1,1.500000,-0.014523,0.188846,-0.072691,-0.000405,0.017977,0.000000,0.000000,0.000000,-0.006000,0.030000,0.011000,0.000000,0.000000,0.000000,0.000000,0.000000,0.000000,0.000000,0.000000,0.000000,0.000000,0.000000,0.000000,0.000000,0,0.000000,0.000000,0,0,0,0.000000,0.000000,0.000000,0.000000,0.000000,0.000000,0.000000,0.000000,0,0.000000,0.000000,0.000000,0.000000,0,0,0,0,0,0.000000,0.000000,0.000000,0.000000,0.000000,0.000000,0.000000,0.000000,0.000000,0,0.000000,0.000000,0.000000
28739,28.436243,100417.804688,0.030000,20,1,1000,1000,1000,1000,1000.000000,0,0,0,0,0.000000,0.000000,0.000000,0.000000,0.000000,0.000000,0.000000,0.000000,77,0.575000,1.195000,0.139000,0.330625,1.428025,0.019321,1,1,1.500000,-0.014507,0.188137,-0.072436,-0.000411,0.017977,0.000000,0.000000,0.000000,0.003000,-0.023000,0.009000,0.000000,0.000000,0.000000,0.000000,0.000000,0.000000,0.000000,0.000000,0.000000,0.000000,0.000000,0.000000,0.000000,0,0.000000,0.000000,0,0,0,0.000000,0.000000,0.000000,0.000000,0.000000,0.000000,0.000000,0.000000,0,0.000000,0.000000,0.000000,0.000000,0,0,0,0,0,0.000000,0.000000,0.000000,0.000000,0.000000,0.000000,0.000000,0.000000,0.000000,0,0.000000,0.000000,0.000000
28846,28.437733,100419.703125,0.040000,0,1,1000,1000,1000,1000,1000.000000,0,0,0,0,0.000000,0.000000,0.000000,0.000000,0.000000,0.000000,0.000000,0.000000,60,0.574000,1.193000,0.122000,0.329476,1.423249,0.014884,1,1,1.500000,-0.014487,0.187440,-0.072181,-0.000406,0.017976,0.000000,0.000000,0.000000,0.016000,0.012000,0.005000,0.000000,0.000000,0.000000,0.000000,0.000000,0.000000,0.000000,0.000000,0.000000,0.000000,0.000000,0.000000,0.000000,0,0.000000,0.000000,0,0,0,0.000000,0.000000,0.000000,0.000000,0.000000,0.000000,0.000000,0.000000,0,0.000000,0.000000,0.000000,0.000000,0,0,0,0,0,0.000000,0.000000,0.000000,0.000000,0.000000,0.000000,0.000000,0.000000,0.000000,0,0.000000,0.000000,0.000000
28930,28.438520,100419.804688,0.020000,0,1,1000,1000,1000,1000,1000.000000,0,0,0,0,0.000000,0.000000,0.000000,0.000000,0.000000,0.000000,0.000000,0.000000,17,0.573000,1.191000,0.110000,0.328329,1.418481,0.012100,1,1,1.500000,-0.014468,0.186752,-0.071919,-0.000406,0.017996,0.000000,0.000000,0.000000,-0.023000,-0.010000,0.004000,0.000000,0.000000,0.000000,0.000000,0.000000,0.000000,0.000000,0.000000,0.000000,0.000000,0.000000,0.000000,0.000000,0,0.000000,0.000000,0,0,0,0.000000,0.000000,0.000000,0.000000,0.000000,0.000000,0.000000,0.000000,0,0.000000,0.000000,0.000000,0.000000,0,0,0,0,0,0.000000,0.000000,0.000000,0.000000,0.000000,0.000000,0.000000,0.000000,0.000000,0,0.000000,0.000000,0.000000
29033,28.437733,100418.203125,0.030000,19,1,1000,1000,1000,1000,1000.000000,0,0,0,0,0.000000,0.000000,0.000000,0.000000,0.000000,0.000000,0.000000,0.000000,120,0.573000,1.191000,0.110000,0.328329,1.418481,0.012100,1,1,1.500000,-0.014468,0.186752,-0.071919,-0.000406,0.017996,0.000000,0.000000,0.000000,-0.023000,-0.010000,0.004000,0.000000,0.000000,0.000000,0.000000,0.000000,0.000000,0.000000,0.000000,0.000000,0.000000,0.000000,0.000000,0.000000,0,0.000000,0.000000,0,0,0,0.000000,0.000000,0.000000,0.000000,0.000000,0.000000,0.000000,0.000000,0,0.000000,0.000000,0.000000,0.000000,0,0,0,0,0,0.000000,0.000000,0.000000,0.000000,0.000000,0.000000,0.000000,0.000000,0.000000,0,0.000000,0.000000,0.000000
29140,28.437452,100419.101563,0.030000,0,1,1000,1000,1000,1000,1000.000000,0,0,0,0,0.000000,0.000000,0.000000,0.000000,0.000000,0.000000,0.000000,0.000000,103,0.572000,1.190000,0.126000,0.327184,1.416100,0.015876,1,1,1.500000,-0.014459,0.186080,-0.071675,-0.000411,0.017996,0.000000,0.000000,0.000000,0.021000,0.016000,0.013000,0.000000,0.000000,0.000000,0.000000,0.000000,0.000000,0.000000,0.000000,0.000000,0.000000,0.000000,0.000000,0.000000,0,0.000000,0.000000,0,0,0,0.000000,0.000000,0.000000,0.000000,0.000000,0.000000,0.000000,0.000000,0,0.000000,0.000000,0.000000,0.000000,0,0,0,0,0,0.000000,0.000000,0.000000,0.000000,0.000000,0.000000,0.000000,0.000000,0.000000,0,0.000000,0.000000,0.000000
29230,28.440937,100421.804688,0.010000,1,1,1000,1000,1000,1000,1000.000000,0,0,0,0,0.000000,0.000000,0.000000,0.000000,0.000000,0.000000,0.000000,0.000000,62,0.571000,1.188000,0.143000,0.326041,1.411344,0.020449,1,1,1.500000,-0.014436,0.185419,-0.071422,-0.000411,0.017977,0.000000,0.000000,0.000000,0.012000,-0.008000,0.020000,0.000000,0.000000,0.000000,0.000000,0.000000,0.000000,0.000000,0.000000,0.000000,0.000000,0.000000,0.000000,0.000000,0,0.000000,0.000000,0,0,0,0.000000,0.000000,0.000000,0.000000,0.000000,0.000000,0.000000,0.000000,0,0.000000,0.000000,0.000000,0.000000,0,0,0,0,0,0.000000,0.000000,0.000000,0.000000,0.000000,0.000000,0.000000,0.000000,0.000000,0,0.000000,0.000000,0.000000
29333,28.437889,100419.101563,0.030000,19,1,1000,1000,1000,1000,1000.000000,0,0,0,0,0.000000,0.000000,0.000000,0.000000,0.000000,0.000000,0.000000,0.000000,43,0.570000,1.186000,0.127000,0.324900,1.406596,0.016129,1,1,1.500000,-0.014382,0.184738,-0.070948,-0.000401,0.017305,0.000000,0.000000,0.000000,0.004000,-0.005000,0.004000,0.000000,0.000000,0.000000,0.000000,0.000000,0.000000,0.000000,0.000000,0.000000,0.000000,0.000000,0.000000,0.000000,0,0.000000,0.000000,0,0,0,0.000000,0.000000,0.000000,0.000000,0.000000,0.000000,0.000000,0.000000,0,0.000000,0.000000,0.000000,0.000000,0,0,0,0,0,0.000000,0.000000,0.000000,0.000000,0.000000,0.000000,0.000000,0.000000,0.000000,0,0.000000,0.000000,0.000000
29440,28.438135,100420.398438,0.010000,0,1,1000,1000,1000,1000,1000.000000,0,0,0,0,0.000000,0.000000,0.000000,0.000000,0.000000,0.000000,0.000000,0.000000,27,0.569000,1.184000,0.133000,0.323761,1.401856,0.017689,1,1,1.500000,-0.014342,0.184032,-0.070530,-0.000431,0.017172,0.000000,0.000000,0.000000,0.001000,-0.003000,0.008000,0.000000,0.000000,0.000000,0.000000,0.000000,0.000000,0.000000,0.000000,0.000000,0.000000,0.000000,0.000000,0.000000,0,0.000000,0.000000,0,0,0,0.000000,0.000000,0.000000,0.000000,0.000000,0.000000,0.000000,0.000000,0,0.000000,0.000000,0.000000,0.000000,0,0,0,0,0,0.000000,0.000000,0.000000,0.000000,0.000000,0.000000,0.000000,0.000000,0.000000,0,0.000000,0.000000,0.000000
29543,28.432110,100417.804688,0.030000,19,1,1000,1000,1000,1000,1000.000000,0,0,0,0,0.000000,0.000000,0.000000,0.000000,0.000000,0.000000,0.000000,0.000000,5,0.568000,1.182000,0.124000,0.322624,1.397124,0.015376,1,1,1.500000,-0.014282,0.183354,-0.070038,-0.000397,0.017215,0.000000,0.000000,0.000000,0.003000,0.006000,0.005000,0.000000,0.000000,0.000000,0.000000,0.000000,0.000000,0.000000,0.000000,0.000000,0.000000,0.000000,0.000000,0.000000,0,0.000000,0.000000,0,0,0,0.000000,0.000000,0.000000,0.000000,0.000000,0.000000,0.000000,0.000000,0,0.000000,0.000000,0.000000,0.000000,0,0,0,0,0,0.000000,0.000000,0.000000,0.000000,0.000000,0.000000,0.000000,0.000000,0.000000,0,0.000000,0.000000,0.000000
29632,28.437889,100419.101563,0.030000,24,1,1000,1000,1000,1000,1000.000000,0,0,0,0,0.000000,0.000000,0.000000,0.000000,0.000000,0.000000,0.000000,0.000000,94,0.568000,1.182000,0.124000,0.322624,1.397124,0.015376,1,1,1.500000,-0.014282,0.183354,-0.070038,-0.000397,0.017215,0.000000,0.000000,0.000000,0.003000,0.006000,0.005000,0.000000,0.000000,0.000000,0.000000,0.000000,0.000000,0.000000,0.000000,0.000000,0.000000,0.000000,0.000000,0.000000,0,0.000000,0.000000,0,0,0,0.000000,0.000000,0.000000,0.000000,0.000000,0.000000,0.000000,0.000000,0,0.000000,0.000000,0.000000,0.000000,0,0,0,0,0,0.000000,0.000000,0.000000,0.000000,0.000000,0.000000,0.000000,0.000000,0.000000,0,0.000000,0.000000,0.000000
29735,28.439011,100420.398438,0.010000,1,1,1000,1000,1000,1000,1000.000000,0,0,0,0,0.000000,0.000000,0.000000,0.000000,0.000000,0.000000,0.000000,0.000000,72,0.567000,1.179000,0.121000,0.321489,1.390041,0.014641,1,1,1.500000,-0.014237,0.182663,-0.069599,-0.000437,0.017108,0.000000,0.000000,0.000000,0.013000,0.006000,0.005000,0.000000,0.000000,0.000000,0.000000,0.000000,0.000000,0.000000,0.000000,0.000000,0.000000,0.000000,0.000000,0.000000,0,0.000000,0.000000,0,0,0,0.000000,0.000000,0.000000,0.000000,0.000000,0.000000,0.000000,0.000000,0,0.000000,0.000000,0.000000,0.000000,0,0,0,0,0,0.000000,0.000000,0.000000,0.000000,0.000000,0.000000,0.000000,0.000000,0.000000,0,0.000000,0.000000,0.000000
29839,28.440290,100421.304688,0.000000,20,1,1000,1000,1000,1000,1000.000000,0,0,0,0,0.000000,0.000000,0.000000,0.000000,0.000000,0.000000,0.000000,0.000000,52,0.566000,1.177000,0.130000,0.320356,1.385329,0.016900,1,1,1.500000,-0.014196,0.181991,-0.069197,-0.000435,0.017188,0.000000,0.000000,0.000000,0.009000,0.020000,0.013000,0.000000,0.000000,0.000000,0.000000,0.000000,0.000000,0.000000,0.000000,0.000000,0.000000,0.000000,0.000000,0.000000,0,0.000000,0.000000,0,0,0,0.000000,0.000000,0.000000,0.000000,0.000000,0.000000,0.000000,0.000000,0,0.000000,0.000000,0.000000,0.000000,0,0,0,0,0,0.000000,0.000000,0.000000,0.000000,0.000000,0.000000,0.000000,0.000000,0.000000,0,0.000000,0.000000,0.000000
29946,28.436733,100419.500000,0.010000,0,1,1000,1000,1000,1000,1000.000000,0,0,0,0,0.000000,0.000000,0.000000,0.000000,0.000000,0.000000,0.000000,0.000000,33,0.565000,1.175000,0.130000,0.319225,1.380625,0.016900,1,1,1.500000,-0.014151,0.181324,-0.068769,-0.000458,0.017181,0.000000,0.000000,0.000000,-0.003000,-0.013000,0.006000,0.000000,0.000000,0.000000,0.000000,0.000000,0.000000,0.000000,0.000000,0.000000,0.000000,0.000000,0.000000,0.000000,0,0.000000,0.000000,0,0,0,0.000000,0.000000,0.000000,0.000000,0.000000,0.000000,0.000000,0.000000,0,0.000000,0.000000,0.000000,0.000000,0,0,0,0,0,0.000000,0.000000,0.000000,0.000000,0.000000,0.000000,0.000000,0.000000,0.000000,0,0.000000,0.000000,0.000000
30031,28.434824,100419.601563,0.010000,0,1,1000,1000,1000,1000,1000.000000,0,0,0,0,0.000000,0.000000,0.000000,0.000000,0.000000,0.000000,0.000000,0.000000,118,0.565000,1.175000,0.130000,0.319225,1.380625,0.016900,1,1,1.500000,-0.014151,0.181324,-0.068769,-0.000458,0.017181,0.000000,0.000000,0.000000,-0.003000,-0.013000,0.006000,0.000000,0.000000,0.000000,0.000000,0.000000,0.000000,0.000000,0.000000,0.000000,0.000000,0.000000,0.000000,0.000000,0,0.000000,0.000000,0,0,0,0.000000,0.000000,0.000000,0.000000,0.000000,0.000000,0.000000,0.000000,0,0.000000,0.000000,0.000000,0.000000,0,0,0,0,0,0.000000,0.000000,0.000000,0.000000,0.000000,0.000000,0.000000,0.000000,0.000000,0,0.000000,0.000000,0.000000
30135,28.434824,100419.203125,0.000000,19,1,1000,1000,1000,1000,1000.000000,0,0,0,0,0.000000,0.000000,0.000000,0.000000,0.000000,0.000000,0.000000,0.000000,97,0.564000,1.173000,0.129000,0.318096,1.375929,0.016641,1,1,1.500000,-0.014112,0.180663,-0.068337,-0.000483,0.017169,0.000000,0.000000,0.000000,0.014000,-0.004000,0.010000,0.000000,0.000000,0.000000,0.000000,0.000000,0.000000,0.000000,0.000000,0.000000,0.000000,0.000000,0.000000,0.000000,0,0.000000,0.000000,0,0,0,0.000000,0.000000,0.000000,0.000000,0.000000,0.000000,0.000000,0.000000,0,0.000000,0.000000,0.000000,0.000000,0,0,0,0,0,0.000000,0.000000,0.000000,0.000000,0.000000,0.000000,0.000000,0.000000,0.000000,0,0.000000,0.000000,0.000000
30242,28.435034,100420.203125,0.000000,0,1,1000,1000,1000,1000,1000.000000,0,0,0,0,0.000000,0.000000,0.000000,0.000000,0.000000,0.000000,0.000000,0.000000,73,0.563000,1.171000,0.129000,0.316969,1.371241,0.016641,1,1,1.500000,-0.014073,0.180013,-0.067909,-0.000484,0.017168,0.000000,0.000000,0.000000,-0.002000,0.011000,0.017000,0.000000,0.000000,0.000000,0.000000,0.000000,0.000000,0.000000,0.000000,0.000000,0.000000,0.000000,0.000000,0.000000,0,0.000000,0.000000,0,0,0,0.000000,0.000000,0.000000,0.000000,0.000000,0.000000,0.000000,0.000000,0,0.000000,0.000000,0.000000,0.000000,0,0,0,0,0,0.000000,0.000000,0.000000,0.000000,0.000000,0.000000,0.000000,0.000000,0.000000,0,0.000000,0.000000,0.000000
30346,28.433598,100419.398438,-0.010000,20,1,1000,1000,1000,1000,1000.000000,0,0,0,0,0.000000,0.000000,0.000000,0.000000,0.000000,0.000000,0.000000,0.000000,55,0.562000,1.169000,0.123000,0.315844,1.366561,0.015129,1,1,1.500000,-0.014033,0.179367,-0.067468,-0.000621,0.017231,0.000000,0.000000,0.000000,0.017000,0.000000,0.008000,0.000000,0.000000,0.000000,0.000000,0.000000,0.000000,0.000000,0.000000,0.000000,0.000000,0.000000,0.000000,0.000000,0,0.000000,0.000000,0,0,0,0.000000,0.000000,0.000000,0.000000,0.000000,0.000000,0.000000,0.000000,0,0.000000,0.000000,0.000000,0.000000,0,0,0,0,0,0.000000,0.000000,0.000000,0.000000,0.000000,0.000000,0.000000,0.000000,0.000000,0,0.000000,0.000000,0.000000
30431,28.431566,100418.000000,0.020000,19,1,1000,1000,1000,1000,1000.000000,0,0,0,0,0.000000,0.000000,0.000000,0.000000,0.000000,0.000000,0.000000,0.000000,18,0.561000,1.167000,0.131000,0.314721,1.361889,0.017161,1,1,1.500000,-0.013992,0.178735,-0.067032,-0.000624,0.017234,0.000000,0.000000,0.000000,0.011000,0.008000,0.014000,0.000000,0.000000,0.000000,0.000000,0.000000,0.000000,0.000000,0.000000,0.000000,0.000000,0.000000,0.000000,0.000000,0,0.000000,0.000000,0,0,0,0.000000,0.000000,0.000000,0.000000,0.000000,0.000000,0.000000,0.000000,0,0.000000,0.000000,0.000000,0.000000,0,0,0,0,0,0.000000,0.000000,0.000000,0.000000,0.000000,0.000000,0.000000,0.000000,0.000000,0,0.000000,0.000000,0.000000
30538,28.434772,100420.203125,0.020000,0,1,1000,1000,1000,1000,1000.000000,0,0,0,0,0.000000,0.000000,0.000000,0.000000,0.000000,0.000000,0.000000,0.000000,0,0.560000,1.165000,0.131000,0.313600,1.357225,0.017161,1,1,1.500000,-0.013958,0.178133,-0.066593,-0.000815,0.017760,0.000000,0.000000,0.000000,-0.001000,0.025000,0.018000,0.000000,0.000000,0.000000,0.000000,0.000000,0.000000,0.000000,0.000000,0.000000,0.000000,0.000000,0.000000,0.000000,0,0.000000,0.000000,0,0,0,0.000000,0.000000,0.000000,0.000000,0.000000,0.000000,0.000000,0.000000,0,0.000000,0.000000,0.000000,0.000000,0,0,0,0,0,0.000000,0.000000,0.000000,0.000000,0.000000,0.000000,0.000000,0.000000,0.000000,0,0.000000,0.000000,0.000000
30641,28.431618,100417.601563,0.050000,19,1,1000,1000,1000,1000,1000.000000,0,0,0,0,0.000000,0.000000,0.000000,0.000000,0.000000,0.000000,0.000000,0.000000,103,0.560000,1.165000,0.131000,0.313600,1.357225,0.017161,1,1,1.500000,-0.013958,0.178133,-0.066593,-0.000815,0.017760,0.000000,0.000000,0.000000,-0.001000,0.025000,0.018000,0.000000,0.000000,0.000000,0.000000,0.000000,0.000000,0.000000,0.000000,0.000000,0.000000,0.000000,0.000000,0.000000,0,0.000000,0.000000,0,0,0,0.000000,0.000000,0.000000,0.000000,0.000000,0.000000,0.000000,0.000000,0,0.000000,0.000000,0.000000,0.000000,0,0,0,0,0,0.000000,0.000000,0.000000,0.000000,0.000000,0.000000,0.000000,0.000000,0.000000,0,0.000000,0.000000,0.000000
30733,28.435438,100420.000000,0.040000,26,1,1000,1000,1000,1000,1000.000000,0,0,0,0,0.000000,0.000000,0.000000,0.000000,0.000000,0.000000,0.000000,0.000000,72,0.559000,1.163000,0.129000,0.312481,1.352569,0.016641,1,1,1.500000,-0.013928,0.177536,-0.066175,-0.000819,0.017781,0.000000,0.000000,0.000000,0.018000,-0.018000,0.005000,0.000000,0.000000,0.000000,0.000000,0.000000,0.000000,0.000000,0.000000,0.000000,0.000000,0.000000,0.000000,0.000000,0,0.000000,0.000000,0,0,0,0.000000,0.000000,0.000000,0.000000,0.000000,0.000000,0.000000,0.000000,0,0.000000,0.000000,0.000000,0.000000,0,0,0,0,0,0.000000,0.000000,0.000000,0.000000,0.000000,0.000000,0.000000,0.000000,0.000000,0,0.000000,0.000000,0.000000
30836,28.436365,100421.101563,0.010000,2,1,1000,1000,1000,1000,1000.000000,0,0,0,0,0.000000,0.000000,0.000000,0.000000,0.000000,0.000000,0.000000,0.000000,49,0.558000,1.162000,0.136000,0.311364,1.350244,0.018496,1,1,1.500000,-0.013896,0.176943,-0.065750,-0.000819,0.017781,0.000000,0.000000,0.000000,0.010000,-0.033000,0.013000,0.000000,0.000000,0.000000,0.000000,0.000000,0.000000,0.000000,0.000000,0.000000,0.000000,0.000000,0.000000,0.000000,0,0.000000,0.000000,0,0,0,0.000000,0.000000,0.000000,0.000000,0.000000,0.000000,0.000000,0.000000,0,0.000000,0.000000,0.000000,0.000000,0,0,0,0,0,0.000000,0.000000,0.000000,0.000000,0.000000,0.000000,0.000000,0.000000,0.000000,0,0.000000,0.000000,0.000000
30939,28.428640,100420.500000,-0.010000,20,1,1000,1000,1000,1000,1000.000000,0,0,0,0,0.000000,0.000000,0.000000,0.000000,0.000000,0.000000,0.000000,0.000000,26,0.557000,1.160000,0.118000,0.310249,1.345600,0.013924,1,1,1.500000,-0.013869,0.176369,-0.065319,-0.001050,0.018123,0.000000,0.000000,0.000000,0.005000,0.001000,0.003000,0.000000,0.000000,0.000000,0.000000,0.000000,0.000000,0.000000,0.000000,0.000000,0.000000,0.000000,0.000000,0.000000,0,0.000000,0.000000,0,0,0,0.000000,0.000000,0.000000,0.000000,0.000000,0.000000,0.000000,0.000000,0,0.000000,0.000000,0.000000,0.000000,0,0,0,0,0,0.000000,0.000000,0.000000,0.000000,0.000000,0.000000,0.000000,0.000000,0.000000,0,0.000000,0.000000,0.000000
31046,28.434772,100420.804688,-0.040000,0,1,1000,1000,1000,1000,1000.000000,0,0,0,0,0.000000,0.000000,0.000000,0.000000,0.000000,0.000000,0.000000,0.000000,8,0.556000,1.158000,0.131000,0.309136,1.340964,0.017161,1,1,1.500000,-0.013843,0.175797,-0.064914,-0.001012,0.018075,0.000000,0.000000,0.000000,0.003000,0.011000,0.001000,0.000000,0.000000,0.000000,0.000000,0.000000,0.000000,0.000000,0.000000,0.000000,0.000000,0.000000,0.000000,0.000000,0,0.000000,0.000000,0,0,0,0.000000,0.000000,0.000000,0.000000,0.000000,0.000000,0.000000,0.000000,0,0.000000,0.000000,0.000000,0.000000,0,0,0,0,0,0.000000,0.000000,0.000000,0.000000,0.000000,0.000000,0.000000,0.000000,0.000000,0,0.000000,0.000000,0.000000
31131,28.432739,100419.203125,-0.020000,0,1,1000,1000,1000,1000,1000.000000,0,0,0,0,0.000000,0.000000,0.000000,0.000000,0.000000,0.000000,0.000000,0.000000,93,0.556000,1.158000,0.131000,0.309136,1.340964,0.017161,1,1,1.500000,-0.013843,0.175797,-0.064914,-0.001012,0.018075,0.000000,0.000000,0.000000,0.003000,0.011000,0.001000,0.000000,0.000000,0.000000,0.000000,0.000000,0.000000,0.000000,0.000000,0.000000,0.000000,0.000000,0.000000,0.000000,0,0.000000,0.000000,0,0,0,0.000000,0.000000,0.000000,0.000000,0.000000,0.000000,0.000000,0.000000,0,0.000000,0.000000,0.000000,0.000000,0,0,0,0,0,0.000000,0.000000,0.000000,0.000000,0.000000,0.000000,0.000000,0.000000,0.000000,0,0.000000,0.000000,0.000000
31235,28.434299,100419.898438,-0.010000,19,1,1000,1000,1000,1000,1000.000000,0,0,0,0,0.000000,0.000000,0.000000,0.000000,0.000000,0.000000,0.000000,0.000000,68,0.555000,1.156000,0.123000,0.308025,1.336336,0.015129,1,1,1.500000,-0.013813,0.175231,-0.064528,-0.000854,0.017994,0.000000,0.000000,0.000000,0.014000,0.001000,0.006000,0.000000,0.000000,0.000000,0.000000,0.000000,0.000000,0.000000,0.000000,0.000000,0.000000,0.000000,0.000000,0.000000,0,0.000000,0.000000,0,0,0,0.000000,0.000000,0.000000,0.000000,0.000000,0.000000,0.000000,0.000000,0,0.000000,0.000000,0.000000,0.000000,0,0,0,0,0,0.000000,0.000000,0.000000,0.000000,0.000000,0.000000,0.000000,0.000000,0.000000,0,0.000000,0.000000,0.000000
31342,28.429235,100418.601563,0.000000,0,1,1000,1000,1000,1000,1000.000000,0,0,0,0,0.000000,0.000000,0.000000,0.000000,0.000000,0.000000,0.000000,0.000000,52,0.555000,1.154000,0.117000,0.308025,1.331716,0.013689,1,1,1.500000,-0.013786,0.174659,-0.064180,-0.000670,0.017464,0.000000,0.000000,0.000000,-0.010000,0.008000,0.012000,0.000000,0.000000,0.000000,0.000000,0.000000,0.000000,0.000000,0.000000,0.000000,0.000000,0.000000,0.000000,0.000000,0,0.000000,0.000000,0,0,0,0.000000,0.000000,0.000000,0.000000,0.000000,0.000000,0.000000,0.000000,0,0.000000,0.000000,0.000000,0.000000,0,0,0,0,0,0.000000,0.000000,0.000000,0.000000,0.000000,0.000000,0.000000,0.000000,0.000000,0,0.000000,0.000000,0.000000
31430,28.427063,100418.203125,0.020000,1,1,1000,1000,1000,1000,1000.000000,0,0,0,0,0.000000,0.000000,0.000000,0.000000,0.000000,0.000000,0.000000,0.000000,19,0.554000,1.152000,0.105000,0.306916,1.327104,0.011025,1,1,1.500000,-0.013759,0.174096,-0.063832,-0.000667,0.017445,0.000000,0.000000,0.000000,0.014000,0.000000,-0.004000,0.000000,0.000000,0.000000,0.000000,0.000000,0.000000,0.000000,0.000000,0.000000,0.000000,0.000000,0.000000,0.000000,0,0.000000,0.000000,0,0,0,0.000000,0.000000,0.000000,0.000000,0.000000,0.000000,0.000000,0.000000,0,0.000000,0.000000,0.000000,0.000000,0,0,0,0,0,0.000000,0.000000,0.000000,0.000000,0.000000,0.000000,0.000000,0.000000,0.000000,0,0.000000,0.000000,0.000000
31533,28.430567,100420.101563,0.030000,19,1,1000,1000,1000,1000,1000.000000,0,0,0,0,0.000000,0.000000,0.000000,0.000000,0.000000,0.000000,0.000000,0.000000,122,0.554000,1.152000,0.105000,0.306916,1.327104,0.011025,1,1,1.500000,-0.013759,0.174096,-0.063832,-0.000667,0.017445,0.000000,0.000000,0.000000,0.014000,0.000000,-0.004000,0.000000,0.000000,0.000000,0.000000,0.000000,0.000000,0.000000,0.000000,0.000000,0.000000,0.000000,0.000000,0.000000,0,0.000000,0.000000,0,0,0,0.000000,0.000000,0.000000,0.000000,0.000000,0.000000,0.000000,0.000000,0,0.000000,0.000000,0.000000,0.000000,0,0,0,0,0,0.000000,0.000000,0.000000,0.000000,0.000000,0.000000,0.000000,0.000000,0.000000,0,0.000000,0.000000,0.000000
31640,28.430269,100420.601563,0.010000,0,1,1000,1000,1000,1000,1000.000000,0,0,0,0,0.000000,0.000000,0.000000,0.000000,0.000000,0.000000,0.000000,0.000000,103,0.553000,1.151000,0.111000,0.305809,1.324801,0.012321,1,1,1.500000,-0.013723,0.173527,-0.063481,-0.000465,0.017132,0.000000,0.000000,0.000000,-0.011000,-0.004000,0.010000,0.000000,0.000000,0.000000,0.000000,0.000000,0.000000,0.000000,0.000000,0.000000,0.000000,0.000000,0.000000,0.000000,0,0.000000,0.000000,0,0,0,0.000000,0.000000,0.000000,0.000000,0.000000,0.000000,0.000000,0.000000,0,0.000000,0.000000,0.000000,0.000000,0,0,0,0,0,0.000000,0.000000,0.000000,0.000000,0.000000,0.000000,0.000000,0.000000,0.000000,0,0.000000,0.000000,0.000000
31743,28.422649,100417.101563,0.040000,19,1,1000,1000,1000,1000,1000.000000,0,0,0,0,0.000000,0.000000,0.000000,0.000000,0.000000,0.000000,0.000000,0.000000,83,0.552000,1.149000,0.116000,0.304704,1.320201,0.013456,1,1,1.500000,-0.013684,0.172976,-0.063128,-0.000459,0.017123,0.000000,0.000000,0.000000,0.010000,0.005000,0.002000,0.000000,0.000000,0.000000,0.000000,0.000000,0.000000,0.000000,0.000000,0.000000,0.000000,0.000000,0.000000,0.000000,0,0.000000,0.000000,0,0,0,0.000000,0.000000,0.000000,0.000000,0.000000,0.000000,0.000000,0.000000,0,0.000000,0.000000,0.000000,0.000000,0,0,0,0,0,0.000000,0.000000,0.000000,0.000000,0.000000,0.000000,0.000000,0.000000,0.000000,0,0.000000,0.000000,0.000000
31843,28.429464,100419.703125,0.060000,35,1,1000,1000,1000,1000,1000.000000,0,0,0,0,0.000000,0.000000,0.000000,0.000000,0.000000,0.000000,0.000000,0.000000,56,0.551000,1.147000,0.112000,0.303601,1.315609,0.012544,1,1,1.500000,-0.013641,0.172435,-0.062775,-0.000289,0.017248,0.000000,0.000000,0.000000,0.017000,0.002000,0.001000,0.000000,0.000000,0.000000,0.000000,0.000000,0.000000,0.000000,0.000000,0.000000,0.000000,0.000000,0.000000,0.000000,0,0.000000,0.000000,0,0,0,0.000000,0.000000,0.000000,0.000000,0.000000,0.000000,0.000000,0.000000,0,0.000000,0.000000,0.000000,0.000000,0,0,0,0,0,0.000000,0.000000,0.000000,0.000000,0.000000,0.000000,0.000000,0.000000,0.000000,0,0.000000,0.000000,0.000000
31946,28.427343,100419.000000,0.060000,12,1,1000,1000,1000,1000,1000.000000,0,0,0,0,0.000000,0.000000,0.000000,0.000000,0.000000,0.000000,0.000000,0.000000,33,0.550000,1.146000,0.128000,0.302500,1.313316,0.016384,1,1,1.500000,-0.013611,0.171914,-0.062411,-0.000463,0.017146,0.000000,0.000000,0.000000,-0.002000,0.010000,0.006000,0.000000,0.000000,0.000000,0.000000,0.000000,0.000000,0.000000,0.000000,0.000000,0.000000,0.000000,0.000000,0.000000,0,0.000000,0.000000,0,0,0,0.000000,0.000000,0.000000,0.000000,0.000000,0.000000,0.000000,0.000000,0,0.000000,0.000000,0.000000,0.000000,0,0,0,0,0,0.000000,0.000000,0.000000,0.000000,0.000000,0.000000,0.000000,0.000000,0.000000,0,0.000000,0.000000,0.000000
32029,28.431705,100419.703125,0.050000,10,1,1000,1000,1000,1000,1000.000000,0,0,0,0,0.000000,0.000000,0.000000,0.000000,0.000000,0.000000,0.000000,0.000000,116,0.550000,1.146000,0.128000,0.302500,1.313316,0.016384,1,1,1.500000,-0.013611,0.171914,-0.062411,-0.000463,0.017146,0.000000,0.000000,0.000000,-0.002000,0.010000,0.006000,0.000000,0.000000,0.000000,0.000000,0.000000,0.000000,0.000000,0.000000,0.000000,0.000000,0.000000,0.000000,0.000000,0,0.000000,0.000000,0,0,0,0.000000,0.000000,0.000000,0.000000,0.000000,0.000000,0.000000,0.000000,0,0.000000,0.000000,0.000000,0.000000,0,0,0,0,0,0.000000,0.000000,0.000000,0.000000,0.000000,0.000000,0.000000,0.000000,0.000000,0,0.000000,0.000000,0.000000
32132,28.430864,100420.304688,0.050000,28,1,1000,1000,1000,1000,1000.000000,0,0,0,0,0.000000,0.000000,0.000000,0.000000,0.000000,0.000000,0.000000,0.000000,95,0.549000,1.144000,0.120000,0.301401,1.308736,0.014400,1,1,1.500000,-0.013578,0.171390,-0.062033,-0.000466,0.017160,0.000000,0.000000,0.000000,0.001000,0.007000,0.003000,0.000000,0.000000,0.000000,0.000000,0.000000,0.000000,0.000000,0.000000,0.000000,0.000000,0.000000,0.000000,0.000000,0,0.000000,0.000000,0,0,0,0.000000,0.000000,0.000000,0.000000,0.000000,0.000000,0.000000,0.000000,0,0.000000,0.000000,0.000000,0.000000,0,0,0,0,0,0.000000,0.000000,0.000000,0.000000,0.000000,0.000000,0.000000,0.000000,0.000000,0,0.000000,0.000000,0.000000
32235,28.422913,100418.101563,0.070000,4,1,1000,1000,1000,1000,1000.000000,0,0,0,0,0.000000,0.000000,0.000000,0.000000,0.000000,0.000000,0.000000,0.000000,69,0.549000,1.142000,0.130000,0.301401,1.304164,0.016900,1,1,1.500000,-0.013542,0.170867,-0.061657,-0.000466,0.017143,0.000000,0.000000,0.000000,-0.005000,0.011000,-0.002000,0.000000,0.000000,0.000000,0.000000,0.000000,0.000000,0.000000,0.000000,0.000000,0.000000,0.000000,0.000000,0.000000,0,0.000000,0.000000,0,0,0,0.000000,0.000000,0.000000,0.000000,0.000000,0.000000,0.000000,0.000000,0,0.000000,0.000000,0.000000,0.000000,0,0,0,0,0,0.000000,0.000000,0.000000,0.000000,0.000000,0.000000,0.000000,0.000000,0.000000,0,0.000000,0.000000,0.000000
32338,28.428150,100420.703125,0.060000,22,1,1000,1000,1000,1000,1000.000000,0,0,0,0,0.000000,0.000000,0.000000,0.000000,0.000000,0.000000,0.000000,0.000000,48,0.548000,1.141000,0.135000,0.300304,1.301881,0.018225,1,1,1.500000,-0.013513,0.170389,-0.061300,-0.000519,0.018136,0.000000,0.000000,0.000000,0.008000,-0.024000,0.004000,0.000000,0.000000,0.000000,0.000000,0.000000,0.000000,0.000000,0.000000,0.000000,0.000000,0.000000,0.000000,0.000000,0,0.000000,0.000000,0,0,0,0.000000,0.000000,0.000000,0.000000,0.000000,0.000000,0.000000,0.000000,0,0.000000,0.000000,0.000000,0.000000,0,0,0,0,0,0.000000,0.000000,0.000000,0.000000,0.000000,0.000000,0.000000,0.000000,0.000000,0,0.000000,0.000000,0.000000
32442,28.428062,100419.203125,0.040000,0,1,1000,1000,1000,1000,1000.000000,0,0,0,0,0.000000,0.000000,0.000000,0.000000,0.000000,0.000000,0.000000,0.000000,29,0.547000,1.139000,0.135000,0.299209,1.297321,0.018225,1,1,1.500000,-0.013470,0.169910,-0.060922,-0.000428,0.018324,0.000000,0.000000,0.000000,0.000000,0.031000,0.000000,0.000000,0.000000,0.000000,0.000000,0.000000,0.000000,0.000000,0.000000,0.000000,0.000000,0.000000,0.000000,0.000000,0,0.000000,0.000000,0,0,0,0.000000,0.000000,0.000000,0.000000,0.000000,0.000000,0.000000,0.000000,0,0.000000,0.000000,0.000000,0.000000,0,0,0,0,0,0.000000,0.000000,0.000000,0.000000,0.000000,0.000000,0.000000,0.000000,0.000000,0,0.000000,0.000000,0.000000
32546,28.428116,100420.203125,0.040000,20,1,1000,1000,1000,1000,1000.000000,0,0,0,0,0.000000,0.000000,0.000000,0.000000,0.000000,0.000000,0.000000,0.000000,8,0.546000,1.137000,0.133000,0.298116,1.292769,0.017689,1,1,1.500000,-0.013423,0.169441,-0.060525,-0.000425,0.018343,0.000000,0.000000,0.000000,0.014000,-0.019000,0.008000,0.000000,0.000000,0.000000,0.000000,0.000000,0.000000,0.000000,0.000000,0.000000,0.000000,0.000000,0.000000,0.000000,0,0.000000,0.000000,0,0,0,0.000000,0.000000,0.000000,0.000000,0.000000,0.000000,0.000000,0.000000,0,0.000000,0.000000,0.000000,0.000000,0,0,0,0,0,0.000000,0.000000,0.000000,0.000000,0.000000,0.000000,0.000000,0.000000,0.000000,0,0.000000,0.000000,0.000000
32632,28.423403,100417.398438,0.060000,20,1,1000,1000,1000,1000,1000.000000,0,0,0,0,0.000000,0.000000,0.000000,0.000000,0.000000,0.000000,0.000000,0.000000,94,0.546000,1.137000,0.133000,0.298116,1.292769,0.017689,1,1,1.500000,-0.013423,0.169441,-0.060525,-0.000425,0.018343,0.000000,0.000000,0.000000,0.014000,-0.019000,0.008000,0.000000,0.000000,0.000000,0.000000,0.000000,0.000000,0.000000,0.000000,0.000000,0.000000,0.000000,0.000000,0.000000,0,0.000000,0.000000,0,0,0,0.000000,0.000000,0.000000,0.000000,0.000000,0.000000,0.000000,0.000000,0,0.000000,0.000000,0.000000,0.000000,0,0,0,0,0,0.000000,0.000000,0.000000,0.000000,0.000000,0.000000,0.000000,0.000000,0.000000,0,0.000000,0.000000,0.000000
32738,28.426100,100418.898438,0.060000,0,1,1000,1000,1000,1000,1000.000000,0,0,0,0,0.000000,0.000000,0.000000,0.000000,0.000000,0.000000,0.000000,0.000000,78,0.546000,1.136000,0.135000,0.298116,1.290496,0.018225,1,1,1.500000,-0.013392,0.168988,-0.060171,-0.000651,0.018543,0.000000,0.000000,0.000000,-0.008000,0.031000,0.003000,0.000000,0.000000,0.000000,0.000000,0.000000,0.000000,0.000000,0.000000,0.000000,0.000000,0.000000,0.000000,0.000000,0,0.000000,0.000000,0,0,0,0.000000,0.000000,0.000000,0.000000,0.000000,0.000000,0.000000,0.000000,0,0.000000,0.000000,0.000000,0.000000,0,0,0,0,0,0.000000,0.000000,0.000000,0.000000,0.000000,0.000000,0.000000,0.000000,0.000000,0,0.000000,0.000000,0.000000
32828,28.429394,100420.703125,0.050000,0,1,1000,1000,1000,1000,1000.000000,1,0,0,1,0.000009,0.000001,0.009981,0.003325,2.000027,2.000027,0.500069,0.500067,42,0.545000,1.134000,0.136000,0.297025,1.285956,0.018496,1,1,1.500000,-0.013365,0.168544,-0.059818,-0.000661,0.018580,0.000000,0.000000,0.000000,0.008000,-0.008000,0.007000,1.242358,3.506297,-106.576492,0.000000,0.000000,0.000000,0.000000,0.000000,0.000000,0.000000,0.000000,0.000000,0.000000,0,-0.009958,0.000000,1,0,0,0.000000,0.000000,0.000000,0.000000,0.000000,0.000000,0.000000,0.000000,0,0.000000,0.000000,0.000000,0.000000,0,0,0,0,0,0.000000,0.000000,0.000000,0.000000,0.000000,0.000000,0.000000,0.000000,0.000000,0,0.000000,0.000000,0.000000
32932,28.425137,100419.804688,0.050000,3,1,1000,1000,1000,1000,1000.000000,1,0,0,1,-0.095867,0.043607,0.091598,0.002433,0.894558,0.894558,0.354646,0.354620,21,0.544000,1.133000,0.136000,0.295936,1.283689,0.018496,1,1,1.500000,-0.013334,0.168102,-0.059483,-0.000463,0.018517,-0.119670,0.054165,1.400121,-0.007000,0.014000,-0.005000,1.240592,3.508110,-106.582664,0.000000,0.000000,0.000000,0.000000,0.000000,0.000000,0.000000,0.000000,0.000000,0.000000,0,0.119147,0.002881,1,0,0,0.000000,0.000000,0.000000,0.000000,0.000000,0.000000,0.000000,0.000000,0,0.000000,0.000000,0.000000,0.000000,0,0,0,0,0,0.000000,0.000000,0.000000,0.000000,0.000000,0.000000,0.000000,0.000000,0.000000,0,0.000000,0.000000,0.000000
33045,28.421757,100418.500000,0.060000,31,1,1000,1000,1000,1000,1000.000000,1,0,0,1,-0.106396,0.048719,0.106832,0.011015,0.667068,0.667068,0.291974,0.291897,8,0.543000,1.131000,0.116000,0.294849,1.279161,0.013456,1,1,1.500000,-0.013307,0.167671,-0.059160,-0.000485,0.018475,-0.119670,0.054165,1.438119,0.006000,0.006000,0.000000,1.243543,3.508514,-106.582283,0.000000,0.000000,0.000000,0.000000,0.000000,0.000000,0.000000,0.000000,0.000000,0.000000,0,0.072196,0.001239,1,0,0,0.000000,0.000000,0.000000,0.000000,0.000000,0.000000,0.000000,0.000000,0,0.000000,0.000000,0.000000,0.000000,0,0,0,0,0,0.000000,0.000000,0.000000,0.000000,0.000000,0.000000,0.000000,0.000000,0.000000,0,0.000000,0.000000,0.000000
33136,28.425190,100419.601563,0.070000,36,1,1000,1000,1000,1000,1000.000000,1,0,0,1,-0.106340,0.049434,0.075151,0.011679,0.668875,0.668874,0.301162,0.300885,99,0.543000,1.131000,0.116000,0.294849,1.279161,0.013456,1,1,1.500000,-0.013307,0.167671,-0.059160,-0.000485,0.018475,-0.119670,0.054165,1.438119,0.006000,0.006000,0.000000,1.243573,3.508774,-106.585381,0.000000,0.000000,0.000000,0.000000,0.000000,0.000000,0.000000,0.000000,0.000000,0.000000,0,0.098727,0.002481,1,0,0,0.000000,0.000000,0.000000,0.000000,0.000000,0.000000,0.000000,0.000000,0,0.000000,0.000000,0.000000,0.000000,0,0,0,0,0,0.000000,0.000000,0.000000,0.000000,0.000000,0.000000,0.000000,0.000000,0.000000,0,0.000000,0.000000,0.000000
33241,28.422230,100418.601563,0.060000,0,1,1000,1000,1000,1000,1000.000000,1,0,0,1,-0.110112,0.050512,0.089291,0.020452,0.557784,0.557781,0.270514,0.270084,76,0.543000,1.130000,0.134000,0.294849,1.276900,0.017956,1,1,1.500000,-0.013277,0.167256,-0.058836,-0.000460,0.018514,-0.119664,0.054169,1.468099,0.005000,-0.012000,0.001000,1.248882,3.499930,-106.578087,0.000000,0.000000,0.000000,0.000000,0.000000,0.000000,0.000000,0.000000,0.000000,0.000000,0,0.088086,0.002044,1,0,0,0.000000,0.000000,0.000000,0.000000,0.000000,0.000000,0.000000,0.000000,0,0.000000,0.000000,0.000000,0.000000,0,0,0,0,0,0.000000,0.000000,0.000000,0.000000,0.000000,0.000000,0.000000,0.000000,0.000000,0,0.000000,0.000000,0.000000
33335,28.421021,100419.804688,0.060000,3,1,1000,1000,1000,1000,1000.000000,1,0,0,1,-0.111514,0.051870,0.089112,0.024111,0.488471,0.488468,0.249425,0.248924,44,0.542000,1.129000,0.125000,0.293764,1.274641,0.015625,1,1,1.500000,-0.013253,0.166851,-0.058517,-0.000676,0.018724,-0.119664,0.054169,1.510099,0.015000,0.008000,0.008000,1.255891,3.505984,-106.574631,0.000000,0.000000,0.000000,0.000000,0.000000,0.000000,0.000000,0.000000,0.000000,0.000000,0,0.097750,0.002581,1,0,0,0.000000,0.000000,0.000000,0.000000,0.000000,0.000000,0.000000,0.000000,0,0.000000,0.000000,0.000000,0.000000,0,0,0,0,0,0.000000,0.000000,0.000000,0.000000,0.000000,0.000000,0.000000,0.000000,0.000000,0,0.000000,0.000000,0.000000
33431,28.420389,100417.601563,0.070000,0,1,1000,1000,1000,1000,1000.000000,1,0,0,1,-0.112878,0.052347,0.097065,0.031595,0.440628,0.440624,0.237838,0.237246,20,0.541000,1.127000,0.108000,0.292681,1.270129,0.011664,1,1,1.500000,-0.013237,0.166440,-0.058182,-0.000714,0.018651,-0.119670,0.054165,1.544118,0.000000,-0.002000,0.007000,1.251702,3.499633,-106.580467,0.000000,0.000000,0.000000,0.000000,0.000000,0.000000,0.000000,0.000000,0.000000,0.000000,0,0.115998,0.003673,1,0,0,0.000000,0.000000,0.000000,0.000000,0.000000,0.000000,0.000000,0.000000,0,0.000000,0.000000,0.000000,0.000000,0,0,0,0,0,0.000000,0.000000,0.000000,0.000000,0.000000,0.000000,0.000000,0.000000,0.000000,0,0.000000,0.000000,0.000000
33531,28.423157,100420.500000,0.060000,15,1,1000,1000,1000,1000,1000.000000,1,0,0,1,-0.113964,0.051806,0.079980,0.014104,0.438130,0.438127,0.097125,0.097032,120,0.541000,1.127000,0.108000,0.292681,1.270129,0.011664,1,1,1.500000,-0.013237,0.166440,-0.058182,-0.000714,0.018651,-0.119670,0.054165,1.544118,0.000000,-0.002000,0.007000,1.232426,3.482148,-106.599304,0.000000,0.000000,0.000000,0.000000,0.000000,0.000000,0.000000,0.000000,0.000000,0.000000,0,0.085434,0.002020,1,0,0,0.000000,0.000000,0.000000,0.000000,0.000000,0.000000,0.000000,0.000000,0,0.000000,0.000000,0.000000,0.000000,0,0,0,0,0,0.000000,0.000000,0.000000,0.000000,0.000000,0.000000,0.000000,0.000000,0.000000,0,0.000000,0.000000,0.000000
33628,28.424227,100418.898438,0.070000,22,1,1000,1000,1000,1000,1000.000000,1,0,0,1,-0.116808,0.052242,0.084508,0.013341,0.401349,0.401345,0.075712,0.075622,92,0.541000,1.126000,0.132000,0.292681,1.267876,0.017424,1,1,1.500000,-0.013229,0.166023,-0.057864,-0.000741,0.018609,-0.130768,0.054165,1.579118,-0.011000,0.009000,-0.006000,1.225864,3.480307,-106.608978,0.000000,0.000000,0.000000,0.000000,0.000000,0.000000,0.000000,0.000000,0.000000,0.000000,0,0.099987,0.002792,1,0,0,0.000000,0.000000,0.000000,0.000000,0.000000,0.000000,0.000000,0.000000,0,0.000000,0.000000,0.000000,0.000000,0,0,0,0,0,0.000000,0.000000,0.000000,0.000000,0.000000,0.000000,0.000000,0.000000,0.000000,0,0.000000,0.000000,0.000000
33745,28.421318,100419.804688,0.050000,0,1,1000,1000,1000,1000,1000.000000,1,0,0,1,-0.118681,0.052496,0.091267,0.016020,0.372646,0.372644,0.073827,0.073712,86,0.540000,1.124000,0.129000,0.291600,1.263376,0.016641,1,1,1.500000,-0.013219,0.165611,-0.057541,-0.000525,0.018400,-0.130768,0.054165,1.630121,0.013000,-0.003000,0.009000,1.224199,3.476677,-106.613007,0.000000,0.000000,0.000000,0.000000,0.000000,0.000000,0.000000,0.000000,0.000000,0.000000,0,0.085067,0.002033,1,0,0,0.000000,0.000000,0.000000,0.000000,0.000000,0.000000,0.000000,0.000000,0,0.000000,0.000000,0.000000,0.000000,0,0,0,0,0,0.000000,0.000000,0.000000,0.000000,0.000000,0.000000,0.000000,0.000000,0.000000,0,0.000000,0.000000,0.000000
33845,28.421791,100419.000000,0.050000,1,1,1000,1000,1000,1000,1000.000000,1,0,0,1,-0.120124,0.052707,0.097679,0.016724,0.349304,0.349302,0.072725,0.072627,59,0.539000,1.123000,0.134000,0.290521,1.261129,0.017956,1,1,1.500000,-0.013196,0.165194,-0.057194,-0.000521,0.018319,-0.130768,0.054165,1.669118,0.002000,0.001000,0.012000,1.219348,3.472003,-106.619164,0.000000,0.000000,0.000000,0.000000,0.000000,0.000000,0.000000,0.000000,0.000000,0.000000,0,0.091371,0.002356,1,0,0,0.000000,0.000000,0.000000,0.000000,0.000000,0.000000,0.000000,0.000000,0,0.000000,0.000000,0.000000,0.000000,0,0,0,0,0,0.000000,0.000000,0.000000,0.000000,0.000000,0.000000,0.000000,0.000000,0.000000,0,0.000000,0.000000,0.000000
33933,28.420723,100420.101563,0.040000,0,1,1000,1000,1000,1000,1000.000000,1,0,0,1,-0.121224,0.052897,0.099860,0.016451,0.329840,0.329839,0.068304,0.068236,21,0.539000,1.121000,0.125000,0.290521,1.256641,0.015625,1,1,1.500000,-0.013180,0.164756,-0.056862,-0.000686,0.017640,-0.130768,0.054165,1.704118,0.020000,0.018000,0.012000,1.217412,3.475100,-106.624504,0.000000,0.000000,0.000000,0.000000,0.000000,0.000000,0.000000,0.000000,0.000000,0.000000,0,0.083401,0.001973,1,0,0,0.000000,0.000000,0.000000,0.000000,0.000000,0.000000,0.000000,0.000000,0,0.000000,0.000000,0.000000,0.000000,0,0,0,0,0,0.000000,0.000000,0.000000,0.000000,0.000000,0.000000,0.000000,0.000000,0.000000,0,0.000000,0.000000,0.000000
34033,28.422054,100420.304688,0.020000,12,1,1000,1000,1000,1000,1000.000000,1,0,0,1,-0.121190,0.052899,0.095099,0.014659,0.329957,0.329956,0.067448,0.067401,121,0.539000,1.121000,0.125000,0.290521,1.256641,0.015625,1,1,1.500000,-0.013180,0.164756,-0.056862,-0.000686,0.017640,-0.130768,0.054165,1.704118,0.020000,0.018000,0.012000,1.213031,3.473519,-106.630684,0.000000,0.000000,0.000000,0.000000,0.000000,0.000000,0.000000,0.000000,0.000000,0.000000,0,0.057228,0.000932,1,0,0,0.000000,0.000000,0.000000,0.000000,0.000000,0.000000,0.000000,0.000000,0,0.000000,0.000000,0.000000,0.000000,0,0,0,0,0,0.000000,0.000000,0.000000,0.000000,0.000000,0.000000,0.000000,0.000000,0.000000,0,0.000000,0.000000,0.000000
34140,28.415117,100416.804688,0.050000,24,1,1000,1000,1000,1000,1000.000000,1,0,0,1,-0.122115,0.052980,0.101491,0.014709,0.313467,0.313466,0.066873,0.066843,99,0.538000,1.119000,0.132000,0.289444,1.252161,0.017424,1,1,1.500000,-0.013153,0.164349,-0.056497,-0.000660,0.017586,-0.130763,0.054169,1.747102,-0.002000,-0.012000,0.014000,1.210326,3.471761,-106.635513,0.000000,0.000000,0.000000,0.000000,0.000000,0.000000,0.000000,0.000000,0.000000,0.000000,0,0.094705,0.002558,1,0,0,0.000000,0.000000,0.000000,0.000000,0.000000,0.000000,0.000000,0.000000,0,0.000000,0.000000,0.000000,0.000000,0,0,0,0,0,0.000000,0.000000,0.000000,0.000000,0.000000,0.000000,0.000000,0.000000,0.000000,0,0.000000,0.000000,0.000000
34232,28.419075,100419.703125,0.050000,30,1,1000,1000,1000,1000,1000.000000,1,0,0,1,-0.123890,0.053120,0.106523,0.014184,0.299214,0.299214,0.063050,0.063032,67,0.537000,1.118000,0.128000,0.288369,1.249924,0.016384,1,1,1.500000,-0.013133,0.163951,-0.056147,-0.000660,0.017583,-0.141861,0.054169,1.790102,-0.004000,0.017000,0.018000,1.207000,3.473212,-106.640854,0.000000,0.000000,0.000000,0.000000,0.000000,0.000000,0.000000,0.000000,0.000000,0.000000,0,0.099643,0.002838,1,0,0,0.000000,0.000000,0.000000,0.000000,0.000000,0.000000,0.000000,0.000000,0,0.000000,0.000000,0.000000,0.000000,0,0,0,0,0,0.000000,0.000000,0.000000,0.000000,0.000000,0.000000,0.000000,0.000000,0.000000,0,0.000000,0.000000,0.000000
34337,28.421352,100420.101563,0.030000,3,1,1000,1000,1000,1000,1000.000000,1,0,0,1,-0.125348,0.053193,0.108897,0.012937,0.286805,0.286805,0.062312,0.062303,45,0.537000,1.117000,0.134000,0.288369,1.247689,0.017956,1,1,1.500000,-0.013113,0.163543,-0.055810,-0.000661,0.017583,-0.141861,0.054169,1.823099,0.007000,-0.008000,0.006000,1.207977,3.470794,-106.643013,0.000000,0.000000,0.000000,0.000000,0.000000,0.000000,0.000000,0.000000,0.000000,0.000000,0,0.081563,0.001907,1,0,0,0.000000,0.000000,0.000000,0.000000,0.000000,0.000000,0.000000,0.000000,0,0.000000,0.000000,0.000000,0.000000,0,0,0,0,0,0.000000,0.000000,0.000000,0.000000,0.000000,0.000000,0.000000,0.000000,0.000000,0,0.000000,0.000000,0.000000
34442,28.418987,100420.101563,0.020000,0,1,1000,1000,1000,1000,1000.000000,1,0,0,1,-0.126563,0.053276,0.117448,0.013183,0.275834,0.275834,0.060941,0.060937,26,0.536000,1.115000,0.128000,0.287296,1.243225,0.016384,1,1,1.500000,-0.013091,0.163120,-0.055483,-0.000661,0.017583,-0.141861,0.054169,1.864099,0.014000,0.003000,0.011000,1.209067,3.472097,-106.646065,0.000000,0.000000,0.000000,0.000000,0.000000,0.000000,0.000000,0.000000,0.000000,0.000000,0,0.079509,0.001813,1,0,0,0.000000,0.000000,0.000000,0.000000,0.000000,0.000000,0.000000,0.000000,0,0.000000,0.000000,0.000000,0.000000,0,0,0,0,0,0.000000,0.000000,0.000000,0.000000,0.000000,0.000000,0.000000,0.000000,0.000000,0,0.000000,0.000000,0.000000
34538,28.416676,100419.804688,0.030000,3,1,1000,1000,1000,1000,1000.000000,1,0,0,1,-0.126556,0.053275,0.110167,0.009816,0.276011,0.276011,0.060430,0.060429,0,0.535000,1.114000,0.129000,0.286225,1.240996,0.016641,1,1,1.500000,-0.013076,0.162717,-0.055166,-0.000661,0.017583,-0.141861,0.054169,1.864099,-0.001000,0.010000,0.015000,1.208111,3.471801,-106.649300,0.000000,0.000000,0.000000,0.000000,0.000000,0.000000,0.000000,0.000000,0.000000,0.000000,0,0.082679,0.001964,1,0,0,0.000000,0.000000,0.000000,0.000000,0.000000,0.000000,0.000000,0.000000,0,0.000000,0.000000,0.000000,0.000000,0,0,0,0,0,0.000000,0.000000,0.000000,0.000000,0.000000,0.000000,0.000000,0.000000,0.000000,0,0.000000,0.000000,0.000000
34643,28.419268,100421.804688,0.010000,15,1,1000,1000,1000,1000,1000.000000,1,0,0,1,-0.127641,0.053367,0.116092,0.009337,0.266243,0.266243,0.059739,0.059739,105,0.535000,1.114000,0.129000,0.286225,1.240996,0.016641,1,1,1.500000,-0.013076,0.162717,-0.055166,-0.000661,0.017583,-0.141861,0.054169,1.905099,-0.001000,0.010000,0.015000,1.206641,3.472832,-106.653099,0.000000,0.000000,0.000000,0.000000,0.000000,0.000000,0.000000,0.000000,0.000000,0.000000,0,0.067934,0.001328,1,0,0,0.000000,0.000000,0.000000,0.000000,0.000000,0.000000,0.000000,0.000000,0,0.000000,0.000000,0.000000,0.000000,0,0,0,0,0,0.000000,0.000000,0.000000,0.000000,0.000000,0.000000,0.000000,0.000000,0.000000,0,0.000000,0.000000,0.000000
34731,28.415712,100420.898438,0.010000,3,1,1000,1000,1000,1000,1000.000000,1,0,0,1,-0.129326,0.052823,0.121864,0.008995,0.257397,0.257397,0.056792,0.056793,71,0.535000,1.112000,0.121000,0.286225,1.236544,0.014641,1,1,1.500000,-0.013071,0.162327,-0.054838,-0.000722,0.017628,-0.152960,0.045332,1.945100,-0.002000,-0.007000,0.020000,1.205283,3.472371,-106.655945,0.000000,0.000000,0.000000,0.000000,0.000000,0.000000,0.000000,0.000000,0.000000,0.000000,0,0.073944,0.001574,1,0,0,0.000000,0.000000,0.000000,0.000000,0.000000,0.000000,0.000000,0.000000,0,0.000000,0.000000,0.000000,0.000000,0,0,0,0,0,0.000000,0.000000,0.000000,0.000000,0.000000,0.000000,0.000000,0.000000,0.000000,0,0.000000,0.000000,0.000000
34831,28.411806,100418.101563,0.040000,18,1,1000,1000,1000,1000,1000.000000,1,0,0,1,-0.130790,0.052341,0.126262,0.008384,0.249455,0.249455,0.056555,0.056557,44,0.534000,1.111000,0.124000,0.285156,1.234321,0.015376,1,1,1.500000,-0.013065,0.161956,-0.054535,-0.000722,0.017699,-0.152960,0.045332,1.985101,0.004000,-0.005000,0.003000,1.203661,3.472915,-106.659271,0.000000,0.000000,0.000000,0.000000,0.000000,0.000000,0.000000,0.000000,0.000000,0.000000,0,0.109855,0.003477,1,0,0,0.000000,0.000000,0.000000,0.000000,0.000000,0.000000,0.000000,0.000000,0,0.000000,0.000000,0.000000,0.000000,0,0,0,0,0,0.000000,0.000000,0.000000,0.000000,0.000000,0.000000,0.000000,0.000000,0.000000,0,0.000000,0.000000,0.000000
34935,28.416729,100420.203125,0.030000,36,1,1000,1000,1000,1000,1000.000000,1,0,0,1,-0.132083,0.051927,0.130663,0.008309,0.242242,0.242242,0.057561,0.057564,22,0.534000,1.110000,0.105000,0.285156,1.232100,0.011025,1,1,1.500000,-0.013056,0.161598,-0.054201,-0.000719,0.017602,-0.152960,0.045332,2.031099,0.000000,0.000000,0.003000,1.201929,3.474138,-106.662636,0.000000,0.000000,0.000000,0.000000,0.000000,0.000000,0.000000,0.000000,0.000000,0.000000,0,0.093953,0.002545,1,0,0,0.000000,0.000000,0.000000,0.000000,0.000000,0.000000,0.000000,0.000000,0,0.000000,0.000000,0.000000,0.000000,0,0,0,0,0,0.000000,0.000000,0.000000,0.000000,0.000000,0.000000,0.000000,0.000000,0.000000,0,0.000000,0.000000,0.000000
35057,28.414223,100418.703125,0.030000,0,1,1000,1000,1000,1000,1000.000000,1,0,0,1,-0.133227,0.051585,0.135836,0.008391,0.235691,0.235691,0.059851,0.059855,17,0.533000,1.108000,0.130000,0.284089,1.227664,0.016900,1,1,1.500000,-0.013039,0.161233,-0.053892,-0.000678,0.017613,-0.152960,0.045332,2.075101,0.003000,0.011000,-0.006000,1.201012,3.476486,-106.666519,0.000000,0.000000,0.000000,0.000000,0.000000,0.000000,0.000000,0.000000,0.000000,0.000000,0,0.088698,0.002270,1,0,0,0.000000,0.000000,0.000000,0.000000,0.000000,0.000000,0.000000,0.000000,0,0.000000,0.000000,0.000000,0.000000,0,0,0,0,0,0.000000,0.000000,0.000000,0.000000,0.000000,0.000000,0.000000,0.000000,0.000000,0,0.000000,0.000000,0.000000
35184,28.414154,100419.601563,0.040000,37,1,1000,1000,1000,1000,1000.000000,1,0,0,1,-0.134246,0.051183,0.137208,0.007875,0.229694,0.229694,0.062576,0.062580,16,0.532000,1.107000,0.134000,0.283024,1.225449,0.017956,1,1,1.500000,-0.013013,0.160859,-0.053580,-0.000668,0.017560,-0.152960,0.045332,2.121099,0.004000,-0.019000,0.005000,1.201684,3.474201,-106.670570,0.000000,0.000000,0.000000,0.000000,0.000000,0.000000,0.000000,0.000000,0.000000,0.000000,0,0.110307,0.003514,1,0,0,0.000000,0.000000,0.000000,0.000000,0.000000,0.000000,0.000000,0.000000,0,0.000000,0.000000,0.000000,0.000000,0,0,0,0,0,0.000000,0.000000,0.000000,0.000000,0.000000,0.000000,0.000000,0.000000,0.000000,0,0.000000,0.000000,0.000000
35246,28.415958,100420.500000,0.030000,0,1,1000,1000,1000,1000,1000.000000,1,0,0,1,-0.134245,0.051194,0.134177,0.005661,0.229749,0.229750,0.058187,0.058190,78,0.532000,1.107000,0.134000,0.283024,1.225449,0.017956,1,1,1.500000,-0.013013,0.160859,-0.053580,-0.000668,0.017560,-0.152960,0.045332,2.121099,0.004000,-0.019000,0.005000,1.200975,3.475080,-106.672501,0.000000,0.000000,0.000000,0.000000,0.000000,0.000000,0.000000,0.000000,0.000000,0.000000,0,0.117255,0.003972,1,0,0,0.000000,0.000000,0.000000,0.000000,0.000000,0.000000,0.000000,0.000000,0,0.000000,0.000000,0.000000,0.000000,0,0,0,0,0,0.000000,0.000000,0.000000,0.000000,0.000000,0.000000,0.000000,0.000000,0.000000,0,0.000000,0.000000,0.000000
35339,28.413908,100420.898438,0.010000,0,1,1000,1000,1000,1000,1000.000000,1,0,0,1,-0.135189,0.050952,0.138617,0.005681,0.224064,0.224064,0.056208,0.056211,47,0.532000,1.106000,0.132000,0.283024,1.223236,0.017424,1,1,1.500000,-0.013015,0.160498,-0.053287,-0.000825,0.017461,-0.152960,0.045332,2.153100,0.000000,0.020000,0.000000,1.199699,3.477036,-106.675323,0.000000,0.000000,0.000000,0.000000,0.000000,0.000000,0.000000,0.000000,0.000000,0.000000,0,0.091800,0.002435,1,0,0,0.000000,0.000000,0.000000,0.000000,0.000000,0.000000,0.000000,0.000000,0,0.000000,0.000000,0.000000,0.000000,0,0,0,0,0,0.000000,0.000000,0.000000,0.000000,0.000000,0.000000,0.000000,0.000000,0.000000,0,0.000000,0.000000,0.000000
35444,28.414276,100420.398438,0.000000,0,1,1000,1000,1000,1000,1000.000000,1,0,0,1,-0.136013,0.050187,0.143833,0.006251,0.218863,0.218863,0.057029,0.057032,32,0.531000,1.104000,0.130000,0.281961,1.218816,0.016900,1,1,1.500000,-0.013023,0.160119,-0.053010,-0.000807,0.017492,-0.152960,0.036494,2.197099,0.007000,-0.023000,-0.006000,1.201625,3.473819,-106.678818,0.000000,0.000000,0.000000,0.000000,0.000000,0.000000,0.000000,0.000000,0.000000,0.000000,0,0.086699,0.002173,1,0,0,0.000000,0.000000,0.000000,0.000000,0.000000,0.000000,0.000000,0.000000,0,0.000000,0.000000,0.000000,0.000000,0,0,0,0,0,0.000000,0.000000,0.000000,0.000000,0.000000,0.000000,0.000000,0.000000,0.000000,0,0.000000,0.000000,0.000000
35548,28.411945,100418.804688,0.010000,0,1,1000,1000,1000,1000,1000.000000,1,0,0,1,-0.136811,0.049570,0.149452,0.007110,0.214010,0.214010,0.057245,0.057248,10,0.531000,1.103000,0.128000,0.281961,1.216609,0.016384,1,1,1.500000,-0.013022,0.159735,-0.052721,-0.000585,0.017172,-0.152960,0.036494,2.247102,-0.005000,0.005000,-0.006000,1.199916,3.473697,-106.682053,0.000000,0.000000,0.000000,0.000000,0.000000,0.000000,0.000000,0.000000,0.000000,0.000000,0,0.082080,0.001948,1,0,0,0.000000,0.000000,0.000000,0.000000,0.000000,0.000000,0.000000,0.000000,0,0.000000,0.000000,0.000000,0.000000,0,0,0,0,0,0.000000,0.000000,0.000000,0.000000,0.000000,0.000000,0.000000,0.000000,0.000000,0,0.000000,0.000000,0.000000
35653,28.414066,100418.804688,0.030000,1,1,1000,1000,1000,1000,1000.000000,1,0,0,1,-0.136810,0.049569,0.144751,0.004777,0.214261,0.214261,0.058088,0.058091,115,0.531000,1.103000,0.128000,0.281961,1.216609,0.016384,1,1,1.500000,-0.013022,0.159735,-0.052721,-0.000585,0.017172,-0.152960,0.036494,2.247102,-0.005000,0.005000,-0.006000,1.199640,3.472726,-106.685364,0.000000,0.000000,0.000000,0.000000,0.000000,0.000000,0.000000,0.000000,0.000000,0.000000,0,0.107395,0.003337,1,0,0,0.000000,0.000000,0.000000,0.000000,0.000000,0.000000,0.000000,0.000000,0,0.000000,0.000000,0.000000,0.000000,0,0,0,0,0,0.000000,0.000000,0.000000,0.000000,0.000000,0.000000,0.000000,0.000000,0.000000,0,0.000000,0.000000,0.000000
35734,28.410246,100418.304688,0.040000,39,1,1000,1000,1000,1000,1000.000000,1,0,0,1,-0.137490,0.048981,0.148376,0.004924,0.209662,0.209662,0.056035,0.056037,72,0.530000,1.102000,0.109000,0.280900,1.214404,0.011881,1,1,1.500000,-0.013003,0.159336,-0.052448,-0.000519,0.017121,-0.152960,0.036494,2.285100,0.008000,-0.005000,-0.007000,1.200457,3.472001,-106.688019,0.000000,0.000000,0.000000,0.000000,0.000000,0.000000,0.000000,0.000000,0.000000,0.000000,0,0.131672,0.005017,1,0,0,0.000000,0.000000,0.000000,0.000000,0.000000,0.000000,0.000000,0.000000,0,0.000000,0.000000,0.000000,0.000000,0,0,0,0,0,0.000000,0.000000,0.000000,0.000000,0.000000,0.000000,0.000000,0.000000,0.000000,0,0.000000,0.000000,0.000000
35837,28.410807,100418.703125,0.050000,1,1,1000,1000,1000,1000,1000.000000,1,0,0,1,-0.138644,0.048508,0.151399,0.005308,0.205441,0.205441,0.056204,0.056207,47,0.529000,1.100000,0.134000,0.279841,1.210000,0.017956,1,1,1.500000,-0.013009,0.158946,-0.052218,-0.000897,0.017393,-0.164059,0.036494,2.321100,-0.014000,0.016000,-0.009000,1.198525,3.473797,-106.690910,0.000000,0.000000,0.000000,0.000000,0.000000,0.000000,0.000000,0.000000,0.000000,0.000000,0,0.135394,0.005306,1,0,0,0.000000,0.000000,0.000000,0.000000,0.000000,0.000000,0.000000,0.000000,0,0.000000,0.000000,0.000000,0.000000,0,0,0,0,0,0.000000,0.000000,0.000000,0.000000,0.000000,0.000000,0.000000,0.000000,0.000000,0,0.000000,0.000000,0.000000
35942,28.411789,100420.203125,0.040000,19,1,1000,1000,1000,1000,1000.000000,1,0,0,1,-0.139137,0.048000,0.151697,0.004771,0.201457,0.201457,0.055839,0.055841,31,0.529000,1.099000,0.113000,0.279841,1.207801,0.012769,1,1,1.500000,-0.013015,0.158569,-0.052000,-0.000912,0.017403,-0.152960,0.036494,2.370100,0.027000,-0.007000,-0.002000,1.203051,3.473481,-106.694565,0.000000,0.000000,0.000000,0.000000,0.000000,0.000000,0.000000,0.000000,0.000000,0.000000,0,0.135097,0.005284,1,0,0,0.000000,0.000000,0.000000,0.000000,0.000000,0.000000,0.000000,0.000000,0,0.000000,0.000000,0.000000,0.000000,0,0,0,0,0,0.000000,0.000000,0.000000,0.000000,0.000000,0.000000,0.000000,0.000000,0.000000,0,0.000000,0.000000,0.000000
36033,28.408039,100418.500000,0.040000,25,1,1000,1000,1000,1000,1000.000000,1,0,0,1,-0.139151,0.047995,0.146198,0.002322,0.201640,0.201640,0.054918,0.054920,122,0.529000,1.099000,0.113000,0.279841,1.207801,0.012769,1,1,1.500000,-0.013015,0.158569,-0.052000,-0.000912,0.017403,-0.152960,0.036494,2.370100,0.027000,-0.007000,-0.002000,1.201661,3.472445,-106.697281,0.000000,0.000000,0.000000,0.000000,0.000000,0.000000,0.000000,0.000000,0.000000,0.000000,0,0.129257,0.004839,1,0,0,0.000000,0.000000,0.000000,0.000000,0.000000,0.000000,0.000000,0.000000,0,0.000000,0.000000,0.000000,0.000000,0,0,0,0,0,0.000000,0.000000,0.000000,0.000000,0.000000,0.000000,0.000000,0.000000,0.000000,0,0.000000,0.000000,0.000000
36133,28.406796,100418.703125,0.050000,31,1,1000,1000,1000,1000,1000.000000,1,0,0,1,-0.140186,0.047618,0.149562,0.002856,0.197895,0.197895,0.055084,0.055087,92,0.528000,1.098000,0.132000,0.278784,1.205604,0.017424,1,1,1.500000,-0.013020,0.158217,-0.051760,-0.001072,0.017897,-0.164059,0.036494,2.407102,-0.020000,0.021000,-0.005000,1.198560,3.473320,-106.700378,0.000000,0.000000,0.000000,0.000000,0.000000,0.000000,0.000000,0.000000,0.000000,0.000000,0,0.142917,0.005917,1,0,0,0.000000,0.000000,0.000000,0.000000,0.000000,0.000000,0.000000,0.000000,0,0.000000,0.000000,0.000000,0.000000,0,0,0,0,0,0.000000,0.000000,0.000000,0.000000,0.000000,0.000000,0.000000,0.000000,0.000000,0,0.000000,0.000000,0.000000
36246,28.407654,100419.101563,0.070000,0,1,1000,1000,1000,1000,1000.000000,1,0,0,1,-0.140621,0.046777,0.152225,0.003145,0.194476,0.194477,0.057816,0.057820,78,0.528000,1.096000,0.138000,0.278784,1.201216,0.019044,1,1,1.500000,-0.013019,0.157865,-0.051517,-0.001079,0.017913,-0.152960,0.027656,2.456102,0.015000,-0.027000,0.013000,1.200714,3.470053,-106.704185,0.000000,0.000000,0.000000,0.000000,0.000000,0.000000,0.000000,0.000000,0.000000,0.000000,0,0.165945,0.007980,1,0,0,0.000000,0.000000,0.000000,0.000000,0.000000,0.000000,0.000000,0.000000,0,0.000000,0.000000,0.000000,0.000000,0,0,0,0,0,0.000000,0.000000,0.000000,0.000000,0.000000,0.000000,0.000000,0.000000,0.000000,0,0.000000,0.000000,0.000000
36390,28.410299,100419.304688,0.090000,9,1,1000,1000,1000,1000,1000.000000,1,0,0,1,-0.141451,0.046479,0.146855,0.000727,0.191377,0.191377,0.062975,0.062979,97,0.527000,1.095000,0.131000,0.277729,1.199025,0.017161,1,1,1.500000,-0.013024,0.157489,-0.051274,-0.001173,0.017697,-0.164059,0.036494,2.491102,0.004000,0.021000,0.008000,1.200061,3.472448,-106.708588,0.000000,0.000000,0.000000,0.000000,0.000000,0.000000,0.000000,0.000000,0.000000,0.000000,0,0.180754,0.009472,1,0,0,0.000000,0.000000,0.000000,0.000000,0.000000,0.000000,0.000000,0.000000,0,0.000000,0.000000,0.000000,0.000000,0,0,0,0,0,0.000000,0.000000,0.000000,0.000000,0.000000,0.000000,0.000000,0.000000,0.000000,0,0.000000,0.000000,0.000000
36431,28.405954,100419.101563,0.090000,0,1,1000,1000,1000,1000,1000.000000,1,0,0,1,-0.141767,0.045760,0.156837,0.004513,0.188189,0.188189,0.067469,0.067474,18,0.526000,1.094000,0.125000,0.276676,1.196836,0.015625,1,1,1.500000,-0.013027,0.157128,-0.051049,-0.001061,0.017832,-0.152960,0.027656,2.532102,0.019000,-0.013000,0.001000,1.204181,3.471409,-106.709831,0.000000,0.000000,0.000000,0.000000,0.000000,0.000000,0.000000,0.000000,0.000000,0.000000,0,0.180754,0.009472,1,0,0,0.000000,0.000000,0.000000,0.000000,0.000000,0.000000,0.000000,0.000000,0,0.000000,0.000000,0.000000,0.000000,0,0,0,0,0,0.000000,0.000000,0.000000,0.000000,0.000000,0.000000,0.000000,0.000000,0.000000,0,0.000000,0.000000,0.000000
36546,28.405762,100418.500000,0.080000,26,1,1000,1000,1000,1000,1000.000000,1,0,0,1,-0.142206,0.045502,0.155129,0.003602,0.184934,0.184934,0.055647,0.055650,8,0.526000,1.093000,0.123000,0.276676,1.194649,0.015129,1,1,1.500000,-0.013009,0.156762,-0.050794,-0.000790,0.017411,-0.152960,0.036494,2.581102,-0.010000,0.014000,0.008000,1.199628,3.473618,-106.713432,0.000000,0.000000,0.000000,0.000000,0.000000,0.000000,0.000000,0.000000,0.000000,0.000000,0,0.169003,0.008279,1,0,0,0.000000,0.000000,0.000000,0.000000,0.000000,0.000000,0.000000,0.000000,0,0.000000,0.000000,0.000000,0.000000,0,0,0,0,0,0.000000,0.000000,0.000000,0.000000,0.000000,0.000000,0.000000,0.000000,0.000000,0,0.000000,0.000000,0.000000
36646,28.402609,100419.398438,0.070000,40,1,1000,1000,1000,1000,1000.000000,1,0,0,1,-0.142198,0.045502,0.148363,0.000466,0.185214,0.185215,0.056102,0.056105,108,0.526000,1.093000,0.123000,0.276676,1.194649,0.015129,1,1,1.500000,-0.013009,0.156762,-0.050794,-0.000790,0.017411,-0.152960,0.036494,2.581102,-0.010000,0.014000,0.008000,1.200506,3.473931,-106.716782,0.000000,0.000000,0.000000,0.000000,0.000000,0.000000,0.000000,0.000000,0.000000,0.000000,0,0.161831,0.007594,1,0,0,0.000000,0.000000,0.000000,0.000000,0.000000,0.000000,0.000000,0.000000,0,0.000000,0.000000,0.000000,0.000000,0,0,0,0,0,0.000000,0.000000,0.000000,0.000000,0.000000,0.000000,0.000000,0.000000,0.000000,0,0.000000,0.000000,0.000000
36752,28.403818,100418.703125,0.080000,3,1,1000,1000,1000,1000,1000.000000,1,0,0,1,-0.142573,0.045173,0.147591,-0.000350,0.182392,0.182392,0.056140,0.056143,88,0.525000,1.092000,0.112000,0.275625,1.192464,0.012544,1,1,1.500000,-0.012985,0.156427,-0.050545,-0.000781,0.017465,-0.152960,0.036494,2.620100,-0.005000,-0.007000,0.003000,1.201677,3.473024,-106.720047,0.000000,0.000000,0.000000,0.000000,0.000000,0.000000,0.000000,0.000000,0.000000,0.000000,0,0.171165,0.008499,1,0,0,0.000000,0.000000,0.000000,0.000000,0.000000,0.000000,0.000000,0.000000,0,0.000000,0.000000,0.000000,0.000000,0,0,0,0,0,0.000000,0.000000,0.000000,0.000000,0.000000,0.000000,0.000000,0.000000,0.000000,0,0.000000,0.000000,0.000000
36854,28.404991,100419.898438,0.060000,3,1,1000,1000,1000,1000,1000.000000,1,0,0,1,-0.142847,0.044880,0.150834,0.000343,0.179698,0.179699,0.055991,0.055994,67,0.525000,1.090000,0.110000,0.275625,1.188100,0.012100,1,1,1.500000,-0.012966,0.156101,-0.050285,-0.000892,0.017266,-0.152960,0.036494,2.660100,0.020000,-0.003000,-0.003000,1.204776,3.473603,-106.723183,0.000000,0.000000,0.000000,0.000000,0.000000,0.000000,0.000000,0.000000,0.000000,0.000000,0,0.154043,0.006884,1,0,0,0.000000,0.000000,0.000000,0.000000,0.000000,0.000000,0.000000,0.000000,0,0.000000,0.000000,0.000000,0.000000,0,0,0,0,0,0.000000,0.000000,0.000000,0.000000,0.000000,0.000000,0.000000,0.000000,0.000000,0,0.000000,0.000000,0.000000
36930,28.404623,100420.398438,0.050000,37,1,1000,1000,1000,1000,1000.000000,1,0,0,1,-0.143190,0.044622,0.158273,0.003290,0.177303,0.177303,0.065244,0.065248,17,0.524000,1.089000,0.115000,0.274576,1.185921,0.013225,1,1,1.500000,-0.012965,0.155756,-0.050048,-0.000942,0.017236,-0.152960,0.036494,2.706102,-0.007000,0.001000,0.015000,1.203626,3.473783,-106.725662,0.000000,0.000000,0.000000,0.000000,0.000000,0.000000,0.000000,0.000000,0.000000,0.000000,0,0.140845,0.005754,1,0,0,0.000000,0.000000,0.000000,0.000000,0.000000,0.000000,0.000000,0.000000,0,0.000000,0.000000,0.000000,0.000000,0,0,0,0,0,0.000000,0.000000,0.000000,0.000000,0.000000,0.000000,0.000000,0.000000,0.000000,0,0.000000,0.000000,0.000000
37060,28.402470,100420.398438,0.030000,37,1,1000,1000,1000,1000,1000.000000,1,0,0,1,-0.143424,0.044331,0.159933,0.003738,0.174718,0.174718,0.056152,0.056155,21,0.524000,1.088000,0.132000,0.274576,1.183744,0.017424,1,1,1.500000,-0.012957,0.155447,-0.049816,-0.000941,0.017302,-0.152960,0.036494,2.736101,0.019000,-0.017000,0.010000,1.206066,3.474257,-106.729675,0.000000,0.000000,0.000000,0.000000,0.000000,0.000000,0.000000,0.000000,0.000000,0.000000,0,0.122332,0.004341,1,0,0,0.000000,0.000000,0.000000,0.000000,0.000000,0.000000,0.000000,0.000000,0,0.000000,0.000000,0.000000,0.000000,0,0,0,0,0,0.000000,0.000000,0.000000,0.000000,0.000000,0.000000,0.000000,0.000000,0.000000,0,0.000000,0.000000,0.000000
37132,28.399351,100419.500000,0.040000,23,1,1000,1000,1000,1000,1000.000000,1,0,0,1,-0.143430,0.044276,0.154413,0.001520,0.175077,0.175078,0.063610,0.063614,93,0.524000,1.088000,0.132000,0.274576,1.183744,0.017424,1,1,1.500000,-0.012957,0.155447,-0.049816,-0.000941,0.017302,-0.152960,0.036494,2.736101,0.019000,-0.017000,0.010000,1.206028,3.474301,-106.731949,0.000000,0.000000,0.000000,0.000000,0.000000,0.000000,0.000000,0.000000,0.000000,0.000000,0,0.137217,0.005463,1,0,0,0.000000,0.000000,0.000000,0.000000,0.000000,0.000000,0.000000,0.000000,0,0.000000,0.000000,0.000000,0.000000,0,0,0,0,0,0.000000,0.000000,0.000000,0.000000,0.000000,0.000000,0.000000,0.000000,0.000000,0,0.000000,0.000000,0.000000
37228,28.397703,100418.304688,0.050000,22,1,1000,1000,1000,1000,1000.000000,1,0,0,1,-0.143715,0.044102,0.158984,0.002873,0.172761,0.172761,0.064310,0.064314,59,0.523000,1.087000,0.131000,0.273529,1.181569,0.017161,1,1,1.500000,-0.012943,0.155140,-0.049557,-0.000940,0.017237,-0.152960,0.036494,2.788099,0.001000,0.012000,0.019000,1.205720,3.480322,-106.734993,0.000000,0.000000,0.000000,0.000000,0.000000,0.000000,0.000000,0.000000,0.000000,0.000000,0,0.152082,0.006711,1,0,0,0.000000,0.000000,0.000000,0.000000,0.000000,0.000000,0.000000,0.000000,0,0.000000,0.000000,0.000000,0.000000,0,0,0,0,0,0.000000,0.000000,0.000000,0.000000,0.000000,0.000000,0.000000,0.000000,0.000000,0,0.000000,0.000000,0.000000
37329,28.399473,100419.500000,0.050000,22,1,1000,1000,1000,1000,1000.000000,1,0,0,1,-0.143963,0.043841,0.163502,0.004294,0.170527,0.170528,0.064459,0.064464,38,0.523000,1.085000,0.137000,0.273529,1.177225,0.018769,1,1,1.500000,-0.012912,0.154866,-0.049254,-0.000781,0.018075,-0.152960,0.036494,2.836099,0.003000,-0.011000,0.021000,1.207663,3.481727,-106.738068,0.000000,0.000000,0.000000,0.000000,0.000000,0.000000,0.000000,0.000000,0.000000,0.000000,0,0.156662,0.007121,1,0,0,0.000000,0.000000,0.000000,0.000000,0.000000,0.000000,0.000000,0.000000,0,0.000000,0.000000,0.000000,0.000000,0,0,0,0,0,0.000000,0.000000,0.000000,0.000000,0.000000,0.000000,0.000000,0.000000,0.000000,0,0.000000,0.000000,0.000000
37445,28.397652,100419.898438,0.040000,3,1,1000,1000,1000,1000,1000.000000,1,0,0,1,-0.144159,0.043656,0.165229,0.004711,0.168389,0.168389,0.064528,0.064532,33,0.522000,1.084000,0.134000,0.272484,1.175056,0.017956,1,1,1.500000,-0.012875,0.154589,-0.048945,-0.000770,0.018110,-0.152960,0.036494,2.866102,0.012000,0.004000,0.014000,1.209241,3.484918,-106.741585,0.000000,0.000000,0.000000,0.000000,0.000000,0.000000,0.000000,0.000000,0.000000,0.000000,0,0.148286,0.006381,1,0,0,0.000000,0.000000,0.000000,0.000000,0.000000,0.000000,0.000000,0.000000,0,0.000000,0.000000,0.000000,0.000000,0,0,0,0,0,0.000000,0.000000,0.000000,0.000000,0.000000,0.000000,0.000000,0.000000,0.000000,0,0.000000,0.000000,0.000000
37588,28.396233,100419.601563,0.040000,0,1,1000,1000,1000,1000,1000.000000,1,0,0,1,-0.144374,0.043759,0.170096,0.006618,0.166310,0.166311,0.058032,0.058035,54,0.522000,1.083000,0.135000,0.272484,1.172889,0.018225,1,1,1.500000,-0.012852,0.154309,-0.048665,-0.000912,0.018405,-0.152960,0.045332,2.910100,0.011000,0.013000,0.022000,1.208387,3.487308,-106.746185,0.000000,0.000000,0.000000,0.000000,0.000000,0.000000,0.000000,0.000000,0.000000,0.000000,0,0.142320,0.005876,1,0,0,0.000000,0.000000,0.000000,0.000000,0.000000,0.000000,0.000000,0.000000,0,0.000000,0.000000,0.000000,0.000000,0,0,0,0,0,0.000000,0.000000,0.000000,0.000000,0.000000,0.000000,0.000000,0.000000,0.000000,0,0.000000,0.000000,0.000000
37653,28.403275,100422.203125,0.020000,0,1,1000,1000,1000,1000,1000.000000,1,0,0,1,-0.144356,0.043766,0.167343,0.005368,0.166810,0.166811,0.067535,0.067540,119,0.522000,1.083000,0.135000,0.272484,1.172889,0.018225,1,1,1.500000,-0.012852,0.154309,-0.048665,-0.000912,0.018405,-0.152960,0.045332,2.910100,0.011000,0.013000,0.022000,1.208376,3.487413,-106.748154,0.000000,0.000000,0.000000,0.000000,0.000000,0.000000,0.000000,0.000000,0.000000,0.000000,0,0.150109,0.006539,1,0,0,0.000000,0.000000,0.000000,0.000000,0.000000,0.000000,0.000000,0.000000,0,0.000000,0.000000,0.000000,0.000000,0,0,0,0,0,0.000000,0.000000,0.000000,0.000000,0.000000,0.000000,0.000000,0.000000,0.000000,0,0.000000,0.000000,0.000000
37743,28.394463,100417.703125,0.050000,0,1,1000,1000,1000,1000,1000.000000,1,0,0,1,-0.144600,0.043754,0.172928,0.006927,0.164721,0.164721,0.065237,0.065241,80,0.521000,1.082000,0.132000,0.271441,1.170724,0.017424,1,1,1.500000,-0.012829,0.154054,-0.048408,-0.000918,0.018489,-0.152960,0.045332,2.954099,-0.003000,-0.012000,0.028000,1.207389,3.485561,-106.751167,0.000000,0.000000,0.000000,0.000000,0.000000,0.000000,0.000000,0.000000,0.000000,0.000000,0,0.145639,0.006155,1,0,0,0.000000,0.000000,0.000000,0.000000,0.000000,0.000000,0.000000,0.000000,0,0.000000,0.000000,0.000000,0.000000,0,0,0,0,0,0.000000,0.000000,0.000000,0.000000,0.000000,0.000000,0.000000,0.000000,0.000000,0,0.000000,0.000000,0.000000
37839,28.398808,100420.601563,0.040000,0,1,1000,1000,1000,1000,1000.000000,1,0,0,1,-0.144770,0.043788,0.177346,0.008176,0.162742,0.162743,0.063385,0.063390,49,0.521000,1.081000,0.137000,0.271441,1.168561,0.018769,1,1,1.500000,-0.012805,0.153804,-0.048146,-0.000920,0.018491,-0.152960,0.045332,2.984102,0.013000,-0.005000,0.016000,1.208096,3.485877,-106.754120,0.000000,0.000000,0.000000,0.000000,0.000000,0.000000,0.000000,0.000000,0.000000,0.000000,0,0.159368,0.007372,1,0,0,0.000000,0.000000,0.000000,0.000000,0.000000,0.000000,0.000000,0.000000,0,0.000000,0.000000,0.000000,0.000000,0,0,0,0,0,0.000000,0.000000,0.000000,0.000000,0.000000,0.000000,0.000000,0.000000,0.000000,0,0.000000,0.000000,0.000000
37931,28.388735,100417.898438,0.050000,0,1,1000,1000,1000,1000,1000.000000,1,0,0,1,-0.145002,0.043815,0.182335,0.010071,0.160957,0.160958,0.064186,0.064190,18,0.521000,1.080000,0.117000,0.271441,1.166400,0.013689,1,1,1.500000,-0.012782,0.153563,-0.047879,-0.000954,0.018572,-0.152960,0.045332,3.028100,-0.003000,-0.004000,0.015000,1.206043,3.484707,-106.757027,0.000000,0.000000,0.000000,0.000000,0.000000,0.000000,0.000000,0.000000,0.000000,0.000000,0,0.153908,0.006876,1,0,0,0.000000,0.000000,0.000000,0.000000,0.000000,0.000000,0.000000,0.000000,0,0.000000,0.000000,0.000000,0.000000,0,0,0,0,0,0.000000,0.000000,0.000000,0.000000,0.000000,0.000000,0.000000,0.000000,0.000000,0,0.000000,0.000000,0.000000
38031,28.396811,100420.304688,0.040000,11,1,1000,1000,1000,1000,1000.000000,1,0,0,1,-0.144998,0.043815,0.172327,0.005641,0.161273,0.161274,0.064608,0.064612,118,0.521000,1.080000,0.117000,0.271441,1.166400,0.013689,1,1,1.500000,-0.012782,0.153563,-0.047879,-0.000954,0.018572,-0.152960,0.045332,3.028100,-0.003000,-0.004000,0.015000,1.204703,3.483590,-106.760216,0.000000,0.000000,0.000000,0.000000,0.000000,0.000000,0.000000,0.000000,0.000000,0.000000,0,0.155475,0.007016,1,0,0,0.000000,0.000000,0.000000,0.000000,0.000000,0.000000,0.000000,0.000000,0,0.000000,0.000000,0.000000,0.000000,0,0,0,0,0,0.000000,0.000000,0.000000,0.000000,0.000000,0.000000,0.000000,0.000000,0.000000,0,0.000000,0.000000,0.000000
38140,28.398405,100420.203125,0.030000,26,1,1000,1000,1000,1000,1000.000000,1,0,0,1,-0.145163,0.044163,0.177346,0.006980,0.159522,0.159522,0.064534,0.064538,104,0.520000,1.079000,0.131000,0.270400,1.164241,0.017161,1,1,1.500000,-0.012744,0.153323,-0.047617,-0.000761,0.018633,-0.152960,0.054169,3.063100,0.008000,0.015000,0.006000,1.203470,3.484378,-106.763763,0.000000,0.000000,0.000000,0.000000,0.000000,0.000000,0.000000,0.000000,0.000000,0.000000,0,0.150249,0.006552,1,0,0,0.000000,0.000000,0.000000,0.000000,0.000000,0.000000,0.000000,0.000000,0,0.000000,0.000000,0.000000,0.000000,0,0,0,0,0,0.000000,0.000000,0.000000,0.000000,0.000000,0.000000,0.000000,0.000000,0.000000,0,0.000000,0.000000,0.000000
38228,28.393885,100419.398438,0.030000,28,1,1000,1000,1000,1000,1000.000000,1,0,0,1,-0.145366,0.044109,0.182545,0.008188,0.157712,0.157713,0.062255,0.062259,56,0.520000,1.078000,0.136000,0.270400,1.162084,0.018496,1,1,1.500000,-0.012713,0.153083,-0.047355,-0.000922,0.018498,-0.152960,0.045332,3.096101,-0.001000,-0.017000,0.005000,1.203016,3.477929,-106.766663,0.000000,0.000000,0.000000,0.000000,0.000000,0.000000,0.000000,0.000000,0.000000,0.000000,0,0.155463,0.007017,1,0,0,0.000000,0.000000,0.000000,0.000000,0.000000,0.000000,0.000000,0.000000,0,0.000000,0.000000,0.000000,0.000000,0,0,0,0,0,0.000000,0.000000,0.000000,0.000000,0.000000,0.000000,0.000000,0.000000,0.000000,0,0.000000,0.000000,0.000000
38331,28.396408,100419.500000,0.040000,0,1,1000,1000,1000,1000,1000.000000,1,0,0,1,-0.145542,0.044370,0.187736,0.009536,0.156096,0.156097,0.062297,0.062301,41,0.519000,1.077000,0.125000,0.269361,1.159929,0.015625,1,1,1.500000,-0.012675,0.152879,-0.047092,-0.000923,0.018493,-0.152960,0.054169,3.128099,0.002000,0.004000,0.005000,1.201419,3.475603,-106.769936,0.000000,0.000000,0.000000,0.000000,0.000000,0.000000,0.000000,0.000000,0.000000,0.000000,0,0.159383,0.007376,1,0,0,0.000000,0.000000,0.000000,0.000000,0.000000,0.000000,0.000000,0.000000,0,0.000000,0.000000,0.000000,0.000000,0,0,0,0,0,0.000000,0.000000,0.000000,0.000000,0.000000,0.000000,0.000000,0.000000,0.000000,0,0.000000,0.000000,0.000000
38441,28.389734,100418.304688,0.050000,0,1,1000,1000,1000,1000,1000.000000,1,0,0,1,-0.145719,0.044547,0.192810,0.010751,0.154660,0.154661,0.064445,0.064449,26,0.519000,1.076000,0.138000,0.269361,1.157776,0.019044,1,1,1.500000,-0.012630,0.152682,-0.046798,-0.000921,0.018491,-0.152960,0.054169,3.171102,0.001000,-0.011000,0.003000,1.200426,3.471039,-106.773590,0.000000,0.000000,0.000000,0.000000,0.000000,0.000000,0.000000,0.000000,0.000000,0.000000,0,0.164180,0.007827,1,0,0,0.000000,0.000000,0.000000,0.000000,0.000000,0.000000,0.000000,0.000000,0,0.000000,0.000000,0.000000,0.000000,0,0,0,0,0,0.000000,0.000000,0.000000,0.000000,0.000000,0.000000,0.000000,0.000000,0.000000,0,0.000000,0.000000,0.000000
38531,28.396006,100420.601563,0.030000,0,1,1000,1000,1000,1000,1000.000000,1,0,0,1,-0.145727,0.044547,0.185807,0.007393,0.154851,0.154852,0.062354,0.062358,116,0.519000,1.076000,0.138000,0.269361,1.157776,0.019044,1,1,1.500000,-0.012630,0.152682,-0.046798,-0.000921,0.018491,-0.152960,0.054169,3.171102,0.001000,-0.011000,0.003000,1.198921,3.470414,-106.776398,0.000000,0.000000,0.000000,0.000000,0.000000,0.000000,0.000000,0.000000,0.000000,0.000000,0,0.168857,0.008279,1,0,0,0.000000,0.000000,0.000000,0.000000,0.000000,0.000000,0.000000,0.000000,0,0.000000,0.000000,0.000000,0.000000,0,0,0,0,0,0.000000,0.000000,0.000000,0.000000,0.000000,0.000000,0.000000,0.000000,0.000000,0,0.000000,0.000000,0.000000
38631,28.385126,100418.398438,0.040000,8,1,1000,1000,1000,1000,1000.000000,1,0,0,1,-0.145908,0.044998,0.187567,0.006955,0.153339,0.153340,0.062212,0.062216,93,0.519000,1.074000,0.114000,0.269361,1.153476,0.012996,1,1,1.500000,-0.012584,0.152453,-0.046540,-0.000491,0.018264,-0.152960,0.063007,3.204099,-0.002000,0.006000,0.005000,1.198021,3.471067,-106.779556,0.000000,0.000000,0.000000,0.000000,0.000000,0.000000,0.000000,0.000000,0.000000,0.000000,0,0.170970,0.008486,1,0,0,0.000000,0.000000,0.000000,0.000000,0.000000,0.000000,0.000000,0.000000,0,0.000000,0.000000,0.000000,0.000000,0,0,0,0,0,0.000000,0.000000,0.000000,0.000000,0.000000,0.000000,0.000000,0.000000,0.000000,0,0.000000,0.000000,0.000000
38785,28.393044,100420.703125,0.020000,12,1,1000,1000,1000,1000,1000.000000,1,0,0,1,-0.145759,0.045407,0.189306,0.006256,0.152000,0.152000,0.058375,0.058379,123,0.518000,1.073000,0.118000,0.268324,1.151329,0.013924,1,1,1.500000,-0.012544,0.152230,-0.046291,-0.000475,0.018254,-0.141861,0.063007,3.239099,0.013000,-0.003000,0.002000,1.199826,3.473585,-106.784348,0.000000,0.000000,0.000000,0.000000,0.000000,0.000000,0.000000,0.000000,0.000000,0.000000,0,0.152272,0.006733,1,0,0,0.000000,0.000000,0.000000,0.000000,0.000000,0.000000,0.000000,0.000000,0,0.000000,0.000000,0.000000,0.000000,0,0,0,0,0,0.000000,0.000000,0.000000,0.000000,0.000000,0.000000,0.000000,0.000000,0.000000,0,0.000000,0.000000,0.000000
38837,28.388174,100418.500000,0.030000,21,1,1000,1000,1000,1000,1000.000000,1,0,0,1,-0.145649,0.045759,0.197905,0.009175,0.150535,0.150536,0.062920,0.062924,50,0.518000,1.072000,0.118000,0.268324,1.149184,0.013924,1,1,1.500000,-0.012507,0.152013,-0.046063,-0.000502,0.018284,-0.141861,0.063007,3.277101,0.007000,-0.007000,-0.002000,1.201154,3.473196,-106.785934,0.000000,0.000000,0.000000,0.000000,0.000000,0.000000,0.000000,0.000000,0.000000,0.000000,0,0.171153,0.008506,1,0,0,0.000000,0.000000,0.000000,0.000000,0.000000,0.000000,0.000000,0.000000,0,0.000000,0.000000,0.000000,0.000000,0,0,0,0,0,0.000000,0.000000,0.000000,0.000000,0.000000,0.000000,0.000000,0.000000,0.000000,0,0.000000,0.000000,0.000000
38931,28.389471,100420.203125,0.040000,29,1,1000,1000,1000,1000,1000.000000,1,0,0,1,-0.145616,0.046443,0.202522,0.010481,0.149209,0.149210,0.063035,0.063039,19,0.518000,1.071000,0.133000,0.268324,1.147041,0.017689,1,1,1.500000,-0.012461,0.151801,-0.045803,-0.000472,0.018382,-0.141861,0.071845,3.307100,-0.013000,0.024000,-0.001000,1.197867,3.478309,-106.788925,0.000000,0.000000,0.000000,0.000000,0.000000,0.000000,0.000000,0.000000,0.000000,0.000000,0,0.174140,0.008806,1,0,0,0.000000,0.000000,0.000000,0.000000,0.000000,0.000000,0.000000,0.000000,0,0.000000,0.000000,0.000000,0.000000,0,0,0,0,0,0.000000,0.000000,0.000000,0.000000,0.000000,0.000000,0.000000,0.000000,0.000000,0,0.000000,0.000000,0.000000
39050,28.382797,100418.398438,0.070000,0,1,1000,1000,1000,1000,1000.000000,1,0,0,1,-0.145512,0.046959,0.207332,0.011256,0.147931,0.147932,0.063868,0.063872,10,0.517000,1.071000,0.134000,0.267289,1.147041,0.017956,1,1,1.500000,-0.012453,0.151671,-0.045761,-0.000708,0.019813,-0.141861,0.071845,3.332101,0.007000,-0.011000,-0.001000,1.200812,3.477343,-106.792664,0.000000,0.000000,0.000000,0.000000,0.000000,0.000000,0.000000,0.000000,0.000000,0.000000,0,0.198858,0.011486,1,0,0,0.000000,0.000000,0.000000,0.000000,0.000000,0.000000,0.000000,0.000000,0,0.000000,0.000000,0.000000,0.000000,0,0,0,0,0,0.000000,0.000000,0.000000,0.000000,0.000000,0.000000,0.000000,0.000000,0.000000,0,0.000000,0.000000,0.000000
39146,28.390802,100421.101563,0.030000,7,1,1000,1000,1000,1000,1000.000000,1,0,0,1,-0.145504,0.046958,0.195881,0.006323,0.148319,0.148320,0.065054,0.065059,106,0.517000,1.071000,0.134000,0.267289,1.147041,0.017956,1,1,1.500000,-0.012453,0.151671,-0.045761,-0.000708,0.019813,-0.141861,0.071845,3.332101,0.007000,-0.011000,-0.001000,1.201476,3.477714,-106.795502,0.000000,0.000000,0.000000,0.000000,0.000000,0.000000,0.000000,0.000000,0.000000,0.000000,0,0.169309,0.008322,1,0,0,0.000000,0.000000,0.000000,0.000000,0.000000,0.000000,0.000000,0.000000,0,0.000000,0.000000,0.000000,0.000000,0,0,0,0,0,0.000000,0.000000,0.000000,0.000000,0.000000,0.000000,0.000000,0.000000,0.000000,0,0.000000,0.000000,0.000000
39239,28.387350,100419.804688,0.030000,0,1,1000,1000,1000,1000,1000.000000,1,0,0,1,-0.145394,0.047712,0.204551,0.008864,0.146910,0.146911,0.062603,0.062607,68,0.517000,1.070000,0.127000,0.267289,1.144900,0.016129,1,1,1.500000,-0.012452,0.151549,-0.045733,-0.000724,0.019874,-0.141861,0.080682,3.358102,0.008000,0.006000,0.004000,1.202373,3.479616,-106.798584,0.000000,0.000000,0.000000,0.000000,0.000000,0.000000,0.000000,0.000000,0.000000,0.000000,0,0.177621,0.009163,1,0,0,0.000000,0.000000,0.000000,0.000000,0.000000,0.000000,0.000000,0.000000,0,0.000000,0.000000,0.000000,0.000000,0,0,0,0,0,0.000000,0.000000,0.000000,0.000000,0.000000,0.000000,0.000000,0.000000,0.000000,0,0.000000,0.000000,0.000000
39340,28.383463,100419.898438,0.030000,8,1,1000,1000,1000,1000,1000.000000,1,0,0,1,-0.145316,0.048131,0.206385,0.009239,0.145713,0.145714,0.062847,0.062851,49,0.517000,1.070000,0.142000,0.267289,1.144900,0.020164,1,1,1.500000,-0.012460,0.151413,-0.045729,-0.000885,0.019705,-0.141861,0.071845,3.392099,-0.001000,-0.022000,0.009000,1.202711,3.476411,-106.801811,0.000000,0.000000,0.000000,0.000000,0.000000,0.000000,0.000000,0.000000,0.000000,0.000000,0,0.179936,0.009401,1,0,0,0.000000,0.000000,0.000000,0.000000,0.000000,0.000000,0.000000,0.000000,0,0.000000,0.000000,0.000000,0.000000,0,0,0,0,0,0.000000,0.000000,0.000000,0.000000,0.000000,0.000000,0.000000,0.000000,0.000000,0,0.000000,0.000000,0.000000
39441,28.381098,100418.601563,0.050000,0,1,1000,1000,1000,1000,1000.000000,1,0,0,1,-0.145244,0.048935,0.215211,0.011579,0.144544,0.144545,0.063695,0.063700,26,0.517000,1.070000,0.137000,0.267289,1.144900,0.018769,1,1,1.500000,-0.012476,0.151273,-0.045742,-0.000939,0.019510,-0.141861,0.080682,3.413099,0.000000,0.028000,0.009000,1.200007,3.481731,-106.805000,0.000000,0.000000,0.000000,0.000000,0.000000,0.000000,0.000000,0.000000,0.000000,0.000000,0,0.186165,0.010066,1,0,0,0.000000,0.000000,0.000000,0.000000,0.000000,0.000000,0.000000,0.000000,0,0.000000,0.000000,0.000000,0.000000,0,0,0,0,0,0.000000,0.000000,0.000000,0.000000,0.000000,0.000000,0.000000,0.000000,0.000000,0,0.000000,0.000000,0.000000
39531,28.380169,100418.203125,0.070000,0,1,1000,1000,1000,1000,1000.000000,1,0,0,1,-0.145248,0.048930,0.207044,0.007747,0.144751,0.144752,0.061907,0.061911,116,0.517000,1.070000,0.137000,0.267289,1.144900,0.018769,1,1,1.500000,-0.012476,0.151273,-0.045742,-0.000939,0.019510,-0.141861,0.080682,3.413099,0.000000,0.028000,0.009000,1.199146,3.480137,-106.807838,0.000000,0.000000,0.000000,0.000000,0.000000,0.000000,0.000000,0.000000,0.000000,0.000000,0,0.210873,0.012915,1,0,0,0.000000,0.000000,0.000000,0.000000,0.000000,0.000000,0.000000,0.000000,0,0.000000,0.000000,0.000000,0.000000,0,0,0,0,0,0.000000,0.000000,0.000000,0.000000,0.000000,0.000000,0.000000,0.000000,0.000000,0,0.000000,0.000000,0.000000
39628,28.381832,100418.000000,0.080000,0,1,1000,1000,1000,1000,1000.000000,1,0,0,1,-0.145131,0.049460,0.210584,0.008607,0.143592,0.143593,0.061967,0.061971,90,0.516000,1.069000,0.142000,0.266256,1.142761,0.020164,1,1,1.500000,-0.012486,0.151121,-0.045737,-0.001007,0.019523,-0.141861,0.080682,3.434099,0.011000,-0.031000,0.006000,1.201091,3.476333,-106.813683,0.000000,0.000000,0.000000,0.000000,0.000000,0.000000,0.000000,0.000000,0.000000,0.000000,0,0.224629,0.014655,1,0,0,0.000000,0.000000,0.000000,0.000000,0.000000,0.000000,0.000000,0.000000,0,0.000000,0.000000,0.000000,0.000000,0,0,0,0,0,0.000000,0.000000,0.000000,0.000000,0.000000,0.000000,0.000000,0.000000,0.000000,0,0.000000,0.000000,0.000000
39731,28.386230,100419.601563,0.070000,0,1,1000,1000,1000,1000,1000.000000,1,0,0,1,-0.145060,0.050310,0.214125,0.008921,0.142510,0.142511,0.062619,0.062623,70,0.516000,1.069000,0.133000,0.266256,1.142761,0.017689,1,1,1.500000,-0.012496,0.150972,-0.045729,-0.000979,0.019506,-0.141861,0.089520,3.465101,0.001000,0.008000,0.011000,1.199353,3.477370,-106.816925,0.000000,0.000000,0.000000,0.000000,0.000000,0.000000,0.000000,0.000000,0.000000,0.000000,0,0.228253,0.015131,1,0,0,0.000000,0.000000,0.000000,0.000000,0.000000,0.000000,0.000000,0.000000,0,0.000000,0.000000,0.000000,0.000000,0,0,0,0,0,0.000000,0.000000,0.000000,0.000000,0.000000,0.000000,0.000000,0.000000,0.000000,0,0.000000,0.000000,0.000000
39838,28.381605,100418.601563,0.070000,0,1,1000,1000,1000,1000,1000.000000,1,0,0,1,-0.144970,0.051107,0.218080,0.009490,0.141432,0.141433,0.062589,0.062593,49,0.516000,1.068000,0.128000,0.266256,1.140624,0.016384,1,1,1.500000,-0.012528,0.150829,-0.045698,-0.001449,0.018893,-0.141861,0.089520,3.486101,0.006000,0.003000,0.007000,1.198681,3.476014,-106.820358,0.000000,0.000000,0.000000,0.000000,0.000000,0.000000,0.000000,0.000000,0.000000,0.000000,0,0.209581,0.012755,1,0,0,0.000000,0.000000,0.000000,0.000000,0.000000,0.000000,0.000000,0.000000,0,0.000000,0.000000,0.000000,0.000000,0,0,0,0,0,0.000000,0.000000,0.000000,0.000000,0.000000,0.000000,0.000000,0.000000,0.000000,0,0.000000,0.000000,0.000000
39988,28.378716,100417.898438,0.090000,0,1,1000,1000,1000,1000,1000.000000,1,0,0,1,-0.144683,0.052024,0.211791,0.006090,0.140481,0.140482,0.058101,0.058104,76,0.515000,1.068000,0.136000,0.265225,1.140624,0.018496,1,1,1.500000,-0.012538,0.150676,-0.045679,-0.001045,0.018497,-0.130763,0.098358,3.514101,0.005000,0.004000,0.013000,1.197914,3.472354,-106.825172,0.000000,0.000000,0.000000,0.000000,0.000000,0.000000,0.000000,0.000000,0.000000,0.000000,0,0.246722,0.017676,1,0,0,0.000000,0.000000,0.000000,0.000000,0.000000,0.000000,0.000000,0.000000,0,0.000000,0.000000,0.000000,0.000000,0,0,0,0,0,0.000000,0.000000,0.000000,0.000000,0.000000,0.000000,0.000000,0.000000,0.000000,0,0.000000,0.000000,0.000000
40053,28.378101,100418.804688,0.090000,0,1,1000,1000,1000,1000,1000.000000,1,0,0,1,-0.144360,0.052986,0.219913,0.008452,0.139525,0.139526,0.064719,0.064724,18,0.515000,1.068000,0.138000,0.265225,1.140624,0.019044,1,1,1.500000,-0.012546,0.150535,-0.045659,-0.000564,0.018919,-0.130763,0.098358,3.536100,0.008000,0.010000,0.017000,1.198720,3.474630,-106.827179,0.000000,0.000000,0.000000,0.000000,0.000000,0.000000,0.000000,0.000000,0.000000,0.000000,0,0.255083,0.018888,1,0,0,0.000000,0.000000,0.000000,0.000000,0.000000,0.000000,0.000000,0.000000,0,0.000000,0.000000,0.000000,0.000000,0,0,0,0,0,0.000000,0.000000,0.000000,0.000000,0.000000,0.000000,0.000000,0.000000,0.000000,0,0.000000,0.000000,0.000000
40143,28.383024,100420.101563,0.070000,1,1,1000,1000,1000,1000,1000.000000,1,0,0,1,-0.144373,0.052975,0.215226,0.006465,0.139741,0.139742,0.062585,0.062589,108,0.515000,1.068000,0.138000,0.265225,1.140624,0.019044,1,1,1.500000,-0.012546,0.150535,-0.045659,-0.000564,0.018919,-0.130763,0.098358,3.536100,0.008000,0.010000,0.017000,1.196981,3.472442,-106.830040,0.000000,0.000000,0.000000,0.000000,0.000000,0.000000,0.000000,0.000000,0.000000,0.000000,0,0.239721,0.016687,1,0,0,0.000000,0.000000,0.000000,0.000000,0.000000,0.000000,0.000000,0.000000,0,0.000000,0.000000,0.000000,0.000000,0,0,0,0,0,0.000000,0.000000,0.000000,0.000000,0.000000,0.000000,0.000000,0.000000,0.000000,0,0.000000,0.000000,0.000000
40242,28.380239,100419.804688,0.060000,0,1,1000,1000,1000,1000,1000.000000,1,0,0,1,-0.144083,0.053819,0.219156,0.007510,0.138753,0.138754,0.062454,0.062458,71,0.515000,1.067000,0.143000,0.265225,1.138489,0.020449,1,1,1.500000,-0.012551,0.150399,-0.045641,-0.000554,0.018933,-0.130763,0.098358,3.560102,0.007000,-0.007000,0.015000,1.197125,3.470848,-106.833221,0.000000,0.000000,0.000000,0.000000,0.000000,0.000000,0.000000,0.000000,0.000000,0.000000,0,0.233477,0.015829,1,0,0,0.000000,0.000000,0.000000,0.000000,0.000000,0.000000,0.000000,0.000000,0,0.000000,0.000000,0.000000,0.000000,0,0,0,0,0,0.000000,0.000000,0.000000,0.000000,0.000000,0.000000,0.000000,0.000000,0.000000,0,0.000000,0.000000,0.000000
40342,28.374668,100417.398438,0.080000,12,1,1000,1000,1000,1000,1000.000000,1,0,0,1,-0.143782,0.054914,0.218560,0.007224,0.137807,0.137808,0.062656,0.062660,52,0.514000,1.067000,0.136000,0.264196,1.138489,0.018496,1,1,1.500000,-0.012545,0.150229,-0.045643,-0.000489,0.018881,-0.130768,0.107191,3.583120,0.014000,0.019000,0.023000,1.196662,3.472789,-106.836342,0.000000,0.000000,0.000000,0.000000,0.000000,0.000000,0.000000,0.000000,0.000000,0.000000,0,0.243385,0.017198,1,0,0,0.000000,0.000000,0.000000,0.000000,0.000000,0.000000,0.000000,0.000000,0,0.000000,0.000000,0.000000,0.000000,0,0,0,0,0,0.000000,0.000000,0.000000,0.000000,0.000000,0.000000,0.000000,0.000000,0.000000,0,0.000000,0.000000,0.000000
40441,28.377821,100419.703125,0.070000,0,1,1000,1000,1000,1000,1000.000000,1,0,0,1,-0.143587,0.055844,0.227023,0.009557,0.136858,0.136859,0.062286,0.062290,26,0.514000,1.067000,0.126000,0.264196,1.138489,0.015876,1,1,1.500000,-0.012532,0.150056,-0.045628,-0.000453,0.018843,-0.130768,0.107191,3.603120,-0.011000,-0.011000,0.013000,1.195016,3.468741,-106.839554,0.000000,0.000000,0.000000,0.000000,0.000000,0.000000,0.000000,0.000000,0.000000,0.000000,0,0.238417,0.016508,1,0,0,0.000000,0.000000,0.000000,0.000000,0.000000,0.000000,0.000000,0.000000,0,0.000000,0.000000,0.000000,0.000000,0,0,0,0,0,0.000000,0.000000,0.000000,0.000000,0.000000,0.000000,0.000000,0.000000,0.000000,0,0.000000,0.000000,0.000000
40531,28.378452,100421.304688,0.040000,1,1,1000,1000,1000,1000,1000.000000,1,0,0,1,-0.143589,0.055848,0.217976,0.005670,0.137079,0.137080,0.060172,0.060175,116,0.514000,1.067000,0.126000,0.264196,1.138489,0.015876,1,1,1.500000,-0.012532,0.150056,-0.045628,-0.000453,0.018843,-0.130768,0.107191,3.603120,-0.011000,-0.011000,0.013000,1.194888,3.468309,-106.842354,0.000000,0.000000,0.000000,0.000000,0.000000,0.000000,0.000000,0.000000,0.000000,0.000000,0,0.222132,0.014331,1,0,0,0.000000,0.000000,0.000000,0.000000,0.000000,0.000000,0.000000,0.000000,0,0.000000,0.000000,0.000000,0.000000,0,0,0,0,0,0.000000,0.000000,0.000000,0.000000,0.000000,0.000000,0.000000,0.000000,0.000000,0,0.000000,0.000000,0.000000
40648,28.372356,100418.101563,0.050000,0,1,1000,1000,1000,1000,1000.000000,1,0,0,1,-0.143267,0.056995,0.223258,0.006610,0.136304,0.136305,0.062332,0.062336,110,0.514000,1.067000,0.137000,0.264196,1.138489,0.018769,1,1,1.500000,-0.012525,0.149881,-0.045647,-0.000456,0.019111,-0.130768,0.116028,3.632119,0.021000,0.006000,0.024000,1.197925,3.468917,-106.846024,0.000000,0.000000,0.000000,0.000000,0.000000,0.000000,0.000000,0.000000,0.000000,0.000000,0,0.206929,0.012437,1,0,0,0.000000,0.000000,0.000000,0.000000,0.000000,0.000000,0.000000,0.000000,0,0.000000,0.000000,0.000000,0.000000,0,0,0,0,0,0.000000,0.000000,0.000000,0.000000,0.000000,0.000000,0.000000,0.000000,0.000000,0,0.000000,0.000000,0.000000
40728,28.378435,100419.203125,0.050000,37,1,1000,1000,1000,1000,1000.000000,1,0,0,1,-0.143045,0.058091,0.228021,0.007784,0.135306,0.135307,0.060487,0.060491,66,0.513000,1.066000,0.130000,0.263169,1.136356,0.016900,1,1,1.500000,-0.012482,0.149634,-0.045377,-0.000661,0.017989,-0.130768,0.116028,3.666120,0.000000,0.009000,0.034000,1.197773,3.468057,-106.848541,0.000000,0.000000,0.000000,0.000000,0.000000,0.000000,0.000000,0.000000,0.000000,0.000000,0,0.222128,0.014331,1,0,0,0.000000,0.000000,0.000000,0.000000,0.000000,0.000000,0.000000,0.000000,0,0.000000,0.000000,0.000000,0.000000,0,0,0,0,0,0.000000,0.000000,0.000000,0.000000,0.000000,0.000000,0.000000,0.000000,0.000000,0,0.000000,0.000000,0.000000
40846,28.372269,100418.703125,0.050000,1,1,1000,1000,1000,1000,1000.000000,1,0,0,1,-0.142572,0.059105,0.233025,0.008648,0.134595,0.134596,0.062643,0.062647,57,0.513000,1.065000,0.141000,0.263169,1.134225,0.019881,1,1,1.500000,-0.012441,0.149384,-0.045111,-0.000491,0.018017,-0.119664,0.116033,3.691099,0.014000,-0.007000,0.032000,1.200418,3.466673,-106.852196,0.000000,0.000000,0.000000,0.000000,0.000000,0.000000,0.000000,0.000000,0.000000,0.000000,0,0.227175,0.014985,1,0,0,0.000000,0.000000,0.000000,0.000000,0.000000,0.000000,0.000000,0.000000,0,0.000000,0.000000,0.000000,0.000000,0,0,0,0,0,0.000000,0.000000,0.000000,0.000000,0.000000,0.000000,0.000000,0.000000,0.000000,0,0.000000,0.000000,0.000000
40941,28.372478,100419.398438,0.050000,7,1,1000,1000,1000,1000,1000.000000,1,0,0,1,-0.142126,0.060338,0.233302,0.008596,0.133620,0.133621,0.060336,0.060340,29,0.513000,1.064000,0.137000,0.263169,1.132096,0.018769,1,1,1.500000,-0.012399,0.149130,-0.044849,-0.000477,0.018004,-0.119664,0.124871,3.724100,0.010000,0.017000,0.031000,1.201080,3.468962,-106.855194,0.000000,0.000000,0.000000,0.000000,0.000000,0.000000,0.000000,0.000000,0.000000,0.000000,0,0.227783,0.015067,1,0,0,0.000000,0.000000,0.000000,0.000000,0.000000,0.000000,0.000000,0.000000,0,0.000000,0.000000,0.000000,0.000000,0,0,0,0,0,0.000000,0.000000,0.000000,0.000000,0.000000,0.000000,0.000000,0.000000,0.000000,0,0.000000,0.000000,0.000000
41057,28.377016,100419.703125,0.060000,3,1,1000,1000,1000,1000,1000.000000,1,0,0,1,-0.141688,0.061466,0.237870,0.009804,0.132965,0.132966,0.063422,0.063426,21,0.512000,1.063000,0.139000,0.262144,1.129969,0.019321,1,1,1.500000,-0.012364,0.148891,-0.044624,-0.000474,0.018074,-0.119664,0.124871,3.759099,0.009000,-0.003000,0.033000,1.202350,3.468080,-106.858688,0.000000,0.000000,0.000000,0.000000,0.000000,0.000000,0.000000,0.000000,0.000000,0.000000,0,0.242761,0.017110,1,0,0,0.000000,0.000000,0.000000,0.000000,0.000000,0.000000,0.000000,0.000000,0,0.000000,0.000000,0.000000,0.000000,0,0,0,0,0,0.000000,0.000000,0.000000,0.000000,0.000000,0.000000,0.000000,0.000000,0.000000,0,0.000000,0.000000,0.000000
41199,28.372986,100419.101563,0.060000,3,1,1000,1000,1000,1000,1000.000000,1,0,0,1,-0.141299,0.062572,0.237422,0.008540,0.132121,0.132121,0.057417,0.057420,28,0.512000,1.062000,0.139000,0.262144,1.127844,0.019321,1,1,1.500000,-0.012328,0.148676,-0.044340,-0.000520,0.018088,-0.119664,0.124871,3.783102,0.004000,0.001000,0.025000,1.201428,3.466909,-106.863205,0.000000,0.000000,0.000000,0.000000,0.000000,0.000000,0.000000,0.000000,0.000000,0.000000,0,0.242230,0.017040,1,0,0,0.000000,0.000000,0.000000,0.000000,0.000000,0.000000,0.000000,0.000000,0,0.000000,0.000000,0.000000,0.000000,0,0,0,0,0,0.000000,0.000000,0.000000,0.000000,0.000000,0.000000,0.000000,0.000000,0.000000,0,0.000000,0.000000,0.000000
41246,28.368589,100418.601563,0.070000,4,1,1000,1000,1000,1000,1000.000000,1,0,0,1,-0.141290,0.062571,0.232875,0.006494,0.132400,0.132400,0.062005,0.062009,75,0.512000,1.062000,0.139000,0.262144,1.127844,0.019321,1,1,1.500000,-0.012328,0.148676,-0.044340,-0.000520,0.018088,-0.119664,0.124871,3.783102,0.004000,0.001000,0.025000,1.201406,3.466941,-106.864731,0.000000,0.000000,0.000000,0.000000,0.000000,0.000000,0.000000,0.000000,0.000000,0.000000,0,0.247821,0.017834,1,0,0,0.000000,0.000000,0.000000,0.000000,0.000000,0.000000,0.000000,0.000000,0,0.000000,0.000000,0.000000,0.000000,0,0,0,0,0,0.000000,0.000000,0.000000,0.000000,0.000000,0.000000,0.000000,0.000000,0.000000,0,0.000000,0.000000,0.000000
41344,28.371567,100419.101563,0.060000,0,1,1000,1000,1000,1000,1000.000000,1,0,0,1,-0.140632,0.063622,0.242122,0.008558,0.131614,0.131614,0.061981,0.061984,53,0.511000,1.061000,0.135000,0.261121,1.125721,0.018225,1,1,1.500000,-0.012304,0.148471,-0.044105,-0.000544,0.018126,-0.108565,0.124871,3.815099,0.024000,-0.009000,0.024000,1.204333,3.467240,-106.867805,0.000000,0.000000,0.000000,0.000000,0.000000,0.000000,0.000000,0.000000,0.000000,0.000000,0,0.246642,0.017667,1,0,0,0.000000,0.000000,0.000000,0.000000,0.000000,0.000000,0.000000,0.000000,0,0.000000,0.000000,0.000000,0.000000,0,0,0,0,0,0.000000,0.000000,0.000000,0.000000,0.000000,0.000000,0.000000,0.000000,0.000000,0,0.000000,0.000000,0.000000
41442,28.369080,100420.203125,0.050000,0,1,1000,1000,1000,1000,1000.000000,1,0,0,1,-0.140090,0.064836,0.246585,0.009121,0.130862,0.130862,0.062072,0.062076,29,0.511000,1.060000,0.123000,0.261121,1.123600,0.015129,1,1,1.500000,-0.012282,0.148241,-0.043859,-0.000518,0.018151,-0.108565,0.133708,3.841100,-0.001000,0.005000,0.022000,1.202598,3.467608,-106.870941,0.000000,0.000000,0.000000,0.000000,0.000000,0.000000,0.000000,0.000000,0.000000,0.000000,0,0.237245,0.016345,1,0,0,0.000000,0.000000,0.000000,0.000000,0.000000,0.000000,0.000000,0.000000,0,0.000000,0.000000,0.000000,0.000000,0,0,0,0,0,0.000000,0.000000,0.000000,0.000000,0.000000,0.000000,0.000000,0.000000,0.000000,0,0.000000,0.000000,0.000000
41536,28.363403,100417.898438,0.060000,0,1,1000,1000,1000,1000,1000.000000,1,0,0,1,-0.140090,0.064835,0.237449,0.005181,0.131245,0.131246,0.062411,0.062415,123,0.511000,1.060000,0.123000,0.261121,1.123600,0.015129,1,1,1.500000,-0.012282,0.148241,-0.043859,-0.000518,0.018151,-0.108565,0.133708,3.841100,-0.001000,0.005000,0.022000,1.201468,3.467491,-106.873947,0.000000,0.000000,0.000000,0.000000,0.000000,0.000000,0.000000,0.000000,0.000000,0.000000,0,0.231838,0.015609,1,0,0,0.000000,0.000000,0.000000,0.000000,0.000000,0.000000,0.000000,0.000000,0,0.000000,0.000000,0.000000,0.000000,0,0,0,0,0,0.000000,0.000000,0.000000,0.000000,0.000000,0.000000,0.000000,0.000000,0.000000,0,0.000000,0.000000,0.000000
41649,28.373442,100420.804688,0.040000,0,1,1000,1000,1000,1000,1000.000000,1,0,0,1,-0.139524,0.066004,0.237477,0.004411,0.130530,0.130531,0.062696,0.062700,109,0.511000,1.059000,0.133000,0.261121,1.121481,0.017689,1,1,1.500000,-0.012264,0.148010,-0.043632,-0.000541,0.018117,-0.108565,0.133708,3.860101,0.005000,0.000000,0.009000,1.200846,3.467574,-106.877548,0.000000,0.000000,0.000000,0.000000,0.000000,0.000000,0.000000,0.000000,0.000000,0.000000,0,0.221911,0.014299,1,0,0,0.000000,0.000000,0.000000,0.000000,0.000000,0.000000,0.000000,0.000000,0,0.000000,0.000000,0.000000,0.000000,0,0,0,0,0,0.000000,0.000000,0.000000,0.000000,0.000000,0.000000,0.000000,0.000000,0.000000,0,0.000000,0.000000,0.000000
41743,28.367521,100418.500000,0.050000,9,1,1000,1000,1000,1000,1000.000000,1,0,0,1,-0.138891,0.067152,0.242326,0.005538,0.129849,0.129850,0.063164,0.063168,81,0.510000,1.059000,0.129000,0.260100,1.121481,0.016641,1,1,1.500000,-0.012261,0.147773,-0.043419,-0.000795,0.017413,-0.108571,0.133704,3.887120,0.031000,0.005000,0.023000,1.202364,3.467771,-106.880379,0.000000,0.000000,0.000000,0.000000,0.000000,0.000000,0.000000,0.000000,0.000000,0.000000,0,0.236981,0.016312,1,0,0,0.000000,0.000000,0.000000,0.000000,0.000000,0.000000,0.000000,0.000000,0,0.000000,0.000000,0.000000,0.000000,0,0,0,0,0,0.000000,0.000000,0.000000,0.000000,0.000000,0.000000,0.000000,0.000000,0.000000,0,0.000000,0.000000,0.000000
41846,28.367977,100418.601563,0.060000,1,1,1000,1000,1000,1000,1000.000000,1,0,0,1,-0.138382,0.068192,0.251574,0.007466,0.129136,0.129137,0.062697,0.062701,56,0.510000,1.058000,0.134000,0.260100,1.119364,0.017956,1,1,1.500000,-0.012253,0.147543,-0.043197,-0.000801,0.017389,-0.108571,0.133704,3.900121,0.001000,-0.016000,0.007000,1.200123,3.463990,-106.883842,0.000000,0.000000,0.000000,0.000000,0.000000,0.000000,0.000000,0.000000,0.000000,0.000000,0,0.246111,0.017590,1,0,0,0.000000,0.000000,0.000000,0.000000,0.000000,0.000000,0.000000,0.000000,0,0.000000,0.000000,0.000000,0.000000,0,0,0,0,0,0.000000,0.000000,0.000000,0.000000,0.000000,0.000000,0.000000,0.000000,0.000000,0,0.000000,0.000000,0.000000
41935,28.369711,100421.304688,0.030000,0,1,1000,1000,1000,1000,1000.000000,1,0,0,1,-0.137626,0.069254,0.255831,0.008440,0.128309,0.128310,0.060367,0.060370,23,0.510000,1.057000,0.122000,0.260100,1.117249,0.014884,1,1,1.500000,-0.012239,0.147319,-0.042951,-0.000805,0.017323,-0.097472,0.133704,3.929120,0.025000,-0.004000,0.008000,1.200827,3.463879,-106.886665,0.000000,0.000000,0.000000,0.000000,0.000000,0.000000,0.000000,0.000000,0.000000,0.000000,0,0.236491,0.016245,1,0,0,0.000000,0.000000,0.000000,0.000000,0.000000,0.000000,0.000000,0.000000,0,0.000000,0.000000,0.000000,0.000000,0,0,0,0,0,0.000000,0.000000,0.000000,0.000000,0.000000,0.000000,0.000000,0.000000,0.000000,0,0.000000,0.000000,0.000000
42035,28.371550,100420.304688,0.030000,12,1,1000,1000,1000,1000,1000.000000,1,0,0,1,-0.137628,0.069247,0.242811,0.004031,0.128743,0.128743,0.061013,0.061017,123,0.510000,1.057000,0.122000,0.260100,1.117249,0.014884,1,1,1.500000,-0.012239,0.147319,-0.042951,-0.000805,0.017323,-0.097472,0.133704,3.929120,0.025000,-0.004000,0.008000,1.198010,3.462892,-106.889839,0.000000,0.000000,0.000000,0.000000,0.000000,0.000000,0.000000,0.000000,0.000000,0.000000,0,0.217020,0.013682,1,0,0,0.000000,0.000000,0.000000,0.000000,0.000000,0.000000,0.000000,0.000000,0,0.000000,0.000000,0.000000,0.000000,0,0,0,0,0,0.000000,0.000000,0.000000,0.000000,0.000000,0.000000,0.000000,0.000000,0.000000,0,0.000000,0.000000,0.000000
42140,28.365437,100417.898438,0.040000,31,1,1000,1000,1000,1000,1000.000000,1,0,0,1,-0.136876,0.070438,0.247847,0.005143,0.128120,0.128121,0.061953,0.061957,97,0.509000,1.056000,0.114000,0.259081,1.115136,0.012996,1,1,1.500000,-0.012221,0.147078,-0.042733,-0.000745,0.017277,-0.097472,0.142541,3.948121,0.024000,0.000000,0.003000,1.198383,3.464694,-106.893173,0.000000,0.000000,0.000000,0.000000,0.000000,0.000000,0.000000,0.000000,0.000000,0.000000,0,0.232192,0.015664,1,0,0,0.000000,0.000000,0.000000,0.000000,0.000000,0.000000,0.000000,0.000000,0,0.000000,0.000000,0.000000,0.000000,0,0,0,0,0,0.000000,0.000000,0.000000,0.000000,0.000000,0.000000,0.000000,0.000000,0.000000,0,0.000000,0.000000,0.000000
42233,28.369816,100417.101563,0.060000,38,1,1000,1000,1000,1000,1000.000000,1,0,0,1,-0.136261,0.071617,0.252350,0.006346,0.127349,0.127350,0.060212,0.060215,64,0.509000,1.055000,0.108000,0.259081,1.113025,0.011664,1,1,1.500000,-0.012202,0.146834,-0.042522,-0.000741,0.017273,-0.097472,0.142541,3.976121,-0.004000,0.002000,0.006000,1.195360,3.465636,-106.896141,0.000000,0.000000,0.000000,0.000000,0.000000,0.000000,0.000000,0.000000,0.000000,0.000000,0,0.257058,0.019203,1,0,0,0.000000,0.000000,0.000000,0.000000,0.000000,0.000000,0.000000,0.000000,0,0.000000,0.000000,0.000000,0.000000,0,0,0,0,0,0.000000,0.000000,0.000000,0.000000,0.000000,0.000000,0.000000,0.000000,0.000000,0,0.000000,0.000000,0.000000
42371,28.368343,100419.398438,0.060000,39,1,1000,1000,1000,1000,1000.000000,1,0,0,1,-0.135426,0.072711,0.251900,0.005659,0.127074,0.127074,0.065217,0.065221,74,0.509000,1.055000,0.135000,0.259081,1.113025,0.018225,1,1,1.500000,-0.012194,0.146595,-0.042349,-0.000769,0.017327,-0.086373,0.142541,4.005121,0.008000,-0.009000,0.009000,1.195349,3.464416,-106.900459,0.000000,0.000000,0.000000,0.000000,0.000000,0.000000,0.000000,0.000000,0.000000,0.000000,0,0.256684,0.019143,1,0,0,0.000000,0.000000,0.000000,0.000000,0.000000,0.000000,0.000000,0.000000,0,0.000000,0.000000,0.000000,0.000000,0,0,0,0,0,0.000000,0.000000,0.000000,0.000000,0.000000,0.000000,0.000000,0.000000,0.000000,0,0.000000,0.000000,0.000000
42431,28.365349,100419.203125,0.070000,0,1,1000,1000,1000,1000,1000.000000,1,0,0,1,-0.134616,0.073866,0.260927,0.008354,0.126111,0.126112,0.060085,0.060089,19,0.508000,1.054000,0.133000,0.258064,1.110916,0.017689,1,1,1.500000,-0.012184,0.146371,-0.042170,-0.000771,0.017329,-0.086373,0.142541,4.043119,0.010000,0.013000,0.021000,1.195855,3.466822,-106.902321,0.000000,0.000000,0.000000,0.000000,0.000000,0.000000,0.000000,0.000000,0.000000,0.000000,0,0.261968,0.019938,1,0,0,0.000000,0.000000,0.000000,0.000000,0.000000,0.000000,0.000000,0.000000,0,0.000000,0.000000,0.000000,0.000000,0,0,0,0,0,0.000000,0.000000,0.000000,0.000000,0.000000,0.000000,0.000000,0.000000,0.000000,0,0.000000,0.000000,0.000000
42531,28.365103,100418.703125,0.070000,11,1,1000,1000,1000,1000,1000.000000,1,0,0,1,-0.134614,0.073867,0.245786,0.003518,0.126506,0.126506,0.060257,0.060260,119,0.508000,1.054000,0.133000,0.258064,1.110916,0.017689,1,1,1.500000,-0.012184,0.146371,-0.042170,-0.000771,0.017329,-0.086373,0.142541,4.043119,0.010000,0.013000,0.021000,1.196140,3.466256,-106.905464,0.000000,0.000000,0.000000,0.000000,0.000000,0.000000,0.000000,0.000000,0.000000,0.000000,0,0.260781,0.019763,1,0,0,0.000000,0.000000,0.000000,0.000000,0.000000,0.000000,0.000000,0.000000,0,0.000000,0.000000,0.000000,0.000000,0,0,0,0,0,0.000000,0.000000,0.000000,0.000000,0.000000,0.000000,0.000000,0.000000,0.000000,0,0.000000,0.000000,0.000000
42640,28.367275,100419.101563,0.080000,34,1,1000,1000,1000,1000,1000.000000,1,0,0,1,-0.133667,0.074927,0.249413,0.004359,0.125935,0.125936,0.061524,0.061527,103,0.508000,1.053000,0.135000,0.258064,1.108809,0.018225,1,1,1.500000,-0.012171,0.146156,-0.041980,-0.000775,0.017330,-0.075274,0.142541,4.067121,0.004000,-0.007000,0.011000,1.197334,3.464834,-106.908989,0.000000,0.000000,0.000000,0.000000,0.000000,0.000000,0.000000,0.000000,0.000000,0.000000,0,0.274506,0.021902,1,0,0,0.000000,0.000000,0.000000,0.000000,0.000000,0.000000,0.000000,0.000000,0,0.000000,0.000000,0.000000,0.000000,0,0,0,0,0,0.000000,0.000000,0.000000,0.000000,0.000000,0.000000,0.000000,0.000000,0.000000,0,0.000000,0.000000,0.000000
42746,28.369762,100419.398438,0.070000,4,1,1000,1000,1000,1000,1000.000000,1,0,0,1,-0.132801,0.076004,0.248470,0.003431,0.125347,0.125347,0.061895,0.061899,85,0.507000,1.052000,0.115000,0.257049,1.106704,0.013225,1,1,1.500000,-0.012142,0.145959,-0.041770,-0.000772,0.017329,-0.075274,0.142541,4.095121,-0.011000,0.005000,0.012000,1.196247,3.464823,-106.912315,0.000000,0.000000,0.000000,0.000000,0.000000,0.000000,0.000000,0.000000,0.000000,0.000000,0,0.263522,0.020181,1,0,0,0.000000,0.000000,0.000000,0.000000,0.000000,0.000000,0.000000,0.000000,0,0.000000,0.000000,0.000000,0.000000,0,0,0,0,0,0.000000,0.000000,0.000000,0.000000,0.000000,0.000000,0.000000,0.000000,0.000000,0,0.000000,0.000000,0.000000
42845,28.366224,100419.203125,0.070000,3,1,1000,1000,1000,1000,1000.000000,1,0,0,1,-0.131893,0.076999,0.252577,0.004076,0.124678,0.124678,0.060798,0.060802,56,0.507000,1.052000,0.136000,0.257049,1.106704,0.018496,1,1,1.500000,-0.012105,0.145770,-0.041550,-0.000691,0.017444,-0.075274,0.142541,4.131120,0.004000,-0.007000,0.015000,1.198111,3.463701,-106.915375,0.000000,0.000000,0.000000,0.000000,0.000000,0.000000,0.000000,0.000000,0.000000,0.000000,0,0.267675,0.020825,1,0,0,0.000000,0.000000,0.000000,0.000000,0.000000,0.000000,0.000000,0.000000,0,0.000000,0.000000,0.000000,0.000000,0,0,0,0,0,0.000000,0.000000,0.000000,0.000000,0.000000,0.000000,0.000000,0.000000,0.000000,0,0.000000,0.000000,0.000000
42935,28.363876,100419.500000,0.060000,0,1,1000,1000,1000,1000,1000.000000,1,0,0,1,-0.130786,0.078170,0.262099,0.006409,0.124128,0.124128,0.060676,0.060679,22,0.507000,1.051000,0.124000,0.257049,1.104601,0.015376,1,1,1.500000,-0.012093,0.145575,-0.041347,-0.000751,0.017494,-0.064175,0.151379,4.149118,0.017000,0.006000,0.010000,1.200317,3.466037,-106.918198,0.000000,0.000000,0.000000,0.000000,0.000000,0.000000,0.000000,0.000000,0.000000,0.000000,0,0.252752,0.018566,1,0,0,0.000000,0.000000,0.000000,0.000000,0.000000,0.000000,0.000000,0.000000,0,0.000000,0.000000,0.000000,0.000000,0,0,0,0,0,0.000000,0.000000,0.000000,0.000000,0.000000,0.000000,0.000000,0.000000,0.000000,0,0.000000,0.000000,0.000000
43035,28.363562,100419.203125,0.060000,12,1,1000,1000,1000,1000,1000.000000,1,0,0,1,-0.130783,0.078172,0.247575,0.001341,0.124529,0.124529,0.060656,0.060660,122,0.507000,1.051000,0.124000,0.257049,1.104601,0.015376,1,1,1.500000,-0.012093,0.145575,-0.041347,-0.000751,0.017494,-0.064175,0.151379,4.149118,0.017000,0.006000,0.010000,1.199453,3.466090,-106.921394,0.000000,0.000000,0.000000,0.000000,0.000000,0.000000,0.000000,0.000000,0.000000,0.000000,0,0.252345,0.018510,1,0,0,0.000000,0.000000,0.000000,0.000000,0.000000,0.000000,0.000000,0.000000,0,0.000000,0.000000,0.000000,0.000000,0,0,0,0,0,0.000000,0.000000,0.000000,0.000000,0.000000,0.000000,0.000000,0.000000,0.000000,0,0.000000,0.000000,0.000000
43141,28.365892,100418.304688,0.080000,32,1,1000,1000,1000,1000,1000.000000,1,0,0,1,-0.129777,0.079284,0.251473,0.002540,0.124009,0.124009,0.060944,0.060948,102,0.507000,1.050000,0.107000,0.257049,1.102500,0.011449,1,1,1.500000,-0.012086,0.145373,-0.041158,-0.000753,0.017496,-0.064175,0.151379,4.170118,-0.004000,-0.002000,0.003000,1.199050,3.465858,-106.925407,0.000000,0.000000,0.000000,0.000000,0.000000,0.000000,0.000000,0.000000,0.000000,0.000000,0,0.276580,0.022241,1,0,0,0.000000,0.000000,0.000000,0.000000,0.000000,0.000000,0.000000,0.000000,0,0.000000,0.000000,0.000000,0.000000,0,0,0,0,0,0.000000,0.000000,0.000000,0.000000,0.000000,0.000000,0.000000,0.000000,0.000000,0,0.000000,0.000000,0.000000
43233,28.367048,100418.398438,0.080000,38,1,1000,1000,1000,1000,1000.000000,1,0,0,1,-0.128712,0.080362,0.255606,0.003479,0.123346,0.123347,0.058712,0.058715,64,0.506000,1.050000,0.132000,0.256036,1.102500,0.017424,1,1,1.500000,-0.012058,0.145178,-0.040959,-0.000689,0.017450,-0.064169,0.151384,4.204099,0.020000,-0.004000,0.018000,1.201691,3.466019,-106.928246,0.000000,0.000000,0.000000,0.000000,0.000000,0.000000,0.000000,0.000000,0.000000,0.000000,0,0.280991,0.022952,1,0,0,0.000000,0.000000,0.000000,0.000000,0.000000,0.000000,0.000000,0.000000,0,0.000000,0.000000,0.000000,0.000000,0,0,0,0,0,0.000000,0.000000,0.000000,0.000000,0.000000,0.000000,0.000000,0.000000,0.000000,0,0.000000,0.000000,0.000000
43332,28.364595,100418.898438,0.060000,0,1,1000,1000,1000,1000,1000.000000,1,0,0,1,-0.127774,0.081405,0.260259,0.005193,0.122847,0.122847,0.059375,0.059378,41,0.506000,1.049000,0.118000,0.256036,1.100401,0.013924,1,1,1.500000,-0.012026,0.144974,-0.040763,-0.000687,0.017448,-0.064169,0.151384,4.228101,-0.009000,-0.007000,0.013000,1.200924,3.464683,-106.931458,0.000000,0.000000,0.000000,0.000000,0.000000,0.000000,0.000000,0.000000,0.000000,0.000000,0,0.250746,0.018277,1,0,0,0.000000,0.000000,0.000000,0.000000,0.000000,0.000000,0.000000,0.000000,0,0.000000,0.000000,0.000000,0.000000,0,0,0,0,0,0.000000,0.000000,0.000000,0.000000,0.000000,0.000000,0.000000,0.000000,0.000000,0,0.000000,0.000000,0.000000
43435,28.360514,100418.000000,0.070000,12,1,1000,1000,1000,1000,1000.000000,1,0,0,1,-0.126595,0.082455,0.260000,0.004872,0.122322,0.122322,0.059509,0.059512,24,0.506000,1.048000,0.132000,0.256036,1.098304,0.017424,1,1,1.500000,-0.011993,0.144770,-0.040564,-0.000688,0.017448,-0.053071,0.151384,4.253099,0.016000,0.001000,0.016000,1.204451,3.465444,-106.934586,0.000000,0.000000,0.000000,0.000000,0.000000,0.000000,0.000000,0.000000,0.000000,0.000000,0,0.275068,0.022001,1,0,0,0.000000,0.000000,0.000000,0.000000,0.000000,0.000000,0.000000,0.000000,0,0.000000,0.000000,0.000000,0.000000,0,0,0,0,0,0.000000,0.000000,0.000000,0.000000,0.000000,0.000000,0.000000,0.000000,0.000000,0,0.000000,0.000000,0.000000
43561,28.365332,100420.101563,0.070000,9,1,1000,1000,1000,1000,1000.000000,1,0,0,1,-0.125511,0.083449,0.259245,0.004144,0.122030,0.122030,0.062751,0.062755,22,0.505000,1.047000,0.118000,0.255025,1.096209,0.013924,1,1,1.500000,-0.011959,0.144567,-0.040371,-0.000687,0.017448,-0.053071,0.151384,4.286100,-0.002000,-0.009000,0.013000,1.204202,3.463400,-106.938515,0.000000,0.000000,0.000000,0.000000,0.000000,0.000000,0.000000,0.000000,0.000000,0.000000,0,0.274325,0.021883,1,0,0,0.000000,0.000000,0.000000,0.000000,0.000000,0.000000,0.000000,0.000000,0,0.000000,0.000000,0.000000,0.000000,0,0,0,0,0,0.000000,0.000000,0.000000,0.000000,0.000000,0.000000,0.000000,0.000000,0.000000,0,0.000000,0.000000,0.000000
43633,28.365559,100419.804688,0.060000,38,1,1000,1000,1000,1000,1000.000000,1,0,0,1,-0.125521,0.083458,0.254504,0.002627,0.122154,0.122154,0.058573,0.058576,94,0.505000,1.047000,0.118000,0.255025,1.096209,0.013924,1,1,1.500000,-0.011959,0.144567,-0.040371,-0.000687,0.017448,-0.053071,0.151384,4.286100,-0.002000,-0.009000,0.013000,1.202702,3.463884,-106.940918,0.000000,0.000000,0.000000,0.000000,0.000000,0.000000,0.000000,0.000000,0.000000,0.000000,0,0.259403,0.019565,1,0,0,0.000000,0.000000,0.000000,0.000000,0.000000,0.000000,0.000000,0.000000,0,0.000000,0.000000,0.000000,0.000000,0,0,0,0,0,0.000000,0.000000,0.000000,0.000000,0.000000,0.000000,0.000000,0.000000,0.000000,0,0.000000,0.000000,0.000000
43740,28.361477,100418.601563,0.070000,4,1,1000,1000,1000,1000,1000.000000,1,0,0,1,-0.124206,0.084470,0.254154,0.002236,0.121643,0.121643,0.058184,0.058187,75,0.505000,1.047000,0.133000,0.255025,1.096209,0.017689,1,1,1.500000,-0.011919,0.144356,-0.040177,-0.000685,0.017448,-0.041972,0.151384,4.310102,0.021000,0.001000,0.024000,1.203152,3.466694,-106.944229,0.000000,0.000000,0.000000,0.000000,0.000000,0.000000,0.000000,0.000000,0.000000,0.000000,0,0.269149,0.021066,1,0,0,0.000000,0.000000,0.000000,0.000000,0.000000,0.000000,0.000000,0.000000,0,0.000000,0.000000,0.000000,0.000000,0,0,0,0,0,0.000000,0.000000,0.000000,0.000000,0.000000,0.000000,0.000000,0.000000,0.000000,0,0.000000,0.000000,0.000000
43838,28.361197,100418.703125,0.060000,0,1,1000,1000,1000,1000,1000.000000,1,0,0,1,-0.122989,0.085636,0.263938,0.004770,0.121143,0.121143,0.057897,0.057901,50,0.505000,1.046000,0.132000,0.255025,1.094116,0.017424,1,1,1.500000,-0.011878,0.144162,-0.039976,-0.000687,0.017451,-0.041972,0.160221,4.332101,0.003000,0.016000,0.018000,1.201007,3.470103,-106.947449,0.000000,0.000000,0.000000,0.000000,0.000000,0.000000,0.000000,0.000000,0.000000,0.000000,0,0.254249,0.018792,1,0,0,0.000000,0.000000,0.000000,0.000000,0.000000,0.000000,0.000000,0.000000,0,0.000000,0.000000,0.000000,0.000000,0,0,0,0,0,0.000000,0.000000,0.000000,0.000000,0.000000,0.000000,0.000000,0.000000,0.000000,0,0.000000,0.000000,0.000000
43934,28.364281,100419.000000,0.060000,0,1,1000,1000,1000,1000,1000.000000,1,0,0,1,-0.121775,0.086661,0.269073,0.005720,0.120682,0.120682,0.057980,0.057983,25,0.504000,1.045000,0.137000,0.254016,1.092025,0.018769,1,1,1.500000,-0.011837,0.143967,-0.039781,-0.000694,0.017454,-0.041972,0.160221,4.366102,0.008000,-0.017000,0.023000,1.202436,3.468720,-106.950439,0.000000,0.000000,0.000000,0.000000,0.000000,0.000000,0.000000,0.000000,0.000000,0.000000,0,0.259173,0.019530,1,0,0,0.000000,0.000000,0.000000,0.000000,0.000000,0.000000,0.000000,0.000000,0,0.000000,0.000000,0.000000,0.000000,0,0,0,0,0,0.000000,0.000000,0.000000,0.000000,0.000000,0.000000,0.000000,0.000000,0.000000,0,0.000000,0.000000,0.000000
44034,28.362967,100419.500000,0.060000,12,1,1000,1000,1000,1000,1000.000000,1,0,0,1,-0.121775,0.086651,0.254484,0.001120,0.121107,0.121107,0.058323,0.058326,125,0.504000,1.045000,0.137000,0.254016,1.092025,0.018769,1,1,1.500000,-0.011837,0.143967,-0.039781,-0.000694,0.017454,-0.041972,0.160221,4.366102,0.008000,-0.017000,0.023000,1.202074,3.469805,-106.953629,0.000000,0.000000,0.000000,0.000000,0.000000,0.000000,0.000000,0.000000,0.000000,0.000000,0,0.259277,0.019549,1,0,0,0.000000,0.000000,0.000000,0.000000,0.000000,0.000000,0.000000,0.000000,0,0.000000,0.000000,0.000000,0.000000,0,0,0,0,0,0.000000,0.000000,0.000000,0.000000,0.000000,0.000000,0.000000,0.000000,0.000000,0,0.000000,0.000000,0.000000
44142,28.359585,100418.203125,0.080000,34,1,1000,1000,1000,1000,1000.000000,1,0,0,1,-0.120436,0.087719,0.258946,0.002100,0.120672,0.120672,0.058516,0.058519,104,0.504000,1.045000,0.136000,0.254016,1.092025,0.018496,1,1,1.500000,-0.011801,0.143763,-0.039598,-0.000695,0.017453,-0.030873,0.160221,4.391099,0.006000,0.000000,0.024000,1.201639,3.471083,-106.957062,0.000000,0.000000,0.000000,0.000000,0.000000,0.000000,0.000000,0.000000,0.000000,0.000000,0,0.284306,0.023502,1,0,0,0.000000,0.000000,0.000000,0.000000,0.000000,0.000000,0.000000,0.000000,0,0.000000,0.000000,0.000000,0.000000,0,0,0,0,0,0.000000,0.000000,0.000000,0.000000,0.000000,0.000000,0.000000,0.000000,0.000000,0,0.000000,0.000000,0.000000
44228,28.361338,100419.000000,0.080000,34,1,1000,1000,1000,1000,1000.000000,1,0,0,1,-0.119156,0.088803,0.263220,0.002836,0.120097,0.120098,0.057115,0.057118,60,0.504000,1.044000,0.131000,0.254016,1.089936,0.017161,1,1,1.500000,-0.011763,0.143562,-0.039407,-0.000674,0.017484,-0.030873,0.160221,4.418100,0.000000,0.012000,0.016000,1.199790,3.472256,-106.959869,0.000000,0.000000,0.000000,0.000000,0.000000,0.000000,0.000000,0.000000,0.000000,0.000000,0,0.288636,0.024227,1,0,0,0.000000,0.000000,0.000000,0.000000,0.000000,0.000000,0.000000,0.000000,0,0.000000,0.000000,0.000000,0.000000,0,0,0,0,0,0.000000,0.000000,0.000000,0.000000,0.000000,0.000000,0.000000,0.000000,0.000000,0,0.000000,0.000000,0.000000
44335,28.364805,100420.500000,0.070000,3,1,1000,1000,1000,1000,1000.000000,1,0,0,1,-0.117743,0.089768,0.262430,0.001892,0.119649,0.119649,0.057408,0.057411,45,0.503000,1.044000,0.132000,0.253009,1.089936,0.017424,1,1,1.500000,-0.011731,0.143352,-0.039224,-0.000672,0.017486,-0.019774,0.160221,4.445100,-0.002000,-0.018000,0.017000,1.198819,3.468949,-106.963249,0.000000,0.000000,0.000000,0.000000,0.000000,0.000000,0.000000,0.000000,0.000000,0.000000,0,0.277541,0.022403,1,0,0,0.000000,0.000000,0.000000,0.000000,0.000000,0.000000,0.000000,0.000000,0,0.000000,0.000000,0.000000,0.000000,0,0,0,0,0,0.000000,0.000000,0.000000,0.000000,0.000000,0.000000,0.000000,0.000000,0.000000,0,0.000000,0.000000,0.000000
44441,28.357973,100417.398438,0.080000,0,1,1000,1000,1000,1000,1000.000000,1,0,0,1,-0.116285,0.090807,0.267078,0.002914,0.119216,0.119216,0.057672,0.057675,32,0.503000,1.043000,0.131000,0.253009,1.087849,0.017161,1,1,1.500000,-0.011698,0.143156,-0.039042,-0.000673,0.017485,-0.019774,0.160221,4.476102,0.017000,0.012000,0.020000,1.199830,3.470306,-106.966728,0.000000,0.000000,0.000000,0.000000,0.000000,0.000000,0.000000,0.000000,0.000000,0.000000,0,0.292479,0.024878,1,0,0,0.000000,0.000000,0.000000,0.000000,0.000000,0.000000,0.000000,0.000000,0,0.000000,0.000000,0.000000,0.000000,0,0,0,0,0,0.000000,0.000000,0.000000,0.000000,0.000000,0.000000,0.000000,0.000000,0.000000,0,0.000000,0.000000,0.000000
44539,28.361372,100418.398438,0.080000,3,1,1000,1000,1000,1000,1000.000000,1,0,0,1,-0.116276,0.090803,0.256608,-0.000608,0.119667,0.119668,0.058321,0.058324,130,0.503000,1.043000,0.131000,0.253009,1.087849,0.017161,1,1,1.500000,-0.011698,0.143156,-0.039042,-0.000673,0.017485,-0.019774,0.160221,4.476102,0.017000,0.012000,0.020000,1.198891,3.468750,-106.969727,0.000000,0.000000,0.000000,0.000000,0.000000,0.000000,0.000000,0.000000,0.000000,0.000000,0,0.281863,0.023101,1,0,0,0.000000,0.000000,0.000000,0.000000,0.000000,0.000000,0.000000,0.000000,0,0.000000,0.000000,0.000000,0.000000,0,0,0,0,0,0.000000,0.000000,0.000000,0.000000,0.000000,0.000000,0.000000,0.000000,0.000000,0,0.000000,0.000000,0.000000
44679,28.364420,100420.101563,0.070000,31,1,1000,1000,1000,1000,1000.000000,1,0,0,1,-0.113468,0.092765,0.275978,0.004799,0.118692,0.118693,0.062354,0.062358,18,0.502000,1.042000,0.130000,0.252004,1.085764,0.016900,1,1,1.500000,-0.011639,0.142755,-0.038685,-0.000647,0.017392,-0.008675,0.160221,4.518102,-0.007000,-0.033000,-0.002000,1.198234,3.462903,-106.974380,0.000000,0.000000,0.000000,0.000000,0.000000,0.000000,0.000000,0.000000,0.000000,0.000000,0,0.276143,0.022168,1,0,0,0.000000,0.000000,0.000000,0.000000,0.000000,0.000000,0.000000,0.000000,0,0.000000,0.000000,0.000000,0.000000,0,0,0,0,0,0.000000,0.000000,0.000000,0.000000,0.000000,0.000000,0.000000,0.000000,0.000000,0,0.000000,0.000000,0.000000
44729,28.360846,100419.898438,0.060000,34,1,1000,1000,1000,1000,1000.000000,1,0,0,1,-0.113446,0.092781,0.270778,0.003056,0.118657,0.118657,0.055890,0.055892,68,0.502000,1.042000,0.130000,0.252004,1.085764,0.016900,1,1,1.500000,-0.011639,0.142755,-0.038685,-0.000647,0.017392,-0.008675,0.160221,4.518102,-0.007000,-0.033000,-0.002000,1.199278,3.464563,-106.975868,0.000000,0.000000,0.000000,0.000000,0.000000,0.000000,0.000000,0.000000,0.000000,0.000000,0,0.276060,0.022154,1,0,0,0.000000,0.000000,0.000000,0.000000,0.000000,0.000000,0.000000,0.000000,0,0.000000,0.000000,0.000000,0.000000,0,0,0,0,0,0.000000,0.000000,0.000000,0.000000,0.000000,0.000000,0.000000,0.000000,0.000000,0,0.000000,0.000000,0.000000
44844,28.365629,100420.203125,0.030000,0,1,1000,1000,1000,1000,1000.000000,1,0,0,1,-0.111958,0.093862,0.276440,0.004550,0.118418,0.118418,0.058302,0.058306,58,0.502000,1.041000,0.125000,0.252004,1.083681,0.015625,1,1,1.500000,-0.011607,0.142551,-0.038512,-0.000749,0.017343,-0.008675,0.169059,4.546102,0.009000,0.006000,0.005000,1.201051,3.467033,-106.979530,0.000000,0.000000,0.000000,0.000000,0.000000,0.000000,0.000000,0.000000,0.000000,0.000000,0,0.246013,0.017596,1,0,0,0.000000,0.000000,0.000000,0.000000,0.000000,0.000000,0.000000,0.000000,0,0.000000,0.000000,0.000000,0.000000,0,0,0,0,0,0.000000,0.000000,0.000000,0.000000,0.000000,0.000000,0.000000,0.000000,0.000000,0,0.000000,0.000000,0.000000
44939,28.363018,100417.898438,0.040000,3,1,1000,1000,1000,1000,1000.000000,1,0,0,1,-0.110327,0.094939,0.277918,0.004762,0.117859,0.117860,0.055887,0.055890,30,0.502000,1.040000,0.135000,0.252004,1.081600,0.018225,1,1,1.500000,-0.011577,0.142337,-0.038335,-0.000751,0.017341,0.002424,0.169059,4.579099,0.012000,0.007000,0.026000,1.202618,3.469289,-106.982430,0.000000,0.000000,0.000000,0.000000,0.000000,0.000000,0.000000,0.000000,0.000000,0.000000,0,0.262791,0.020082,1,0,0,0.000000,0.000000,0.000000,0.000000,0.000000,0.000000,0.000000,0.000000,0,0.000000,0.000000,0.000000,0.000000,0,0,0,0,0,0.000000,0.000000,0.000000,0.000000,0.000000,0.000000,0.000000,0.000000,0.000000,0,0.000000,0.000000,0.000000
45055,28.362440,100418.703125,0.050000,0,1,1000,1000,1000,1000,1000.000000,1,0,0,1,-0.108744,0.095929,0.283679,0.006019,0.117652,0.117652,0.058558,0.058561,17,0.501000,1.040000,0.136000,0.251001,1.081600,0.018496,1,1,1.500000,-0.011554,0.142127,-0.038195,-0.000749,0.017407,0.002424,0.169059,4.597101,0.006000,-0.013000,0.025000,1.203766,3.469427,-106.986191,0.000000,0.000000,0.000000,0.000000,0.000000,0.000000,0.000000,0.000000,0.000000,0.000000,0,0.278937,0.022619,1,0,0,0.000000,0.000000,0.000000,0.000000,0.000000,0.000000,0.000000,0.000000,0,0.000000,0.000000,0.000000,0.000000,0,0,0,0,0,0.000000,0.000000,0.000000,0.000000,0.000000,0.000000,0.000000,0.000000,0.000000,0,0.000000,0.000000,0.000000
45151,28.363474,100419.000000,0.060000,0,1,1000,1000,1000,1000,1000.000000,1,0,0,1,-0.108733,0.095935,0.278530,0.004320,0.118081,0.118081,0.058549,0.058552,113,0.501000,1.040000,0.136000,0.251001,1.081600,0.018496,1,1,1.500000,-0.011554,0.142127,-0.038195,-0.000749,0.017407,0.002424,0.169059,4.597101,0.006000,-0.013000,0.025000,1.203588,3.471671,-106.989082,0.000000,0.000000,0.000000,0.000000,0.000000,0.000000,0.000000,0.000000,0.000000,0.000000,0,0.283931,0.023434,1,0,0,0.000000,0.000000,0.000000,0.000000,0.000000,0.000000,0.000000,0.000000,0,0.000000,0.000000,0.000000,0.000000,0,0,0,0,0,0.000000,0.000000,0.000000,0.000000,0.000000,0.000000,0.000000,0.000000,0.000000,0,0.000000,0.000000,0.000000
45247,28.364630,100419.398438,0.050000,1,1,1000,1000,1000,1000,1000.000000,1,0,0,1,-0.107159,0.096971,0.283824,0.005918,0.117526,0.117526,0.056006,0.056008,76,0.501000,1.039000,0.130000,0.251001,1.079521,0.016900,1,1,1.500000,-0.011535,0.141915,-0.038056,-0.000896,0.017299,0.002424,0.169059,4.619100,0.010000,0.011000,0.013000,1.204996,3.474751,-106.992119,0.000000,0.000000,0.000000,0.000000,0.000000,0.000000,0.000000,0.000000,0.000000,0.000000,0,0.279134,0.022649,1,0,0,0.000000,0.000000,0.000000,0.000000,0.000000,0.000000,0.000000,0.000000,0,0.000000,0.000000,0.000000,0.000000,0,0,0,0,0,0.000000,0.000000,0.000000,0.000000,0.000000,0.000000,0.000000,0.000000,0.000000,0,0.000000,0.000000,0.000000
45345,28.364805,100420.601563,0.030000,1,1,1000,1000,1000,1000,1000.000000,1,0,0,1,-0.105507,0.098070,0.289498,0.007526,0.117127,0.117127,0.055744,0.055747,54,0.501000,1.039000,0.134000,0.251001,1.079521,0.017956,1,1,1.500000,-0.011511,0.141709,-0.037917,-0.000750,0.017408,0.013522,0.177897,4.646101,0.001000,0.000000,0.012000,1.205329,3.473882,-106.995209,0.000000,0.000000,0.000000,0.000000,0.000000,0.000000,0.000000,0.000000,0.000000,0.000000,0,0.274790,0.021950,1,0,0,0.000000,0.000000,0.000000,0.000000,0.000000,0.000000,0.000000,0.000000,0,0.000000,0.000000,0.000000,0.000000,0,0,0,0,0,0.000000,0.000000,0.000000,0.000000,0.000000,0.000000,0.000000,0.000000,0.000000,0,0.000000,0.000000,0.000000
45447,28.362598,100419.601563,0.030000,1,1,1000,1000,1000,1000,1000.000000,1,0,0,1,-0.103884,0.099174,0.295777,0.009033,0.116821,0.116821,0.057180,0.057183,38,0.500000,1.038000,0.134000,0.250000,1.077444,0.017956,1,1,1.500000,-0.011499,0.141503,-0.037789,-0.000936,0.017307,0.013522,0.177897,4.669099,0.002000,0.005000,0.017000,1.205094,3.472880,-106.998489,0.000000,0.000000,0.000000,0.000000,0.000000,0.000000,0.000000,0.000000,0.000000,0.000000,0,0.254912,0.018891,1,0,0,0.000000,0.000000,0.000000,0.000000,0.000000,0.000000,0.000000,0.000000,0,0.000000,0.000000,0.000000,0.000000,0,0,0,0,0,0.000000,0.000000,0.000000,0.000000,0.000000,0.000000,0.000000,0.000000,0.000000,0,0.000000,0.000000,0.000000
45536,28.362913,100419.203125,0.030000,1,1,1000,1000,1000,1000,1000.000000,1,0,0,1,-0.103875,0.099178,0.286107,0.005942,0.117099,0.117100,0.055440,0.055443,127,0.500000,1.038000,0.134000,0.250000,1.077444,0.017956,1,1,1.500000,-0.011499,0.141503,-0.037789,-0.000936,0.017307,0.013522,0.177897,4.669099,0.002000,0.005000,0.017000,1.205215,3.471841,-107.001320,0.000000,0.000000,0.000000,0.000000,0.000000,0.000000,0.000000,0.000000,0.000000,0.000000,0,0.261100,0.019817,1,0,0,0.000000,0.000000,0.000000,0.000000,0.000000,0.000000,0.000000,0.000000,0,0.000000,0.000000,0.000000,0.000000,0,0,0,0,0,0.000000,0.000000,0.000000,0.000000,0.000000,0.000000,0.000000,0.000000,0.000000,0,0.000000,0.000000,0.000000
45650,28.360338,100419.398438,0.040000,0,1,1000,1000,1000,1000,1000.000000,1,0,0,1,-0.102277,0.100267,0.292222,0.007637,0.116871,0.116871,0.057790,0.057793,111,0.500000,1.038000,0.118000,0.250000,1.077444,0.013924,1,1,1.500000,-0.011481,0.141300,-0.037658,-0.000790,0.017413,0.013526,0.177891,4.684118,0.000000,0.002000,0.016000,1.204746,3.471567,-107.004944,0.000000,0.000000,0.000000,0.000000,0.000000,0.000000,0.000000,0.000000,0.000000,0.000000,0,0.277371,0.022363,1,0,0,0.000000,0.000000,0.000000,0.000000,0.000000,0.000000,0.000000,0.000000,0,0.000000,0.000000,0.000000,0.000000,0,0,0,0,0,0.000000,0.000000,0.000000,0.000000,0.000000,0.000000,0.000000,0.000000,0.000000,0,0.000000,0.000000,0.000000
45788,28.362949,100419.398438,0.030000,7,1,1000,1000,1000,1000,1000.000000,1,0,0,1,-0.100541,0.101426,0.288140,0.006370,0.116813,0.116813,0.062342,0.062346,0,0.500000,1.037000,0.132000,0.250000,1.075369,0.017424,1,1,1.500000,-0.011487,0.140988,-0.037760,-0.000755,0.018347,0.024621,0.186734,4.699102,0.010000,0.005000,0.012000,1.204810,3.470247,-107.009132,0.000000,0.000000,0.000000,0.000000,0.000000,0.000000,0.000000,0.000000,0.000000,0.000000,0,0.263151,0.020127,1,0,0,0.000000,0.000000,0.000000,0.000000,0.000000,0.000000,0.000000,0.000000,0,0.000000,0.000000,0.000000,0.000000,0,0,0,0,0,0.000000,0.000000,0.000000,0.000000,0.000000,0.000000,0.000000,0.000000,0.000000,0,0.000000,0.000000,0.000000
45846,28.364069,100418.898438,0.040000,0,1,1000,1000,1000,1000,1000.000000,1,0,0,1,-0.098835,0.102584,0.303994,0.010662,0.116117,0.116117,0.057687,0.057690,58,0.500000,1.037000,0.132000,0.250000,1.075369,0.017424,1,1,1.500000,-0.011487,0.140988,-0.037760,-0.000755,0.018347,0.024621,0.186734,4.716100,0.010000,0.005000,0.012000,1.204682,3.470453,-107.011230,0.000000,0.000000,0.000000,0.000000,0.000000,0.000000,0.000000,0.000000,0.000000,0.000000,0,0.263151,0.020127,1,0,0,0.000000,0.000000,0.000000,0.000000,0.000000,0.000000,0.000000,0.000000,0,0.000000,0.000000,0.000000,0.000000,0,0,0,0,0,0.000000,0.000000,0.000000,0.000000,0.000000,0.000000,0.000000,0.000000,0.000000,0,0.000000,0.000000,0.000000
45940,28.361338,100419.703125,0.040000,3,1,1000,1000,1000,1000,1000.000000,1,0,0,1,-0.097163,0.103868,0.304093,0.010376,0.115606,0.115606,0.055460,0.055462,31,0.499000,1.037000,0.133000,0.249001,1.075369,0.017689,1,1,1.500000,-0.011493,0.140833,-0.037828,-0.000760,0.018350,0.024625,0.195566,4.732119,0.004000,0.014000,0.013000,1.203963,3.471080,-107.014137,0.000000,0.000000,0.000000,0.000000,0.000000,0.000000,0.000000,0.000000,0.000000,0.000000,0,0.289509,0.024370,1,0,0,0.000000,0.000000,0.000000,0.000000,0.000000,0.000000,0.000000,0.000000,0,0.000000,0.000000,0.000000,0.000000,0,0,0,0,0,0.000000,0.000000,0.000000,0.000000,0.000000,0.000000,0.000000,0.000000,0.000000,0,0.000000,0.000000,0.000000
46058,28.359533,100417.703125,0.050000,3,1,1000,1000,1000,1000,1000.000000,1,0,0,1,-0.095340,0.105048,0.309539,0.011645,0.115426,0.115426,0.058108,0.058111,20,0.499000,1.037000,0.141000,0.249001,1.075369,0.019881,1,1,1.500000,-0.011498,0.140675,-0.037897,-0.000764,0.018349,0.035724,0.195566,4.744120,0.013000,-0.014000,0.015000,1.206175,3.467575,-107.017868,0.000000,0.000000,0.000000,0.000000,0.000000,0.000000,0.000000,0.000000,0.000000,0.000000,0,0.305330,0.027099,1,0,0,0.000000,0.000000,0.000000,0.000000,0.000000,0.000000,0.000000,0.000000,0,0.000000,0.000000,0.000000,0.000000,0,0,0,0,0,0.000000,0.000000,0.000000,0.000000,0.000000,0.000000,0.000000,0.000000,0.000000,0,0.000000,0.000000,0.000000
46151,28.363808,100418.703125,0.060000,0,1,1000,1000,1000,1000,1000.000000,1,0,0,1,-0.095337,0.105047,0.304079,0.009554,0.115862,0.115862,0.058304,0.058307,113,0.499000,1.037000,0.141000,0.249001,1.075369,0.019881,1,1,1.500000,-0.011498,0.140675,-0.037897,-0.000764,0.018349,0.035724,0.195566,4.744120,0.013000,-0.014000,0.015000,1.205297,3.465979,-107.020790,0.000000,0.000000,0.000000,0.000000,0.000000,0.000000,0.000000,0.000000,0.000000,0.000000,0,0.310027,0.027936,1,0,0,0.000000,0.000000,0.000000,0.000000,0.000000,0.000000,0.000000,0.000000,0,0.000000,0.000000,0.000000,0.000000,0,0,0,0,0,0.000000,0.000000,0.000000,0.000000,0.000000,0.000000,0.000000,0.000000,0.000000,0,0.000000,0.000000,0.000000
46247,28.366610,100419.601563,0.060000,1,1,1000,1000,1000,1000,1000.000000,1,0,0,1,-0.093593,0.106286,0.308798,0.010333,0.115357,0.115358,0.055882,0.055885,76,0.499000,1.037000,0.118000,0.249001,1.075369,0.013924,1,1,1.500000,-0.011506,0.140521,-0.037957,-0.000926,0.018215,0.035724,0.195566,4.763121,-0.001000,0.009000,0.008000,1.205007,3.466443,-107.023895,0.000000,0.000000,0.000000,0.000000,0.000000,0.000000,0.000000,0.000000,0.000000,0.000000,0,0.314829,0.028809,1,0,0,0.000000,0.000000,0.000000,0.000000,0.000000,0.000000,0.000000,0.000000,0,0.000000,0.000000,0.000000,0.000000,0,0,0,0,0,0.000000,0.000000,0.000000,0.000000,0.000000,0.000000,0.000000,0.000000,0.000000,0,0.000000,0.000000,0.000000
46344,28.365437,100418.804688,0.070000,0,1,1000,1000,1000,1000,1000.000000,1,0,0,1,-0.091699,0.107599,0.313291,0.010942,0.115008,0.115008,0.055690,0.055693,53,0.499000,1.037000,0.124000,0.249001,1.075369,0.015376,1,1,1.500000,-0.011514,0.140365,-0.038022,-0.000929,0.018210,0.046823,0.204404,4.779119,0.012000,0.008000,0.006000,1.205773,3.466161,-107.026993,0.000000,0.000000,0.000000,0.000000,0.000000,0.000000,0.000000,0.000000,0.000000,0.000000,0,0.329689,0.031593,1,0,0,0.000000,0.000000,0.000000,0.000000,0.000000,0.000000,0.000000,0.000000,0,0.000000,0.000000,0.000000,0.000000,0,0,0,0,0,0.000000,0.000000,0.000000,0.000000,0.000000,0.000000,0.000000,0.000000,0.000000,0,0.000000,0.000000,0.000000
46447,28.361879,100418.101563,0.090000,1,1,1000,1000,1000,1000,1000.000000,1,0,0,1,-0.089895,0.108911,0.317600,0.011498,0.114752,0.114752,0.057165,0.057167,38,0.498000,1.037000,0.132000,0.248004,1.075369,0.017424,1,1,1.500000,-0.011531,0.140213,-0.038066,-0.001362,0.017959,0.046823,0.204404,4.801119,-0.005000,0.010000,0.025000,1.204742,3.465052,-107.030235,0.000000,0.000000,0.000000,0.000000,0.000000,0.000000,0.000000,0.000000,0.000000,0.000000,0,0.327613,0.031200,1,0,0,0.000000,0.000000,0.000000,0.000000,0.000000,0.000000,0.000000,0.000000,0,0.000000,0.000000,0.000000,0.000000,0,0,0,0,0,0.000000,0.000000,0.000000,0.000000,0.000000,0.000000,0.000000,0.000000,0.000000,0,0.000000,0.000000,0.000000
46536,28.363596,100418.898438,0.080000,0,1,1000,1000,1000,1000,1000.000000,1,0,0,1,-0.089890,0.108917,0.305095,0.007325,0.115035,0.115035,0.055436,0.055438,127,0.498000,1.037000,0.132000,0.248004,1.075369,0.017424,1,1,1.500000,-0.011531,0.140213,-0.038066,-0.001362,0.017959,0.046823,0.204404,4.801119,-0.005000,0.010000,0.025000,1.204973,3.463089,-107.033073,0.000000,0.000000,0.000000,0.000000,0.000000,0.000000,0.000000,0.000000,0.000000,0.000000,0,0.331446,0.031931,1,0,0,0.000000,0.000000,0.000000,0.000000,0.000000,0.000000,0.000000,0.000000,0,0.000000,0.000000,0.000000,0.000000,0,0,0,0,0,0.000000,0.000000,0.000000,0.000000,0.000000,0.000000,0.000000,0.000000,0.000000,0,0.000000,0.000000,0.000000
46650,28.364771,100419.398438,0.080000,0,1,1000,1000,1000,1000,1000.000000,1,0,0,1,-0.088087,0.110156,0.309237,0.008219,0.114857,0.114857,0.057790,0.057793,111,0.498000,1.037000,0.142000,0.248004,1.075369,0.020164,1,1,1.500000,-0.011554,0.140042,-0.038126,-0.001407,0.017840,0.046823,0.204404,4.810122,0.002000,-0.005000,0.013000,1.205301,3.460665,-107.036697,0.000000,0.000000,0.000000,0.000000,0.000000,0.000000,0.000000,0.000000,0.000000,0.000000,0,0.335495,0.032716,1,0,0,0.000000,0.000000,0.000000,0.000000,0.000000,0.000000,0.000000,0.000000,0,0.000000,0.000000,0.000000,0.000000,0,0,0,0,0,0.000000,0.000000,0.000000,0.000000,0.000000,0.000000,0.000000,0.000000,0.000000,0,0.000000,0.000000,0.000000
46740,28.362703,100418.500000,0.080000,3,1,1000,1000,1000,1000,1000.000000,1,0,0,1,-0.086149,0.111542,0.306911,0.007155,0.114376,0.114376,0.055579,0.055582,75,0.498000,1.037000,0.135000,0.248004,1.075369,0.018225,1,1,1.500000,-0.011564,0.139887,-0.038191,-0.000939,0.018194,0.057921,0.213241,4.829119,0.009000,0.012000,0.016000,1.205641,3.460834,-107.039459,0.000000,0.000000,0.000000,0.000000,0.000000,0.000000,0.000000,0.000000,0.000000,0.000000,0,0.333168,0.032271,1,0,0,0.000000,0.000000,0.000000,0.000000,0.000000,0.000000,0.000000,0.000000,0,0.000000,0.000000,0.000000,0.000000,0,0,0,0,0,0.000000,0.000000,0.000000,0.000000,0.000000,0.000000,0.000000,0.000000,0.000000,0,0.000000,0.000000,0.000000
46846,28.364193,100418.398438,0.090000,0,1,1000,1000,1000,1000,1000.000000,1,0,0,1,-0.084188,0.112822,0.317233,0.010010,0.114195,0.114195,0.057684,0.057687,58,0.498000,1.037000,0.141000,0.248004,1.075369,0.019881,1,1,1.500000,-0.011573,0.139733,-0.038257,-0.000933,0.018202,0.057921,0.213241,4.850119,0.024000,-0.014000,0.026000,1.208235,3.459172,-107.042900,0.000000,0.000000,0.000000,0.000000,0.000000,0.000000,0.000000,0.000000,0.000000,0.000000,0,0.337230,0.033053,1,0,0,0.000000,0.000000,0.000000,0.000000,0.000000,0.000000,0.000000,0.000000,0,0.000000,0.000000,0.000000,0.000000,0,0,0,0,0,0.000000,0.000000,0.000000,0.000000,0.000000,0.000000,0.000000,0.000000,0.000000,0,0.000000,0.000000,0.000000
46968,28.368853,100419.703125,0.080000,31,1,1000,1000,1000,1000,1000.000000,1,0,0,1,-0.082305,0.114199,0.314670,0.009060,0.114030,0.114030,0.059865,0.059869,58,0.497000,1.036000,0.133000,0.247009,1.073296,0.017689,1,1,1.500000,-0.011582,0.139581,-0.038320,-0.000948,0.018206,0.057921,0.213241,4.853121,0.008000,0.020000,0.017000,1.206002,3.461694,-107.046776,0.000000,0.000000,0.000000,0.000000,0.000000,0.000000,0.000000,0.000000,0.000000,0.000000,0,0.340785,0.033765,1,0,0,0.000000,0.000000,0.000000,0.000000,0.000000,0.000000,0.000000,0.000000,0,0.000000,0.000000,0.000000,0.000000,0,0,0,0,0,0.000000,0.000000,0.000000,0.000000,0.000000,0.000000,0.000000,0.000000,0.000000,0,0.000000,0.000000,0.000000
47055,28.366663,100418.898438,0.080000,0,1,1000,1000,1000,1000,1000.000000,1,0,0,1,-0.080404,0.115432,0.318553,0.009936,0.113593,0.113593,0.058105,0.058108,17,0.497000,1.036000,0.127000,0.247009,1.073296,0.016129,1,1,1.500000,-0.011593,0.139431,-0.038384,-0.000949,0.018203,0.069020,0.213241,4.874121,-0.011000,-0.010000,0.021000,1.202288,3.457680,-107.049728,0.000000,0.000000,0.000000,0.000000,0.000000,0.000000,0.000000,0.000000,0.000000,0.000000,0,0.345108,0.034618,1,0,0,0.000000,0.000000,0.000000,0.000000,0.000000,0.000000,0.000000,0.000000,0,0.000000,0.000000,0.000000,0.000000,0,0,0,0,0,0.000000,0.000000,0.000000,0.000000,0.000000,0.000000,0.000000,0.000000,0.000000,0,0.000000,0.000000,0.000000
47152,28.365978,100419.000000,0.080000,1,1,1000,1000,1000,1000,1000.000000,1,0,0,1,-0.080402,0.115433,0.312475,0.007544,0.114036,0.114036,0.058303,0.058306,114,0.497000,1.036000,0.127000,0.247009,1.073296,0.016129,1,1,1.500000,-0.011593,0.139431,-0.038384,-0.000949,0.018203,0.069020,0.213241,4.874121,-0.011000,-0.010000,0.021000,1.201096,3.457462,-107.052658,0.000000,0.000000,0.000000,0.000000,0.000000,0.000000,0.000000,0.000000,0.000000,0.000000,0,0.338968,0.033394,1,0,0,0.000000,0.000000,0.000000,0.000000,0.000000,0.000000,0.000000,0.000000,0,0.000000,0.000000,0.000000,0.000000,0,0,0,0,0,0.000000,0.000000,0.000000,0.000000,0.000000,0.000000,0.000000,0.000000,0.000000,0,0.000000,0.000000,0.000000
47247,28.365961,100418.804688,0.090000,1,1,1000,1000,1000,1000,1000.000000,1,0,0,1,-0.078414,0.116883,0.316429,0.008167,0.113571,0.113571,0.055882,0.055885,76,0.497000,1.036000,0.133000,0.247009,1.073296,0.017689,1,1,1.500000,-0.011604,0.139285,-0.038451,-0.000951,0.018199,0.069020,0.222079,4.889120,0.021000,0.019000,0.025000,1.200257,3.460868,-107.055725,0.000000,0.000000,0.000000,0.000000,0.000000,0.000000,0.000000,0.000000,0.000000,0.000000,0,0.353185,0.036256,1,0,0,0.000000,0.000000,0.000000,0.000000,0.000000,0.000000,0.000000,0.000000,0,0.000000,0.000000,0.000000,0.000000,0,0,0,0,0,0.000000,0.000000,0.000000,0.000000,0.000000,0.000000,0.000000,0.000000,0.000000,0,0.000000,0.000000,0.000000
47344,28.365400,100419.703125,0.080000,0,1,1000,1000,1000,1000,1000.000000,1,0,0,1,-0.076542,0.118218,0.320064,0.008691,0.113263,0.113263,0.055692,0.055694,53,0.497000,1.036000,0.118000,0.247009,1.073296,0.013924,1,1,1.500000,-0.011617,0.139142,-0.038513,-0.000937,0.018187,0.069020,0.222079,4.901121,-0.007000,-0.006000,0.011000,1.197980,3.460428,-107.058937,0.000000,0.000000,0.000000,0.000000,0.000000,0.000000,0.000000,0.000000,0.000000,0.000000,0,0.356955,0.037035,1,0,0,0.000000,0.000000,0.000000,0.000000,0.000000,0.000000,0.000000,0.000000,0,0.000000,0.000000,0.000000,0.000000,0,0,0,0,0,0.000000,0.000000,0.000000,0.000000,0.000000,0.000000,0.000000,0.000000,0.000000,0,0.000000,0.000000,0.000000
47447,28.364647,100418.500000,0.080000,0,1,1000,1000,1000,1000,1000.000000,1,0,0,1,-0.074454,0.119504,0.324241,0.009493,0.113064,0.113064,0.057316,0.057319,36,0.496000,1.036000,0.138000,0.246016,1.073296,0.019044,1,1,1.500000,-0.011633,0.139000,-0.038580,-0.000935,0.018182,0.080115,0.222085,4.927099,0.025000,-0.011000,0.021000,1.200740,3.461399,-107.062073,0.000000,0.000000,0.000000,0.000000,0.000000,0.000000,0.000000,0.000000,0.000000,0.000000,0,0.333967,0.032422,1,0,0,0.000000,0.000000,0.000000,0.000000,0.000000,0.000000,0.000000,0.000000,0,0.000000,0.000000,0.000000,0.000000,0,0,0,0,0,0.000000,0.000000,0.000000,0.000000,0.000000,0.000000,0.000000,0.000000,0.000000,0,0.000000,0.000000,0.000000
47537,28.368940,100420.500000,0.080000,0,1,1000,1000,1000,1000,1000.000000,1,0,0,1,-0.074447,0.119505,0.311388,0.005011,0.113351,0.113351,0.055534,0.055537,126,0.496000,1.036000,0.138000,0.246016,1.073296,0.019044,1,1,1.500000,-0.011633,0.139000,-0.038580,-0.000935,0.018182,0.080115,0.222085,4.927099,0.025000,-0.011000,0.021000,1.200407,3.462677,-107.064873,0.000000,0.000000,0.000000,0.000000,0.000000,0.000000,0.000000,0.000000,0.000000,0.000000,0,0.348042,0.035208,1,0,0,0.000000,0.000000,0.000000,0.000000,0.000000,0.000000,0.000000,0.000000,0,0.000000,0.000000,0.000000,0.000000,0,0,0,0,0,0.000000,0.000000,0.000000,0.000000,0.000000,0.000000,0.000000,0.000000,0.000000,0,0.000000,0.000000,0.000000
47651,28.372408,100421.101563,0.060000,0,1,1000,1000,1000,1000,1000.000000,1,0,0,1,-0.072508,0.120992,0.315628,0.005521,0.113200,0.113200,0.057705,0.057708,111,0.496000,1.036000,0.127000,0.246016,1.073296,0.016129,1,1,1.500000,-0.011648,0.138859,-0.038649,-0.000936,0.018175,0.080119,0.230917,4.937120,-0.009000,0.018000,0.016000,1.198470,3.465587,-107.068581,0.000000,0.000000,0.000000,0.000000,0.000000,0.000000,0.000000,0.000000,0.000000,0.000000,0,0.342039,0.034005,1,0,0,0.000000,0.000000,0.000000,0.000000,0.000000,0.000000,0.000000,0.000000,0,0.000000,0.000000,0.000000,0.000000,0,0,0,0,0,0.000000,0.000000,0.000000,0.000000,0.000000,0.000000,0.000000,0.000000,0.000000,0,0.000000,0.000000,0.000000
47737,28.363808,100418.000000,0.080000,0,1,1000,1000,1000,1000,1000.000000,1,0,0,1,-0.070370,0.122445,0.320289,0.006135,0.112755,0.112755,0.055527,0.055530,72,0.496000,1.036000,0.133000,0.246016,1.073296,0.017689,1,1,1.500000,-0.011667,0.138721,-0.038712,-0.000937,0.018168,0.091214,0.230923,4.955102,0.020000,0.018000,0.023000,1.199364,3.468028,-107.071266,0.000000,0.000000,0.000000,0.000000,0.000000,0.000000,0.000000,0.000000,0.000000,0.000000,0,0.336747,0.032962,1,0,0,0.000000,0.000000,0.000000,0.000000,0.000000,0.000000,0.000000,0.000000,0,0.000000,0.000000,0.000000,0.000000,0,0,0,0,0,0.000000,0.000000,0.000000,0.000000,0.000000,0.000000,0.000000,0.000000,0.000000,0,0.000000,0.000000,0.000000
47846,28.368275,100419.601563,0.080000,0,1,1000,1000,1000,1000,1000.000000,1,0,0,1,-0.068309,0.123790,0.324295,0.006621,0.112613,0.112613,0.057659,0.057662,58,0.496000,1.036000,0.145000,0.246016,1.073296,0.021025,1,1,1.500000,-0.011695,0.138597,-0.038773,-0.000999,0.018209,0.091214,0.230923,4.970102,0.001000,-0.007000,0.019000,1.198863,3.465737,-107.074829,0.000000,0.000000,0.000000,0.000000,0.000000,0.000000,0.000000,0.000000,0.000000,0.000000,0,0.344090,0.034412,1,0,0,0.000000,0.000000,0.000000,0.000000,0.000000,0.000000,0.000000,0.000000,0,0.000000,0.000000,0.000000,0.000000,0,0,0,0,0,0.000000,0.000000,0.000000,0.000000,0.000000,0.000000,0.000000,0.000000,0.000000,0,0.000000,0.000000,0.000000
47940,28.369728,100420.203125,0.060000,3,1,1000,1000,1000,1000,1000.000000,1,0,0,1,-0.066276,0.125156,0.322232,0.005783,0.112177,0.112177,0.055445,0.055447,29,0.495000,1.036000,0.132000,0.245025,1.073296,0.017424,1,1,1.500000,-0.011707,0.138461,-0.038837,-0.000938,0.018151,0.091218,0.230917,4.976122,0.006000,0.007000,0.009000,1.199306,3.465849,-107.077721,0.000000,0.000000,0.000000,0.000000,0.000000,0.000000,0.000000,0.000000,0.000000,0.000000,0,0.328385,0.031353,1,0,0,0.000000,0.000000,0.000000,0.000000,0.000000,0.000000,0.000000,0.000000,0,0.000000,0.000000,0.000000,0.000000,0,0,0,0,0,0.000000,0.000000,0.000000,0.000000,0.000000,0.000000,0.000000,0.000000,0.000000,0,0.000000,0.000000,0.000000
48055,28.364717,100418.601563,0.070000,0,1,1000,1000,1000,1000,1000.000000,1,0,0,1,-0.064159,0.126621,0.326837,0.006612,0.112082,0.112082,0.058105,0.058108,17,0.495000,1.036000,0.137000,0.245025,1.073296,0.018769,1,1,1.500000,-0.011702,0.138324,-0.038880,-0.000847,0.018131,0.102317,0.239754,5.001120,0.002000,0.007000,0.014000,1.199560,3.464889,-107.081421,0.000000,0.000000,0.000000,0.000000,0.000000,0.000000,0.000000,0.000000,0.000000,0.000000,0,0.343355,0.034268,1,0,0,0.000000,0.000000,0.000000,0.000000,0.000000,0.000000,0.000000,0.000000,0,0.000000,0.000000,0.000000,0.000000,0,0,0,0,0,0.000000,0.000000,0.000000,0.000000,0.000000,0.000000,0.000000,0.000000,0.000000,0,0.000000,0.000000,0.000000
48152,28.361723,100417.500000,0.070000,1,1,1000,1000,1000,1000,1000.000000,1,0,0,1,-0.064150,0.126621,0.320862,0.004466,0.112531,0.112531,0.058306,0.058309,114,0.495000,1.036000,0.137000,0.245025,1.073296,0.018769,1,1,1.500000,-0.011702,0.138324,-0.038880,-0.000847,0.018131,0.102317,0.239754,5.001120,0.002000,0.007000,0.014000,1.200350,3.462942,-107.084297,0.000000,0.000000,0.000000,0.000000,0.000000,0.000000,0.000000,0.000000,0.000000,0.000000,0,0.327114,0.031100,1,0,0,0.000000,0.000000,0.000000,0.000000,0.000000,0.000000,0.000000,0.000000,0,0.000000,0.000000,0.000000,0.000000,0,0,0,0,0,0.000000,0.000000,0.000000,0.000000,0.000000,0.000000,0.000000,0.000000,0.000000,0,0.000000,0.000000,0.000000
48246,28.369623,100419.203125,0.090000,0,1,1000,1000,1000,1000,1000.000000,1,0,0,1,-0.062034,0.128044,0.324864,0.005287,0.112098,0.112099,0.055886,0.055888,75,0.495000,1.036000,0.137000,0.245025,1.073296,0.018769,1,1,1.500000,-0.011697,0.138200,-0.038904,-0.000865,0.018221,0.102317,0.239754,5.014120,0.009000,0.001000,0.010000,1.201503,3.462086,-107.087372,0.000000,0.000000,0.000000,0.000000,0.000000,0.000000,0.000000,0.000000,0.000000,0.000000,0,0.361767,0.038039,1,0,0,0.000000,0.000000,0.000000,0.000000,0.000000,0.000000,0.000000,0.000000,0,0.000000,0.000000,0.000000,0.000000,0,0,0,0,0,0.000000,0.000000,0.000000,0.000000,0.000000,0.000000,0.000000,0.000000,0.000000,0,0.000000,0.000000,0.000000
48344,28.370289,100419.804688,0.080000,0,1,1000,1000,1000,1000,1000.000000,1,0,0,1,-0.059979,0.129461,0.328538,0.005715,0.111824,0.111824,0.055696,0.055699,53,0.495000,1.036000,0.122000,0.245025,1.073296,0.014884,1,1,1.500000,-0.011705,0.138051,-0.038966,-0.000899,0.017993,0.102317,0.239754,5.025122,0.000000,0.004000,0.016000,1.201364,3.461698,-107.090492,0.000000,0.000000,0.000000,0.000000,0.000000,0.000000,0.000000,0.000000,0.000000,0.000000,0,0.365551,0.038841,1,0,0,0.000000,0.000000,0.000000,0.000000,0.000000,0.000000,0.000000,0.000000,0,0.000000,0.000000,0.000000,0.000000,0,0,0,0,0,0.000000,0.000000,0.000000,0.000000,0.000000,0.000000,0.000000,0.000000,0.000000,0,0.000000,0.000000,0.000000
48447,28.364140,100418.101563,0.100000,0,1,1000,1000,1000,1000,1000.000000,1,0,0,1,-0.057818,0.130851,0.332584,0.006737,0.111595,0.111595,0.056651,0.056654,35,0.495000,1.035000,0.136000,0.245025,1.071225,0.018496,1,1,1.500000,-0.011696,0.137912,-0.038986,-0.000830,0.018062,0.113416,0.239754,5.042120,0.000000,0.003000,0.011000,1.201204,3.460910,-107.093811,0.000000,0.000000,0.000000,0.000000,0.000000,0.000000,0.000000,0.000000,0.000000,0.000000,0,0.352151,0.036049,1,0,0,0.000000,0.000000,0.000000,0.000000,0.000000,0.000000,0.000000,0.000000,0,0.000000,0.000000,0.000000,0.000000,0,0,0,0,0,0.000000,0.000000,0.000000,0.000000,0.000000,0.000000,0.000000,0.000000,0.000000,0,0.000000,0.000000,0.000000
48551,28.362265,100417.500000,0.110000,11,1,1000,1000,1000,1000,1000.000000,1,0,0,1,-0.055669,0.132334,0.328710,0.005463,0.111340,0.111341,0.057034,0.057037,12,0.494000,1.035000,0.135000,0.244036,1.071225,0.018225,1,1,1.500000,-0.011678,0.137785,-0.038972,-0.000826,0.018035,0.113416,0.248592,5.059122,0.006000,0.004000,0.011000,1.201389,3.461797,-107.096741,0.000000,0.000000,0.000000,0.000000,0.000000,0.000000,0.000000,0.000000,0.000000,0.000000,0,0.368839,0.039544,1,0,0,0.000000,0.000000,0.000000,0.000000,0.000000,0.000000,0.000000,0.000000,0,0.000000,0.000000,0.000000,0.000000,0,0,0,0,0,0.000000,0.000000,0.000000,0.000000,0.000000,0.000000,0.000000,0.000000,0.000000,0,0.000000,0.000000,0.000000
48654,28.371462,100419.203125,0.120000,1,1,1000,1000,1000,1000,1000.000000,1,0,0,1,-0.055658,0.132338,0.321443,0.002768,0.111782,0.111782,0.057543,0.057546,115,0.494000,1.035000,0.135000,0.244036,1.071225,0.018225,1,1,1.500000,-0.011678,0.137785,-0.038972,-0.000826,0.018035,0.113416,0.248592,5.059122,0.006000,0.004000,0.011000,1.201344,3.461478,-107.100281,0.000000,0.000000,0.000000,0.000000,0.000000,0.000000,0.000000,0.000000,0.000000,0.000000,0,0.398951,0.046266,1,0,0,0.000000,0.000000,0.000000,0.000000,0.000000,0.000000,0.000000,0.000000,0,0.000000,0.000000,0.000000,0.000000,0,0,0,0,0,0.000000,0.000000,0.000000,0.000000,0.000000,0.000000,0.000000,0.000000,0.000000,0,0.000000,0.000000,0.000000
48734,28.369343,100420.101563,0.110000,38,1,1000,1000,1000,1000,1000.000000,1,0,0,1,-0.053397,0.133801,0.324267,0.003215,0.111412,0.111412,0.055877,0.055880,72,0.494000,1.035000,0.138000,0.244036,1.071225,0.019044,1,1,1.500000,-0.011671,0.137633,-0.038976,-0.000912,0.017831,0.124515,0.248592,5.069120,0.009000,0.005000,0.015000,1.201717,3.462823,-107.102821,0.000000,0.000000,0.000000,0.000000,0.000000,0.000000,0.000000,0.000000,0.000000,0.000000,0,0.381549,0.042317,1,0,0,0.000000,0.000000,0.000000,0.000000,0.000000,0.000000,0.000000,0.000000,0,0.000000,0.000000,0.000000,0.000000,0,0,0,0,0,0.000000,0.000000,0.000000,0.000000,0.000000,0.000000,0.000000,0.000000,0.000000,0,0.000000,0.000000,0.000000
48841,28.366329,100418.601563,0.080000,0,1,1000,1000,1000,1000,1000.000000,1,0,0,1,-0.051147,0.135183,0.321973,0.002167,0.111350,0.111350,0.058336,0.058339,55,0.494000,1.035000,0.143000,0.244036,1.071225,0.020449,1,1,1.500000,-0.011661,0.137480,-0.038971,-0.000910,0.017778,0.124511,0.248598,5.087102,0.012000,-0.011000,0.020000,1.202735,3.461862,-107.106407,0.000000,0.000000,0.000000,0.000000,0.000000,0.000000,0.000000,0.000000,0.000000,0.000000,0,0.348517,0.035312,1,0,0,0.000000,0.000000,0.000000,0.000000,0.000000,0.000000,0.000000,0.000000,0,0.000000,0.000000,0.000000,0.000000,0,0,0,0,0,0.000000,0.000000,0.000000,0.000000,0.000000,0.000000,0.000000,0.000000,0.000000,0,0.000000,0.000000,0.000000
48942,28.366119,100417.804688,0.090000,3,1,1000,1000,1000,1000,1000.000000,1,0,0,1,-0.048821,0.136574,0.325989,0.003119,0.110982,0.110982,0.057115,0.057118,29,0.494000,1.034000,0.141000,0.244036,1.069156,0.019881,1,1,1.500000,-0.011646,0.137329,-0.038920,-0.000958,0.017811,0.135610,0.248598,5.100099,0.008000,-0.002000,0.014000,1.202513,3.462264,-107.109344,0.000000,0.000000,0.000000,0.000000,0.000000,0.000000,0.000000,0.000000,0.000000,0.000000,0,0.362832,0.038271,1,0,0,0.000000,0.000000,0.000000,0.000000,0.000000,0.000000,0.000000,0.000000,0,0.000000,0.000000,0.000000,0.000000,0,0,0,0,0,0.000000,0.000000,0.000000,0.000000,0.000000,0.000000,0.000000,0.000000,0.000000,0,0.000000,0.000000,0.000000
49058,28.373003,100419.898438,0.080000,0,1,1000,1000,1000,1000,1000.000000,1,0,0,1,-0.046567,0.137919,0.330111,0.004181,0.110886,0.110886,0.059432,0.059435,17,0.493000,1.034000,0.129000,0.243049,1.069156,0.016641,1,1,1.500000,-0.011628,0.137176,-0.038852,-0.000956,0.017734,0.135610,0.248598,5.120100,-0.007000,-0.008000,0.018000,1.200294,3.460840,-107.113220,0.000000,0.000000,0.000000,0.000000,0.000000,0.000000,0.000000,0.000000,0.000000,0.000000,0,0.356911,0.037025,1,0,0,0.000000,0.000000,0.000000,0.000000,0.000000,0.000000,0.000000,0.000000,0,0.000000,0.000000,0.000000,0.000000,0,0,0,0,0,0.000000,0.000000,0.000000,0.000000,0.000000,0.000000,0.000000,0.000000,0.000000,0,0.000000,0.000000,0.000000
49186,28.373371,100420.000000,0.060000,39,1,1000,1000,1000,1000,1000.000000,1,0,0,1,-0.044273,0.139441,0.335101,0.005979,0.110851,0.110851,0.062393,0.062397,17,0.493000,1.034000,0.133000,0.243049,1.069156,0.017689,1,1,1.500000,-0.011609,0.137021,-0.038766,-0.000934,0.017622,0.135610,0.257436,5.137102,0.014000,0.015000,0.019000,1.200714,3.464861,-107.117210,0.000000,0.000000,0.000000,0.000000,0.000000,0.000000,0.000000,0.000000,0.000000,0.000000,0,0.323770,0.030472,1,0,0,0.000000,0.000000,0.000000,0.000000,0.000000,0.000000,0.000000,0.000000,0,0.000000,0.000000,0.000000,0.000000,0,0,0,0,0,0.000000,0.000000,0.000000,0.000000,0.000000,0.000000,0.000000,0.000000,0.000000,0,0.000000,0.000000,0.000000
49247,28.371252,100419.804688,0.040000,1,1,1000,1000,1000,1000,1000.000000,1,0,0,1,-0.044291,0.139444,0.329174,0.004135,0.110968,0.110968,0.058107,0.058110,78,0.493000,1.034000,0.133000,0.243049,1.069156,0.017689,1,1,1.500000,-0.011609,0.137021,-0.038766,-0.000934,0.017622,0.135610,0.257436,5.137102,0.014000,0.015000,0.019000,1.198769,3.464387,-107.119171,0.000000,0.000000,0.000000,0.000000,0.000000,0.000000,0.000000,0.000000,0.000000,0.000000,0,0.315137,0.028868,1,0,0,0.000000,0.000000,0.000000,0.000000,0.000000,0.000000,0.000000,0.000000,0,0.000000,0.000000,0.000000,0.000000,0,0,0,0,0,0.000000,0.000000,0.000000,0.000000,0.000000,0.000000,0.000000,0.000000,0.000000,0,0.000000,0.000000,0.000000
49340,28.372864,100419.203125,0.030000,0,1,1000,1000,1000,1000,1000.000000,1,0,0,1,-0.041937,0.140844,0.335198,0.005446,0.110597,0.110597,0.056046,0.056048,55,0.493000,1.033000,0.142000,0.243049,1.067089,0.020164,1,1,1.500000,-0.011586,0.136861,-0.038649,-0.000929,0.017499,0.146709,0.257436,5.155099,0.008000,-0.009000,0.022000,1.197688,3.462726,-107.122223,0.000000,0.000000,0.000000,0.000000,0.000000,0.000000,0.000000,0.000000,0.000000,0.000000,0,0.311144,0.028142,1,0,0,0.000000,0.000000,0.000000,0.000000,0.000000,0.000000,0.000000,0.000000,0,0.000000,0.000000,0.000000,0.000000,0,0,0,0,0,0.000000,0.000000,0.000000,0.000000,0.000000,0.000000,0.000000,0.000000,0.000000,0,0.000000,0.000000,0.000000
49449,28.369833,100418.898438,0.040000,3,1,1000,1000,1000,1000,1000.000000,1,0,0,1,-0.039625,0.142328,0.335361,0.005596,0.110399,0.110399,0.056207,0.056210,36,0.493000,1.033000,0.131000,0.243049,1.067089,0.017161,1,1,1.500000,-0.011560,0.136697,-0.038507,-0.000937,0.017374,0.146709,0.257436,5.163099,0.000000,0.014000,0.009000,1.194443,3.465203,-107.125648,0.000000,0.000000,0.000000,0.000000,0.000000,0.000000,0.000000,0.000000,0.000000,0.000000,0,0.321407,0.030032,1,0,0,0.000000,0.000000,0.000000,0.000000,0.000000,0.000000,0.000000,0.000000,0,0.000000,0.000000,0.000000,0.000000,0,0,0,0,0,0.000000,0.000000,0.000000,0.000000,0.000000,0.000000,0.000000,0.000000,0.000000,0,0.000000,0.000000,0.000000
49549,28.370850,100418.101563,0.050000,1,1,1000,1000,1000,1000,1000.000000,1,0,0,1,-0.037327,0.143722,0.347296,0.008684,0.110202,0.110202,0.057017,0.057020,10,0.492000,1.032000,0.140000,0.242064,1.065024,0.019600,1,1,1.500000,-0.011531,0.136530,-0.038343,-0.000934,0.017267,0.146709,0.257436,5.190099,0.010000,-0.002000,0.021000,1.193509,3.465676,-107.128716,0.000000,0.000000,0.000000,0.000000,0.000000,0.000000,0.000000,0.000000,0.000000,0.000000,0,0.315607,0.028955,1,0,0,0.000000,0.000000,0.000000,0.000000,0.000000,0.000000,0.000000,0.000000,0,0.000000,0.000000,0.000000,0.000000,0,0,0,0,0,0.000000,0.000000,0.000000,0.000000,0.000000,0.000000,0.000000,0.000000,0.000000,0,0.000000,0.000000,0.000000
49654,28.374125,100419.804688,0.050000,0,1,1000,1000,1000,1000,1000.000000,1,0,0,1,-0.037307,0.143719,0.335066,0.004586,0.110665,0.110665,0.057639,0.057642,115,0.492000,1.032000,0.140000,0.242064,1.065024,0.019600,1,1,1.500000,-0.011531,0.136530,-0.038343,-0.000934,0.017267,0.146709,0.257436,5.190099,0.010000,-0.002000,0.021000,1.191401,3.465841,-107.132355,0.000000,0.000000,0.000000,0.000000,0.000000,0.000000,0.000000,0.000000,0.000000,0.000000,0,0.331294,0.031905,1,0,0,0.000000,0.000000,0.000000,0.000000,0.000000,0.000000,0.000000,0.000000,0,0.000000,0.000000,0.000000,0.000000,0,0,0,0,0,0.000000,0.000000,0.000000,0.000000,0.000000,0.000000,0.000000,0.000000,0.000000,0,0.000000,0.000000,0.000000
49736,28.375597,100419.101563,0.050000,39,1,1000,1000,1000,1000,1000.000000,1,0,0,1,-0.034903,0.145111,0.340330,0.005953,0.110318,0.110318,0.055917,0.055920,73,0.492000,1.032000,0.138000,0.242064,1.065024,0.019044,1,1,1.500000,-0.011499,0.136362,-0.038172,-0.000919,0.017215,0.157807,0.257436,5.205102,0.010000,0.001000,0.020000,1.191104,3.467404,-107.134972,0.000000,0.000000,0.000000,0.000000,0.000000,0.000000,0.000000,0.000000,0.000000,0.000000,0,0.336801,0.032973,1,0,0,0.000000,0.000000,0.000000,0.000000,0.000000,0.000000,0.000000,0.000000,0,0.000000,0.000000,0.000000,0.000000,0,0,0,0,0,0.000000,0.000000,0.000000,0.000000,0.000000,0.000000,0.000000,0.000000,0.000000,0,0.000000,0.000000,0.000000
49849,28.372793,100418.804688,0.070000,3,1,1000,1000,1000,1000,1000.000000,1,0,0,1,-0.032561,0.146410,0.338481,0.005323,0.110129,0.110129,0.056166,0.056169,62,0.492000,1.031000,0.131000,0.242064,1.062961,0.017161,1,1,1.500000,-0.011459,0.136212,-0.037983,-0.000872,0.017320,0.157807,0.257436,5.213102,-0.002000,-0.016000,0.008000,1.190624,3.466922,-107.138489,0.000000,0.000000,0.000000,0.000000,0.000000,0.000000,0.000000,0.000000,0.000000,0.000000,0,0.355171,0.036673,1,0,0,0.000000,0.000000,0.000000,0.000000,0.000000,0.000000,0.000000,0.000000,0,0.000000,0.000000,0.000000,0.000000,0,0,0,0,0,0.000000,0.000000,0.000000,0.000000,0.000000,0.000000,0.000000,0.000000,0.000000,0,0.000000,0.000000,0.000000
49944,28.376280,100419.500000,0.070000,3,1,1000,1000,1000,1000,1000.000000,1,0,0,1,-0.030269,0.147740,0.342889,0.006240,0.109940,0.109940,0.057040,0.057043,32,0.492000,1.030000,0.120000,0.242064,1.060900,0.014400,1,1,1.500000,-0.011433,0.136056,-0.037793,-0.001287,0.017025,0.157807,0.257436,5.237100,-0.004000,-0.001000,0.020000,1.190333,3.468488,-107.141571,0.000000,0.000000,0.000000,0.000000,0.000000,0.000000,0.000000,0.000000,0.000000,0.000000,0,0.359680,0.037608,1,0,0,0.000000,0.000000,0.000000,0.000000,0.000000,0.000000,0.000000,0.000000,0,0.000000,0.000000,0.000000,0.000000,0,0,0,0,0,0.000000,0.000000,0.000000,0.000000,0.000000,0.000000,0.000000,0.000000,0.000000,0,0.000000,0.000000,0.000000
50055,28.373583,100420.203125,0.060000,0,1,1000,1000,1000,1000,1000.000000,1,0,0,1,-0.027791,0.149090,0.347664,0.007085,0.109868,0.109868,0.059378,0.059381,14,0.491000,1.030000,0.128000,0.241081,1.060900,0.016384,1,1,1.500000,-0.011403,0.135891,-0.037632,-0.000919,0.017208,0.168906,0.257436,5.251100,0.019000,0.009000,0.016000,1.193590,3.472302,-107.145020,0.000000,0.000000,0.000000,0.000000,0.000000,0.000000,0.000000,0.000000,0.000000,0.000000,0,0.354424,0.036510,1,0,0,0.000000,0.000000,0.000000,0.000000,0.000000,0.000000,0.000000,0.000000,0,0.000000,0.000000,0.000000,0.000000,0,0,0,0,0,0.000000,0.000000,0.000000,0.000000,0.000000,0.000000,0.000000,0.000000,0.000000,0,0.000000,0.000000,0.000000
50128,28.371864,100417.804688,0.070000,27,1,1000,1000,1000,1000,1000.000000,1,0,0,1,-0.027796,0.149088,0.341261,0.004898,0.110431,0.110431,0.066613,0.066618,87,0.491000,1.030000,0.128000,0.241081,1.060900,0.016384,1,1,1.500000,-0.011403,0.135891,-0.037632,-0.000919,0.017208,0.168906,0.257436,5.251100,0.019000,0.009000,0.016000,1.193553,3.472345,-107.147293,0.000000,0.000000,0.000000,0.000000,0.000000,0.000000,0.000000,0.000000,0.000000,0.000000,0,0.357988,0.037245,1,0,0,0.000000,0.000000,0.000000,0.000000,0.000000,0.000000,0.000000,0.000000,0,0.000000,0.000000,0.000000,0.000000,0,0,0,0,0,0.000000,0.000000,0.000000,0.000000,0.000000,0.000000,0.000000,0.000000,0.000000,0,0.000000,0.000000,0.000000
50228,28.374983,100418.898438,0.080000,38,1,1000,1000,1000,1000,1000.000000,1,0,0,1,-0.025382,0.150531,0.345324,0.005441,0.110244,0.110244,0.067192,0.067197,60,0.491000,1.030000,0.134000,0.241081,1.060900,0.017956,1,1,1.500000,-0.011401,0.135797,-0.037679,-0.000882,0.018208,0.168906,0.266273,5.259099,0.007000,0.005000,0.014000,1.194620,3.473882,-107.150429,0.000000,0.000000,0.000000,0.000000,0.000000,0.000000,0.000000,0.000000,0.000000,0.000000,0,0.372173,0.040264,1,0,0,0.000000,0.000000,0.000000,0.000000,0.000000,0.000000,0.000000,0.000000,0,0.000000,0.000000,0.000000,0.000000,0,0,0,0,0,0.000000,0.000000,0.000000,0.000000,0.000000,0.000000,0.000000,0.000000,0.000000,0,0.000000,0.000000,0.000000
50382,28.373861,100420.203125,0.050000,0,1,1000,1000,1000,1000,1000.000000,1,0,0,1,-0.023056,0.151919,0.343552,0.004591,0.109951,0.109951,0.060704,0.060708,98,0.491000,1.030000,0.134000,0.241081,1.060900,0.017956,1,1,1.500000,-0.011396,0.135700,-0.037728,-0.000899,0.018251,0.168906,0.266273,5.266099,0.003000,0.003000,0.013000,1.193856,3.473673,-107.155350,0.000000,0.000000,0.000000,0.000000,0.000000,0.000000,0.000000,0.000000,0.000000,0.000000,0,0.349911,0.035598,1,0,0,0.000000,0.000000,0.000000,0.000000,0.000000,0.000000,0.000000,0.000000,0,0.000000,0.000000,0.000000,0.000000,0,0,0,0,0,0.000000,0.000000,0.000000,0.000000,0.000000,0.000000,0.000000,0.000000,0.000000,0,0.000000,0.000000,0.000000
50451,28.380028,100420.601563,0.040000,10,1,1000,1000,1000,1000,1000.000000,1,0,0,1,-0.020753,0.153267,0.348711,0.005633,0.109576,0.109576,0.058244,0.058247,39,0.491000,1.030000,0.134000,0.241081,1.060900,0.017956,1,1,1.500000,-0.011401,0.135590,-0.037811,-0.000950,0.018137,0.168906,0.266273,5.272100,0.001000,-0.007000,0.006000,1.194146,3.473238,-107.157455,0.000000,0.000000,0.000000,0.000000,0.000000,0.000000,0.000000,0.000000,0.000000,0.000000,0,0.334971,0.032621,1,0,0,0.000000,0.000000,0.000000,0.000000,0.000000,0.000000,0.000000,0.000000,0,0.000000,0.000000,0.000000,0.000000,0,0,0,0,0,0.000000,0.000000,0.000000,0.000000,0.000000,0.000000,0.000000,0.000000,0.000000,0,0.000000,0.000000,0.000000
50543,28.374546,100419.500000,0.050000,9,1,1000,1000,1000,1000,1000.000000,1,0,0,1,-0.020739,0.153269,0.336232,0.001604,0.109885,0.109885,0.056267,0.056270,0,0.491000,1.030000,0.141000,0.241081,1.060900,0.019881,1,1,1.500000,-0.011409,0.135482,-0.037893,-0.000967,0.018141,0.168906,0.266273,5.272100,0.012000,-0.016000,0.014000,1.194812,3.473956,-107.160133,0.000000,0.000000,0.000000,0.000000,0.000000,0.000000,0.000000,0.000000,0.000000,0.000000,0,0.332517,0.032142,1,0,0,0.000000,0.000000,0.000000,0.000000,0.000000,0.000000,0.000000,0.000000,0,0.000000,0.000000,0.000000,0.000000,0,0,0,0,0,0.000000,0.000000,0.000000,0.000000,0.000000,0.000000,0.000000,0.000000,0.000000,0,0.000000,0.000000,0.000000
50652,28.376209,100421.101563,0.020000,0,1,1000,1000,1000,1000,1000.000000,1,0,0,1,-0.018305,0.154566,0.347974,0.004318,0.109697,0.109697,0.056293,0.056296,109,0.491000,1.030000,0.141000,0.241081,1.060900,0.019881,1,1,1.500000,-0.011409,0.135482,-0.037893,-0.000967,0.018141,0.180005,0.266273,5.283102,0.012000,-0.016000,0.014000,1.195762,3.473875,-107.163811,0.000000,0.000000,0.000000,0.000000,0.000000,0.000000,0.000000,0.000000,0.000000,0.000000,0,0.324035,0.030522,1,0,0,0.000000,0.000000,0.000000,0.000000,0.000000,0.000000,0.000000,0.000000,0,0.000000,0.000000,0.000000,0.000000,0,0,0,0,0,0.000000,0.000000,0.000000,0.000000,0.000000,0.000000,0.000000,0.000000,0.000000,0,0.000000,0.000000,0.000000
50751,28.376526,100419.203125,0.020000,14,1,1000,1000,1000,1000,1000.000000,1,0,0,1,-0.016007,0.156064,0.348109,0.004210,0.109552,0.109552,0.056636,0.056639,89,0.491000,1.030000,0.117000,0.241081,1.060900,0.013689,1,1,1.500000,-0.011409,0.135375,-0.037973,-0.000818,0.018270,0.180005,0.275111,5.285100,-0.021000,0.013000,0.003000,1.191824,3.477262,-107.166885,0.000000,0.000000,0.000000,0.000000,0.000000,0.000000,0.000000,0.000000,0.000000,0.000000,0,0.314296,0.028712,1,0,0,0.000000,0.000000,0.000000,0.000000,0.000000,0.000000,0.000000,0.000000,0,0.000000,0.000000,0.000000,0.000000,0,0,0,0,0,0.000000,0.000000,0.000000,0.000000,0.000000,0.000000,0.000000,0.000000,0.000000,0,0.000000,0.000000,0.000000
50849,28.381166,100418.898438,0.040000,26,1,1000,1000,1000,1000,1000.000000,1,0,0,1,-0.013614,0.157458,0.353529,0.005118,0.109229,0.109229,0.055161,0.055164,65,0.491000,1.030000,0.136000,0.241081,1.060900,0.018496,1,1,1.500000,-0.011410,0.135310,-0.038054,-0.000616,0.018676,0.180005,0.275111,5.298101,0.015000,-0.001000,0.013000,1.193576,3.478009,-107.169960,0.000000,0.000000,0.000000,0.000000,0.000000,0.000000,0.000000,0.000000,0.000000,0.000000,0,0.340109,0.033627,1,0,0,0.000000,0.000000,0.000000,0.000000,0.000000,0.000000,0.000000,0.000000,0,0.000000,0.000000,0.000000,0.000000,0,0,0,0,0,0.000000,0.000000,0.000000,0.000000,0.000000,0.000000,0.000000,0.000000,0.000000,0,0.000000,0.000000,0.000000
50930,28.380064,100420.703125,0.030000,21,1,1000,1000,1000,1000,1000.000000,1,0,0,1,-0.011218,0.158871,0.359332,0.006672,0.109296,0.109296,0.064424,0.064428,17,0.491000,1.030000,0.126000,0.241081,1.060900,0.015876,1,1,1.500000,-0.011408,0.135248,-0.038130,-0.000614,0.018692,0.180005,0.275111,5.295099,0.016000,-0.001000,0.007000,1.196681,3.479155,-107.172592,0.000000,0.000000,0.000000,0.000000,0.000000,0.000000,0.000000,0.000000,0.000000,0.000000,0,0.317549,0.029316,1,0,0,0.000000,0.000000,0.000000,0.000000,0.000000,0.000000,0.000000,0.000000,0,0.000000,0.000000,0.000000,0.000000,0,0,0,0,0,0.000000,0.000000,0.000000,0.000000,0.000000,0.000000,0.000000,0.000000,0.000000,0,0.000000,0.000000,0.000000
51029,28.383375,100420.203125,0.020000,34,1,1000,1000,1000,1000,1000.000000,1,0,0,1,-0.011231,0.158883,0.347668,0.002797,0.109829,0.109829,0.065602,0.065606,116,0.491000,1.030000,0.126000,0.241081,1.060900,0.015876,1,1,1.500000,-0.011408,0.135248,-0.038130,-0.000614,0.018692,0.180005,0.275111,5.295099,0.016000,-0.001000,0.007000,1.195617,3.477271,-107.175720,0.000000,0.000000,0.000000,0.000000,0.000000,0.000000,0.000000,0.000000,0.000000,0.000000,0,0.313422,0.028563,1,0,0,0.000000,0.000000,0.000000,0.000000,0.000000,0.000000,0.000000,0.000000,0,0.000000,0.000000,0.000000,0.000000,0,0,0,0,0,0.000000,0.000000,0.000000,0.000000,0.000000,0.000000,0.000000,0.000000,0.000000,0,0.000000,0.000000,0.000000
51146,28.380957,100420.304688,0.020000,3,1,1000,1000,1000,1000,1000.000000,1,0,0,1,-0.008796,0.160436,0.347439,0.002153,0.109672,0.109672,0.065700,0.065704,109,0.490000,1.030000,0.127000,0.240100,1.060900,0.016129,1,1,1.500000,-0.011411,0.135181,-0.038210,-0.000696,0.018574,0.191104,0.283949,5.309103,0.005000,0.009000,0.006000,1.196512,3.476024,-107.179344,0.000000,0.000000,0.000000,0.000000,0.000000,0.000000,0.000000,0.000000,0.000000,0.000000,0,0.313341,0.028543,1,0,0,0.000000,0.000000,0.000000,0.000000,0.000000,0.000000,0.000000,0.000000,0,0.000000,0.000000,0.000000,0.000000,0,0,0,0,0,0.000000,0.000000,0.000000,0.000000,0.000000,0.000000,0.000000,0.000000,0.000000,0,0.000000,0.000000,0.000000
51241,28.381430,100420.304688,0.020000,0,1,1000,1000,1000,1000,1000.000000,1,0,0,1,-0.006405,0.161977,0.359178,0.006056,0.109451,0.109451,0.065130,0.065134,70,0.490000,1.030000,0.133000,0.240100,1.060900,0.017689,1,1,1.500000,-0.011406,0.135093,-0.038251,-0.000942,0.018289,0.191104,0.283949,5.313100,0.001000,0.017000,0.010000,1.196357,3.474224,-107.182404,0.000000,0.000000,0.000000,0.000000,0.000000,0.000000,0.000000,0.000000,0.000000,0.000000,0,0.335144,0.032657,1,0,0,0.000000,0.000000,0.000000,0.000000,0.000000,0.000000,0.000000,0.000000,0,0.000000,0.000000,0.000000,0.000000,0,0,0,0,0,0.000000,0.000000,0.000000,0.000000,0.000000,0.000000,0.000000,0.000000,0.000000,0,0.000000,0.000000,0.000000
51342,28.378784,100419.304688,0.040000,7,1,1000,1000,1000,1000,1000.000000,1,0,0,1,-0.004012,0.163259,0.358390,0.005723,0.109255,0.109255,0.064979,0.064983,49,0.490000,1.030000,0.140000,0.240100,1.060900,0.019600,1,1,1.500000,-0.011402,0.135005,-0.038287,-0.000960,0.018287,0.191104,0.283949,5.321100,0.017000,-0.028000,0.014000,1.200607,3.465939,-107.185509,0.000000,0.000000,0.000000,0.000000,0.000000,0.000000,0.000000,0.000000,0.000000,0.000000,0,0.344855,0.034573,1,0,0,0.000000,0.000000,0.000000,0.000000,0.000000,0.000000,0.000000,0.000000,0,0.000000,0.000000,0.000000,0.000000,0,0,0,0,0,0.000000,0.000000,0.000000,0.000000,0.000000,0.000000,0.000000,0.000000,0.000000,0,0.000000,0.000000,0.000000
51443,28.377296,100418.898438,0.040000,0,1,1000,1000,1000,1000,1000.000000,1,0,0,1,-0.001612,0.164749,0.370427,0.009321,0.109088,0.109088,0.065953,0.065958,31,0.490000,1.030000,0.125000,0.240100,1.060900,0.015625,1,1,1.500000,-0.011397,0.134920,-0.038332,-0.000924,0.018303,0.202203,0.283949,5.325101,-0.009000,0.013000,0.017000,1.198479,3.467447,-107.188751,0.000000,0.000000,0.000000,0.000000,0.000000,0.000000,0.000000,0.000000,0.000000,0.000000,0,0.328339,0.031346,1,0,0,0.000000,0.000000,0.000000,0.000000,0.000000,0.000000,0.000000,0.000000,0,0.000000,0.000000,0.000000,0.000000,0,0,0,0,0,0.000000,0.000000,0.000000,0.000000,0.000000,0.000000,0.000000,0.000000,0.000000,0,0.000000,0.000000,0.000000
51585,28.379433,100419.304688,0.050000,12,1,1000,1000,1000,1000,1000.000000,1,0,0,1,0.000855,0.166272,0.362086,0.006144,0.108824,0.108824,0.060072,0.060075,46,0.490000,1.030000,0.134000,0.240100,1.060900,0.017956,1,1,1.500000,-0.011394,0.134837,-0.038379,-0.000923,0.018304,0.202203,0.292786,5.330102,0.014000,0.006000,0.014000,1.201434,3.468138,-107.193146,0.000000,0.000000,0.000000,0.000000,0.000000,0.000000,0.000000,0.000000,0.000000,0.000000,0,0.358655,0.037409,1,0,0,0.000000,0.000000,0.000000,0.000000,0.000000,0.000000,0.000000,0.000000,0,0.000000,0.000000,0.000000,0.000000,0,0,0,0,0,0.000000,0.000000,0.000000,0.000000,0.000000,0.000000,0.000000,0.000000,0.000000,0,0.000000,0.000000,0.000000
51629,28.378050,100418.203125,0.060000,13,1,1000,1000,1000,1000,1000.000000,1,0,0,1,0.000859,0.166272,0.355590,0.004087,0.109225,0.109225,0.065245,0.065249,90,0.490000,1.030000,0.134000,0.240100,1.060900,0.017956,1,1,1.500000,-0.011394,0.134837,-0.038379,-0.000923,0.018304,0.202203,0.292786,5.330102,0.014000,0.006000,0.014000,1.201416,3.468133,-107.194519,0.000000,0.000000,0.000000,0.000000,0.000000,0.000000,0.000000,0.000000,0.000000,0.000000,0,0.362294,0.038167,1,0,0,0.000000,0.000000,0.000000,0.000000,0.000000,0.000000,0.000000,0.000000,0,0.000000,0.000000,0.000000,0.000000,0,0,0,0,0,0.000000,0.000000,0.000000,0.000000,0.000000,0.000000,0.000000,0.000000,0.000000,0,0.000000,0.000000,0.000000
51745,28.378838,100419.898438,0.070000,0,1,1000,1000,1000,1000,1000.000000,1,0,0,1,0.003224,0.167744,0.359505,0.004365,0.109079,0.109079,0.065689,0.065694,82,0.490000,1.030000,0.111000,0.240100,1.060900,0.012321,1,1,1.500000,-0.011380,0.134764,-0.038401,-0.000865,0.018391,0.202203,0.292786,5.335100,-0.001000,-0.005000,0.006000,1.201097,3.468016,-107.198280,0.000000,0.000000,0.000000,0.000000,0.000000,0.000000,0.000000,0.000000,0.000000,0.000000,0,0.386455,0.043434,1,0,0,0.000000,0.000000,0.000000,0.000000,0.000000,0.000000,0.000000,0.000000,0,0.000000,0.000000,0.000000,0.000000,0,0,0,0,0,0.000000,0.000000,0.000000,0.000000,0.000000,0.000000,0.000000,0.000000,0.000000,0,0.000000,0.000000,0.000000
51828,28.376787,100417.804688,0.080000,28,1,1000,1000,1000,1000,1000.000000,1,0,0,1,0.005723,0.169170,0.363062,0.004538,0.108753,0.108753,0.063590,0.063594,44,0.490000,1.031000,0.135000,0.240100,1.062961,0.018225,1,1,1.500000,-0.011377,0.134684,-0.038448,-0.000921,0.018308,0.213302,0.292786,5.338102,0.009000,-0.012000,0.004000,1.203226,3.467210,-107.200798,0.000000,0.000000,0.000000,0.000000,0.000000,0.000000,0.000000,0.000000,0.000000,0.000000,0,0.390188,0.044272,1,0,0,0.000000,0.000000,0.000000,0.000000,0.000000,0.000000,0.000000,0.000000,0,0.000000,0.000000,0.000000,0.000000,0,0,0,0,0,0.000000,0.000000,0.000000,0.000000,0.000000,0.000000,0.000000,0.000000,0.000000,0,0.000000,0.000000,0.000000
51933,28.382200,100420.203125,0.080000,0,1,1000,1000,1000,1000,1000.000000,1,0,0,1,0.008117,0.170684,0.366394,0.004867,0.108622,0.108622,0.064585,0.064589,21,0.490000,1.031000,0.126000,0.240100,1.062961,0.015876,1,1,1.500000,-0.011363,0.134612,-0.038472,-0.000865,0.018391,0.213302,0.292786,5.346101,-0.010000,0.015000,0.006000,1.201910,3.469805,-107.204201,0.000000,0.000000,0.000000,0.000000,0.000000,0.000000,0.000000,0.000000,0.000000,0.000000,0,0.385959,0.043321,1,0,0,0.000000,0.000000,0.000000,0.000000,0.000000,0.000000,0.000000,0.000000,0,0.000000,0.000000,0.000000,0.000000,0,0,0,0,0,0.000000,0.000000,0.000000,0.000000,0.000000,0.000000,0.000000,0.000000,0.000000,0,0.000000,0.000000,0.000000
52033,28.382866,100419.398438,0.080000,12,1,1000,1000,1000,1000,1000.000000,1,0,0,1,0.008122,0.170689,0.345377,-0.002007,0.109128,0.109128,0.065365,0.065369,121,0.490000,1.031000,0.126000,0.240100,1.062961,0.015876,1,1,1.500000,-0.011363,0.134612,-0.038472,-0.000865,0.018391,0.213302,0.292786,5.346101,-0.010000,0.015000,0.006000,1.203201,3.469249,-107.207291,0.000000,0.000000,0.000000,0.000000,0.000000,0.000000,0.000000,0.000000,0.000000,0.000000,0,0.372266,0.040304,1,0,0,0.000000,0.000000,0.000000,0.000000,0.000000,0.000000,0.000000,0.000000,0,0.000000,0.000000,0.000000,0.000000,0,0,0,0,0,0.000000,0.000000,0.000000,0.000000,0.000000,0.000000,0.000000,0.000000,0.000000,0,0.000000,0.000000,0.000000
52128,28.380730,100419.101563,0.070000,21,1,1000,1000,1000,1000,1000.000000,1,0,0,1,0.010576,0.172081,0.349219,-0.001107,0.108787,0.108787,0.063164,0.063168,87,0.489000,1.031000,0.119000,0.239121,1.062961,0.014161,1,1,1.500000,-0.011349,0.134538,-0.038497,-0.000864,0.018394,0.213305,0.292780,5.344122,0.011000,-0.007000,-0.001000,1.205672,3.467653,-107.210274,0.000000,0.000000,0.000000,0.000000,0.000000,0.000000,0.000000,0.000000,0.000000,0.000000,0,0.365952,0.038953,1,0,0,0.000000,0.000000,0.000000,0.000000,0.000000,0.000000,0.000000,0.000000,0,0.000000,0.000000,0.000000,0.000000,0,0,0,0,0,0.000000,0.000000,0.000000,0.000000,0.000000,0.000000,0.000000,0.000000,0.000000,0,0.000000,0.000000,0.000000
52228,28.383673,100419.804688,0.060000,35,1,1000,1000,1000,1000,1000.000000,1,0,0,1,0.013125,0.173429,0.353450,0.000209,0.108654,0.108654,0.063416,0.063420,59,0.489000,1.031000,0.138000,0.239121,1.062961,0.019044,1,1,1.500000,-0.011336,0.134465,-0.038523,-0.000864,0.018394,0.224400,0.292786,5.357099,0.010000,-0.015000,0.006000,1.207330,3.465989,-107.213417,0.000000,0.000000,0.000000,0.000000,0.000000,0.000000,0.000000,0.000000,0.000000,0.000000,0,0.360004,0.037701,1,0,0,0.000000,0.000000,0.000000,0.000000,0.000000,0.000000,0.000000,0.000000,0,0.000000,0.000000,0.000000,0.000000,0,0,0,0,0,0.000000,0.000000,0.000000,0.000000,0.000000,0.000000,0.000000,0.000000,0.000000,0,0.000000,0.000000,0.000000
52337,28.380466,100418.804688,0.080000,5,1,1000,1000,1000,1000,1000.000000,1,0,0,1,0.015573,0.175012,0.350332,-0.001291,0.108478,0.108478,0.063879,0.063883,52,0.489000,1.031000,0.134000,0.239121,1.062961,0.017956,1,1,1.500000,-0.011321,0.134393,-0.038545,-0.000864,0.018393,0.224400,0.301624,5.363100,-0.007000,0.019000,0.001000,1.203888,3.469195,-107.216942,0.000000,0.000000,0.000000,0.000000,0.000000,0.000000,0.000000,0.000000,0.000000,0.000000,0,0.377267,0.041398,1,0,0,0.000000,0.000000,0.000000,0.000000,0.000000,0.000000,0.000000,0.000000,0,0.000000,0.000000,0.000000,0.000000,0,0,0,0,0,0.000000,0.000000,0.000000,0.000000,0.000000,0.000000,0.000000,0.000000,0.000000,0,0.000000,0.000000,0.000000
52431,28.381413,100419.101563,0.080000,0,1,1000,1000,1000,1000,1000.000000,1,0,0,1,0.018035,0.176464,0.360959,0.001406,0.108304,0.108304,0.064203,0.064207,20,0.489000,1.031000,0.118000,0.239121,1.062961,0.013924,1,1,1.500000,-0.011308,0.134322,-0.038569,-0.000864,0.018393,0.224400,0.301624,5.363100,0.005000,-0.008000,-0.004000,1.204468,3.467904,-107.219902,0.000000,0.000000,0.000000,0.000000,0.000000,0.000000,0.000000,0.000000,0.000000,0.000000,0,0.370347,0.039900,1,0,0,0.000000,0.000000,0.000000,0.000000,0.000000,0.000000,0.000000,0.000000,0,0.000000,0.000000,0.000000,0.000000,0,0,0,0,0,0.000000,0.000000,0.000000,0.000000,0.000000,0.000000,0.000000,0.000000,0.000000,0,0.000000,0.000000,0.000000
52531,28.383829,100420.101563,0.060000,15,1,1000,1000,1000,1000,1000.000000,1,0,0,1,0.018032,0.176453,0.340786,-0.004768,0.108770,0.108770,0.064686,0.064690,120,0.489000,1.031000,0.118000,0.239121,1.062961,0.013924,1,1,1.500000,-0.011308,0.134322,-0.038569,-0.000864,0.018393,0.224400,0.301624,5.363100,0.005000,-0.008000,-0.004000,1.202922,3.466912,-107.222557,0.000000,0.000000,0.000000,0.000000,0.000000,0.000000,0.000000,0.000000,0.000000,0.000000,0,0.347203,0.035064,1,0,0,0.000000,0.000000,0.000000,0.000000,0.000000,0.000000,0.000000,0.000000,0,0.000000,0.000000,0.000000,0.000000,0,0,0,0,0,0.000000,0.000000,0.000000,0.000000,0.000000,0.000000,0.000000,0.000000,0.000000,0,0.000000,0.000000,0.000000
52640,28.385546,100420.500000,0.040000,34,1,1000,1000,1000,1000,1000.000000,1,0,0,1,0.020422,0.177849,0.345685,-0.003398,0.108660,0.108660,0.065510,0.065514,104,0.489000,1.031000,0.116000,0.239121,1.062961,0.013456,1,1,1.500000,-0.011306,0.134235,-0.038614,-0.000948,0.018257,0.224400,0.301624,5.371099,-0.003000,-0.010000,0.004000,1.201231,3.465973,-107.226120,0.000000,0.000000,0.000000,0.000000,0.000000,0.000000,0.000000,0.000000,0.000000,0.000000,0,0.331832,0.032032,1,0,0,0.000000,0.000000,0.000000,0.000000,0.000000,0.000000,0.000000,0.000000,0,0.000000,0.000000,0.000000,0.000000,0,0,0,0,0,0.000000,0.000000,0.000000,0.000000,0.000000,0.000000,0.000000,0.000000,0.000000,0,0.000000,0.000000,0.000000
52772,28.387140,100420.500000,0.020000,36,1,1000,1000,1000,1000,1000.000000,1,0,0,1,0.022936,0.179531,0.345639,-0.003136,0.108326,0.108326,0.057895,0.057898,107,0.489000,1.031000,0.132000,0.239121,1.062961,0.017424,1,1,1.500000,-0.011303,0.134148,-0.038655,-0.000951,0.018251,0.235499,0.310462,5.377100,0.007000,0.031000,0.009000,1.197754,3.471165,-107.230301,0.000000,0.000000,0.000000,0.000000,0.000000,0.000000,0.000000,0.000000,0.000000,0.000000,0,0.311254,0.028182,1,0,0,0.000000,0.000000,0.000000,0.000000,0.000000,0.000000,0.000000,0.000000,0,0.000000,0.000000,0.000000,0.000000,0,0,0,0,0,0.000000,0.000000,0.000000,0.000000,0.000000,0.000000,0.000000,0.000000,0.000000,0,0.000000,0.000000,0.000000
52839,28.384075,100419.203125,0.020000,16,1,1000,1000,1000,1000,1000.000000,1,0,0,1,0.025413,0.180828,0.351551,-0.001482,0.108246,0.108246,0.064837,0.064841,55,0.489000,1.031000,0.135000,0.239121,1.062961,0.018225,1,1,1.500000,-0.011301,0.134064,-0.038711,-0.000913,0.018266,0.235499,0.301624,5.380102,-0.002000,-0.031000,0.000000,1.198906,3.466519,-107.232445,0.000000,0.000000,0.000000,0.000000,0.000000,0.000000,0.000000,0.000000,0.000000,0.000000,0,0.317313,0.029294,1,0,0,0.000000,0.000000,0.000000,0.000000,0.000000,0.000000,0.000000,0.000000,0,0.000000,0.000000,0.000000,0.000000,0,0,0,0,0,0.000000,0.000000,0.000000,0.000000,0.000000,0.000000,0.000000,0.000000,0.000000,0,0.000000,0.000000,0.000000
52931,28.386406,100420.601563,0.010000,21,1,1000,1000,1000,1000,1000.000000,1,0,0,1,0.028046,0.182485,0.357794,0.000270,0.107927,0.107927,0.062940,0.062944,17,0.489000,1.031000,0.130000,0.239121,1.062961,0.016900,1,1,1.500000,-0.011299,0.133985,-0.038762,-0.000897,0.018261,0.246598,0.310462,5.387102,0.012000,0.034000,0.003000,1.198786,3.474782,-107.235214,0.000000,0.000000,0.000000,0.000000,0.000000,0.000000,0.000000,0.000000,0.000000,0.000000,0,0.295845,0.025464,1,0,0,0.000000,0.000000,0.000000,0.000000,0.000000,0.000000,0.000000,0.000000,0,0.000000,0.000000,0.000000,0.000000,0,0,0,0,0,0.000000,0.000000,0.000000,0.000000,0.000000,0.000000,0.000000,0.000000,0.000000,0,0.000000,0.000000,0.000000
53055,28.389576,100420.000000,0.020000,3,1,1000,1000,1000,1000,1000.000000,1,0,0,1,0.030603,0.183906,0.358120,-0.000094,0.108050,0.108050,0.066126,0.066130,18,0.488000,1.031000,0.136000,0.238144,1.062961,0.018496,1,1,1.500000,-0.011298,0.133905,-0.038816,-0.000910,0.018267,0.246598,0.310462,5.386102,0.002000,-0.014000,0.001000,1.198551,3.472063,-107.239166,0.000000,0.000000,0.000000,0.000000,0.000000,0.000000,0.000000,0.000000,0.000000,0.000000,0,0.324042,0.030543,1,0,0,0.000000,0.000000,0.000000,0.000000,0.000000,0.000000,0.000000,0.000000,0,0.000000,0.000000,0.000000,0.000000,0,0,0,0,0,0.000000,0.000000,0.000000,0.000000,0.000000,0.000000,0.000000,0.000000,0.000000,0,0.000000,0.000000,0.000000
53143,28.387316,100419.898438,0.020000,0,1,1000,1000,1000,1000,1000.000000,1,0,0,1,0.030594,0.183901,0.352274,-0.001795,0.108344,0.108344,0.064623,0.064628,106,0.488000,1.031000,0.136000,0.238144,1.062961,0.018496,1,1,1.500000,-0.011298,0.133905,-0.038816,-0.000910,0.018267,0.246598,0.310462,5.386102,0.002000,-0.014000,0.001000,1.196667,3.472162,-107.242096,0.000000,0.000000,0.000000,0.000000,0.000000,0.000000,0.000000,0.000000,0.000000,0.000000,0,0.318120,0.029442,1,0,0,0.000000,0.000000,0.000000,0.000000,0.000000,0.000000,0.000000,0.000000,0,0.000000,0.000000,0.000000,0.000000,0,0,0,0,0,0.000000,0.000000,0.000000,0.000000,0.000000,0.000000,0.000000,0.000000,0.000000,0,0.000000,0.000000,0.000000
53242,28.385284,100418.398438,0.030000,0,1,1000,1000,1000,1000,1000.000000,1,0,0,1,0.033160,0.185536,0.358270,-0.000013,0.108197,0.108197,0.064998,0.065002,73,0.488000,1.031000,0.126000,0.238144,1.062961,0.015876,1,1,1.500000,-0.011299,0.133828,-0.038868,-0.000911,0.018267,0.246598,0.319299,5.395101,0.012000,0.012000,0.007000,1.196393,3.475067,-107.245232,0.000000,0.000000,0.000000,0.000000,0.000000,0.000000,0.000000,0.000000,0.000000,0.000000,0,0.324085,0.030562,1,0,0,0.000000,0.000000,0.000000,0.000000,0.000000,0.000000,0.000000,0.000000,0,0.000000,0.000000,0.000000,0.000000,0,0,0,0,0,0.000000,0.000000,0.000000,0.000000,0.000000,0.000000,0.000000,0.000000,0.000000,0,0.000000,0.000000,0.000000
53335,28.385214,100418.500000,0.030000,4,1,1000,1000,1000,1000,1000.000000,1,0,0,1,0.035761,0.186998,0.357760,-0.000625,0.107854,0.107854,0.062810,0.062814,51,0.488000,1.031000,0.139000,0.238144,1.062961,0.019321,1,1,1.500000,-0.011291,0.133762,-0.038922,-0.000756,0.018397,0.257697,0.319299,5.398099,0.002000,-0.020000,0.007000,1.195618,3.471496,-107.248283,0.000000,0.000000,0.000000,0.000000,0.000000,0.000000,0.000000,0.000000,0.000000,0.000000,0,0.333827,0.032420,1,0,0,0.000000,0.000000,0.000000,0.000000,0.000000,0.000000,0.000000,0.000000,0,0.000000,0.000000,0.000000,0.000000,0,0,0,0,0,0.000000,0.000000,0.000000,0.000000,0.000000,0.000000,0.000000,0.000000,0.000000,0,0.000000,0.000000,0.000000
53438,28.386194,100419.101563,0.030000,1,1,1000,1000,1000,1000,1000.000000,1,0,0,1,0.038378,0.188610,0.369608,0.002973,0.107699,0.107699,0.062792,0.062796,27,0.488000,1.031000,0.133000,0.238144,1.062961,0.017689,1,1,1.500000,-0.011295,0.133690,-0.038981,-0.000907,0.018269,0.257697,0.319299,5.411100,0.013000,0.019000,0.018000,1.195369,3.475569,-107.251503,0.000000,0.000000,0.000000,0.000000,0.000000,0.000000,0.000000,0.000000,0.000000,0.000000,0,0.317766,0.029380,1,0,0,0.000000,0.000000,0.000000,0.000000,0.000000,0.000000,0.000000,0.000000,0,0.000000,0.000000,0.000000,0.000000,0,0,0,0,0,0.000000,0.000000,0.000000,0.000000,0.000000,0.000000,0.000000,0.000000,0.000000,0,0.000000,0.000000,0.000000
53535,28.387667,100418.703125,0.050000,12,1,1000,1000,1000,1000,1000.000000,1,0,0,1,0.038373,0.188600,0.350801,-0.002996,0.108241,0.108241,0.063718,0.063722,124,0.488000,1.031000,0.133000,0.238144,1.062961,0.017689,1,1,1.500000,-0.011295,0.133690,-0.038981,-0.000907,0.018269,0.257697,0.319299,5.411100,0.013000,0.019000,0.018000,1.194134,3.473939,-107.254585,0.000000,0.000000,0.000000,0.000000,0.000000,0.000000,0.000000,0.000000,0.000000,0.000000,0,0.347153,0.035058,1,0,0,0.000000,0.000000,0.000000,0.000000,0.000000,0.000000,0.000000,0.000000,0,0.000000,0.000000,0.000000,0.000000,0,0,0,0,0,0.000000,0.000000,0.000000,0.000000,0.000000,0.000000,0.000000,0.000000,0.000000,0,0.000000,0.000000,0.000000
53645,28.388788,100419.703125,0.060000,24,1,1000,1000,1000,1000,1000.000000,1,0,0,1,0.040882,0.190247,0.354926,-0.002074,0.108071,0.108071,0.064026,0.064030,108,0.488000,1.031000,0.118000,0.238144,1.062961,0.013924,1,1,1.500000,-0.011296,0.133615,-0.039036,-0.000908,0.018265,0.257703,0.328141,5.407084,-0.005000,0.008000,0.010000,1.192457,3.474523,-107.258141,0.000000,0.000000,0.000000,0.000000,0.000000,0.000000,0.000000,0.000000,0.000000,0.000000,0,0.361582,0.038030,1,0,0,0.000000,0.000000,0.000000,0.000000,0.000000,0.000000,0.000000,0.000000,0,0.000000,0.000000,0.000000,0.000000,0,0,0,0,0,0.000000,0.000000,0.000000,0.000000,0.000000,0.000000,0.000000,0.000000,0.000000,0,0.000000,0.000000,0.000000
53731,28.382605,100417.101563,0.080000,0,1,1000,1000,1000,1000,1000.000000,1,0,0,1,0.043550,0.191788,0.365909,0.001087,0.107717,0.107717,0.061150,0.061154,70,0.488000,1.031000,0.146000,0.238144,1.062961,0.021316,1,1,1.500000,-0.011297,0.133540,-0.039091,-0.000907,0.018264,0.268796,0.328137,5.422101,0.008000,-0.009000,0.018000,1.193805,3.472808,-107.260803,0.000000,0.000000,0.000000,0.000000,0.000000,0.000000,0.000000,0.000000,0.000000,0.000000,0,0.372645,0.040395,1,0,0,0.000000,0.000000,0.000000,0.000000,0.000000,0.000000,0.000000,0.000000,0,0.000000,0.000000,0.000000,0.000000,0,0,0,0,0,0.000000,0.000000,0.000000,0.000000,0.000000,0.000000,0.000000,0.000000,0.000000,0,0.000000,0.000000,0.000000
53838,28.390732,100419.703125,0.070000,0,1,1000,1000,1000,1000,1000.000000,1,0,0,1,0.046129,0.193339,0.369410,0.001991,0.107612,0.107612,0.061521,0.061524,49,0.488000,1.031000,0.126000,0.238144,1.062961,0.015876,1,1,1.500000,-0.011294,0.133472,-0.039153,-0.000752,0.018394,0.268796,0.328137,5.425100,-0.003000,-0.006000,0.018000,1.192002,3.471717,-107.264305,0.000000,0.000000,0.000000,0.000000,0.000000,0.000000,0.000000,0.000000,0.000000,0.000000,0,0.378756,0.041725,1,0,0,0.000000,0.000000,0.000000,0.000000,0.000000,0.000000,0.000000,0.000000,0,0.000000,0.000000,0.000000,0.000000,0,0,0,0,0,0.000000,0.000000,0.000000,0.000000,0.000000,0.000000,0.000000,0.000000,0.000000,0,0.000000,0.000000,0.000000
53983,28.388700,100419.101563,0.050000,0,1,1000,1000,1000,1000,1000.000000,1,0,0,1,0.048866,0.195045,0.367005,0.001366,0.107428,0.107428,0.055505,0.055508,72,0.488000,1.031000,0.131000,0.238144,1.062961,0.017161,1,1,1.500000,-0.011292,0.133403,-0.039205,-0.000784,0.018380,0.279900,0.336979,5.428083,0.014000,0.016000,0.013000,1.192555,3.473630,-107.270096,0.000000,0.000000,0.000000,0.000000,0.000000,0.000000,0.000000,0.000000,0.000000,0.000000,0,0.363738,0.038477,1,0,0,0.000000,0.000000,0.000000,0.000000,0.000000,0.000000,0.000000,0.000000,0,0.000000,0.000000,0.000000,0.000000,0,0,0,0,0,0.000000,0.000000,0.000000,0.000000,0.000000,0.000000,0.000000,0.000000,0.000000,0,0.000000,0.000000,0.000000
54055,28.386633,100419.101563,0.050000,7,1,1000,1000,1000,1000,1000.000000,1,0,0,1,0.051571,0.196702,0.371521,0.002886,0.107538,0.107538,0.064780,0.064784,16,0.488000,1.031000,0.139000,0.238144,1.062961,0.019321,1,1,1.500000,-0.011290,0.133336,-0.039257,-0.000783,0.018377,0.279895,0.336975,5.431100,0.007000,0.001000,0.012000,1.193721,3.474367,-107.272461,0.000000,0.000000,0.000000,0.000000,0.000000,0.000000,0.000000,0.000000,0.000000,0.000000,0,0.368437,0.039466,1,0,0,0.000000,0.000000,0.000000,0.000000,0.000000,0.000000,0.000000,0.000000,0,0.000000,0.000000,0.000000,0.000000,0,0,0,0,0,0.000000,0.000000,0.000000,0.000000,0.000000,0.000000,0.000000,0.000000,0.000000,0,0.000000,0.000000,0.000000
54146,28.385389,100417.804688,0.060000,4,1,1000,1000,1000,1000,1000.000000,1,0,0,1,0.051567,0.196692,0.358026,-0.000744,0.107817,0.107817,0.062671,0.062675,107,0.488000,1.031000,0.139000,0.238144,1.062961,0.019321,1,1,1.500000,-0.011290,0.133336,-0.039257,-0.000783,0.018377,0.279895,0.336975,5.431100,0.007000,0.001000,0.012000,1.192981,3.472130,-107.275490,0.000000,0.000000,0.000000,0.000000,0.000000,0.000000,0.000000,0.000000,0.000000,0.000000,0,0.364840,0.038703,1,0,0,0.000000,0.000000,0.000000,0.000000,0.000000,0.000000,0.000000,0.000000,0,0.000000,0.000000,0.000000,0.000000,0,0,0,0,0,0.000000,0.000000,0.000000,0.000000,0.000000,0.000000,0.000000,0.000000,0.000000,0,0.000000,0.000000,0.000000
54243,28.385353,100418.601563,0.070000,0,1,1000,1000,1000,1000,1000.000000,1,0,0,1,0.054246,0.198313,0.362098,0.000990,0.107639,0.107639,0.062407,0.062411,75,0.488000,1.031000,0.143000,0.238144,1.062961,0.020449,1,1,1.500000,-0.011290,0.133264,-0.039307,-0.000878,0.018286,0.279895,0.336975,5.444101,0.011000,0.001000,0.023000,1.193532,3.471663,-107.278618,0.000000,0.000000,0.000000,0.000000,0.000000,0.000000,0.000000,0.000000,0.000000,0.000000,0,0.379182,0.041805,1,0,0,0.000000,0.000000,0.000000,0.000000,0.000000,0.000000,0.000000,0.000000,0,0.000000,0.000000,0.000000,0.000000,0,0,0,0,0,0.000000,0.000000,0.000000,0.000000,0.000000,0.000000,0.000000,0.000000,0.000000,0,0.000000,0.000000,0.000000
54336,28.387613,100418.500000,0.070000,0,1,1000,1000,1000,1000,1000.000000,1,0,0,1,0.056805,0.200065,0.373326,0.004467,0.107463,0.107463,0.062209,0.062213,43,0.487000,1.031000,0.126000,0.237169,1.062961,0.015876,1,1,1.500000,-0.011289,0.133192,-0.039356,-0.000874,0.018281,0.279895,0.345812,5.442102,-0.008000,0.014000,0.010000,1.190386,3.472419,-107.281639,0.000000,0.000000,0.000000,0.000000,0.000000,0.000000,0.000000,0.000000,0.000000,0.000000,0,0.362094,0.038122,1,0,0,0.000000,0.000000,0.000000,0.000000,0.000000,0.000000,0.000000,0.000000,0,0.000000,0.000000,0.000000,0.000000,0,0,0,0,0,0.000000,0.000000,0.000000,0.000000,0.000000,0.000000,0.000000,0.000000,0.000000,0,0.000000,0.000000,0.000000
54441,28.392397,100420.398438,0.050000,0,1,1000,1000,1000,1000,1000.000000,1,0,0,1,0.059573,0.201748,0.377664,0.006072,0.107307,0.107307,0.062285,0.062289,26,0.487000,1.031000,0.135000,0.237169,1.062961,0.018225,1,1,1.500000,-0.011293,0.133117,-0.039380,-0.001098,0.018141,0.290993,0.345812,5.449102,0.018000,0.002000,0.017000,1.192402,3.473108,-107.284836,0.000000,0.000000,0.000000,0.000000,0.000000,0.000000,0.000000,0.000000,0.000000,0.000000,0,0.366152,0.038989,1,0,0,0.000000,0.000000,0.000000,0.000000,0.000000,0.000000,0.000000,0.000000,0,0.000000,0.000000,0.000000,0.000000,0,0,0,0,0,0.000000,0.000000,0.000000,0.000000,0.000000,0.000000,0.000000,0.000000,0.000000,0,0.000000,0.000000,0.000000
54532,28.388613,100418.203125,0.060000,0,1,1000,1000,1000,1000,1000.000000,1,0,0,1,0.059562,0.201744,0.364175,0.002311,0.107626,0.107626,0.060679,0.060682,117,0.487000,1.031000,0.135000,0.237169,1.062961,0.018225,1,1,1.500000,-0.011293,0.133117,-0.039380,-0.001098,0.018141,0.290993,0.345812,5.449102,0.018000,0.002000,0.017000,1.190746,3.471735,-107.287735,0.000000,0.000000,0.000000,0.000000,0.000000,0.000000,0.000000,0.000000,0.000000,0.000000,0,0.360761,0.037849,1,0,0,0.000000,0.000000,0.000000,0.000000,0.000000,0.000000,0.000000,0.000000,0,0.000000,0.000000,0.000000,0.000000,0,0,0,0,0,0.000000,0.000000,0.000000,0.000000,0.000000,0.000000,0.000000,0.000000,0.000000,0,0.000000,0.000000,0.000000
54649,28.386738,100417.703125,0.080000,1,1,1000,1000,1000,1000,1000.000000,1,0,0,1,0.062234,0.203392,0.368423,0.003672,0.107657,0.107657,0.062869,0.062872,108,0.487000,1.031000,0.136000,0.237169,1.062961,0.018496,1,1,1.500000,-0.011284,0.133054,-0.039362,-0.001041,0.018246,0.290993,0.345812,5.453100,0.002000,-0.002000,0.009000,1.191159,3.470724,-107.291374,0.000000,0.000000,0.000000,0.000000,0.000000,0.000000,0.000000,0.000000,0.000000,0.000000,0,0.385368,0.043185,1,0,0,0.000000,0.000000,0.000000,0.000000,0.000000,0.000000,0.000000,0.000000,0,0.000000,0.000000,0.000000,0.000000,0,0,0,0,0,0.000000,0.000000,0.000000,0.000000,0.000000,0.000000,0.000000,0.000000,0.000000,0,0.000000,0.000000,0.000000
54743,28.393097,100419.804688,0.060000,9,1,1000,1000,1000,1000,1000.000000,1,0,0,1,0.065066,0.205088,0.365332,0.002115,0.107504,0.107504,0.062805,0.062809,82,0.487000,1.031000,0.132000,0.237169,1.062961,0.017424,1,1,1.500000,-0.011277,0.132989,-0.039360,-0.001034,0.018245,0.302092,0.345812,5.467100,0.020000,0.015000,0.022000,1.192430,3.471808,-107.294182,0.000000,0.000000,0.000000,0.000000,0.000000,0.000000,0.000000,0.000000,0.000000,0.000000,0,0.372273,0.040296,1,0,0,0.000000,0.000000,0.000000,0.000000,0.000000,0.000000,0.000000,0.000000,0,0.000000,0.000000,0.000000,0.000000,0,0,0,0,0,0.000000,0.000000,0.000000,0.000000,0.000000,0.000000,0.000000,0.000000,0.000000,0,0.000000,0.000000,0.000000
54845,28.390224,100419.304688,0.050000,0,1,1000,1000,1000,1000,1000.000000,1,0,0,1,0.067759,0.206635,0.376858,0.005383,0.107332,0.107333,0.062485,0.062488,55,0.487000,1.031000,0.134000,0.237169,1.062961,0.017956,1,1,1.500000,-0.011270,0.132926,-0.039359,-0.001019,0.018237,0.302092,0.345812,5.463102,-0.006000,-0.017000,0.018000,1.191504,3.466667,-107.297501,0.000000,0.000000,0.000000,0.000000,0.000000,0.000000,0.000000,0.000000,0.000000,0.000000,0,0.373641,0.040587,1,0,0,0.000000,0.000000,0.000000,0.000000,0.000000,0.000000,0.000000,0.000000,0,0.000000,0.000000,0.000000,0.000000,0,0,0,0,0,0.000000,0.000000,0.000000,0.000000,0.000000,0.000000,0.000000,0.000000,0.000000,0,0.000000,0.000000,0.000000
54939,28.388454,100419.898438,0.040000,4,1,1000,1000,1000,1000,1000.000000,1,0,0,1,0.070664,0.208440,0.375093,0.005007,0.106990,0.106990,0.060028,0.060032,27,0.487000,1.031000,0.132000,0.237169,1.062961,0.017424,1,1,1.500000,-0.011261,0.132862,-0.039359,-0.000996,0.018223,0.313191,0.354650,5.481100,0.027000,0.029000,0.032000,1.193934,3.470318,-107.300339,0.000000,0.000000,0.000000,0.000000,0.000000,0.000000,0.000000,0.000000,0.000000,0.000000,0,0.361855,0.038072,1,0,0,0.000000,0.000000,0.000000,0.000000,0.000000,0.000000,0.000000,0.000000,0,0.000000,0.000000,0.000000,0.000000,0,0,0,0,0,0.000000,0.000000,0.000000,0.000000,0.000000,0.000000,0.000000,0.000000,0.000000,0,0.000000,0.000000,0.000000
55050,28.387701,100418.304688,0.040000,0,1,1000,1000,1000,1000,1000.000000,1,0,0,1,0.073475,0.210098,0.387292,0.008451,0.107061,0.107061,0.062820,0.062824,13,0.487000,1.031000,0.144000,0.237169,1.062961,0.020736,1,1,1.500000,-0.011250,0.132800,-0.039354,-0.000957,0.018236,0.313191,0.354650,5.484102,0.010000,-0.005000,0.024000,1.195363,3.465952,-107.303673,0.000000,0.000000,0.000000,0.000000,0.000000,0.000000,0.000000,0.000000,0.000000,0.000000,0,0.345324,0.034661,1,0,0,0.000000,0.000000,0.000000,0.000000,0.000000,0.000000,0.000000,0.000000,0,0.000000,0.000000,0.000000,0.000000,0,0,0,0,0,0.000000,0.000000,0.000000,0.000000,0.000000,0.000000,0.000000,0.000000,0.000000,0,0.000000,0.000000,0.000000
55187,28.392029,100419.304688,0.050000,0,1,1000,1000,1000,1000,1000.000000,1,0,0,1,0.076199,0.211798,0.378412,0.005718,0.107312,0.107312,0.067337,0.067341,16,0.487000,1.031000,0.112000,0.237169,1.062961,0.012544,1,1,1.500000,-0.011232,0.132747,-0.039369,-0.000606,0.018464,0.313191,0.354650,5.487100,-0.008000,0.002000,0.010000,1.193095,3.462717,-107.308060,0.000000,0.000000,0.000000,0.000000,0.000000,0.000000,0.000000,0.000000,0.000000,0.000000,0,0.375567,0.040997,1,0,0,0.000000,0.000000,0.000000,0.000000,0.000000,0.000000,0.000000,0.000000,0,0.000000,0.000000,0.000000,0.000000,0,0,0,0,0,0.000000,0.000000,0.000000,0.000000,0.000000,0.000000,0.000000,0.000000,0.000000,0,0.000000,0.000000,0.000000
55245,28.390978,100419.000000,0.050000,4,1,1000,1000,1000,1000,1000.000000,1,0,0,1,0.076184,0.211759,0.371474,0.003511,0.107182,0.107182,0.060270,0.060273,74,0.487000,1.031000,0.112000,0.237169,1.062961,0.012544,1,1,1.500000,-0.011232,0.132747,-0.039369,-0.000606,0.018464,0.313191,0.354650,5.487100,-0.008000,0.002000,0.010000,1.193023,3.459359,-107.309746,0.000000,0.000000,0.000000,0.000000,0.000000,0.000000,0.000000,0.000000,0.000000,0.000000,0,0.368416,0.039459,1,0,0,0.000000,0.000000,0.000000,0.000000,0.000000,0.000000,0.000000,0.000000,0,0.000000,0.000000,0.000000,0.000000,0,0,0,0,0,0.000000,0.000000,0.000000,0.000000,0.000000,0.000000,0.000000,0.000000,0.000000,0,0.000000,0.000000,0.000000
55338,28.392677,100419.304688,0.040000,3,1,1000,1000,1000,1000,1000.000000,1,0,0,1,0.079085,0.213519,0.376616,0.004933,0.107033,0.107033,0.060171,0.060174,45,0.487000,1.031000,0.139000,0.237169,1.062961,0.019321,1,1,1.500000,-0.011210,0.132701,-0.039383,-0.000592,0.018467,0.324290,0.363488,5.505102,0.017000,0.007000,0.024000,1.195098,3.458765,-107.312668,0.000000,0.000000,0.000000,0.000000,0.000000,0.000000,0.000000,0.000000,0.000000,0.000000,0,0.363469,0.038406,1,0,0,0.000000,0.000000,0.000000,0.000000,0.000000,0.000000,0.000000,0.000000,0,0.000000,0.000000,0.000000,0.000000,0,0,0,0,0,0.000000,0.000000,0.000000,0.000000,0.000000,0.000000,0.000000,0.000000,0.000000,0,0.000000,0.000000,0.000000
55440,28.390627,100419.304688,0.040000,0,1,1000,1000,1000,1000,1000.000000,1,0,0,1,0.081874,0.215257,0.388576,0.008371,0.106868,0.106868,0.059925,0.059928,27,0.487000,1.031000,0.115000,0.237169,1.062961,0.013225,1,1,1.500000,-0.011205,0.132654,-0.039409,-0.000944,0.018439,0.324290,0.363488,5.503099,-0.004000,0.006000,0.012000,1.193307,3.456893,-107.315933,0.000000,0.000000,0.000000,0.000000,0.000000,0.000000,0.000000,0.000000,0.000000,0.000000,0,0.356839,0.037014,1,0,0,0.000000,0.000000,0.000000,0.000000,0.000000,0.000000,0.000000,0.000000,0,0.000000,0.000000,0.000000,0.000000,0,0,0,0,0,0.000000,0.000000,0.000000,0.000000,0.000000,0.000000,0.000000,0.000000,0.000000,0,0.000000,0.000000,0.000000
55529,28.389296,100419.304688,0.040000,0,1,1000,1000,1000,1000,1000.000000,1,0,0,1,0.081878,0.215253,0.368306,0.002551,0.107333,0.107333,0.060177,0.060181,116,0.487000,1.031000,0.115000,0.237169,1.062961,0.013225,1,1,1.500000,-0.011205,0.132654,-0.039409,-0.000944,0.018439,0.324290,0.363488,5.503099,-0.004000,0.006000,0.012000,1.193001,3.454976,-107.318825,0.000000,0.000000,0.000000,0.000000,0.000000,0.000000,0.000000,0.000000,0.000000,0.000000,0,0.355032,0.036640,1,0,0,0.000000,0.000000,0.000000,0.000000,0.000000,0.000000,0.000000,0.000000,0,0.000000,0.000000,0.000000,0.000000,0,0,0,0,0,0.000000,0.000000,0.000000,0.000000,0.000000,0.000000,0.000000,0.000000,0.000000,0,0.000000,0.000000,0.000000
55645,28.392624,100419.101563,0.050000,24,1,1000,1000,1000,1000,1000.000000,1,0,0,1,0.084837,0.216930,0.372962,0.003904,0.107170,0.107170,0.060063,0.060066,108,0.487000,1.031000,0.142000,0.237169,1.062961,0.020164,1,1,1.500000,-0.011201,0.132595,-0.039442,-0.001057,0.018176,0.335389,0.363488,5.518102,0.017000,-0.005000,0.020000,1.194089,3.454697,-107.322388,0.000000,0.000000,0.000000,0.000000,0.000000,0.000000,0.000000,0.000000,0.000000,0.000000,0,0.369797,0.039760,1,0,0,0.000000,0.000000,0.000000,0.000000,0.000000,0.000000,0.000000,0.000000,0,0.000000,0.000000,0.000000,0.000000,0,0,0,0,0,0.000000,0.000000,0.000000,0.000000,0.000000,0.000000,0.000000,0.000000,0.000000,0,0.000000,0.000000,0.000000
55742,28.390207,100419.304688,0.060000,20,1,1000,1000,1000,1000,1000.000000,1,0,0,1,0.087686,0.218748,0.377097,0.005007,0.107025,0.107025,0.060127,0.060130,82,0.487000,1.031000,0.132000,0.237169,1.062961,0.017424,1,1,1.500000,-0.011188,0.132552,-0.039467,-0.000920,0.018294,0.335389,0.372325,5.529100,-0.001000,0.013000,0.011000,1.192124,3.455760,-107.325531,0.000000,0.000000,0.000000,0.000000,0.000000,0.000000,0.000000,0.000000,0.000000,0.000000,0,0.384202,0.042918,1,0,0,0.000000,0.000000,0.000000,0.000000,0.000000,0.000000,0.000000,0.000000,0,0.000000,0.000000,0.000000,0.000000,0,0,0,0,0,0.000000,0.000000,0.000000,0.000000,0.000000,0.000000,0.000000,0.000000,0.000000,0,0.000000,0.000000,0.000000
55836,28.391539,100418.000000,0.080000,24,1,1000,1000,1000,1000,1000.000000,1,0,0,1,0.090670,0.220447,0.380687,0.006042,0.106736,0.106736,0.058110,0.058113,48,0.487000,1.031000,0.137000,0.237169,1.062961,0.018769,1,1,1.500000,-0.011179,0.132500,-0.039503,-0.000917,0.018298,0.346488,0.372325,5.537099,0.011000,-0.012000,0.006000,1.193590,3.453985,-107.328453,0.000000,0.000000,0.000000,0.000000,0.000000,0.000000,0.000000,0.000000,0.000000,0.000000,0,0.408118,0.048435,1,0,0,0.000000,0.000000,0.000000,0.000000,0.000000,0.000000,0.000000,0.000000,0,0.000000,0.000000,0.000000,0.000000,0,0,0,0,0,0.000000,0.000000,0.000000,0.000000,0.000000,0.000000,0.000000,0.000000,0.000000,0,0.000000,0.000000,0.000000
55930,28.394726,100420.000000,0.070000,33,1,1000,1000,1000,1000,1000.000000,1,0,0,1,0.093556,0.222209,0.384486,0.007040,0.106626,0.106626,0.058289,0.058292,18,0.487000,1.032000,0.126000,0.237169,1.065024,0.015876,1,1,1.500000,-0.011174,0.132453,-0.039595,-0.000959,0.018276,0.346488,0.372325,5.534101,-0.007000,0.010000,0.013000,1.191638,3.455352,-107.331490,0.000000,0.000000,0.000000,0.000000,0.000000,0.000000,0.000000,0.000000,0.000000,0.000000,0,0.383494,0.042758,1,0,0,0.000000,0.000000,0.000000,0.000000,0.000000,0.000000,0.000000,0.000000,0,0.000000,0.000000,0.000000,0.000000,0,0,0,0,0,0.000000,0.000000,0.000000,0.000000,0.000000,0.000000,0.000000,0.000000,0.000000,0,0.000000,0.000000,0.000000
56052,28.389242,100418.398438,0.080000,3,1,1000,1000,1000,1000,1000.000000,1,0,0,1,0.096573,0.223902,0.381029,0.006150,0.106559,0.106559,0.059649,0.059652,12,0.486000,1.032000,0.143000,0.236196,1.065024,0.020449,1,1,1.500000,-0.011167,0.132405,-0.039617,-0.000893,0.018372,0.357587,0.372325,5.541101,0.003000,-0.005000,0.011000,1.191725,3.456528,-107.335220,0.000000,0.000000,0.000000,0.000000,0.000000,0.000000,0.000000,0.000000,0.000000,0.000000,0,0.408638,0.048556,1,0,0,0.000000,0.000000,0.000000,0.000000,0.000000,0.000000,0.000000,0.000000,0,0.000000,0.000000,0.000000,0.000000,0,0,0,0,0,0.000000,0.000000,0.000000,0.000000,0.000000,0.000000,0.000000,0.000000,0.000000,0,0.000000,0.000000,0.000000
56142,28.389961,100418.898438,0.080000,0,1,1000,1000,1000,1000,1000.000000,1,0,0,1,0.096571,0.223908,0.373779,0.004270,0.107060,0.107061,0.060357,0.060360,102,0.486000,1.032000,0.143000,0.236196,1.065024,0.020449,1,1,1.500000,-0.011167,0.132405,-0.039617,-0.000893,0.018372,0.357587,0.372325,5.541101,0.003000,-0.005000,0.011000,1.190274,3.459413,-107.338158,0.000000,0.000000,0.000000,0.000000,0.000000,0.000000,0.000000,0.000000,0.000000,0.000000,0,0.401292,0.046822,1,0,0,0.000000,0.000000,0.000000,0.000000,0.000000,0.000000,0.000000,0.000000,0,0.000000,0.000000,0.000000,0.000000,0,0,0,0,0,0.000000,0.000000,0.000000,0.000000,0.000000,0.000000,0.000000,0.000000,0.000000,0,0.000000,0.000000,0.000000
56242,28.394621,100418.703125,0.080000,0,1,1000,1000,1000,1000,1000.000000,1,0,0,1,0.099574,0.225719,0.377366,0.005372,0.106900,0.106901,0.060162,0.060165,77,0.486000,1.032000,0.126000,0.236196,1.065024,0.015876,1,1,1.500000,-0.011162,0.132351,-0.039643,-0.001019,0.018216,0.357587,0.381163,5.546102,0.009000,0.006000,0.006000,1.190447,3.463363,-107.341003,0.000000,0.000000,0.000000,0.000000,0.000000,0.000000,0.000000,0.000000,0.000000,0.000000,0,0.404960,0.047679,1,0,0,0.000000,0.000000,0.000000,0.000000,0.000000,0.000000,0.000000,0.000000,0,0.000000,0.000000,0.000000,0.000000,0,0,0,0,0,0.000000,0.000000,0.000000,0.000000,0.000000,0.000000,0.000000,0.000000,0.000000,0,0.000000,0.000000,0.000000
56373,28.394394,100418.304688,0.080000,0,1,1000,1000,1000,1000,1000.000000,1,0,0,1,0.102672,0.227497,0.373913,0.004039,0.106944,0.106944,0.062552,0.062556,83,0.486000,1.032000,0.131000,0.236196,1.065024,0.017161,1,1,1.500000,-0.011161,0.132310,-0.039676,-0.000864,0.018365,0.368685,0.381163,5.564100,0.010000,0.006000,0.009000,1.189895,3.465938,-107.345169,0.000000,0.000000,0.000000,0.000000,0.000000,0.000000,0.000000,0.000000,0.000000,0.000000,0,0.391005,0.044458,1,0,0,0.000000,0.000000,0.000000,0.000000,0.000000,0.000000,0.000000,0.000000,0,0.000000,0.000000,0.000000,0.000000,0,0,0,0,0,0.000000,0.000000,0.000000,0.000000,0.000000,0.000000,0.000000,0.000000,0.000000,0,0.000000,0.000000,0.000000
56438,28.391819,100418.398438,0.080000,0,1,1000,1000,1000,1000,1000.000000,1,0,0,1,0.105676,0.229198,0.385096,0.007213,0.106457,0.106457,0.058092,0.058095,26,0.486000,1.032000,0.145000,0.236196,1.065024,0.021025,1,1,1.500000,-0.011150,0.132273,-0.039693,-0.000860,0.018370,0.368685,0.381163,5.577100,0.001000,-0.009000,0.015000,1.189231,3.463802,-107.347183,0.000000,0.000000,0.000000,0.000000,0.000000,0.000000,0.000000,0.000000,0.000000,0.000000,0,0.393913,0.045118,1,0,0,0.000000,0.000000,0.000000,0.000000,0.000000,0.000000,0.000000,0.000000,0,0.000000,0.000000,0.000000,0.000000,0,0,0,0,0,0.000000,0.000000,0.000000,0.000000,0.000000,0.000000,0.000000,0.000000,0.000000,0,0.000000,0.000000,0.000000
56536,28.389698,100419.000000,0.090000,5,1,1000,1000,1000,1000,1000.000000,1,0,0,1,0.105681,0.229201,0.362646,0.000363,0.106964,0.106964,0.058591,0.058594,124,0.486000,1.032000,0.145000,0.236196,1.065024,0.021025,1,1,1.500000,-0.011150,0.132273,-0.039693,-0.000860,0.018370,0.368685,0.381163,5.577100,0.001000,-0.009000,0.015000,1.188630,3.464068,-107.350266,0.000000,0.000000,0.000000,0.000000,0.000000,0.000000,0.000000,0.000000,0.000000,0.000000,0,0.400153,0.046553,1,0,0,0.000000,0.000000,0.000000,0.000000,0.000000,0.000000,0.000000,0.000000,0,0.000000,0.000000,0.000000,0.000000,0,0,0,0,0,0.000000,0.000000,0.000000,0.000000,0.000000,0.000000,0.000000,0.000000,0.000000,0,0.000000,0.000000,0.000000
56644,28.394043,100419.398438,0.080000,24,1,1000,1000,1000,1000,1000.000000,1,0,0,1,0.108829,0.231104,0.366464,0.001397,0.106808,0.106808,0.058253,0.058256,107,0.486000,1.032000,0.133000,0.236196,1.065024,0.017689,1,1,1.500000,-0.011137,0.132233,-0.039707,-0.000859,0.018369,0.379784,0.390001,5.588102,0.012000,0.023000,0.016000,1.189575,3.466894,-107.353508,0.000000,0.000000,0.000000,0.000000,0.000000,0.000000,0.000000,0.000000,0.000000,0.000000,0,0.393735,0.045082,1,0,0,0.000000,0.000000,0.000000,0.000000,0.000000,0.000000,0.000000,0.000000,0,0.000000,0.000000,0.000000,0.000000,0,0,0,0,0,0.000000,0.000000,0.000000,0.000000,0.000000,0.000000,0.000000,0.000000,0.000000,0,0.000000,0.000000,0.000000
56741,28.395725,100418.804688,0.070000,20,1,1000,1000,1000,1000,1000.000000,1,0,0,1,0.111892,0.232825,0.370527,0.002526,0.106703,0.106703,0.059342,0.059345,82,0.486000,1.032000,0.137000,0.236196,1.065024,0.018769,1,1,1.500000,-0.011130,0.132192,-0.039720,-0.001215,0.018061,0.379784,0.390001,5.592100,0.000000,-0.021000,0.005000,1.190356,3.463370,-107.356476,0.000000,0.000000,0.000000,0.000000,0.000000,0.000000,0.000000,0.000000,0.000000,0.000000,0,0.387691,0.043706,1,0,0,0.000000,0.000000,0.000000,0.000000,0.000000,0.000000,0.000000,0.000000,0,0.000000,0.000000,0.000000,0.000000,0,0,0,0,0,0.000000,0.000000,0.000000,0.000000,0.000000,0.000000,0.000000,0.000000,0.000000,0,0.000000,0.000000,0.000000
56836,28.388542,100417.304688,0.090000,24,1,1000,1000,1000,1000,1000.000000,1,0,0,1,0.114941,0.234645,0.374408,0.003471,0.106415,0.106415,0.057594,0.057597,49,0.486000,1.032000,0.134000,0.236196,1.065024,0.017956,1,1,1.500000,-0.011126,0.132138,-0.039723,-0.001249,0.018036,0.379784,0.390001,5.606100,0.005000,0.012000,0.013000,1.190791,3.465560,-107.359329,0.000000,0.000000,0.000000,0.000000,0.000000,0.000000,0.000000,0.000000,0.000000,0.000000,0,0.411922,0.049349,1,0,0,0.000000,0.000000,0.000000,0.000000,0.000000,0.000000,0.000000,0.000000,0,0.000000,0.000000,0.000000,0.000000,0,0,0,0,0,0.000000,0.000000,0.000000,0.000000,0.000000,0.000000,0.000000,0.000000,0.000000,0,0.000000,0.000000,0.000000
56931,28.392185,100419.398438,0.090000,33,1,1000,1000,1000,1000,1000.000000,1,0,0,1,0.118073,0.236374,0.377879,0.004641,0.106310,0.106310,0.058000,0.058003,17,0.486000,1.032000,0.142000,0.236196,1.065024,0.020164,1,1,1.500000,-0.011119,0.132083,-0.039756,-0.000913,0.018240,0.390883,0.390001,5.611101,0.004000,-0.006000,0.012000,1.192429,3.464441,-107.362122,0.000000,0.000000,0.000000,0.000000,0.000000,0.000000,0.000000,0.000000,0.000000,0.000000,0,0.396856,0.045794,1,0,0,0.000000,0.000000,0.000000,0.000000,0.000000,0.000000,0.000000,0.000000,0,0.000000,0.000000,0.000000,0.000000,0,0,0,0,0,0.000000,0.000000,0.000000,0.000000,0.000000,0.000000,0.000000,0.000000,0.000000,0,0.000000,0.000000,0.000000
57054,28.385826,100418.101563,0.110000,0,1,1000,1000,1000,1000,1000.000000,1,0,0,1,0.121183,0.238210,0.381711,0.005531,0.106379,0.106379,0.060476,0.060479,14,0.486000,1.032000,0.143000,0.236196,1.065024,0.020449,1,1,1.500000,-0.011125,0.132000,-0.039814,-0.001134,0.017381,0.390883,0.398838,5.623102,0.007000,-0.002000,0.017000,1.194078,3.463923,-107.365875,0.000000,0.000000,0.000000,0.000000,0.000000,0.000000,0.000000,0.000000,0.000000,0.000000,0,0.410547,0.049016,1,0,0,0.000000,0.000000,0.000000,0.000000,0.000000,0.000000,0.000000,0.000000,0,0.000000,0.000000,0.000000,0.000000,0,0,0,0,0,0.000000,0.000000,0.000000,0.000000,0.000000,0.000000,0.000000,0.000000,0.000000,0,0.000000,0.000000,0.000000
57143,28.391275,100419.304688,0.110000,0,1,1000,1000,1000,1000,1000.000000,1,0,0,1,0.121181,0.238207,0.365646,0.000740,0.106672,0.106673,0.058275,0.058278,103,0.486000,1.032000,0.143000,0.236196,1.065024,0.020449,1,1,1.500000,-0.011125,0.132000,-0.039814,-0.001134,0.017381,0.390883,0.398838,5.623102,0.007000,-0.002000,0.017000,1.194097,3.462883,-107.368561,0.000000,0.000000,0.000000,0.000000,0.000000,0.000000,0.000000,0.000000,0.000000,0.000000,0,0.433786,0.054708,1,0,0,0.000000,0.000000,0.000000,0.000000,0.000000,0.000000,0.000000,0.000000,0,0.000000,0.000000,0.000000,0.000000,0,0,0,0,0,0.000000,0.000000,0.000000,0.000000,0.000000,0.000000,0.000000,0.000000,0.000000,0,0.000000,0.000000,0.000000
57241,28.395216,100419.601563,0.100000,0,1,1000,1000,1000,1000,1000.000000,1,0,0,1,0.124375,0.240042,0.368515,0.001917,0.106571,0.106571,0.059205,0.059208,76,0.486000,1.032000,0.114000,0.236196,1.065024,0.012996,1,1,1.500000,-0.011142,0.131933,-0.039848,-0.001331,0.017323,0.401982,0.398838,5.622102,0.008000,0.005000,0.002000,1.195465,3.463910,-107.371582,0.000000,0.000000,0.000000,0.000000,0.000000,0.000000,0.000000,0.000000,0.000000,0.000000,0,0.426435,0.052879,1,0,0,0.000000,0.000000,0.000000,0.000000,0.000000,0.000000,0.000000,0.000000,0,0.000000,0.000000,0.000000,0.000000,0,0,0,0,0,0.000000,0.000000,0.000000,0.000000,0.000000,0.000000,0.000000,0.000000,0.000000,0,0.000000,0.000000,0.000000
57335,28.394638,100418.804688,0.090000,3,1,1000,1000,1000,1000,1000.000000,1,0,0,1,0.127479,0.241945,0.364666,0.001202,0.106301,0.106302,0.057643,0.057646,45,0.486000,1.032000,0.119000,0.236196,1.065024,0.014161,1,1,1.500000,-0.011143,0.131865,-0.039873,-0.001277,0.017276,0.401982,0.407676,5.633100,-0.007000,0.007000,0.016000,1.194876,3.463078,-107.374382,0.000000,0.000000,0.000000,0.000000,0.000000,0.000000,0.000000,0.000000,0.000000,0.000000,0,0.402098,0.047020,1,0,0,0.000000,0.000000,0.000000,0.000000,0.000000,0.000000,0.000000,0.000000,0,0.000000,0.000000,0.000000,0.000000,0,0,0,0,0,0.000000,0.000000,0.000000,0.000000,0.000000,0.000000,0.000000,0.000000,0.000000,0,0.000000,0.000000,0.000000
57440,28.394201,100419.304688,0.090000,0,1,1000,1000,1000,1000,1000.000000,1,0,0,1,0.130760,0.243781,0.376020,0.004837,0.106175,0.106175,0.057836,0.057839,26,0.486000,1.032000,0.127000,0.236196,1.065024,0.016129,1,1,1.500000,-0.011129,0.131779,-0.039887,-0.000927,0.016801,0.413081,0.407676,5.633100,0.018000,-0.011000,0.007000,1.197593,3.460577,-107.377647,0.000000,0.000000,0.000000,0.000000,0.000000,0.000000,0.000000,0.000000,0.000000,0.000000,0,0.394725,0.045308,1,0,0,0.000000,0.000000,0.000000,0.000000,0.000000,0.000000,0.000000,0.000000,0,0.000000,0.000000,0.000000,0.000000,0,0,0,0,0,0.000000,0.000000,0.000000,0.000000,0.000000,0.000000,0.000000,0.000000,0.000000,0,0.000000,0.000000,0.000000
57566,28.392921,100419.101563,0.070000,32,1,1000,1000,1000,1000,1000.000000,1,0,0,1,0.133913,0.245668,0.373253,0.004155,0.106237,0.106237,0.060296,0.060300,29,0.486000,1.032000,0.115000,0.236196,1.065024,0.013225,1,1,1.500000,-0.011115,0.131709,-0.039901,-0.000915,0.016786,0.413081,0.407676,5.644102,-0.010000,0.009000,0.010000,1.194093,3.460707,-107.381615,0.000000,0.000000,0.000000,0.000000,0.000000,0.000000,0.000000,0.000000,0.000000,0.000000,0,0.371573,0.040144,1,0,0,0.000000,0.000000,0.000000,0.000000,0.000000,0.000000,0.000000,0.000000,0,0.000000,0.000000,0.000000,0.000000,0,0,0,0,0,0.000000,0.000000,0.000000,0.000000,0.000000,0.000000,0.000000,0.000000,0.000000,0,0.000000,0.000000,0.000000
57633,28.394533,100419.101563,0.060000,11,1,1000,1000,1000,1000,1000.000000,1,0,0,1,0.133906,0.245672,0.359559,0.000223,0.106532,0.106532,0.058169,0.058172,96,0.486000,1.032000,0.115000,0.236196,1.065024,0.013225,1,1,1.500000,-0.011115,0.131709,-0.039901,-0.000915,0.016786,0.413081,0.407676,5.644102,-0.010000,0.009000,0.010000,1.192834,3.460441,-107.383659,0.000000,0.000000,0.000000,0.000000,0.000000,0.000000,0.000000,0.000000,0.000000,0.000000,0,0.366324,0.039026,1,0,0,0.000000,0.000000,0.000000,0.000000,0.000000,0.000000,0.000000,0.000000,0,0.000000,0.000000,0.000000,0.000000,0,0,0,0,0,0.000000,0.000000,0.000000,0.000000,0.000000,0.000000,0.000000,0.000000,0.000000,0,0.000000,0.000000,0.000000
57741,28.391661,100419.203125,0.070000,20,1,1000,1000,1000,1000,1000.000000,1,0,0,1,0.137162,0.247642,0.364116,0.001980,0.106382,0.106383,0.057962,0.057965,82,0.486000,1.032000,0.119000,0.236196,1.065024,0.014161,1,1,1.500000,-0.011111,0.131654,-0.039916,-0.001213,0.017211,0.413081,0.416514,5.645101,0.030000,0.015000,0.012000,1.194581,3.463083,-107.386940,0.000000,0.000000,0.000000,0.000000,0.000000,0.000000,0.000000,0.000000,0.000000,0.000000,0,0.381119,0.042242,1,0,0,0.000000,0.000000,0.000000,0.000000,0.000000,0.000000,0.000000,0.000000,0,0.000000,0.000000,0.000000,0.000000,0,0,0,0,0,0.000000,0.000000,0.000000,0.000000,0.000000,0.000000,0.000000,0.000000,0.000000,0,0.000000,0.000000,0.000000
57837,28.393255,100418.203125,0.090000,30,1,1000,1000,1000,1000,1000.000000,1,0,0,1,0.140389,0.249487,0.368202,0.003234,0.106143,0.106144,0.057066,0.057069,49,0.486000,1.032000,0.138000,0.236196,1.065024,0.019044,1,1,1.500000,-0.011109,0.131587,-0.039940,-0.001222,0.017224,0.424180,0.416514,5.655099,-0.001000,-0.015000,0.016000,1.194438,3.460592,-107.389870,0.000000,0.000000,0.000000,0.000000,0.000000,0.000000,0.000000,0.000000,0.000000,0.000000,0,0.405829,0.047890,1,0,0,0.000000,0.000000,0.000000,0.000000,0.000000,0.000000,0.000000,0.000000,0,0.000000,0.000000,0.000000,0.000000,0,0,0,0,0,0.000000,0.000000,0.000000,0.000000,0.000000,0.000000,0.000000,0.000000,0.000000,0,0.000000,0.000000,0.000000
57933,28.387545,100418.000000,0.110000,40,1,1000,1000,1000,1000,1000.000000,1,0,0,1,0.143573,0.251454,0.371674,0.004021,0.106013,0.106013,0.056651,0.056653,21,0.486000,1.032000,0.121000,0.236196,1.065024,0.014641,1,1,1.500000,-0.011103,0.131515,-0.039949,-0.001178,0.017281,0.424180,0.425351,5.658102,-0.003000,-0.009000,0.015000,1.193670,3.461455,-107.392845,0.000000,0.000000,0.000000,0.000000,0.000000,0.000000,0.000000,0.000000,0.000000,0.000000,0,0.410751,0.049062,1,0,0,0.000000,0.000000,0.000000,0.000000,0.000000,0.000000,0.000000,0.000000,0,0.000000,0.000000,0.000000,0.000000,0,0,0,0,0,0.000000,0.000000,0.000000,0.000000,0.000000,0.000000,0.000000,0.000000,0.000000,0,0.000000,0.000000,0.000000
58054,28.391853,100419.304688,0.090000,0,1,1000,1000,1000,1000,1000.000000,1,0,0,1,0.146799,0.253384,0.375344,0.005413,0.106037,0.106038,0.058357,0.058360,9,0.486000,1.031000,0.125000,0.236196,1.062961,0.015625,1,1,1.500000,-0.011094,0.131442,-0.039954,-0.001174,0.017281,0.424180,0.425351,5.655099,0.017000,-0.005000,0.007000,1.196304,3.464348,-107.396141,0.000000,0.000000,0.000000,0.000000,0.000000,0.000000,0.000000,0.000000,0.000000,0.000000,0,0.404072,0.047478,1,0,0,0.000000,0.000000,0.000000,0.000000,0.000000,0.000000,0.000000,0.000000,0,0.000000,0.000000,0.000000,0.000000,0,0,0,0,0,0.000000,0.000000,0.000000,0.000000,0.000000,0.000000,0.000000,0.000000,0.000000,0,0.000000,0.000000,0.000000
58134,28.393482,100420.203125,0.080000,37,1,1000,1000,1000,1000,1000.000000,1,0,0,1,0.146794,0.253384,0.360799,0.001286,0.106387,0.106387,0.057487,0.057490,89,0.486000,1.031000,0.125000,0.236196,1.062961,0.015625,1,1,1.500000,-0.011094,0.131442,-0.039954,-0.001174,0.017281,0.424180,0.425351,5.655099,0.017000,-0.005000,0.007000,1.194652,3.465051,-107.398926,0.000000,0.000000,0.000000,0.000000,0.000000,0.000000,0.000000,0.000000,0.000000,0.000000,0,0.388034,0.043784,1,0,0,0.000000,0.000000,0.000000,0.000000,0.000000,0.000000,0.000000,0.000000,0,0.000000,0.000000,0.000000,0.000000,0,0,0,0,0,0.000000,0.000000,0.000000,0.000000,0.000000,0.000000,0.000000,0.000000,0.000000,0,0.000000,0.000000,0.000000
58245,28.393272,100419.500000,0.080000,0,1,1000,1000,1000,1000,1000.000000,1,0,0,1,0.149840,0.255467,0.364795,0.002835,0.106323,0.106324,0.058283,0.058286,79,0.485000,1.031000,0.115000,0.235225,1.062961,0.013225,1,1,1.500000,-0.011080,0.131383,-0.039954,-0.001037,0.017399,0.424180,0.434189,5.658102,-0.021000,0.016000,0.007000,1.190069,3.467038,-107.402580,0.000000,0.000000,0.000000,0.000000,0.000000,0.000000,0.000000,0.000000,0.000000,0.000000,0,0.402240,0.047051,1,0,0,0.000000,0.000000,0.000000,0.000000,0.000000,0.000000,0.000000,0.000000,0,0.000000,0.000000,0.000000,0.000000,0,0,0,0,0,0.000000,0.000000,0.000000,0.000000,0.000000,0.000000,0.000000,0.000000,0.000000,0,0.000000,0.000000,0.000000
58339,28.390224,100418.898438,0.080000,0,1,1000,1000,1000,1000,1000.000000,1,0,0,1,0.153090,0.257445,0.369092,0.004225,0.106064,0.106064,0.056290,0.056293,47,0.485000,1.031000,0.116000,0.235225,1.062961,0.013456,1,1,1.500000,-0.011024,0.131286,-0.039795,-0.000655,0.017313,0.435278,0.434189,5.661100,0.016000,-0.006000,0.002000,1.191284,3.466671,-107.405296,0.000000,0.000000,0.000000,0.000000,0.000000,0.000000,0.000000,0.000000,0.000000,0.000000,0,0.377678,0.041475,1,0,0,0.000000,0.000000,0.000000,0.000000,0.000000,0.000000,0.000000,0.000000,0,0.000000,0.000000,0.000000,0.000000,0,0,0,0,0,0.000000,0.000000,0.000000,0.000000,0.000000,0.000000,0.000000,0.000000,0.000000,0,0.000000,0.000000,0.000000
58447,28.389593,100418.101563,0.100000,7,1,1000,1000,1000,1000,1000.000000,1,0,0,1,0.156297,0.259426,0.365910,0.003195,0.105964,0.105965,0.057121,0.057124,34,0.485000,1.031000,0.138000,0.235225,1.062961,0.019044,1,1,1.500000,-0.010974,0.131188,-0.039638,-0.000741,0.017227,0.435278,0.434189,5.665102,0.006000,0.001000,0.013000,1.192919,3.465847,-107.408577,0.000000,0.000000,0.000000,0.000000,0.000000,0.000000,0.000000,0.000000,0.000000,0.000000,0,0.413545,0.049735,1,0,0,0.000000,0.000000,0.000000,0.000000,0.000000,0.000000,0.000000,0.000000,0,0.000000,0.000000,0.000000,0.000000,0,0,0,0,0,0.000000,0.000000,0.000000,0.000000,0.000000,0.000000,0.000000,0.000000,0.000000,0,0.000000,0.000000,0.000000
58549,28.392221,100420.000000,0.080000,11,1,1000,1000,1000,1000,1000.000000,1,0,0,1,0.159449,0.261466,0.370199,0.004255,0.105985,0.105985,0.059435,0.059438,11,0.485000,1.031000,0.139000,0.235225,1.062961,0.019321,1,1,1.500000,-0.010915,0.131105,-0.039472,-0.000599,0.017335,0.435278,0.443026,5.660100,0.007000,-0.007000,0.012000,1.195456,3.463944,-107.411636,0.000000,0.000000,0.000000,0.000000,0.000000,0.000000,0.000000,0.000000,0.000000,0.000000,0,0.378666,0.041694,1,0,0,0.000000,0.000000,0.000000,0.000000,0.000000,0.000000,0.000000,0.000000,0,0.000000,0.000000,0.000000,0.000000,0,0,0,0,0,0.000000,0.000000,0.000000,0.000000,0.000000,0.000000,0.000000,0.000000,0.000000,0,0.000000,0.000000,0.000000
58681,28.394550,100419.703125,0.070000,0,1,1000,1000,1000,1000,1000.000000,1,0,0,1,0.162725,0.263517,0.367614,0.003260,0.106027,0.106027,0.061928,0.061932,21,0.485000,1.030000,0.131000,0.235225,1.060900,0.017161,1,1,1.500000,-0.010867,0.131035,-0.039299,-0.000641,0.017379,0.446377,0.443026,5.660100,0.015000,0.002000,0.012000,1.198308,3.464481,-107.415588,0.000000,0.000000,0.000000,0.000000,0.000000,0.000000,0.000000,0.000000,0.000000,0.000000,0,0.384777,0.043051,1,0,0,0.000000,0.000000,0.000000,0.000000,0.000000,0.000000,0.000000,0.000000,0,0.000000,0.000000,0.000000,0.000000,0,0,0,0,0,0.000000,0.000000,0.000000,0.000000,0.000000,0.000000,0.000000,0.000000,0.000000,0,0.000000,0.000000,0.000000
58735,28.390802,100419.101563,0.070000,0,1,1000,1000,1000,1000,1000.000000,1,0,0,1,0.162727,0.263509,0.367605,0.003318,0.106155,0.106155,0.057825,0.057828,75,0.485000,1.030000,0.131000,0.235225,1.060900,0.017161,1,1,1.500000,-0.010867,0.131035,-0.039299,-0.000641,0.017379,0.446377,0.443026,5.660100,0.015000,0.002000,0.012000,1.198489,3.463962,-107.417099,0.000000,0.000000,0.000000,0.000000,0.000000,0.000000,0.000000,0.000000,0.000000,0.000000,0,0.384777,0.043051,1,0,0,0.000000,0.000000,0.000000,0.000000,0.000000,0.000000,0.000000,0.000000,0,0.000000,0.000000,0.000000,0.000000,0,0,0,0,0,0.000000,0.000000,0.000000,0.000000,0.000000,0.000000,0.000000,0.000000,0.000000,0,0.000000,0.000000,0.000000
58846,28.390556,100418.804688,0.070000,0,1,1000,1000,1000,1000,1000.000000,1,0,0,1,0.165895,0.265655,0.372345,0.004366,0.106077,0.106077,0.058367,0.058370,58,0.485000,1.030000,0.114000,0.235225,1.060900,0.012996,1,1,1.500000,-0.010807,0.130958,-0.039124,-0.000389,0.017869,0.446377,0.451864,5.664102,-0.003000,0.007000,0.011000,1.198218,3.464170,-107.420616,0.000000,0.000000,0.000000,0.000000,0.000000,0.000000,0.000000,0.000000,0.000000,0.000000,0,0.370638,0.039940,1,0,0,0.000000,0.000000,0.000000,0.000000,0.000000,0.000000,0.000000,0.000000,0,0.000000,0.000000,0.000000,0.000000,0,0,0,0,0,0.000000,0.000000,0.000000,0.000000,0.000000,0.000000,0.000000,0.000000,0.000000,0,0.000000,0.000000,0.000000
58941,28.389856,100418.304688,0.070000,3,1,1000,1000,1000,1000,1000.000000,1,0,0,1,0.169018,0.267861,0.369912,0.003617,0.105797,0.105797,0.056104,0.056106,28,0.485000,1.030000,0.131000,0.235225,1.060900,0.017161,1,1,1.500000,-0.010733,0.130880,-0.038952,-0.000326,0.017810,0.446377,0.460702,5.667100,-0.004000,0.011000,0.001000,1.198053,3.463559,-107.423447,0.000000,0.000000,0.000000,0.000000,0.000000,0.000000,0.000000,0.000000,0.000000,0.000000,0,0.387090,0.043573,1,0,0,0.000000,0.000000,0.000000,0.000000,0.000000,0.000000,0.000000,0.000000,0,0.000000,0.000000,0.000000,0.000000,0,0,0,0,0,0.000000,0.000000,0.000000,0.000000,0.000000,0.000000,0.000000,0.000000,0.000000,0,0.000000,0.000000,0.000000
59040,28.392097,100419.804688,0.070000,17,1,1000,1000,1000,1000,1000.000000,1,0,0,1,0.172260,0.269965,0.374531,0.005262,0.105866,0.105866,0.058382,0.058385,0,0.485000,1.030000,0.134000,0.235225,1.060900,0.017956,1,1,1.500000,-0.010668,0.130790,-0.038797,-0.000474,0.017722,0.457476,0.460702,5.670099,0.003000,-0.021000,0.002000,1.200133,3.459363,-107.427010,0.000000,0.000000,0.000000,0.000000,0.000000,0.000000,0.000000,0.000000,0.000000,0.000000,0,0.372869,0.040422,1,0,0,0.000000,0.000000,0.000000,0.000000,0.000000,0.000000,0.000000,0.000000,0,0.000000,0.000000,0.000000,0.000000,0,0,0,0,0,0.000000,0.000000,0.000000,0.000000,0.000000,0.000000,0.000000,0.000000,0.000000,0,0.000000,0.000000,0.000000
59145,28.393080,100419.898438,0.050000,36,1,1000,1000,1000,1000,1000.000000,1,0,0,1,0.172259,0.269967,0.361124,0.001589,0.106225,0.106225,0.057433,0.057435,105,0.485000,1.030000,0.134000,0.235225,1.060900,0.017956,1,1,1.500000,-0.010668,0.130790,-0.038797,-0.000474,0.017722,0.457476,0.460702,5.670099,0.003000,-0.021000,0.002000,1.199526,3.459019,-107.429749,0.000000,0.000000,0.000000,0.000000,0.000000,0.000000,0.000000,0.000000,0.000000,0.000000,0,0.357810,0.037228,1,0,0,0.000000,0.000000,0.000000,0.000000,0.000000,0.000000,0.000000,0.000000,0,0.000000,0.000000,0.000000,0.000000,0,0,0,0,0,0.000000,0.000000,0.000000,0.000000,0.000000,0.000000,0.000000,0.000000,0.000000,0,0.000000,0.000000,0.000000
59229,28.389944,100420.304688,0.040000,34,1,1000,1000,1000,1000,1000.000000,1,0,0,1,0.175422,0.272206,0.366805,0.003165,0.106432,0.106432,0.067186,0.067190,62,0.485000,1.029000,0.133000,0.235225,1.058841,0.017689,1,1,1.500000,-0.010599,0.130693,-0.038643,-0.000303,0.017855,0.457476,0.469539,5.665102,-0.012000,0.000000,-0.010000,1.197727,3.458546,-107.432381,0.000000,0.000000,0.000000,0.000000,0.000000,0.000000,0.000000,0.000000,0.000000,0.000000,0,0.353226,0.036286,1,0,0,0.000000,0.000000,0.000000,0.000000,0.000000,0.000000,0.000000,0.000000,0,0.000000,0.000000,0.000000,0.000000,0,0,0,0,0,0.000000,0.000000,0.000000,0.000000,0.000000,0.000000,0.000000,0.000000,0.000000,0,0.000000,0.000000,0.000000
59342,28.391766,100421.398438,0.010000,3,1,1000,1000,1000,1000,1000.000000,1,0,0,1,0.178550,0.274403,0.366645,0.002904,0.105844,0.105844,0.055782,0.055785,51,0.485000,1.029000,0.127000,0.235225,1.058841,0.016129,1,1,1.500000,-0.010528,0.130611,-0.038496,-0.000307,0.017904,0.457476,0.469539,5.667100,-0.003000,-0.005000,-0.006000,1.195221,3.458023,-107.435951,0.000000,0.000000,0.000000,0.000000,0.000000,0.000000,0.000000,0.000000,0.000000,0.000000,0,0.322563,0.030263,1,0,0,0.000000,0.000000,0.000000,0.000000,0.000000,0.000000,0.000000,0.000000,0,0.000000,0.000000,0.000000,0.000000,0,0,0,0,0,0.000000,0.000000,0.000000,0.000000,0.000000,0.000000,0.000000,0.000000,0.000000,0,0.000000,0.000000,0.000000
59441,28.382183,100418.101563,0.020000,0,1,1000,1000,1000,1000,1000.000000,1,0,0,1,0.181809,0.276715,0.373394,0.004924,0.105896,0.105896,0.058077,0.058080,28,0.484000,1.029000,0.117000,0.234256,1.058841,0.013689,1,1,1.500000,-0.010458,0.130546,-0.038358,-0.000308,0.017965,0.468575,0.478377,5.670099,0.002000,0.009000,-0.010000,1.194540,3.459923,-107.439270,0.000000,0.000000,0.000000,0.000000,0.000000,0.000000,0.000000,0.000000,0.000000,0.000000,0,0.339614,0.033545,1,0,0,0.000000,0.000000,0.000000,0.000000,0.000000,0.000000,0.000000,0.000000,0,0.000000,0.000000,0.000000,0.000000,0,0,0,0,0,0.000000,0.000000,0.000000,0.000000,0.000000,0.000000,0.000000,0.000000,0.000000,0,0.000000,0.000000,0.000000
59543,28.387772,100417.804688,0.040000,9,1,1000,1000,1000,1000,1000.000000,1,0,0,1,0.181822,0.276729,0.360959,0.001105,0.106217,0.106217,0.056170,0.056172,1,0.484000,1.029000,0.109000,0.234256,1.058841,0.011881,1,1,1.500000,-0.010383,0.130492,-0.038210,-0.000308,0.017969,0.468575,0.478377,5.670099,0.003000,0.005000,-0.007000,1.193656,3.460843,-107.441940,0.000000,0.000000,0.000000,0.000000,0.000000,0.000000,0.000000,0.000000,0.000000,0.000000,0,0.347399,0.035096,1,0,0,0.000000,0.000000,0.000000,0.000000,0.000000,0.000000,0.000000,0.000000,0,0.000000,0.000000,0.000000,0.000000,0,0,0,0,0,0.000000,0.000000,0.000000,0.000000,0.000000,0.000000,0.000000,0.000000,0.000000,0,0.000000,0.000000,0.000000
59652,28.390188,100420.203125,0.040000,0,1,1000,1000,1000,1000,1000.000000,1,0,0,1,0.185039,0.279096,0.372732,0.004590,0.106109,0.106109,0.056244,0.056247,110,0.484000,1.029000,0.109000,0.234256,1.058841,0.011881,1,1,1.500000,-0.010383,0.130492,-0.038210,-0.000308,0.017969,0.468575,0.487215,5.674100,0.003000,0.005000,-0.007000,1.192847,3.462669,-107.445541,0.000000,0.000000,0.000000,0.000000,0.000000,0.000000,0.000000,0.000000,0.000000,0.000000,0,0.369523,0.039708,1,0,0,0.000000,0.000000,0.000000,0.000000,0.000000,0.000000,0.000000,0.000000,0,0.000000,0.000000,0.000000,0.000000,0,0,0,0,0,0.000000,0.000000,0.000000,0.000000,0.000000,0.000000,0.000000,0.000000,0.000000,0,0.000000,0.000000,0.000000
59789,28.386721,100420.101563,0.010000,9,1,1000,1000,1000,1000,1000.000000,1,0,0,1,0.188133,0.281372,0.366427,0.002612,0.106417,0.106417,0.061438,0.061441,127,0.484000,1.029000,0.130000,0.234256,1.058841,0.016900,1,1,1.500000,-0.010310,0.130441,-0.038061,-0.000310,0.017968,0.468575,0.487215,5.670099,-0.020000,-0.012000,-0.016000,1.191383,3.463154,-107.449791,0.000000,0.000000,0.000000,0.000000,0.000000,0.000000,0.000000,0.000000,0.000000,0.000000,0,0.322403,0.030226,1,0,0,0.000000,0.000000,0.000000,0.000000,0.000000,0.000000,0.000000,0.000000,0,0.000000,0.000000,0.000000,0.000000,0,0,0,0,0,0.000000,0.000000,0.000000,0.000000,0.000000,0.000000,0.000000,0.000000,0.000000,0,0.000000,0.000000,0.000000
59848,28.391083,100420.304688,0.010000,25,1,1000,1000,1000,1000,1000.000000,1,0,0,1,0.191326,0.283788,0.378848,0.006070,0.105791,0.105791,0.055168,0.055171,59,0.484000,1.028000,0.104000,0.234256,1.056784,0.010816,1,1,1.500000,-0.010239,0.130390,-0.037917,-0.000311,0.017972,0.468575,0.496052,5.674100,0.013000,-0.003000,-0.003000,1.193606,3.466084,-107.451385,0.000000,0.000000,0.000000,0.000000,0.000000,0.000000,0.000000,0.000000,0.000000,0.000000,0,0.335270,0.032687,1,0,0,0.000000,0.000000,0.000000,0.000000,0.000000,0.000000,0.000000,0.000000,0,0.000000,0.000000,0.000000,0.000000,0,0,0,0,0,0.000000,0.000000,0.000000,0.000000,0.000000,0.000000,0.000000,0.000000,0.000000,0,0.000000,0.000000,0.000000
59930,28.383287,100417.000000,0.030000,21,1,1000,1000,1000,1000,1000.000000,1,0,0,1,0.194614,0.286161,0.385340,0.007736,0.105938,0.105938,0.064453,0.064457,17,0.484000,1.028000,0.110000,0.234256,1.056784,0.012100,1,1,1.500000,-0.010167,0.130341,-0.037762,-0.000294,0.017935,0.479674,0.496052,5.667100,0.012000,0.005000,-0.010000,1.195768,3.468303,-107.453857,0.000000,0.000000,0.000000,0.000000,0.000000,0.000000,0.000000,0.000000,0.000000,0.000000,0,0.343109,0.034234,1,0,0,0.000000,0.000000,0.000000,0.000000,0.000000,0.000000,0.000000,0.000000,0,0.000000,0.000000,0.000000,0.000000,0,0,0,0,0,0.000000,0.000000,0.000000,0.000000,0.000000,0.000000,0.000000,0.000000,0.000000,0,0.000000,0.000000,0.000000
60029,28.386072,100418.703125,0.030000,34,1,1000,1000,1000,1000,1000.000000,1,0,0,1,0.194607,0.286149,0.372749,0.003882,0.106488,0.106488,0.065637,0.065641,116,0.484000,1.028000,0.110000,0.234256,1.056784,0.012100,1,1,1.500000,-0.010167,0.130341,-0.037762,-0.000294,0.017935,0.479674,0.496052,5.667100,0.012000,0.005000,-0.010000,1.193556,3.468431,-107.457001,0.000000,0.000000,0.000000,0.000000,0.000000,0.000000,0.000000,0.000000,0.000000,0.000000,0,0.349051,0.035435,1,0,0,0.000000,0.000000,0.000000,0.000000,0.000000,0.000000,0.000000,0.000000,0,0.000000,0.000000,0.000000,0.000000,0,0,0,0,0,0.000000,0.000000,0.000000,0.000000,0.000000,0.000000,0.000000,0.000000,0.000000,0,0.000000,0.000000,0.000000
60131,28.383410,100419.203125,0.020000,31,1,1000,1000,1000,1000,1000.000000,1,0,0,1,0.197787,0.288633,0.378934,0.005990,0.106403,0.106403,0.065730,0.065734,93,0.484000,1.028000,0.116000,0.234256,1.056784,0.013456,1,1,1.500000,-0.010093,0.130304,-0.037614,-0.000307,0.017967,0.479674,0.504890,5.670099,-0.003000,0.009000,0.003000,1.190900,3.470146,-107.460609,0.000000,0.000000,0.000000,0.000000,0.000000,0.000000,0.000000,0.000000,0.000000,0.000000,0,0.345172,0.034648,1,0,0,0.000000,0.000000,0.000000,0.000000,0.000000,0.000000,0.000000,0.000000,0,0.000000,0.000000,0.000000,0.000000,0,0,0,0,0,0.000000,0.000000,0.000000,0.000000,0.000000,0.000000,0.000000,0.000000,0.000000,0,0.000000,0.000000,0.000000
60242,28.386616,100418.898438,0.020000,0,1,1000,1000,1000,1000,1000.000000,1,0,0,1,0.200938,0.291021,0.385462,0.007810,0.106273,0.106273,0.065367,0.065372,69,0.484000,1.028000,0.134000,0.234256,1.056784,0.017956,1,1,1.500000,-0.010027,0.130282,-0.037457,-0.000296,0.018128,0.479674,0.504890,5.662099,-0.001000,-0.010000,-0.007000,1.189075,3.468891,-107.464264,0.000000,0.000000,0.000000,0.000000,0.000000,0.000000,0.000000,0.000000,0.000000,0.000000,0,0.341393,0.033892,1,0,0,0.000000,0.000000,0.000000,0.000000,0.000000,0.000000,0.000000,0.000000,0,0.000000,0.000000,0.000000,0.000000,0,0,0,0,0,0.000000,0.000000,0.000000,0.000000,0.000000,0.000000,0.000000,0.000000,0.000000,0,0.000000,0.000000,0.000000
60343,28.387123,100420.398438,0.010000,12,1,1000,1000,1000,1000,1000.000000,1,0,0,1,0.204217,0.293577,0.385256,0.007761,0.106144,0.106145,0.065137,0.065141,49,0.484000,1.028000,0.126000,0.234256,1.056784,0.015876,1,1,1.500000,-0.009977,0.130239,-0.037329,-0.000361,0.018029,0.490773,0.513728,5.668100,0.010000,0.013000,0.003000,1.188797,3.471312,-107.467407,0.000000,0.000000,0.000000,0.000000,0.000000,0.000000,0.000000,0.000000,0.000000,0.000000,0,0.341542,0.033918,1,0,0,0.000000,0.000000,0.000000,0.000000,0.000000,0.000000,0.000000,0.000000,0,0.000000,0.000000,0.000000,0.000000,0,0,0,0,0,0.000000,0.000000,0.000000,0.000000,0.000000,0.000000,0.000000,0.000000,0.000000,0,0.000000,0.000000,0.000000
60439,28.385231,100419.000000,0.020000,0,1,1000,1000,1000,1000,1000.000000,1,0,0,1,0.207380,0.296126,0.391127,0.008972,0.105911,0.105911,0.064492,0.064496,26,0.484000,1.028000,0.137000,0.234256,1.056784,0.018769,1,1,1.500000,-0.009911,0.130167,-0.037214,0.000044,0.017676,0.490773,0.522565,5.654100,-0.008000,-0.003000,-0.014000,1.186707,3.469369,-107.470436,0.000000,0.000000,0.000000,0.000000,0.000000,0.000000,0.000000,0.000000,0.000000,0.000000,0,0.357778,0.037222,1,0,0,0.000000,0.000000,0.000000,0.000000,0.000000,0.000000,0.000000,0.000000,0,0.000000,0.000000,0.000000,0.000000,0,0,0,0,0,0.000000,0.000000,0.000000,0.000000,0.000000,0.000000,0.000000,0.000000,0.000000,0,0.000000,0.000000,0.000000
60537,28.382551,100420.101563,0.010000,6,1,1000,1000,1000,1000,1000.000000,1,0,0,1,0.207371,0.296116,0.378828,0.004620,0.106439,0.106439,0.065466,0.065471,124,0.484000,1.028000,0.137000,0.234256,1.056784,0.018769,1,1,1.500000,-0.009911,0.130167,-0.037214,0.000044,0.017676,0.490773,0.522565,5.654100,-0.008000,-0.003000,-0.014000,1.186370,3.467954,-107.473495,0.000000,0.000000,0.000000,0.000000,0.000000,0.000000,0.000000,0.000000,0.000000,0.000000,0,0.335093,0.032646,1,0,0,0.000000,0.000000,0.000000,0.000000,0.000000,0.000000,0.000000,0.000000,0,0.000000,0.000000,0.000000,0.000000,0,0,0,0,0,0.000000,0.000000,0.000000,0.000000,0.000000,0.000000,0.000000,0.000000,0.000000,0,0.000000,0.000000,0.000000
60631,28.380642,100417.804688,0.030000,11,1,1000,1000,1000,1000,1000.000000,1,0,0,1,0.210514,0.298657,0.384390,0.005937,0.106295,0.106295,0.065131,0.065135,93,0.484000,1.028000,0.121000,0.234256,1.056784,0.014641,1,1,1.500000,-0.009851,0.130100,-0.037106,0.000053,0.017670,0.490773,0.522565,5.660100,-0.005000,0.005000,-0.003000,1.185622,3.467425,-107.476318,0.000000,0.000000,0.000000,0.000000,0.000000,0.000000,0.000000,0.000000,0.000000,0.000000,0,0.361053,0.037908,1,0,0,0.000000,0.000000,0.000000,0.000000,0.000000,0.000000,0.000000,0.000000,0,0.000000,0.000000,0.000000,0.000000,0,0,0,0,0,0.000000,0.000000,0.000000,0.000000,0.000000,0.000000,0.000000,0.000000,0.000000,0,0.000000,0.000000,0.000000
60742,28.381990,100418.703125,0.050000,24,1,1000,1000,1000,1000,1000.000000,1,0,0,1,0.213688,0.301224,0.389058,0.007160,0.106215,0.106215,0.065619,0.065623,80,0.484000,1.028000,0.119000,0.234256,1.056784,0.014161,1,1,1.500000,-0.009796,0.130042,-0.037000,0.000052,0.017669,0.490773,0.531403,5.657102,0.012000,-0.009000,0.001000,1.188183,3.466137,-107.479729,0.000000,0.000000,0.000000,0.000000,0.000000,0.000000,0.000000,0.000000,0.000000,0.000000,0,0.386091,0.043345,1,0,0,0.000000,0.000000,0.000000,0.000000,0.000000,0.000000,0.000000,0.000000,0,0.000000,0.000000,0.000000,0.000000,0,0,0,0,0,0.000000,0.000000,0.000000,0.000000,0.000000,0.000000,0.000000,0.000000,0.000000,0,0.000000,0.000000,0.000000
60836,28.384880,100420.101563,0.040000,28,1,1000,1000,1000,1000,1000.000000,1,0,0,1,0.216971,0.303850,0.393674,0.008143,0.105927,0.105927,0.063431,0.063434,47,0.484000,1.027000,0.123000,0.234256,1.054729,0.015129,1,1,1.500000,-0.009731,0.129974,-0.036883,0.000053,0.017670,0.501872,0.531403,5.653100,0.014000,0.016000,0.001000,1.190436,3.468511,-107.482513,0.000000,0.000000,0.000000,0.000000,0.000000,0.000000,0.000000,0.000000,0.000000,0.000000,0,0.380491,0.042103,1,0,0,0.000000,0.000000,0.000000,0.000000,0.000000,0.000000,0.000000,0.000000,0,0.000000,0.000000,0.000000,0.000000,0,0,0,0,0,0.000000,0.000000,0.000000,0.000000,0.000000,0.000000,0.000000,0.000000,0.000000,0,0.000000,0.000000,0.000000
60969,28.381237,100419.703125,0.040000,32,1,1000,1000,1000,1000,1000.000000,1,0,0,1,0.220102,0.306442,0.391533,0.007372,0.105754,0.105755,0.057595,0.057598,56,0.484000,1.027000,0.111000,0.234256,1.054729,0.012321,1,1,1.500000,-0.009655,0.129917,-0.036742,-0.000013,0.017570,0.501872,0.540241,5.651102,-0.014000,-0.005000,0.000000,1.189316,3.464112,-107.486671,0.000000,0.000000,0.000000,0.000000,0.000000,0.000000,0.000000,0.000000,0.000000,0.000000,0,0.378651,0.041699,1,0,0,0.000000,0.000000,0.000000,0.000000,0.000000,0.000000,0.000000,0.000000,0,0.000000,0.000000,0.000000,0.000000,0,0,0,0,0,0.000000,0.000000,0.000000,0.000000,0.000000,0.000000,0.000000,0.000000,0.000000,0,0.000000,0.000000,0.000000
61035,28.382866,100418.601563,0.060000,12,1,1000,1000,1000,1000,1000.000000,1,0,0,1,0.220083,0.306471,0.377860,0.003303,0.106356,0.106356,0.065248,0.065252,122,0.484000,1.027000,0.111000,0.234256,1.054729,0.012321,1,1,1.500000,-0.009655,0.129917,-0.036742,-0.000013,0.017570,0.501872,0.540241,5.651102,-0.014000,-0.005000,0.000000,1.189229,3.464022,-107.488663,0.000000,0.000000,0.000000,0.000000,0.000000,0.000000,0.000000,0.000000,0.000000,0.000000,0,0.384892,0.043088,1,0,0,0.000000,0.000000,0.000000,0.000000,0.000000,0.000000,0.000000,0.000000,0,0.000000,0.000000,0.000000,0.000000,0,0,0,0,0,0.000000,0.000000,0.000000,0.000000,0.000000,0.000000,0.000000,0.000000,0.000000,0,0.000000,0.000000,0.000000
61139,28.385775,100419.398438,0.070000,30,1,1000,1000,1000,1000,1000.000000,1,0,0,1,0.223263,0.309061,0.381686,0.003483,0.106288,0.106289,0.065888,0.065892,100,0.484000,1.027000,0.110000,0.234256,1.054729,0.012100,1,1,1.500000,-0.009578,0.129867,-0.036607,0.000049,0.017666,0.501872,0.540241,5.654100,0.009000,-0.002000,0.001000,1.192194,3.462494,-107.491669,0.000000,0.000000,0.000000,0.000000,0.000000,0.000000,0.000000,0.000000,0.000000,0.000000,0,0.398864,0.046279,1,0,0,0.000000,0.000000,0.000000,0.000000,0.000000,0.000000,0.000000,0.000000,0,0.000000,0.000000,0.000000,0.000000,0,0,0,0,0,0.000000,0.000000,0.000000,0.000000,0.000000,0.000000,0.000000,0.000000,0.000000,0,0.000000,0.000000,0.000000
61229,28.384951,100420.703125,0.040000,34,1,1000,1000,1000,1000,1000.000000,1,0,0,1,0.226333,0.311824,0.386409,0.004395,0.105999,0.105999,0.063552,0.063556,59,0.484000,1.027000,0.130000,0.234256,1.054729,0.016900,1,1,1.500000,-0.009495,0.129825,-0.036456,0.000049,0.017668,0.501872,0.549078,5.649099,-0.010000,0.022000,-0.001000,1.190985,3.463865,-107.494537,0.000000,0.000000,0.000000,0.000000,0.000000,0.000000,0.000000,0.000000,0.000000,0.000000,0,0.373033,0.040483,1,0,0,0.000000,0.000000,0.000000,0.000000,0.000000,0.000000,0.000000,0.000000,0,0.000000,0.000000,0.000000,0.000000,0,0,0,0,0,0.000000,0.000000,0.000000,0.000000,0.000000,0.000000,0.000000,0.000000,0.000000,0,0.000000,0.000000,0.000000
61341,28.380220,100419.304688,0.050000,0,1,1000,1000,1000,1000,1000.000000,1,0,0,1,0.229457,0.314561,0.391220,0.005131,0.105899,0.105900,0.064108,0.064112,52,0.484000,1.027000,0.132000,0.234256,1.054729,0.017424,1,1,1.500000,-0.009420,0.129804,-0.036307,-0.000238,0.018069,0.501872,0.557916,5.655099,0.012000,-0.002000,0.009000,1.194537,3.462423,-107.497864,0.000000,0.000000,0.000000,0.000000,0.000000,0.000000,0.000000,0.000000,0.000000,0.000000,0,0.388071,0.043809,1,0,0,0.000000,0.000000,0.000000,0.000000,0.000000,0.000000,0.000000,0.000000,0,0.000000,0.000000,0.000000,0.000000,0,0,0,0,0,0.000000,0.000000,0.000000,0.000000,0.000000,0.000000,0.000000,0.000000,0.000000,0,0.000000,0.000000,0.000000
61442,28.380852,100420.203125,0.050000,0,1,1000,1000,1000,1000,1000.000000,1,0,0,1,0.232671,0.317272,0.395732,0.005796,0.105800,0.105800,0.064555,0.064559,29,0.483000,1.027000,0.120000,0.233289,1.054729,0.014400,1,1,1.500000,-0.009345,0.129784,-0.036161,-0.000234,0.018074,0.512970,0.557916,5.649099,0.010000,0.001000,0.004000,1.196624,3.462230,-107.500809,0.000000,0.000000,0.000000,0.000000,0.000000,0.000000,0.000000,0.000000,0.000000,0.000000,0,0.384214,0.042945,1,0,0,0.000000,0.000000,0.000000,0.000000,0.000000,0.000000,0.000000,0.000000,0,0.000000,0.000000,0.000000,0.000000,0,0,0,0,0,0.000000,0.000000,0.000000,0.000000,0.000000,0.000000,0.000000,0.000000,0.000000,0,0.000000,0.000000,0.000000
61535,28.386194,100422.398438,0.010000,0,1,1000,1000,1000,1000,1000.000000,1,0,0,1,0.232651,0.317265,0.375828,-0.000342,0.106277,0.106277,0.064908,0.064912,122,0.483000,1.027000,0.120000,0.233289,1.054729,0.014400,1,1,1.500000,-0.009345,0.129784,-0.036161,-0.000234,0.018074,0.512970,0.557916,5.649099,0.010000,0.001000,0.004000,1.195494,3.461708,-107.503815,0.000000,0.000000,0.000000,0.000000,0.000000,0.000000,0.000000,0.000000,0.000000,0.000000,0,0.331975,0.032049,1,0,0,0.000000,0.000000,0.000000,0.000000,0.000000,0.000000,0.000000,0.000000,0,0.000000,0.000000,0.000000,0.000000,0,0,0,0,0,0.000000,0.000000,0.000000,0.000000,0.000000,0.000000,0.000000,0.000000,0.000000,0,0.000000,0.000000,0.000000
61647,28.380939,100420.804688,-0.010000,24,1,1000,1000,1000,1000,1000.000000,1,0,0,1,0.235787,0.319986,0.382285,0.001801,0.106138,0.106138,0.064767,0.064771,109,0.483000,1.026000,0.137000,0.233289,1.052676,0.018769,1,1,1.500000,-0.009275,0.129755,-0.036027,-0.000236,0.018074,0.512970,0.566754,5.653100,0.003000,-0.011000,0.004000,1.196450,3.461046,-107.507133,0.000000,0.000000,0.000000,0.000000,0.000000,0.000000,0.000000,0.000000,0.000000,0.000000,0,0.318076,0.029428,1,0,0,0.000000,0.000000,0.000000,0.000000,0.000000,0.000000,0.000000,0.000000,0,0.000000,0.000000,0.000000,0.000000,0,0,0,0,0,0.000000,0.000000,0.000000,0.000000,0.000000,0.000000,0.000000,0.000000,0.000000,0,0.000000,0.000000,0.000000
61728,28.376385,100418.804688,-0.010000,0,1,1000,1000,1000,1000,1000.000000,1,0,0,1,0.238921,0.322729,0.394998,0.005541,0.105839,0.105840,0.062705,0.062709,66,0.483000,1.026000,0.131000,0.233289,1.052676,0.017161,1,1,1.500000,-0.009174,0.129676,-0.035656,-0.000323,0.017162,0.512970,0.566754,5.662099,0.013000,-0.004000,0.010000,1.197784,3.463031,-107.509537,0.000000,0.000000,0.000000,0.000000,0.000000,0.000000,0.000000,0.000000,0.000000,0.000000,0,0.320605,0.029899,1,0,0,0.000000,0.000000,0.000000,0.000000,0.000000,0.000000,0.000000,0.000000,0,0.000000,0.000000,0.000000,0.000000,0,0,0,0,0,0.000000,0.000000,0.000000,0.000000,0.000000,0.000000,0.000000,0.000000,0.000000,0,0.000000,0.000000,0.000000
61843,28.379328,100418.304688,0.010000,30,1,1000,1000,1000,1000,1000.000000,1,0,0,1,0.242116,0.325607,0.395169,0.005039,0.105964,0.105965,0.065600,0.065604,55,0.483000,1.025000,0.133000,0.233289,1.050625,0.017689,1,1,1.500000,-0.009083,0.129609,-0.035288,-0.000384,0.017014,0.524069,0.575591,5.673101,0.005000,0.013000,0.009000,1.196906,3.466081,-107.513008,0.000000,0.000000,0.000000,0.000000,0.000000,0.000000,0.000000,0.000000,0.000000,0.000000,0,0.351451,0.035930,1,0,0,0.000000,0.000000,0.000000,0.000000,0.000000,0.000000,0.000000,0.000000,0,0.000000,0.000000,0.000000,0.000000,0,0,0,0,0,0.000000,0.000000,0.000000,0.000000,0.000000,0.000000,0.000000,0.000000,0.000000,0,0.000000,0.000000,0.000000
61932,28.375456,100418.898438,0.020000,33,1,1000,1000,1000,1000,1000.000000,1,0,0,1,0.245206,0.328371,0.400883,0.006414,0.105678,0.105678,0.063283,0.063287,20,0.483000,1.024000,0.106000,0.233289,1.048576,0.011236,1,1,1.500000,-0.008996,0.129513,-0.034959,-0.000499,0.016341,0.524069,0.575591,5.681100,-0.008000,-0.003000,0.000000,1.195613,3.464692,-107.515900,0.000000,0.000000,0.000000,0.000000,0.000000,0.000000,0.000000,0.000000,0.000000,0.000000,0,0.348888,0.035410,1,0,0,0.000000,0.000000,0.000000,0.000000,0.000000,0.000000,0.000000,0.000000,0,0.000000,0.000000,0.000000,0.000000,0,0,0,0,0,0.000000,0.000000,0.000000,0.000000,0.000000,0.000000,0.000000,0.000000,0.000000,0,0.000000,0.000000,0.000000
62049,28.375334,100420.601563,0.020000,0,1,1000,1000,1000,1000,1000.000000,1,0,0,1,0.248294,0.331097,0.406402,0.008253,0.105601,0.105601,0.064119,0.064123,14,0.483000,1.024000,0.105000,0.233289,1.048576,0.011025,1,1,1.500000,-0.008899,0.129410,-0.034641,-0.000181,0.016052,0.524069,0.575591,5.697099,-0.005000,-0.005000,0.003000,1.196476,3.464671,-107.519447,0.000000,0.000000,0.000000,0.000000,0.000000,0.000000,0.000000,0.000000,0.000000,0.000000,0,0.364157,0.038582,1,0,0,0.000000,0.000000,0.000000,0.000000,0.000000,0.000000,0.000000,0.000000,0,0.000000,0.000000,0.000000,0.000000,0,0,0,0,0,0.000000,0.000000,0.000000,0.000000,0.000000,0.000000,0.000000,0.000000,0.000000,0,0.000000,0.000000,0.000000
62191,28.380116,100420.500000,0.010000,3,1,1000,1000,1000,1000,1000.000000,1,0,0,1,0.251539,0.333934,0.398679,0.005838,0.105450,0.105450,0.058008,0.058011,23,0.483000,1.023000,0.111000,0.233289,1.046529,0.012321,1,1,1.500000,-0.008810,0.129323,-0.034306,-0.000476,0.016468,0.535168,0.584429,5.711099,0.017000,0.005000,0.002000,1.198249,3.466855,-107.523613,0.000000,0.000000,0.000000,0.000000,0.000000,0.000000,0.000000,0.000000,0.000000,0.000000,0,0.355159,0.036692,1,0,0,0.000000,0.000000,0.000000,0.000000,0.000000,0.000000,0.000000,0.000000,0,0.000000,0.000000,0.000000,0.000000,0,0,0,0,0,0.000000,0.000000,0.000000,0.000000,0.000000,0.000000,0.000000,0.000000,0.000000,0,0.000000,0.000000,0.000000
62238,28.378223,100419.804688,0.010000,0,1,1000,1000,1000,1000,1000.000000,1,0,0,1,0.251554,0.333940,0.398976,0.005986,0.105819,0.105819,0.062738,0.062741,70,0.483000,1.023000,0.111000,0.233289,1.046529,0.012321,1,1,1.500000,-0.008810,0.129323,-0.034306,-0.000476,0.016468,0.535168,0.584429,5.711099,0.017000,0.005000,0.002000,1.198245,3.466893,-107.525131,0.000000,0.000000,0.000000,0.000000,0.000000,0.000000,0.000000,0.000000,0.000000,0.000000,0,0.355159,0.036692,1,0,0,0.000000,0.000000,0.000000,0.000000,0.000000,0.000000,0.000000,0.000000,0,0.000000,0.000000,0.000000,0.000000,0,0,0,0,0,0.000000,0.000000,0.000000,0.000000,0.000000,0.000000,0.000000,0.000000,0.000000,0,0.000000,0.000000,0.000000
62339,28.377699,100419.000000,0.030000,16,1,1000,1000,1000,1000,1000.000000,1,0,0,1,0.254842,0.336761,0.398127,0.005777,0.105768,0.105768,0.063338,0.063342,48,0.483000,1.022000,0.133000,0.233289,1.044484,0.017689,1,1,1.500000,-0.008720,0.129226,-0.033981,-0.000448,0.016347,0.546267,0.584429,5.728101,0.002000,0.007000,0.015000,1.197687,3.467597,-107.528313,0.000000,0.000000,0.000000,0.000000,0.000000,0.000000,0.000000,0.000000,0.000000,0.000000,0,0.374866,0.040878,1,0,0,0.000000,0.000000,0.000000,0.000000,0.000000,0.000000,0.000000,0.000000,0,0.000000,0.000000,0.000000,0.000000,0,0,0,0,0,0.000000,0.000000,0.000000,0.000000,0.000000,0.000000,0.000000,0.000000,0.000000,0,0.000000,0.000000,0.000000
62440,28.373898,100419.500000,0.020000,0,1,1000,1000,1000,1000,1000.000000,1,0,0,1,0.258084,0.339622,0.410490,0.009153,0.105641,0.105642,0.063651,0.063655,27,0.482000,1.022000,0.102000,0.232324,1.044484,0.010404,1,1,1.500000,-0.008637,0.129137,-0.033650,-0.000574,0.016333,0.546267,0.593267,5.723100,-0.001000,-0.002000,0.004000,1.197268,3.466367,-107.531395,0.000000,0.000000,0.000000,0.000000,0.000000,0.000000,0.000000,0.000000,0.000000,0.000000,0,0.358061,0.037292,1,0,0,0.000000,0.000000,0.000000,0.000000,0.000000,0.000000,0.000000,0.000000,0,0.000000,0.000000,0.000000,0.000000,0,0,0,0,0,0.000000,0.000000,0.000000,0.000000,0.000000,0.000000,0.000000,0.000000,0.000000,0,0.000000,0.000000,0.000000
62536,28.377857,100419.101563,0.030000,7,1,1000,1000,1000,1000,1000.000000,1,0,0,1,0.258072,0.339611,0.390301,0.002794,0.106120,0.106120,0.064321,0.064325,123,0.482000,1.022000,0.102000,0.232324,1.044484,0.010404,1,1,1.500000,-0.008637,0.129137,-0.033650,-0.000574,0.016333,0.546267,0.593267,5.723100,-0.001000,-0.002000,0.004000,1.196802,3.463572,-107.534203,0.000000,0.000000,0.000000,0.000000,0.000000,0.000000,0.000000,0.000000,0.000000,0.000000,0,0.367143,0.039195,1,0,0,0.000000,0.000000,0.000000,0.000000,0.000000,0.000000,0.000000,0.000000,0,0.000000,0.000000,0.000000,0.000000,0,0,0,0,0,0.000000,0.000000,0.000000,0.000000,0.000000,0.000000,0.000000,0.000000,0.000000,0,0.000000,0.000000,0.000000
62645,28.374475,100419.703125,0.040000,24,1,1000,1000,1000,1000,1000.000000,1,0,0,1,0.261285,0.342374,0.395078,0.003788,0.105985,0.105985,0.064431,0.064435,107,0.482000,1.021000,0.131000,0.232324,1.042441,0.017161,1,1,1.500000,-0.008572,0.129020,-0.033358,-0.000576,0.016333,0.546267,0.593267,5.745100,0.002000,-0.014000,0.013000,1.197871,3.460725,-107.537682,0.000000,0.000000,0.000000,0.000000,0.000000,0.000000,0.000000,0.000000,0.000000,0.000000,0,0.382035,0.042448,1,0,0,0.000000,0.000000,0.000000,0.000000,0.000000,0.000000,0.000000,0.000000,0,0.000000,0.000000,0.000000,0.000000,0,0,0,0,0,0.000000,0.000000,0.000000,0.000000,0.000000,0.000000,0.000000,0.000000,0.000000,0,0.000000,0.000000,0.000000
62731,28.373949,100419.304688,0.040000,0,1,1000,1000,1000,1000,1000.000000,1,0,0,1,0.264610,0.345361,0.399837,0.005141,0.105869,0.105869,0.064682,0.064686,63,0.482000,1.020000,0.128000,0.232324,1.040400,0.016384,1,1,1.500000,-0.008491,0.128926,-0.033039,-0.000480,0.016409,0.557366,0.602104,5.761102,0.005000,0.023000,0.007000,1.198070,3.463542,-107.540352,0.000000,0.000000,0.000000,0.000000,0.000000,0.000000,0.000000,0.000000,0.000000,0.000000,0,0.387069,0.043562,1,0,0,0.000000,0.000000,0.000000,0.000000,0.000000,0.000000,0.000000,0.000000,0,0.000000,0.000000,0.000000,0.000000,0,0,0,0,0,0.000000,0.000000,0.000000,0.000000,0.000000,0.000000,0.000000,0.000000,0.000000,0,0.000000,0.000000,0.000000
62837,28.376980,100420.304688,0.010000,1,1,1000,1000,1000,1000,1000.000000,1,0,0,1,0.267864,0.348145,0.412053,0.008430,0.105615,0.105615,0.063133,0.063137,48,0.482000,1.020000,0.127000,0.232324,1.040400,0.016129,1,1,1.500000,-0.008404,0.128836,-0.032704,-0.000503,0.016397,0.557369,0.602098,5.767118,0.002000,-0.015000,-0.004000,1.199247,3.458677,-107.543503,0.000000,0.000000,0.000000,0.000000,0.000000,0.000000,0.000000,0.000000,0.000000,0.000000,0,0.359824,0.037653,1,0,0,0.000000,0.000000,0.000000,0.000000,0.000000,0.000000,0.000000,0.000000,0,0.000000,0.000000,0.000000,0.000000,0,0,0,0,0,0.000000,0.000000,0.000000,0.000000,0.000000,0.000000,0.000000,0.000000,0.000000,0,0.000000,0.000000,0.000000
62931,28.370832,100420.304688,0.010000,0,1,1000,1000,1000,1000,1000.000000,1,0,0,1,0.270978,0.350987,0.417760,0.009605,0.105507,0.105508,0.062941,0.062945,19,0.482000,1.019000,0.122000,0.232324,1.038361,0.014884,1,1,1.500000,-0.008320,0.128735,-0.032384,-0.000488,0.016390,0.557369,0.602098,5.781118,-0.024000,0.008000,-0.010000,1.195520,3.457033,-107.546509,0.000000,0.000000,0.000000,0.000000,0.000000,0.000000,0.000000,0.000000,0.000000,0.000000,0,0.355296,0.036707,1,0,0,0.000000,0.000000,0.000000,0.000000,0.000000,0.000000,0.000000,0.000000,0,0.000000,0.000000,0.000000,0.000000,0,0,0,0,0,0.000000,0.000000,0.000000,0.000000,0.000000,0.000000,0.000000,0.000000,0.000000,0,0.000000,0.000000,0.000000
63047,28.372145,100418.804688,0.020000,24,1,1000,1000,1000,1000,1000.000000,1,0,0,1,0.274309,0.353746,0.416642,0.008933,0.105429,0.105429,0.063135,0.063138,12,0.482000,1.018000,0.123000,0.232324,1.036324,0.015129,1,1,1.500000,-0.008234,0.128651,-0.032053,-0.000440,0.016481,0.568468,0.602098,5.796122,0.005000,-0.009000,-0.011000,1.198384,3.455400,-107.549942,0.000000,0.000000,0.000000,0.000000,0.000000,0.000000,0.000000,0.000000,0.000000,0.000000,0,0.364481,0.038632,1,0,0,0.000000,0.000000,0.000000,0.000000,0.000000,0.000000,0.000000,0.000000,0,0.000000,0.000000,0.000000,0.000000,0,0,0,0,0,0.000000,0.000000,0.000000,0.000000,0.000000,0.000000,0.000000,0.000000,0.000000,0,0.000000,0.000000,0.000000
63143,28.364910,100417.703125,0.050000,34,1,1000,1000,1000,1000,1000.000000,1,0,0,1,0.274292,0.353733,0.402396,0.004722,0.105973,0.105974,0.063786,0.063789,108,0.482000,1.018000,0.123000,0.232324,1.036324,0.015129,1,1,1.500000,-0.008234,0.128651,-0.032053,-0.000440,0.016481,0.568468,0.602098,5.796122,0.005000,-0.009000,-0.011000,1.198165,3.454490,-107.552979,0.000000,0.000000,0.000000,0.000000,0.000000,0.000000,0.000000,0.000000,0.000000,0.000000,0,0.399590,0.046440,1,0,0,0.000000,0.000000,0.000000,0.000000,0.000000,0.000000,0.000000,0.000000,0,0.000000,0.000000,0.000000,0.000000,0,0,0,0,0,0.000000,0.000000,0.000000,0.000000,0.000000,0.000000,0.000000,0.000000,0.000000,0,0.000000,0.000000,0.000000
63232,28.375334,100421.000000,0.030000,37,1,1000,1000,1000,1000,1000.000000,1,0,0,1,0.277536,0.356439,0.406938,0.005533,0.105738,0.105739,0.062657,0.062661,62,0.482000,1.018000,0.132000,0.232324,1.036324,0.017424,1,1,1.500000,-0.008150,0.128562,-0.031729,-0.000482,0.016391,0.568468,0.602098,5.810122,-0.008000,-0.012000,-0.017000,1.198962,3.454172,-107.555626,0.000000,0.000000,0.000000,0.000000,0.000000,0.000000,0.000000,0.000000,0.000000,0.000000,0,0.383779,0.042840,1,0,0,0.000000,0.000000,0.000000,0.000000,0.000000,0.000000,0.000000,0.000000,0,0.000000,0.000000,0.000000,0.000000,0,0,0,0,0,0.000000,0.000000,0.000000,0.000000,0.000000,0.000000,0.000000,0.000000,0.000000,0,0.000000,0.000000,0.000000
63386,28.371252,100420.601563,0.020000,0,1,1000,1000,1000,1000,1000.000000,1,0,0,1,0.280888,0.359352,0.405412,0.004092,0.105599,0.105600,0.056208,0.056211,92,0.481000,1.017000,0.132000,0.231361,1.034289,0.017424,1,1,1.500000,-0.008081,0.128470,-0.031435,-0.000571,0.016407,0.579563,0.610942,5.826101,-0.005000,0.017000,-0.017000,1.199355,3.459692,-107.560280,0.000000,0.000000,0.000000,0.000000,0.000000,0.000000,0.000000,0.000000,0.000000,0.000000,0,0.382485,0.042544,1,0,0,0.000000,0.000000,0.000000,0.000000,0.000000,0.000000,0.000000,0.000000,0,0.000000,0.000000,0.000000,0.000000,0,0,0,0,0,0.000000,0.000000,0.000000,0.000000,0.000000,0.000000,0.000000,0.000000,0.000000,0,0.000000,0.000000,0.000000
63441,28.373249,100420.601563,0.010000,0,1,1000,1000,1000,1000,1000.000000,1,0,0,1,0.284192,0.362155,0.417844,0.007568,0.105522,0.105522,0.062542,0.062545,26,0.481000,1.016000,0.134000,0.231361,1.032256,0.017956,1,1,1.500000,-0.008012,0.128370,-0.031152,-0.000450,0.016504,0.579563,0.610942,5.838102,-0.001000,0.004000,-0.017000,1.199118,3.460498,-107.561989,0.000000,0.000000,0.000000,0.000000,0.000000,0.000000,0.000000,0.000000,0.000000,0.000000,0,0.365413,0.038838,1,0,0,0.000000,0.000000,0.000000,0.000000,0.000000,0.000000,0.000000,0.000000,0,0.000000,0.000000,0.000000,0.000000,0,0,0,0,0,0.000000,0.000000,0.000000,0.000000,0.000000,0.000000,0.000000,0.000000,0.000000,0,0.000000,0.000000,0.000000
63538,28.369133,100419.703125,0.020000,7,1,1000,1000,1000,1000,1000.000000,1,0,0,1,0.284189,0.362155,0.397527,0.001142,0.105996,0.105997,0.062705,0.062709,123,0.481000,1.016000,0.134000,0.231361,1.032256,0.017956,1,1,1.500000,-0.008012,0.128370,-0.031152,-0.000450,0.016504,0.579563,0.610942,5.838102,-0.001000,0.004000,-0.017000,1.199015,3.460562,-107.564743,0.000000,0.000000,0.000000,0.000000,0.000000,0.000000,0.000000,0.000000,0.000000,0.000000,0,0.364327,0.038595,1,0,0,0.000000,0.000000,0.000000,0.000000,0.000000,0.000000,0.000000,0.000000,0,0.000000,0.000000,0.000000,0.000000,0,0,0,0,0,0.000000,0.000000,0.000000,0.000000,0.000000,0.000000,0.000000,0.000000,0.000000,0,0.000000,0.000000,0.000000
63648,28.369991,100419.898438,0.020000,0,1,1000,1000,1000,1000,1000.000000,1,0,0,1,0.287663,0.364836,0.409704,0.003944,0.105861,0.105861,0.062494,0.062497,110,0.481000,1.016000,0.115000,0.231361,1.032256,0.013225,1,1,1.500000,-0.007948,0.128260,-0.030881,-0.000450,0.016506,0.590662,0.610942,5.852102,0.019000,-0.019000,-0.012000,1.201869,3.459290,-107.568169,0.000000,0.000000,0.000000,0.000000,0.000000,0.000000,0.000000,0.000000,0.000000,0.000000,0,0.376365,0.041200,1,0,0,0.000000,0.000000,0.000000,0.000000,0.000000,0.000000,0.000000,0.000000,0,0.000000,0.000000,0.000000,0.000000,0,0,0,0,0,0.000000,0.000000,0.000000,0.000000,0.000000,0.000000,0.000000,0.000000,0.000000,0,0.000000,0.000000,0.000000
63728,28.369167,100420.804688,0.010000,37,1,1000,1000,1000,1000,1000.000000,1,0,0,1,0.290917,0.367627,0.415030,0.005446,0.105595,0.105595,0.060613,0.060617,65,0.481000,1.015000,0.130000,0.231361,1.030225,0.016900,1,1,1.500000,-0.007881,0.128165,-0.030604,-0.000451,0.016501,0.590666,0.610936,5.859121,-0.027000,0.014000,-0.024000,1.197545,3.460337,-107.570763,0.000000,0.000000,0.000000,0.000000,0.000000,0.000000,0.000000,0.000000,0.000000,0.000000,0,0.371674,0.040178,1,0,0,0.000000,0.000000,0.000000,0.000000,0.000000,0.000000,0.000000,0.000000,0,0.000000,0.000000,0.000000,0.000000,0,0,0,0,0,0.000000,0.000000,0.000000,0.000000,0.000000,0.000000,0.000000,0.000000,0.000000,0,0.000000,0.000000,0.000000
63845,28.367451,100420.101563,0.010000,3,1,1000,1000,1000,1000,1000.000000,1,0,0,1,0.294415,0.370329,0.414080,0.005077,0.105516,0.105516,0.060882,0.060886,56,0.481000,1.014000,0.101000,0.231361,1.028196,0.010201,1,1,1.500000,-0.007834,0.128062,-0.030342,-0.000503,0.016546,0.601765,0.610936,5.887121,0.013000,-0.001000,-0.005000,1.200414,3.460224,-107.574150,0.000000,0.000000,0.000000,0.000000,0.000000,0.000000,0.000000,0.000000,0.000000,0.000000,0,0.370980,0.040020,1,0,0,0.000000,0.000000,0.000000,0.000000,0.000000,0.000000,0.000000,0.000000,0,0.000000,0.000000,0.000000,0.000000,0,0,0,0,0,0.000000,0.000000,0.000000,0.000000,0.000000,0.000000,0.000000,0.000000,0.000000,0,0.000000,0.000000,0.000000
63941,28.366575,100419.500000,0.010000,7,1,1000,1000,1000,1000,1000.000000,1,0,0,1,0.297778,0.372976,0.419689,0.006388,0.105419,0.105420,0.061473,0.061476,28,0.481000,1.014000,0.132000,0.231361,1.028196,0.017424,1,1,1.500000,-0.007790,0.127961,-0.030086,-0.000505,0.016545,0.601765,0.610936,5.887121,-0.011000,-0.004000,-0.014000,1.199009,3.458193,-107.577293,0.000000,0.000000,0.000000,0.000000,0.000000,0.000000,0.000000,0.000000,0.000000,0.000000,0,0.376673,0.041256,1,0,0,0.000000,0.000000,0.000000,0.000000,0.000000,0.000000,0.000000,0.000000,0,0.000000,0.000000,0.000000,0.000000,0,0,0,0,0,0.000000,0.000000,0.000000,0.000000,0.000000,0.000000,0.000000,0.000000,0.000000,0,0.000000,0.000000,0.000000
64049,28.371042,100421.000000,0.010000,0,1,1000,1000,1000,1000,1000.000000,1,0,0,1,0.301109,0.375621,0.432293,0.009955,0.105324,0.105324,0.062032,0.062035,14,0.481000,1.013000,0.134000,0.231361,1.026169,0.017956,1,1,1.500000,-0.007735,0.127861,-0.029835,-0.000454,0.016502,0.601761,0.610942,5.898099,-0.011000,0.002000,-0.028000,1.197290,3.458792,-107.580666,0.000000,0.000000,0.000000,0.000000,0.000000,0.000000,0.000000,0.000000,0.000000,0.000000,0,0.379635,0.041915,1,0,0,0.000000,0.000000,0.000000,0.000000,0.000000,0.000000,0.000000,0.000000,0,0.000000,0.000000,0.000000,0.000000,0,0,0,0,0,0.000000,0.000000,0.000000,0.000000,0.000000,0.000000,0.000000,0.000000,0.000000,0,0.000000,0.000000,0.000000
64128,28.370340,100420.000000,0.010000,36,1,1000,1000,1000,1000,1000.000000,1,0,0,1,0.301109,0.375629,0.418317,0.005633,0.105668,0.105668,0.060618,0.060621,93,0.481000,1.013000,0.134000,0.231361,1.026169,0.017956,1,1,1.500000,-0.007735,0.127861,-0.029835,-0.000454,0.016502,0.601761,0.610942,5.898099,-0.011000,0.002000,-0.028000,1.197311,3.459149,-107.583054,0.000000,0.000000,0.000000,0.000000,0.000000,0.000000,0.000000,0.000000,0.000000,0.000000,0,0.375081,0.040912,1,0,0,0.000000,0.000000,0.000000,0.000000,0.000000,0.000000,0.000000,0.000000,0,0.000000,0.000000,0.000000,0.000000,0,0,0,0,0,0.000000,0.000000,0.000000,0.000000,0.000000,0.000000,0.000000,0.000000,0.000000,0,0.000000,0.000000,0.000000
64239,28.368063,100419.804688,0.010000,0,1,1000,1000,1000,1000,1000.000000,1,0,0,1,0.304619,0.378360,0.416974,0.005242,0.105741,0.105741,0.062864,0.062868,69,0.481000,1.013000,0.103000,0.231361,1.026169,0.010609,1,1,1.500000,-0.007694,0.127764,-0.029594,-0.000502,0.016547,0.612864,0.619774,5.923120,0.016000,0.005000,-0.010000,1.199146,3.460210,-107.586372,0.000000,0.000000,0.000000,0.000000,0.000000,0.000000,0.000000,0.000000,0.000000,0.000000,0,0.374039,0.040670,1,0,0,0.000000,0.000000,0.000000,0.000000,0.000000,0.000000,0.000000,0.000000,0,0.000000,0.000000,0.000000,0.000000,0,0,0,0,0,0.000000,0.000000,0.000000,0.000000,0.000000,0.000000,0.000000,0.000000,0.000000,0,0.000000,0.000000,0.000000
64337,28.363508,100420.101563,0.020000,3,1,1000,1000,1000,1000,1000.000000,1,0,0,1,0.308023,0.380900,0.422088,0.006623,0.105457,0.105457,0.060664,0.060668,46,0.480000,1.012000,0.131000,0.230400,1.024144,0.017161,1,1,1.500000,-0.007638,0.127665,-0.029345,-0.000450,0.016503,0.612864,0.610936,5.929121,-0.003000,-0.010000,-0.014000,1.200295,3.458277,-107.589165,0.000000,0.000000,0.000000,0.000000,0.000000,0.000000,0.000000,0.000000,0.000000,0.000000,0,0.389372,0.044081,1,0,0,0.000000,0.000000,0.000000,0.000000,0.000000,0.000000,0.000000,0.000000,0,0.000000,0.000000,0.000000,0.000000,0,0,0,0,0,0.000000,0.000000,0.000000,0.000000,0.000000,0.000000,0.000000,0.000000,0.000000,0,0.000000,0.000000,0.000000
64442,28.362511,100418.000000,0.040000,0,1,1000,1000,1000,1000,1000.000000,1,0,0,1,0.311390,0.383648,0.434645,0.009721,0.105342,0.105342,0.060451,0.060454,27,0.480000,1.012000,0.129000,0.230400,1.024144,0.016641,1,1,1.500000,-0.007585,0.127568,-0.029104,-0.000450,0.016501,0.612864,0.619774,5.946119,-0.002000,0.027000,-0.009000,1.200242,3.461599,-107.592575,0.000000,0.000000,0.000000,0.000000,0.000000,0.000000,0.000000,0.000000,0.000000,0.000000,0,0.392391,0.044763,1,0,0,0.000000,0.000000,0.000000,0.000000,0.000000,0.000000,0.000000,0.000000,0,0.000000,0.000000,0.000000,0.000000,0,0,0,0,0,0.000000,0.000000,0.000000,0.000000,0.000000,0.000000,0.000000,0.000000,0.000000,0,0.000000,0.000000,0.000000
64590,28.363474,100419.500000,0.050000,17,1,1000,1000,1000,1000,1000.000000,1,0,0,1,0.314858,0.386222,0.423458,0.005589,0.105286,0.105287,0.055797,0.055799,51,0.480000,1.011000,0.127000,0.230400,1.022121,0.016129,1,1,1.500000,-0.007541,0.127484,-0.028863,-0.000418,0.016798,0.623962,0.619774,5.964121,0.000000,-0.009000,0.005000,1.202554,3.459383,-107.596809,0.000000,0.000000,0.000000,0.000000,0.000000,0.000000,0.000000,0.000000,0.000000,0.000000,0,0.421571,0.051673,1,0,0,0.000000,0.000000,0.000000,0.000000,0.000000,0.000000,0.000000,0.000000,0,0.000000,0.000000,0.000000,0.000000,0,0,0,0,0,0.000000,0.000000,0.000000,0.000000,0.000000,0.000000,0.000000,0.000000,0.000000,0,0.000000,0.000000,0.000000
64637,28.362843,100420.000000,0.040000,21,1,1000,1000,1000,1000,1000.000000,1,0,0,1,0.314849,0.386221,0.416211,0.003419,0.105647,0.105647,0.060587,0.060591,98,0.480000,1.011000,0.127000,0.230400,1.022121,0.016129,1,1,1.500000,-0.007541,0.127484,-0.028863,-0.000418,0.016798,0.623962,0.619774,5.964121,0.000000,-0.009000,0.005000,1.202538,3.459331,-107.598328,0.000000,0.000000,0.000000,0.000000,0.000000,0.000000,0.000000,0.000000,0.000000,0.000000,0,0.403637,0.047378,1,0,0,0.000000,0.000000,0.000000,0.000000,0.000000,0.000000,0.000000,0.000000,0,0.000000,0.000000,0.000000,0.000000,0,0,0,0,0,0.000000,0.000000,0.000000,0.000000,0.000000,0.000000,0.000000,0.000000,0.000000,0,0.000000,0.000000,0.000000
64745,28.364298,100419.601563,0.050000,0,1,1000,1000,1000,1000,1000.000000,1,0,0,1,0.318280,0.388864,0.420643,0.004255,0.105568,0.105568,0.060836,0.060840,82,0.480000,1.011000,0.128000,0.230400,1.022121,0.016384,1,1,1.500000,-0.007491,0.127361,-0.028664,-0.000371,0.016639,0.623962,0.619774,5.968119,0.001000,0.013000,-0.007000,1.203464,3.461826,-107.601662,0.000000,0.000000,0.000000,0.000000,0.000000,0.000000,0.000000,0.000000,0.000000,0.000000,0,0.418159,0.050856,1,0,0,0.000000,0.000000,0.000000,0.000000,0.000000,0.000000,0.000000,0.000000,0,0.000000,0.000000,0.000000,0.000000,0,0,0,0,0,0.000000,0.000000,0.000000,0.000000,0.000000,0.000000,0.000000,0.000000,0.000000,0,0.000000,0.000000,0.000000
64828,28.359480,100419.203125,0.050000,23,1,1000,1000,1000,1000,1000.000000,1,0,0,1,0.321779,0.391233,0.425142,0.005135,0.105293,0.105294,0.059172,0.059175,38,0.480000,1.010000,0.127000,0.230400,1.020100,0.016129,1,1,1.500000,-0.007444,0.127221,-0.028466,-0.000396,0.016517,0.635067,0.610941,5.987101,-0.004000,-0.024000,0.005000,1.205127,3.458266,-107.604027,0.000000,0.000000,0.000000,0.000000,0.000000,0.000000,0.000000,0.000000,0.000000,0.000000,0,0.422842,0.051998,1,0,0,0.000000,0.000000,0.000000,0.000000,0.000000,0.000000,0.000000,0.000000,0,0.000000,0.000000,0.000000,0.000000,0,0,0,0,0,0.000000,0.000000,0.000000,0.000000,0.000000,0.000000,0.000000,0.000000,0.000000,0,0.000000,0.000000,0.000000
64930,28.362720,100419.601563,0.050000,32,1,1000,1000,1000,1000,1000.000000,1,0,0,1,0.325300,0.393878,0.429577,0.006045,0.105179,0.105179,0.059441,0.059444,13,0.480000,1.009000,0.122000,0.230400,1.018081,0.014884,1,1,1.500000,-0.007383,0.127071,-0.028249,-0.000409,0.016267,0.635067,0.619778,5.989100,0.013000,0.030000,-0.004000,1.206791,3.464415,-107.607109,0.000000,0.000000,0.000000,0.000000,0.000000,0.000000,0.000000,0.000000,0.000000,0.000000,0,0.407539,0.048295,1,0,0,0.000000,0.000000,0.000000,0.000000,0.000000,0.000000,0.000000,0.000000,0,0.000000,0.000000,0.000000,0.000000,0,0,0,0,0,0.000000,0.000000,0.000000,0.000000,0.000000,0.000000,0.000000,0.000000,0.000000,0,0.000000,0.000000,0.000000
65048,28.358307,100418.101563,0.060000,0,1,1000,1000,1000,1000,1000.000000,1,0,0,1,0.328798,0.396339,0.434291,0.007432,0.105246,0.105246,0.062008,0.062011,9,0.480000,1.009000,0.127000,0.230400,1.018081,0.016129,1,1,1.500000,-0.007336,0.126913,-0.028072,-0.000531,0.016233,0.635067,0.619778,6.007101,0.016000,-0.011000,0.011000,1.211012,3.462219,-107.610275,0.000000,0.000000,0.000000,0.000000,0.000000,0.000000,0.000000,0.000000,0.000000,0.000000,0,0.412008,0.049357,1,0,0,0.000000,0.000000,0.000000,0.000000,0.000000,0.000000,0.000000,0.000000,0,0.000000,0.000000,0.000000,0.000000,0,0,0,0,0,0.000000,0.000000,0.000000,0.000000,0.000000,0.000000,0.000000,0.000000,0.000000,0,0.000000,0.000000,0.000000
65128,28.360987,100418.500000,0.070000,28,1,1000,1000,1000,1000,1000.000000,1,0,0,1,0.328793,0.396338,0.418203,0.002571,0.105537,0.105538,0.060060,0.060063,89,0.480000,1.009000,0.127000,0.230400,1.018081,0.016129,1,1,1.500000,-0.007336,0.126913,-0.028072,-0.000531,0.016233,0.635067,0.619778,6.007101,0.016000,-0.011000,0.011000,1.209869,3.460611,-107.612984,0.000000,0.000000,0.000000,0.000000,0.000000,0.000000,0.000000,0.000000,0.000000,0.000000,0,0.436268,0.055343,1,0,0,0.000000,0.000000,0.000000,0.000000,0.000000,0.000000,0.000000,0.000000,0,0.000000,0.000000,0.000000,0.000000,0,0,0,0,0,0.000000,0.000000,0.000000,0.000000,0.000000,0.000000,0.000000,0.000000,0.000000,0,0.000000,0.000000,0.000000
65238,28.360706,100419.703125,0.060000,0,1,1000,1000,1000,1000,1000.000000,1,0,0,1,0.332121,0.398832,0.422328,0.003196,0.105442,0.105443,0.060324,0.060328,69,0.479000,1.008000,0.105000,0.229441,1.016064,0.011025,1,1,1.500000,-0.007280,0.126758,-0.027873,-0.000410,0.016260,0.635067,0.619778,6.015100,-0.016000,0.007000,0.010000,1.206914,3.460284,-107.616470,0.000000,0.000000,0.000000,0.000000,0.000000,0.000000,0.000000,0.000000,0.000000,0.000000,0,0.430113,0.053802,1,0,0,0.000000,0.000000,0.000000,0.000000,0.000000,0.000000,0.000000,0.000000,0,0.000000,0.000000,0.000000,0.000000,0,0,0,0,0,0.000000,0.000000,0.000000,0.000000,0.000000,0.000000,0.000000,0.000000,0.000000,0,0.000000,0.000000,0.000000
65335,28.360760,100419.500000,0.070000,0,1,1000,1000,1000,1000,1000.000000,1,0,0,1,0.335657,0.401330,0.418189,0.002110,0.105366,0.105367,0.060799,0.060802,39,0.479000,1.007000,0.129000,0.229441,1.014049,0.016641,1,1,1.500000,-0.007222,0.126592,-0.027689,-0.000144,0.015921,0.646166,0.619778,6.034101,0.018000,0.014000,0.018000,1.208034,3.463511,-107.619316,0.000000,0.000000,0.000000,0.000000,0.000000,0.000000,0.000000,0.000000,0.000000,0.000000,0,0.436314,0.055355,1,0,0,0.000000,0.000000,0.000000,0.000000,0.000000,0.000000,0.000000,0.000000,0,0.000000,0.000000,0.000000,0.000000,0,0,0,0,0,0.000000,0.000000,0.000000,0.000000,0.000000,0.000000,0.000000,0.000000,0.000000,0,0.000000,0.000000,0.000000
65432,28.361406,100418.601563,0.070000,0,1,1000,1000,1000,1000,1000.000000,1,0,0,1,0.339084,0.403783,0.430213,0.005247,0.105236,0.105236,0.060357,0.060360,19,0.479000,1.007000,0.112000,0.229441,1.014049,0.012544,1,1,1.500000,-0.007172,0.126410,-0.027509,-0.000384,0.015222,0.646160,0.619774,6.035120,-0.001000,0.010000,0.007000,1.205897,3.464398,-107.622383,0.000000,0.000000,0.000000,0.000000,0.000000,0.000000,0.000000,0.000000,0.000000,0.000000,0,0.428283,0.053331,1,0,0,0.000000,0.000000,0.000000,0.000000,0.000000,0.000000,0.000000,0.000000,0,0.000000,0.000000,0.000000,0.000000,0,0,0,0,0,0.000000,0.000000,0.000000,0.000000,0.000000,0.000000,0.000000,0.000000,0.000000,0,0.000000,0.000000,0.000000
65535,28.363720,100421.101563,0.040000,15,1,1000,1000,1000,1000,1000.000000,1,0,0,1,0.339088,0.403787,0.406912,-0.001835,0.105708,0.105709,0.060463,0.060466,122,0.479000,1.007000,0.112000,0.229441,1.014049,0.012544,1,1,1.500000,-0.007172,0.126410,-0.027509,-0.000384,0.015222,0.646160,0.619774,6.035120,-0.001000,0.010000,0.007000,1.204792,3.464102,-107.625633,0.000000,0.000000,0.000000,0.000000,0.000000,0.000000,0.000000,0.000000,0.000000,0.000000,0,0.394239,0.045199,1,0,0,0.000000,0.000000,0.000000,0.000000,0.000000,0.000000,0.000000,0.000000,0,0.000000,0.000000,0.000000,0.000000,0,0,0,0,0,0.000000,0.000000,0.000000,0.000000,0.000000,0.000000,0.000000,0.000000,0.000000,0,0.000000,0.000000,0.000000
65635,28.358780,100419.500000,0.030000,29,1,1000,1000,1000,1000,1000.000000,1,0,0,1,0.342650,0.406139,0.412395,-0.000434,0.105633,0.105634,0.060778,0.060781,98,0.479000,1.006000,0.130000,0.229441,1.012036,0.016900,1,1,1.500000,-0.007126,0.126229,-0.027346,-0.000366,0.015148,0.657265,0.619778,6.065100,0.012000,-0.011000,0.015000,1.205381,3.464292,-107.628563,0.000000,0.000000,0.000000,0.000000,0.000000,0.000000,0.000000,0.000000,0.000000,0.000000,0,0.389558,0.044139,1,0,0,0.000000,0.000000,0.000000,0.000000,0.000000,0.000000,0.000000,0.000000,0,0.000000,0.000000,0.000000,0.000000,0,0,0,0,0,0.000000,0.000000,0.000000,0.000000,0.000000,0.000000,0.000000,0.000000,0.000000,0,0.000000,0.000000,0.000000
65787,28.358202,100419.898438,0.020000,3,1,1000,1000,1000,1000,1000.000000,1,0,0,1,0.346128,0.408494,0.404156,-0.003206,0.105919,0.105919,0.065343,0.065347,124,0.478000,1.006000,0.102000,0.228484,1.012036,0.010404,1,1,1.500000,-0.007075,0.126050,-0.027180,-0.000365,0.015149,0.657265,0.619778,6.065100,-0.006000,-0.001000,0.008000,1.202839,3.463301,-107.633316,0.000000,0.000000,0.000000,0.000000,0.000000,0.000000,0.000000,0.000000,0.000000,0.000000,0,0.371054,0.040036,1,0,0,0.000000,0.000000,0.000000,0.000000,0.000000,0.000000,0.000000,0.000000,0,0.000000,0.000000,0.000000,0.000000,0,0,0,0,0,0.000000,0.000000,0.000000,0.000000,0.000000,0.000000,0.000000,0.000000,0.000000,0,0.000000,0.000000,0.000000
65844,28.354803,100418.101563,0.030000,7,1,1000,1000,1000,1000,1000.000000,1,0,0,1,0.349677,0.410823,0.416588,0.000356,0.105428,0.105428,0.060541,0.060544,56,0.478000,1.005000,0.128000,0.228484,1.010025,0.016384,1,1,1.500000,-0.007028,0.125887,-0.026999,-0.000393,0.015200,0.668358,0.619774,6.079119,0.005000,0.000000,0.009000,1.201192,3.462142,-107.635048,0.000000,0.000000,0.000000,0.000000,0.000000,0.000000,0.000000,0.000000,0.000000,0.000000,0,0.393895,0.045119,1,0,0,0.000000,0.000000,0.000000,0.000000,0.000000,0.000000,0.000000,0.000000,0,0.000000,0.000000,0.000000,0.000000,0,0,0,0,0,0.000000,0.000000,0.000000,0.000000,0.000000,0.000000,0.000000,0.000000,0.000000,0,0.000000,0.000000,0.000000
65933,28.356379,100417.601563,0.050000,0,1,1000,1000,1000,1000,1000.000000,1,0,0,1,0.353216,0.413146,0.421461,0.001568,0.105166,0.105166,0.058500,0.058503,21,0.478000,1.005000,0.106000,0.228484,1.010025,0.011236,1,1,1.500000,-0.006981,0.125765,-0.026778,-0.000423,0.015358,0.668354,0.619780,6.080102,0.006000,0.003000,0.000000,1.199785,3.461589,-107.637764,0.000000,0.000000,0.000000,0.000000,0.000000,0.000000,0.000000,0.000000,0.000000,0.000000,0,0.419173,0.051103,1,0,0,0.000000,0.000000,0.000000,0.000000,0.000000,0.000000,0.000000,0.000000,0,0.000000,0.000000,0.000000,0.000000,0,0,0,0,0,0.000000,0.000000,0.000000,0.000000,0.000000,0.000000,0.000000,0.000000,0.000000,0,0.000000,0.000000,0.000000
66033,28.358044,100420.898438,0.040000,12,1,1000,1000,1000,1000,1000.000000,1,0,0,1,0.353228,0.413147,0.406680,-0.003108,0.105673,0.105673,0.058873,0.058876,121,0.478000,1.005000,0.106000,0.228484,1.010025,0.011236,1,1,1.500000,-0.006981,0.125765,-0.026778,-0.000423,0.015358,0.668354,0.619780,6.080102,0.006000,0.003000,0.000000,1.198103,3.460459,-107.640556,0.000000,0.000000,0.000000,0.000000,0.000000,0.000000,0.000000,0.000000,0.000000,0.000000,0,0.393926,0.045136,1,0,0,0.000000,0.000000,0.000000,0.000000,0.000000,0.000000,0.000000,0.000000,0,0.000000,0.000000,0.000000,0.000000,0,0,0,0,0,0.000000,0.000000,0.000000,0.000000,0.000000,0.000000,0.000000,0.000000,0.000000,0,0.000000,0.000000,0.000000
66140,28.358009,100420.101563,0.020000,24,1,1000,1000,1000,1000,1000.000000,1,0,0,1,0.356771,0.415505,0.412278,-0.001599,0.105588,0.105588,0.059546,0.059549,99,0.478000,1.004000,0.126000,0.228484,1.008016,0.015876,1,1,1.500000,-0.006938,0.125602,-0.026607,-0.000383,0.015221,0.668354,0.619780,6.099100,0.017000,0.020000,0.018000,1.196719,3.461424,-107.643906,0.000000,0.000000,0.000000,0.000000,0.000000,0.000000,0.000000,0.000000,0.000000,0.000000,0,0.379300,0.041843,1,0,0,0.000000,0.000000,0.000000,0.000000,0.000000,0.000000,0.000000,0.000000,0,0.000000,0.000000,0.000000,0.000000,0,0,0,0,0,0.000000,0.000000,0.000000,0.000000,0.000000,0.000000,0.000000,0.000000,0.000000,0,0.000000,0.000000,0.000000
66232,28.358429,100420.703125,0.000000,31,1,1000,1000,1000,1000,1000.000000,1,0,0,1,0.360321,0.417726,0.418958,0.000477,0.105295,0.105295,0.057476,0.057479,62,0.478000,1.003000,0.121000,0.228484,1.006009,0.014641,1,1,1.500000,-0.006904,0.125476,-0.026404,-0.000531,0.015271,0.679453,0.619780,6.112100,-0.007000,-0.011000,0.025000,1.194679,3.458335,-107.646843,0.000000,0.000000,0.000000,0.000000,0.000000,0.000000,0.000000,0.000000,0.000000,0.000000,0,0.365734,0.038900,1,0,0,0.000000,0.000000,0.000000,0.000000,0.000000,0.000000,0.000000,0.000000,0,0.000000,0.000000,0.000000,0.000000,0,0,0,0,0,0.000000,0.000000,0.000000,0.000000,0.000000,0.000000,0.000000,0.000000,0.000000,0,0.000000,0.000000,0.000000
66335,28.358831,100420.203125,0.000000,3,1,1000,1000,1000,1000,1000.000000,1,0,0,1,0.363940,0.419932,0.418796,0.000291,0.105242,0.105243,0.058182,0.058185,43,0.477000,1.003000,0.129000,0.227529,1.006009,0.016641,1,1,1.500000,-0.006869,0.125344,-0.026203,-0.000530,0.015270,0.679457,0.619774,6.124121,0.025000,-0.007000,0.023000,1.197852,3.458270,-107.649788,0.000000,0.000000,0.000000,0.000000,0.000000,0.000000,0.000000,0.000000,0.000000,0.000000,0,0.365457,0.038852,1,0,0,0.000000,0.000000,0.000000,0.000000,0.000000,0.000000,0.000000,0.000000,0,0.000000,0.000000,0.000000,0.000000,0,0,0,0,0,0.000000,0.000000,0.000000,0.000000,0.000000,0.000000,0.000000,0.000000,0.000000,0,0.000000,0.000000,0.000000
66440,28.357903,100420.398438,-0.030000,1,1,1000,1000,1000,1000,1000.000000,1,0,0,1,0.367570,0.422138,0.432762,0.004432,0.105123,0.105123,0.058027,0.058030,27,0.477000,1.002000,0.133000,0.227529,1.004004,0.017689,1,1,1.500000,-0.006823,0.125209,-0.025968,-0.000518,0.015184,0.690552,0.619780,6.135099,0.006000,-0.001000,0.023000,1.197242,3.458916,-107.653130,0.000000,0.000000,0.000000,0.000000,0.000000,0.000000,0.000000,0.000000,0.000000,0.000000,0,0.328807,0.031440,1,0,0,0.000000,0.000000,0.000000,0.000000,0.000000,0.000000,0.000000,0.000000,0,0.000000,0.000000,0.000000,0.000000,0,0,0,0,0,0.000000,0.000000,0.000000,0.000000,0.000000,0.000000,0.000000,0.000000,0.000000,0,0.000000,0.000000,0.000000
66536,28.357729,100421.203125,-0.040000,4,1,1000,1000,1000,1000,1000.000000,1,0,0,1,0.367580,0.422141,0.414519,-0.001232,0.105637,0.105637,0.058549,0.058552,123,0.477000,1.002000,0.133000,0.227529,1.004004,0.017689,1,1,1.500000,-0.006823,0.125209,-0.025968,-0.000518,0.015184,0.690552,0.619780,6.135099,0.006000,-0.001000,0.023000,1.196702,3.459178,-107.655991,0.000000,0.000000,0.000000,0.000000,0.000000,0.000000,0.000000,0.000000,0.000000,0.000000,0,0.320426,0.029861,1,0,0,0.000000,0.000000,0.000000,0.000000,0.000000,0.000000,0.000000,0.000000,0,0.000000,0.000000,0.000000,0.000000,0,0,0,0,0,0.000000,0.000000,0.000000,0.000000,0.000000,0.000000,0.000000,0.000000,0.000000,0,0.000000,0.000000,0.000000
66645,28.357449,100418.898438,-0.020000,24,1,1000,1000,1000,1000,1000.000000,1,0,0,1,0.371170,0.424349,0.421933,0.000745,0.105509,0.105509,0.058232,0.058235,107,0.477000,1.002000,0.132000,0.227529,1.004004,0.017424,1,1,1.500000,-0.006784,0.125043,-0.025788,-0.000497,0.015061,0.690555,0.619774,6.147120,0.005000,0.008000,0.028000,1.197180,3.459908,-107.659355,0.000000,0.000000,0.000000,0.000000,0.000000,0.000000,0.000000,0.000000,0.000000,0.000000,0,0.348268,0.035282,1,0,0,0.000000,0.000000,0.000000,0.000000,0.000000,0.000000,0.000000,0.000000,0,0.000000,0.000000,0.000000,0.000000,0,0,0,0,0,0.000000,0.000000,0.000000,0.000000,0.000000,0.000000,0.000000,0.000000,0.000000,0,0.000000,0.000000,0.000000
66742,28.354347,100419.703125,-0.010000,20,1,1000,1000,1000,1000,1000.000000,1,0,0,1,0.374757,0.426537,0.428633,0.002744,0.105431,0.105432,0.059187,0.059190,78,0.477000,1.002000,0.131000,0.227529,1.004004,0.017161,1,1,1.500000,-0.006775,0.124913,-0.025793,-0.000512,0.015932,0.690561,0.619778,6.147100,0.018000,0.009000,0.026000,1.198625,3.460925,-107.662323,0.000000,0.000000,0.000000,0.000000,0.000000,0.000000,0.000000,0.000000,0.000000,0.000000,0,0.365275,0.038809,1,0,0,0.000000,0.000000,0.000000,0.000000,0.000000,0.000000,0.000000,0.000000,0,0.000000,0.000000,0.000000,0.000000,0,0,0,0,0,0.000000,0.000000,0.000000,0.000000,0.000000,0.000000,0.000000,0.000000,0.000000,0,0.000000,0.000000,0.000000
66837,28.354277,100419.804688,0.000000,24,1,1000,1000,1000,1000,1000.000000,1,0,0,1,0.378228,0.428810,0.435015,0.004407,0.105177,0.105177,0.057532,0.057534,49,0.477000,1.001000,0.125000,0.227529,1.002001,0.015625,1,1,1.500000,-0.006770,0.124782,-0.025811,-0.000518,0.015978,0.690561,0.628616,6.151102,-0.004000,0.011000,0.026000,1.196735,3.461699,-107.665375,0.000000,0.000000,0.000000,0.000000,0.000000,0.000000,0.000000,0.000000,0.000000,0.000000,0,0.381849,0.042417,1,0,0,0.000000,0.000000,0.000000,0.000000,0.000000,0.000000,0.000000,0.000000,0,0.000000,0.000000,0.000000,0.000000,0,0,0,0,0,0.000000,0.000000,0.000000,0.000000,0.000000,0.000000,0.000000,0.000000,0.000000,0,0.000000,0.000000,0.000000
66955,28.354277,100418.203125,0.010000,13,1,1000,1000,1000,1000,1000.000000,1,0,0,1,0.381881,0.431018,0.434783,0.003972,0.105298,0.105298,0.060578,0.060582,41,0.477000,1.001000,0.129000,0.227529,1.002001,0.016641,1,1,1.500000,-0.006760,0.124653,-0.025836,-0.000410,0.016068,0.701660,0.628616,6.154100,0.020000,-0.001000,0.016000,1.200023,3.463142,-107.668739,0.000000,0.000000,0.000000,0.000000,0.000000,0.000000,0.000000,0.000000,0.000000,0.000000,0,0.391846,0.044669,1,0,0,0.000000,0.000000,0.000000,0.000000,0.000000,0.000000,0.000000,0.000000,0,0.000000,0.000000,0.000000,0.000000,0,0,0,0,0,0.000000,0.000000,0.000000,0.000000,0.000000,0.000000,0.000000,0.000000,0.000000,0,0.000000,0.000000,0.000000
67049,28.357763,100421.703125,-0.010000,0,1,1000,1000,1000,1000,1000.000000,1,0,0,1,0.385445,0.433215,0.448053,0.007692,0.105062,0.105062,0.059490,0.059493,10,0.476000,1.001000,0.131000,0.226576,1.002001,0.017161,1,1,1.500000,-0.006755,0.124533,-0.025849,-0.000446,0.016125,0.701660,0.628616,6.161100,0.008000,0.005000,0.012000,1.201122,3.463635,-107.671593,0.000000,0.000000,0.000000,0.000000,0.000000,0.000000,0.000000,0.000000,0.000000,0.000000,0,0.384902,0.043094,1,0,0,0.000000,0.000000,0.000000,0.000000,0.000000,0.000000,0.000000,0.000000,0,0.000000,0.000000,0.000000,0.000000,0,0,0,0,0,0.000000,0.000000,0.000000,0.000000,0.000000,0.000000,0.000000,0.000000,0.000000,0,0.000000,0.000000,0.000000
67143,28.356186,100420.703125,-0.020000,0,1,1000,1000,1000,1000,1000.000000,1,0,0,1,0.385445,0.433216,0.428018,0.001600,0.105552,0.105552,0.060105,0.060108,104,0.476000,1.001000,0.131000,0.226576,1.002001,0.017161,1,1,1.500000,-0.006755,0.124533,-0.025849,-0.000446,0.016125,0.701660,0.628616,6.161100,0.008000,0.005000,0.012000,1.200823,3.461599,-107.674431,0.000000,0.000000,0.000000,0.000000,0.000000,0.000000,0.000000,0.000000,0.000000,0.000000,0,0.354555,0.036560,1,0,0,0.000000,0.000000,0.000000,0.000000,0.000000,0.000000,0.000000,0.000000,0,0.000000,0.000000,0.000000,0.000000,0,0,0,0,0,0.000000,0.000000,0.000000,0.000000,0.000000,0.000000,0.000000,0.000000,0.000000,0,0.000000,0.000000,0.000000
67239,28.350388,100419.304688,0.000000,0,1,1000,1000,1000,1000,1000.000000,1,0,0,1,0.388970,0.435385,0.441216,0.005266,0.105286,0.105286,0.058075,0.058078,69,0.476000,1.001000,0.133000,0.226576,1.002001,0.017689,1,1,1.500000,-0.006751,0.124414,-0.025864,-0.000450,0.016104,0.701660,0.628616,6.154100,0.008000,0.004000,0.013000,1.202039,3.461051,-107.677322,0.000000,0.000000,0.000000,0.000000,0.000000,0.000000,0.000000,0.000000,0.000000,0.000000,0,0.378205,0.041600,1,0,0,0.000000,0.000000,0.000000,0.000000,0.000000,0.000000,0.000000,0.000000,0,0.000000,0.000000,0.000000,0.000000,0,0,0,0,0,0.000000,0.000000,0.000000,0.000000,0.000000,0.000000,0.000000,0.000000,0.000000,0,0.000000,0.000000,0.000000
67332,28.349512,100418.601563,0.000000,0,1,1000,1000,1000,1000,1000.000000,1,0,0,1,0.392382,0.437534,0.447653,0.007292,0.105208,0.105208,0.058322,0.058325,41,0.476000,1.001000,0.112000,0.226576,1.002001,0.012544,1,1,1.500000,-0.006746,0.124290,-0.025888,-0.000456,0.016117,0.701654,0.628611,6.158121,-0.011000,0.005000,0.015000,1.200558,3.459788,-107.680206,0.000000,0.000000,0.000000,0.000000,0.000000,0.000000,0.000000,0.000000,0.000000,0.000000,0,0.364392,0.038618,1,0,0,0.000000,0.000000,0.000000,0.000000,0.000000,0.000000,0.000000,0.000000,0,0.000000,0.000000,0.000000,0.000000,0,0,0,0,0,0.000000,0.000000,0.000000,0.000000,0.000000,0.000000,0.000000,0.000000,0.000000,0,0.000000,0.000000,0.000000
67443,28.355925,100420.601563,0.000000,0,1,1000,1000,1000,1000,1000.000000,1,0,0,1,0.395784,0.439659,0.453693,0.008852,0.105081,0.105081,0.057986,0.057989,32,0.476000,1.001000,0.105000,0.226576,1.002001,0.011025,1,1,1.500000,-0.006731,0.124161,-0.025911,-0.000401,0.016060,0.701654,0.628611,6.159121,-0.004000,0.003000,0.008000,1.199337,3.458789,-107.683678,0.000000,0.000000,0.000000,0.000000,0.000000,0.000000,0.000000,0.000000,0.000000,0.000000,0,0.390780,0.044412,1,0,0,0.000000,0.000000,0.000000,0.000000,0.000000,0.000000,0.000000,0.000000,0,0.000000,0.000000,0.000000,0.000000,0,0,0,0,0,0.000000,0.000000,0.000000,0.000000,0.000000,0.000000,0.000000,0.000000,0.000000,0,0.000000,0.000000,0.000000
67547,28.351650,100418.304688,0.020000,16,1,1000,1000,1000,1000,1000.000000,1,0,0,1,0.399361,0.441775,0.451955,0.008341,0.104987,0.104987,0.058023,0.058026,9,0.476000,1.001000,0.130000,0.226576,1.002001,0.016900,1,1,1.500000,-0.006719,0.124038,-0.025941,-0.000400,0.016057,0.712753,0.628611,6.165121,0.022000,0.010000,0.021000,1.201625,3.459598,-107.686516,0.000000,0.000000,0.000000,0.000000,0.000000,0.000000,0.000000,0.000000,0.000000,0.000000,0,0.399371,0.046382,1,0,0,0.000000,0.000000,0.000000,0.000000,0.000000,0.000000,0.000000,0.000000,0,0.000000,0.000000,0.000000,0.000000,0,0,0,0,0,0.000000,0.000000,0.000000,0.000000,0.000000,0.000000,0.000000,0.000000,0.000000,0,0.000000,0.000000,0.000000
67635,28.354662,100420.304688,0.020000,0,1,1000,1000,1000,1000,1000.000000,1,0,0,1,0.399366,0.441779,0.444467,0.005804,0.105459,0.105459,0.058143,0.058146,97,0.476000,1.001000,0.130000,0.226576,1.002001,0.016900,1,1,1.500000,-0.006719,0.124038,-0.025941,-0.000400,0.016057,0.712753,0.628611,6.165121,0.022000,0.010000,0.021000,1.199749,3.457773,-107.689445,0.000000,0.000000,0.000000,0.000000,0.000000,0.000000,0.000000,0.000000,0.000000,0.000000,0,0.422306,0.051863,1,0,0,0.000000,0.000000,0.000000,0.000000,0.000000,0.000000,0.000000,0.000000,0,0.000000,0.000000,0.000000,0.000000,0,0,0,0,0,0.000000,0.000000,0.000000,0.000000,0.000000,0.000000,0.000000,0.000000,0.000000,0,0.000000,0.000000,0.000000
67733,28.352140,100418.898438,0.020000,0,1,1000,1000,1000,1000,1000.000000,1,0,0,1,0.402831,0.443816,0.442247,0.004963,0.105202,0.105202,0.056069,0.056072,68,0.476000,1.001000,0.136000,0.226576,1.002001,0.018496,1,1,1.500000,-0.006707,0.123914,-0.025968,-0.000403,0.016062,0.712753,0.628611,6.163118,0.002000,-0.007000,0.011000,1.198451,3.456279,-107.692635,0.000000,0.000000,0.000000,0.000000,0.000000,0.000000,0.000000,0.000000,0.000000,0.000000,0,0.409784,0.048840,1,0,0,0.000000,0.000000,0.000000,0.000000,0.000000,0.000000,0.000000,0.000000,0,0.000000,0.000000,0.000000,0.000000,0,0,0,0,0,0.000000,0.000000,0.000000,0.000000,0.000000,0.000000,0.000000,0.000000,0.000000,0,0.000000,0.000000,0.000000
67846,28.350353,100419.601563,0.010000,0,1,1000,1000,1000,1000,1000.000000,1,0,0,1,0.406230,0.445850,0.455315,0.008798,0.105274,0.105274,0.058273,0.058276,58,0.476000,1.001000,0.118000,0.226576,1.002001,0.013924,1,1,1.500000,-0.006709,0.123801,-0.025994,-0.000448,0.016091,0.712753,0.628611,6.166121,-0.008000,-0.003000,0.017000,1.196216,3.455666,-107.696205,0.000000,0.000000,0.000000,0.000000,0.000000,0.000000,0.000000,0.000000,0.000000,0.000000,0,0.392500,0.044792,1,0,0,0.000000,0.000000,0.000000,0.000000,0.000000,0.000000,0.000000,0.000000,0,0.000000,0.000000,0.000000,0.000000,0,0,0,0,0,0.000000,0.000000,0.000000,0.000000,0.000000,0.000000,0.000000,0.000000,0.000000,0,0.000000,0.000000,0.000000
67939,28.355154,100421.703125,-0.010000,3,1,1000,1000,1000,1000,1000.000000,1,0,0,1,0.409631,0.448034,0.453508,0.007925,0.104993,0.104993,0.055880,0.055882,28,0.475000,1.001000,0.130000,0.225625,1.002001,0.016900,1,1,1.500000,-0.006712,0.123695,-0.026018,-0.000449,0.016089,0.712749,0.637455,6.166101,0.008000,0.017000,0.015000,1.195007,3.458972,-107.698936,0.000000,0.000000,0.000000,0.000000,0.000000,0.000000,0.000000,0.000000,0.000000,0.000000,0,0.390718,0.044398,1,0,0,0.000000,0.000000,0.000000,0.000000,0.000000,0.000000,0.000000,0.000000,0,0.000000,0.000000,0.000000,0.000000,0,0,0,0,0,0.000000,0.000000,0.000000,0.000000,0.000000,0.000000,0.000000,0.000000,0.000000,0,0.000000,0.000000,0.000000
68079,28.352087,100420.203125,0.000000,24,1,1000,1000,1000,1000,1000.000000,1,0,0,1,0.413008,0.449969,0.459478,0.009284,0.105268,0.105268,0.060820,0.060824,41,0.475000,1.001000,0.133000,0.225625,1.002001,0.017689,1,1,1.500000,-0.006709,0.123587,-0.026030,-0.000460,0.016090,0.712749,0.628617,6.164102,0.004000,-0.012000,0.006000,1.193588,3.456937,-107.703514,0.000000,0.000000,0.000000,0.000000,0.000000,0.000000,0.000000,0.000000,0.000000,0.000000,0,0.406878,0.048133,1,0,0,0.000000,0.000000,0.000000,0.000000,0.000000,0.000000,0.000000,0.000000,0,0.000000,0.000000,0.000000,0.000000,0,0,0,0,0,0.000000,0.000000,0.000000,0.000000,0.000000,0.000000,0.000000,0.000000,0.000000,0,0.000000,0.000000,0.000000
68151,28.351387,100420.898438,-0.010000,0,1,1000,1000,1000,1000,1000.000000,1,0,0,1,0.412995,0.449990,0.452094,0.006527,0.105562,0.105563,0.058501,0.058504,113,0.475000,1.001000,0.133000,0.225625,1.002001,0.017689,1,1,1.500000,-0.006709,0.123587,-0.026030,-0.000460,0.016090,0.712749,0.628617,6.164102,0.004000,-0.012000,0.006000,1.190744,3.458506,-107.705681,0.000000,0.000000,0.000000,0.000000,0.000000,0.000000,0.000000,0.000000,0.000000,0.000000,0,0.399645,0.046432,1,0,0,0.000000,0.000000,0.000000,0.000000,0.000000,0.000000,0.000000,0.000000,0,0.000000,0.000000,0.000000,0.000000,0,0,0,0,0,0.000000,0.000000,0.000000,0.000000,0.000000,0.000000,0.000000,0.000000,0.000000,0,0.000000,0.000000,0.000000
68246,28.352192,100419.500000,0.000000,0,1,1000,1000,1000,1000,1000.000000,1,0,0,1,0.416377,0.452118,0.458084,0.008337,0.105270,0.105270,0.055998,0.056001,75,0.475000,1.001000,0.130000,0.225625,1.002001,0.016900,1,1,1.500000,-0.006699,0.123471,-0.026051,-0.000412,0.016050,0.712749,0.637455,6.173101,0.018000,0.018000,0.020000,1.190059,3.461582,-107.708511,0.000000,0.000000,0.000000,0.000000,0.000000,0.000000,0.000000,0.000000,0.000000,0.000000,0,0.405751,0.047862,1,0,0,0.000000,0.000000,0.000000,0.000000,0.000000,0.000000,0.000000,0.000000,0,0.000000,0.000000,0.000000,0.000000,0,0,0,0,0,0.000000,0.000000,0.000000,0.000000,0.000000,0.000000,0.000000,0.000000,0.000000,0,0.000000,0.000000,0.000000
68344,28.349424,100418.601563,0.000000,0,1,1000,1000,1000,1000,1000.000000,1,0,0,1,0.419689,0.454159,0.464035,0.010071,0.105144,0.105145,0.055765,0.055767,53,0.475000,1.001000,0.141000,0.225625,1.002001,0.019881,1,1,1.500000,-0.006687,0.123353,-0.026071,-0.000411,0.016045,0.712749,0.637455,6.171102,0.007000,-0.004000,0.024000,1.189964,3.461915,-107.711517,0.000000,0.000000,0.000000,0.000000,0.000000,0.000000,0.000000,0.000000,0.000000,0.000000,0,0.401708,0.046913,1,0,0,0.000000,0.000000,0.000000,0.000000,0.000000,0.000000,0.000000,0.000000,0,0.000000,0.000000,0.000000,0.000000,0,0,0,0,0,0.000000,0.000000,0.000000,0.000000,0.000000,0.000000,0.000000,0.000000,0.000000,0,0.000000,0.000000,0.000000
68446,28.354101,100419.898438,-0.020000,0,1,1000,1000,1000,1000,1000.000000,1,0,0,1,0.423099,0.456185,0.470103,0.012125,0.105131,0.105131,0.057371,0.057374,36,0.475000,1.001000,0.137000,0.225625,1.002001,0.018769,1,1,1.500000,-0.006667,0.123244,-0.026066,-0.000370,0.016086,0.723848,0.637455,6.170103,0.016000,0.003000,0.021000,1.192212,3.464357,-107.714485,0.000000,0.000000,0.000000,0.000000,0.000000,0.000000,0.000000,0.000000,0.000000,0.000000,0,0.376868,0.041295,1,0,0,0.000000,0.000000,0.000000,0.000000,0.000000,0.000000,0.000000,0.000000,0,0.000000,0.000000,0.000000,0.000000,0,0,0,0,0,0.000000,0.000000,0.000000,0.000000,0.000000,0.000000,0.000000,0.000000,0.000000,0,0.000000,0.000000,0.000000
68537,28.349495,100420.398438,-0.020000,0,1,1000,1000,1000,1000,1000.000000,1,0,0,1,0.423103,0.456185,0.448941,0.005980,0.105440,0.105441,0.055575,0.055578,127,0.475000,1.001000,0.137000,0.225625,1.002001,0.018769,1,1,1.500000,-0.006667,0.123244,-0.026066,-0.000370,0.016086,0.723848,0.637455,6.170103,0.016000,0.003000,0.021000,1.192609,3.465028,-107.717224,0.000000,0.000000,0.000000,0.000000,0.000000,0.000000,0.000000,0.000000,0.000000,0.000000,0,0.375953,0.041098,1,0,0,0.000000,0.000000,0.000000,0.000000,0.000000,0.000000,0.000000,0.000000,0,0.000000,0.000000,0.000000,0.000000,0,0,0,0,0,0.000000,0.000000,0.000000,0.000000,0.000000,0.000000,0.000000,0.000000,0.000000,0,0.000000,0.000000,0.000000
68650,28.346464,100418.101563,0.000000,0,1,1000,1000,1000,1000,1000.000000,1,0,0,1,0.426395,0.458220,0.462510,0.009628,0.105472,0.105472,0.057752,0.057755,110,0.475000,1.000000,0.127000,0.225625,1.000000,0.016129,1,1,1.500000,-0.006651,0.123136,-0.026066,-0.000370,0.016082,0.723848,0.637455,6.176099,-0.005000,0.009000,0.020000,1.190914,3.465867,-107.720772,0.000000,0.000000,0.000000,0.000000,0.000000,0.000000,0.000000,0.000000,0.000000,0.000000,0,0.389708,0.044151,1,0,0,0.000000,0.000000,0.000000,0.000000,0.000000,0.000000,0.000000,0.000000,0,0.000000,0.000000,0.000000,0.000000,0,0,0,0,0,0.000000,0.000000,0.000000,0.000000,0.000000,0.000000,0.000000,0.000000,0.000000,0,0.000000,0.000000,0.000000
68740,28.345098,100419.101563,0.020000,3,1,1000,1000,1000,1000,1000.000000,1,0,0,1,0.429757,0.460173,0.459617,0.008203,0.105185,0.105186,0.055570,0.055573,75,0.475000,1.000000,0.116000,0.225625,1.000000,0.013456,1,1,1.500000,-0.006639,0.123026,-0.026063,-0.000492,0.016004,0.723848,0.637455,6.165102,0.023000,-0.006000,0.005000,1.193212,3.464586,-107.723351,0.000000,0.000000,0.000000,0.000000,0.000000,0.000000,0.000000,0.000000,0.000000,0.000000,0,0.427585,0.053162,1,0,0,0.000000,0.000000,0.000000,0.000000,0.000000,0.000000,0.000000,0.000000,0,0.000000,0.000000,0.000000,0.000000,0,0,0,0,0,0.000000,0.000000,0.000000,0.000000,0.000000,0.000000,0.000000,0.000000,0.000000,0,0.000000,0.000000,0.000000
68846,28.347305,100417.703125,0.040000,0,1,1000,1000,1000,1000,1000.000000,1,0,0,1,0.432985,0.462151,0.472372,0.011902,0.105217,0.105217,0.057705,0.057708,58,0.475000,1.000000,0.119000,0.225625,1.000000,0.014161,1,1,1.500000,-0.006631,0.122920,-0.026063,-0.000487,0.015983,0.723848,0.637455,6.168100,-0.008000,0.007000,0.014000,1.191953,3.464286,-107.726723,0.000000,0.000000,0.000000,0.000000,0.000000,0.000000,0.000000,0.000000,0.000000,0.000000,0,0.419985,0.051273,1,0,0,0.000000,0.000000,0.000000,0.000000,0.000000,0.000000,0.000000,0.000000,0,0.000000,0.000000,0.000000,0.000000,0,0,0,0,0,0.000000,0.000000,0.000000,0.000000,0.000000,0.000000,0.000000,0.000000,0.000000,0,0.000000,0.000000,0.000000
68940,28.347725,100419.898438,0.040000,3,1,1000,1000,1000,1000,1000.000000,1,0,0,1,0.436199,0.464078,0.467509,0.010534,0.104932,0.104932,0.055486,0.055488,30,0.474000,1.000000,0.102000,0.224676,1.000000,0.010404,1,1,1.500000,-0.006620,0.122821,-0.026044,-0.000359,0.016076,0.723852,0.637449,6.159121,-0.001000,0.001000,0.006000,1.193622,3.462877,-107.729401,0.000000,0.000000,0.000000,0.000000,0.000000,0.000000,0.000000,0.000000,0.000000,0.000000,0,0.455996,0.060463,1,0,0,0.000000,0.000000,0.000000,0.000000,0.000000,0.000000,0.000000,0.000000,0,0.000000,0.000000,0.000000,0.000000,0,0,0,0,0,0.000000,0.000000,0.000000,0.000000,0.000000,0.000000,0.000000,0.000000,0.000000,0,0.000000,0.000000,0.000000
69058,28.347340,100419.203125,0.030000,3,1,1000,1000,1000,1000,1000.000000,1,0,0,1,0.439369,0.466036,0.471726,0.011439,0.105005,0.105005,0.058153,0.058156,20,0.474000,1.000000,0.128000,0.224676,1.000000,0.016384,1,1,1.500000,-0.006611,0.122731,-0.026017,-0.000486,0.015966,0.723852,0.637449,6.161119,0.001000,0.010000,0.007000,1.196237,3.463607,-107.732941,0.000000,0.000000,0.000000,0.000000,0.000000,0.000000,0.000000,0.000000,0.000000,0.000000,0,0.450223,0.058926,1,0,0,0.000000,0.000000,0.000000,0.000000,0.000000,0.000000,0.000000,0.000000,0,0.000000,0.000000,0.000000,0.000000,0,0,0,0,0,0.000000,0.000000,0.000000,0.000000,0.000000,0.000000,0.000000,0.000000,0.000000,0,0.000000,0.000000,0.000000
69184,28.345150,100419.500000,0.030000,33,1,1000,1000,1000,1000,1000.000000,1,0,0,1,0.442514,0.467964,0.476286,0.012110,0.105058,0.105058,0.060182,0.060186,13,0.474000,1.000000,0.132000,0.224676,1.000000,0.017424,1,1,1.500000,-0.006607,0.122639,-0.025980,-0.000401,0.016026,0.723852,0.637449,6.156118,0.003000,0.005000,0.010000,1.198577,3.464720,-107.736740,0.000000,0.000000,0.000000,0.000000,0.000000,0.000000,0.000000,0.000000,0.000000,0.000000,0,0.433831,0.054707,1,0,0,0.000000,0.000000,0.000000,0.000000,0.000000,0.000000,0.000000,0.000000,0,0.000000,0.000000,0.000000,0.000000,0,0,0,0,0,0.000000,0.000000,0.000000,0.000000,0.000000,0.000000,0.000000,0.000000,0.000000,0,0.000000,0.000000,0.000000
69246,28.345413,100418.304688,0.030000,0,1,1000,1000,1000,1000,1000.000000,1,0,0,1,0.442521,0.467954,0.468135,0.009009,0.105194,0.105195,0.055931,0.055934,75,0.474000,1.000000,0.132000,0.224676,1.000000,0.017424,1,1,1.500000,-0.006607,0.122639,-0.025980,-0.000401,0.016026,0.723852,0.637449,6.156118,0.003000,0.005000,0.010000,1.199413,3.463626,-107.738594,0.000000,0.000000,0.000000,0.000000,0.000000,0.000000,0.000000,0.000000,0.000000,0.000000,0,0.436431,0.055367,1,0,0,0.000000,0.000000,0.000000,0.000000,0.000000,0.000000,0.000000,0.000000,0,0.000000,0.000000,0.000000,0.000000,0,0,0,0,0,0.000000,0.000000,0.000000,0.000000,0.000000,0.000000,0.000000,0.000000,0.000000,0,0.000000,0.000000,0.000000
69344,28.345011,100418.398438,0.050000,0,1,1000,1000,1000,1000,1000.000000,1,0,0,1,0.445652,0.469837,0.472025,0.009563,0.105068,0.105069,0.055740,0.055743,52,0.474000,1.000000,0.132000,0.224676,1.000000,0.017424,1,1,1.500000,-0.006599,0.122546,-0.025944,-0.000407,0.016075,0.723852,0.637449,6.149118,0.009000,0.002000,0.009000,1.200760,3.462829,-107.741547,0.000000,0.000000,0.000000,0.000000,0.000000,0.000000,0.000000,0.000000,0.000000,0.000000,0,0.460855,0.061738,1,0,0,0.000000,0.000000,0.000000,0.000000,0.000000,0.000000,0.000000,0.000000,0,0.000000,0.000000,0.000000,0.000000,0,0,0,0,0,0.000000,0.000000,0.000000,0.000000,0.000000,0.000000,0.000000,0.000000,0.000000,0,0.000000,0.000000,0.000000
69447,28.346394,100419.304688,0.060000,0,1,1000,1000,1000,1000,1000.000000,1,0,0,1,0.448669,0.471681,0.466083,0.007351,0.105054,0.105055,0.057368,0.057371,36,0.474000,1.000000,0.112000,0.224676,1.000000,0.012544,1,1,1.500000,-0.006598,0.122456,-0.025909,-0.000409,0.016057,0.723852,0.637449,6.136122,-0.012000,-0.001000,-0.002000,1.198930,3.461062,-107.744781,0.000000,0.000000,0.000000,0.000000,0.000000,0.000000,0.000000,0.000000,0.000000,0.000000,0,0.475044,0.065603,1,0,0,0.000000,0.000000,0.000000,0.000000,0.000000,0.000000,0.000000,0.000000,0,0.000000,0.000000,0.000000,0.000000,0,0,0,0,0,0.000000,0.000000,0.000000,0.000000,0.000000,0.000000,0.000000,0.000000,0.000000,0,0.000000,0.000000,0.000000
69540,28.345325,100418.804688,0.060000,3,1,1000,1000,1000,1000,1000.000000,1,0,0,1,0.448679,0.471685,0.448966,0.001724,0.105364,0.105364,0.055579,0.055582,0,0.474000,1.000000,0.129000,0.224676,1.000000,0.016641,1,1,1.500000,-0.006605,0.122373,-0.025870,-0.000690,0.016412,0.723852,0.637449,6.136122,0.006000,-0.014000,0.002000,1.199681,3.460620,-107.747482,0.000000,0.000000,0.000000,0.000000,0.000000,0.000000,0.000000,0.000000,0.000000,0.000000,0,0.457540,0.060865,1,0,0,0.000000,0.000000,0.000000,0.000000,0.000000,0.000000,0.000000,0.000000,0,0.000000,0.000000,0.000000,0.000000,0,0,0,0,0,0.000000,0.000000,0.000000,0.000000,0.000000,0.000000,0.000000,0.000000,0.000000,0,0.000000,0.000000,0.000000
69650,28.341787,100419.898438,0.050000,0,1,1000,1000,1000,1000,1000.000000,1,0,0,1,0.451729,0.473468,0.460747,0.005141,0.105396,0.105397,0.057749,0.057752,110,0.474000,1.000000,0.129000,0.224676,1.000000,0.016641,1,1,1.500000,-0.006605,0.122373,-0.025870,-0.000690,0.016412,0.723852,0.637449,6.132120,0.006000,-0.014000,0.002000,1.199608,3.460356,-107.750916,0.000000,0.000000,0.000000,0.000000,0.000000,0.000000,0.000000,0.000000,0.000000,0.000000,0,0.459365,0.061340,1,0,0,0.000000,0.000000,0.000000,0.000000,0.000000,0.000000,0.000000,0.000000,0,0.000000,0.000000,0.000000,0.000000,0,0,0,0,0,0.000000,0.000000,0.000000,0.000000,0.000000,0.000000,0.000000,0.000000,0.000000,0,0.000000,0.000000,0.000000
69740,28.342365,100419.500000,0.050000,3,1,1000,1000,1000,1000,1000.000000,1,0,0,1,0.454744,0.475325,0.455439,0.003093,0.105110,0.105111,0.055566,0.055568,75,0.474000,1.000000,0.122000,0.224676,1.000000,0.014884,1,1,1.500000,-0.006601,0.122279,-0.025830,-0.000418,0.016000,0.723848,0.637455,6.125101,0.006000,0.012000,0.001000,1.198255,3.463079,-107.753586,0.000000,0.000000,0.000000,0.000000,0.000000,0.000000,0.000000,0.000000,0.000000,0.000000,0,0.453931,0.059911,1,0,0,0.000000,0.000000,0.000000,0.000000,0.000000,0.000000,0.000000,0.000000,0,0.000000,0.000000,0.000000,0.000000,0,0,0,0,0,0.000000,0.000000,0.000000,0.000000,0.000000,0.000000,0.000000,0.000000,0.000000,0,0.000000,0.000000,0.000000
69846,28.343819,100419.203125,0.050000,0,1,1000,1000,1000,1000,1000.000000,1,0,0,1,0.457725,0.477088,0.467318,0.006296,0.105144,0.105144,0.057702,0.057705,58,0.474000,1.000000,0.134000,0.224676,1.000000,0.017956,1,1,1.500000,-0.006594,0.122183,-0.025760,-0.000429,0.015991,0.723848,0.637455,6.122102,0.004000,-0.005000,0.009000,1.197142,3.462854,-107.757019,0.000000,0.000000,0.000000,0.000000,0.000000,0.000000,0.000000,0.000000,0.000000,0.000000,0,0.445578,0.057708,1,0,0,0.000000,0.000000,0.000000,0.000000,0.000000,0.000000,0.000000,0.000000,0,0.000000,0.000000,0.000000,0.000000,0,0,0,0,0,0.000000,0.000000,0.000000,0.000000,0.000000,0.000000,0.000000,0.000000,0.000000,0,0.000000,0.000000,0.000000
69940,28.344923,100419.203125,0.050000,3,1,1000,1000,1000,1000,1000.000000,1,0,0,1,0.460643,0.478861,0.461821,0.004798,0.104859,0.104860,0.055482,0.055484,30,0.474000,1.000000,0.108000,0.224676,1.000000,0.011664,1,1,1.500000,-0.006584,0.122083,-0.025678,-0.000427,0.015932,0.723848,0.637455,6.114099,-0.005000,0.002000,0.000000,1.195165,3.463173,-107.759880,0.000000,0.000000,0.000000,0.000000,0.000000,0.000000,0.000000,0.000000,0.000000,0.000000,0,0.460418,0.061637,1,0,0,0.000000,0.000000,0.000000,0.000000,0.000000,0.000000,0.000000,0.000000,0,0.000000,0.000000,0.000000,0.000000,0,0,0,0,0,0.000000,0.000000,0.000000,0.000000,0.000000,0.000000,0.000000,0.000000,0.000000,0,0.000000,0.000000,0.000000
70054,28.341139,100420.601563,0.030000,0,1,1000,1000,1000,1000,1000.000000,1,0,0,1,0.463696,0.480589,0.474013,0.008140,0.104892,0.104892,0.057555,0.057557,9,0.474000,0.999000,0.108000,0.224676,0.998001,0.011664,1,1,1.500000,-0.006571,0.121979,-0.025576,-0.000425,0.015851,0.734947,0.637455,6.105100,0.007000,-0.006000,-0.003000,1.196411,3.462973,-107.763161,0.000000,0.000000,0.000000,0.000000,0.000000,0.000000,0.000000,0.000000,0.000000,0.000000,0,0.442034,0.056796,1,0,0,0.000000,0.000000,0.000000,0.000000,0.000000,0.000000,0.000000,0.000000,0,0.000000,0.000000,0.000000,0.000000,0,0,0,0,0,0.000000,0.000000,0.000000,0.000000,0.000000,0.000000,0.000000,0.000000,0.000000,0,0.000000,0.000000,0.000000
70136,28.347183,100422.500000,0.000000,39,1,1000,1000,1000,1000,1000.000000,1,0,0,1,0.463714,0.480598,0.458202,0.003290,0.105217,0.105217,0.055853,0.055855,91,0.474000,0.999000,0.108000,0.224676,0.998001,0.011664,1,1,1.500000,-0.006571,0.121979,-0.025576,-0.000425,0.015851,0.734947,0.637455,6.105100,0.007000,-0.006000,-0.003000,1.196652,3.464264,-107.765869,0.000000,0.000000,0.000000,0.000000,0.000000,0.000000,0.000000,0.000000,0.000000,0.000000,0,0.405945,0.047902,1,0,0,0.000000,0.000000,0.000000,0.000000,0.000000,0.000000,0.000000,0.000000,0,0.000000,0.000000,0.000000,0.000000,0,0,0,0,0,0.000000,0.000000,0.000000,0.000000,0.000000,0.000000,0.000000,0.000000,0.000000,0,0.000000,0.000000,0.000000
70249,28.346745,100421.304688,-0.040000,0,1,1000,1000,1000,1000,1000.000000,1,0,0,1,0.466687,0.482341,0.464314,0.005030,0.105253,0.105253,0.057897,0.057900,76,0.474000,0.999000,0.114000,0.224676,0.998001,0.012996,1,1,1.500000,-0.006571,0.121887,-0.025462,-0.000830,0.016162,0.734947,0.637455,6.109102,-0.004000,0.008000,0.005000,1.196276,3.465479,-107.769432,0.000000,0.000000,0.000000,0.000000,0.000000,0.000000,0.000000,0.000000,0.000000,0.000000,0,0.381528,0.042313,1,0,0,0.000000,0.000000,0.000000,0.000000,0.000000,0.000000,0.000000,0.000000,0,0.000000,0.000000,0.000000,0.000000,0,0,0,0,0,0.000000,0.000000,0.000000,0.000000,0.000000,0.000000,0.000000,0.000000,0.000000,0,0.000000,0.000000,0.000000
70378,28.349670,100421.898438,-0.040000,35,1,1000,1000,1000,1000,1000.000000,1,0,0,1,0.469687,0.484047,0.463780,0.003875,0.105355,0.105355,0.060673,0.060676,87,0.473000,0.999000,0.107000,0.223729,0.998001,0.011449,1,1,1.500000,-0.006556,0.121779,-0.025320,-0.000549,0.015648,0.734947,0.637455,6.098100,0.014000,0.001000,0.000000,1.199819,3.467303,-107.772141,0.000000,0.000000,0.000000,0.000000,0.000000,0.000000,0.000000,0.000000,0.000000,0.000000,0,0.370589,0.039929,1,0,0,0.000000,0.000000,0.000000,0.000000,0.000000,0.000000,0.000000,0.000000,0,0.000000,0.000000,0.000000,0.000000,0,0,0,0,0,0.000000,0.000000,0.000000,0.000000,0.000000,0.000000,0.000000,0.000000,0.000000,0,0.000000,0.000000,0.000000
70447,28.343872,100420.398438,-0.040000,1,1,1000,1000,1000,1000,1000.000000,1,0,0,1,0.472624,0.485749,0.477303,0.007015,0.104907,0.104907,0.056052,0.056054,37,0.473000,0.998000,0.136000,0.223729,0.996004,0.018496,1,1,1.500000,-0.006527,0.121653,-0.025147,-0.000374,0.015534,0.734926,0.637458,6.100099,0.009000,0.003000,0.014000,1.198846,3.469660,-107.773048,0.000000,0.000000,0.000000,0.000000,0.000000,0.000000,0.000000,0.000000,0.000000,0.000000,0,0.363818,0.038479,1,0,0,0.000000,0.000000,0.000000,0.000000,0.000000,0.000000,0.000000,0.000000,0,0.000000,0.000000,0.000000,0.000000,0,0,0,0,0,0.000000,0.000000,0.000000,0.000000,0.000000,0.000000,0.000000,0.000000,0.000000,0,0.000000,0.000000,0.000000
70542,28.344099,100420.304688,-0.040000,0,1,1000,1000,1000,1000,1000.000000,1,0,0,1,0.475580,0.487379,0.476685,0.006649,0.104828,0.104829,0.056937,0.056940,1,0.473000,0.998000,0.135000,0.223729,0.996004,0.018225,1,1,1.500000,-0.006490,0.121514,-0.024949,-0.000336,0.015325,0.734888,0.637463,6.108101,0.013000,-0.015000,0.022000,1.200405,3.464731,-107.776398,0.000000,0.000000,0.000000,0.000000,0.000000,0.000000,0.000000,0.000000,0.000000,0.000000,0,0.363434,0.038394,1,0,0,0.000000,0.000000,0.000000,0.000000,0.000000,0.000000,0.000000,0.000000,0,0.000000,0.000000,0.000000,0.000000,0,0,0,0,0,0.000000,0.000000,0.000000,0.000000,0.000000,0.000000,0.000000,0.000000,0.000000,0,0.000000,0.000000,0.000000
70654,28.339300,100419.101563,-0.030000,0,1,1000,1000,1000,1000,1000.000000,1,0,0,1,0.475614,0.487409,0.469891,0.004208,0.105297,0.105298,0.057465,0.057467,113,0.473000,0.998000,0.135000,0.223729,0.996004,0.018225,1,1,1.500000,-0.006490,0.121514,-0.024949,-0.000336,0.015325,0.734888,0.637463,6.108101,0.013000,-0.015000,0.022000,1.194623,3.462831,-107.779236,0.000000,0.000000,0.000000,0.000000,0.000000,0.000000,0.000000,0.000000,0.000000,0.000000,0,0.376963,0.041308,1,0,0,0.000000,0.000000,0.000000,0.000000,0.000000,0.000000,0.000000,0.000000,0,0.000000,0.000000,0.000000,0.000000,0,0,0,0,0,0.000000,0.000000,0.000000,0.000000,0.000000,0.000000,0.000000,0.000000,0.000000,0,0.000000,0.000000,0.000000
70736,28.339983,100418.203125,-0.010000,39,1,1000,1000,1000,1000,1000.000000,1,0,0,1,0.478489,0.489087,0.475246,0.005126,0.105061,0.105062,0.055829,0.055831,73,0.473000,0.997000,0.125000,0.223729,0.994009,0.015625,1,1,1.500000,-0.006447,0.121371,-0.024706,-0.000332,0.015162,0.734888,0.637463,6.091099,-0.002000,0.010000,0.008000,1.191276,3.460375,-107.781944,0.000000,0.000000,0.000000,0.000000,0.000000,0.000000,0.000000,0.000000,0.000000,0.000000,0,0.413151,0.049619,1,0,0,0.000000,0.000000,0.000000,0.000000,0.000000,0.000000,0.000000,0.000000,0,0.000000,0.000000,0.000000,0.000000,0,0,0,0,0,0.000000,0.000000,0.000000,0.000000,0.000000,0.000000,0.000000,0.000000,0.000000,0,0.000000,0.000000,0.000000
70845,28.343399,100419.804688,-0.010000,1,1,1000,1000,1000,1000,1000.000000,1,0,0,1,0.481359,0.490722,0.480296,0.006323,0.104985,0.104985,0.056138,0.056139,53,0.473000,0.997000,0.137000,0.223729,0.994009,0.018769,1,1,1.500000,-0.006408,0.121253,-0.024446,-0.000318,0.015453,0.734888,0.637463,6.089100,0.010000,-0.003000,0.019000,1.190557,3.455966,-107.783524,0.000000,0.000000,0.000000,0.000000,0.000000,0.000000,0.000000,0.000000,0.000000,0.000000,0,0.397612,0.045959,1,0,0,0.000000,0.000000,0.000000,0.000000,0.000000,0.000000,0.000000,0.000000,0,0.000000,0.000000,0.000000,0.000000,0,0,0,0,0,0.000000,0.000000,0.000000,0.000000,0.000000,0.000000,0.000000,0.000000,0.000000,0,0.000000,0.000000,0.000000
70940,28.339020,100417.804688,0.000000,9,1,1000,1000,1000,1000,1000.000000,1,0,0,1,0.484158,0.492301,0.477349,0.003878,0.104792,0.104792,0.055246,0.055249,30,0.473000,0.996000,0.110000,0.223729,0.992016,0.012100,1,1,1.500000,-0.006365,0.121135,-0.024187,-0.000317,0.015461,0.734845,0.637464,6.084117,-0.006000,-0.002000,0.012000,1.190384,3.452626,-107.783989,0.000000,0.000000,0.000000,0.000000,0.000000,0.000000,0.000000,0.000000,0.000000,0.000000,0,0.425615,0.052655,1,0,0,0.000000,0.000000,0.000000,0.000000,0.000000,0.000000,0.000000,0.000000,0,0.000000,0.000000,0.000000,0.000000,0,0,0,0,0,0.000000,0.000000,0.000000,0.000000,0.000000,0.000000,0.000000,0.000000,0.000000,0,0.000000,0.000000,0.000000
71029,28.340595,100418.898438,0.030000,13,1,1000,1000,1000,1000,1000.000000,1,0,0,1,0.484152,0.492399,0.461098,-0.000662,0.105727,0.105727,0.067004,0.067008,119,0.473000,0.996000,0.110000,0.223729,0.992016,0.012100,1,1,1.500000,-0.006365,0.121135,-0.024187,-0.000317,0.015461,0.734845,0.637464,6.084117,-0.006000,-0.002000,0.012000,1.185852,3.452369,-107.786491,0.000000,0.000000,0.000000,0.000000,0.000000,0.000000,0.000000,0.000000,0.000000,0.000000,0,0.439396,0.056126,1,0,0,0.000000,0.000000,0.000000,0.000000,0.000000,0.000000,0.000000,0.000000,0,0.000000,0.000000,0.000000,0.000000,0,0,0,0,0,0.000000,0.000000,0.000000,0.000000,0.000000,0.000000,0.000000,0.000000,0.000000,0,0.000000,0.000000,0.000000
71155,28.339527,100419.000000,0.030000,3,1,1000,1000,1000,1000,1000.000000,1,0,0,1,0.486993,0.493766,0.456693,-0.003394,0.105354,0.105354,0.058262,0.058264,110,0.473000,0.996000,0.132000,0.223729,0.992016,0.017424,1,1,1.500000,-0.006318,0.121027,-0.023920,-0.000260,0.015514,0.734789,0.628629,6.078135,0.010000,-0.012000,0.013000,1.196822,3.442742,-107.793098,0.000000,0.000000,0.000000,0.000000,0.000000,0.000000,0.000000,0.000000,0.000000,0.000000,0,0.434837,0.054975,1,0,0,0.000000,0.000000,0.000000,0.000000,0.000000,0.000000,0.000000,0.000000,0,0.000000,0.000000,0.000000,0.000000,0,0,0,0,0,0.000000,0.000000,0.000000,0.000000,0.000000,0.000000,0.000000,0.000000,0.000000,0,0.000000,0.000000,0.000000
71251,28.338230,100419.898438,0.020000,0,1,1000,1000,1000,1000,1000.000000,1,0,0,1,0.489775,0.495385,0.468477,0.001428,0.105229,0.105229,0.058028,0.058031,80,0.473000,0.995000,0.134000,0.223729,0.990025,0.017956,1,1,1.500000,-0.006277,0.120894,-0.023673,-0.000348,0.015204,0.734720,0.637482,6.073118,0.010000,0.006000,0.015000,1.208297,3.447343,-107.797905,0.000000,0.000000,0.000000,0.000000,0.000000,0.000000,0.000000,0.000000,0.000000,0.000000,0,0.436659,0.055439,1,0,0,0.000000,0.000000,0.000000,0.000000,0.000000,0.000000,0.000000,0.000000,0,0.000000,0.000000,0.000000,0.000000,0,0,0,0,0,0.000000,0.000000,0.000000,0.000000,0.000000,0.000000,0.000000,0.000000,0.000000,0,0.000000,0.000000,0.000000
71344,28.340017,100419.898438,0.030000,0,1,1000,1000,1000,1000,1000.000000,1,0,0,1,0.492526,0.496876,0.472116,0.003289,0.104975,0.104976,0.055988,0.055991,43,0.473000,0.994000,0.134000,0.223729,0.988036,0.017956,1,1,1.500000,-0.006234,0.120766,-0.023428,-0.000334,0.015189,0.734720,0.628644,6.063116,0.010000,-0.007000,0.015000,1.216762,3.451653,-107.798317,0.000000,0.000000,0.000000,0.000000,0.000000,0.000000,0.000000,0.000000,0.000000,0.000000,0,0.430449,0.053867,1,0,0,0.000000,0.000000,0.000000,0.000000,0.000000,0.000000,0.000000,0.000000,0,0.000000,0.000000,0.000000,0.000000,0,0,0,0,0,0.000000,0.000000,0.000000,0.000000,0.000000,0.000000,0.000000,0.000000,0.000000,0,0.000000,0.000000,0.000000
71447,28.342312,100417.601563,0.060000,0,1,1000,1000,1000,1000,1000.000000,1,0,0,1,0.495216,0.498426,0.475627,0.006803,0.104853,0.104853,0.055739,0.055742,32,0.472000,0.994000,0.123000,0.222784,0.988036,0.015129,1,1,1.500000,-0.006196,0.120643,-0.023187,-0.000348,0.015196,0.734689,0.637486,6.062115,-0.006000,0.020000,0.017000,1.214759,3.453475,-107.798164,0.000000,0.000000,0.000000,0.000000,0.000000,0.000000,0.000000,0.000000,0.000000,0.000000,0,0.443981,0.057318,1,0,0,0.000000,0.000000,0.000000,0.000000,0.000000,0.000000,0.000000,0.000000,0,0.000000,0.000000,0.000000,0.000000,0,0,0,0,0,0.000000,0.000000,0.000000,0.000000,0.000000,0.000000,0.000000,0.000000,0.000000,0,0.000000,0.000000,0.000000
71548,28.343363,100419.804688,0.060000,15,1,1000,1000,1000,1000,1000.000000,1,0,0,1,0.495209,0.498464,0.449812,0.003174,0.105380,0.105380,0.056386,0.056388,0,0.472000,0.993000,0.134000,0.222784,0.986049,0.017956,1,1,1.500000,-0.006162,0.120521,-0.022942,-0.000627,0.015518,0.734689,0.637486,6.062115,0.015000,-0.009000,0.029000,1.214544,3.454129,-107.799187,0.000000,0.000000,0.000000,0.000000,0.000000,0.000000,0.000000,0.000000,0.000000,0.000000,0,0.458565,0.061137,1,0,0,0.000000,0.000000,0.000000,0.000000,0.000000,0.000000,0.000000,0.000000,0,0.000000,0.000000,0.000000,0.000000,0,0,0,0,0,0.000000,0.000000,0.000000,0.000000,0.000000,0.000000,0.000000,0.000000,0.000000,0,0.000000,0.000000,0.000000
71649,28.337091,100418.703125,0.060000,0,1,1000,1000,1000,1000,1000.000000,1,0,0,1,0.498057,0.499933,0.452663,0.006764,0.105265,0.105266,0.056157,0.056162,101,0.472000,0.993000,0.134000,0.222784,0.986049,0.017956,1,1,1.500000,-0.006162,0.120521,-0.022942,-0.000627,0.015518,0.745713,0.637497,6.055115,0.015000,-0.009000,0.029000,1.239180,3.457030,-107.804192,0.000000,0.000000,0.000000,0.000000,0.000000,0.000000,0.000000,0.000000,0.000000,0.000000,0,0.461260,0.061860,1,0,0,0.000000,0.000000,0.000000,0.000000,0.000000,0.000000,0.000000,0.000000,0,0.000000,0.000000,0.000000,0.000000,0,0,0,0,0,0.000000,0.000000,0.000000,0.000000,0.000000,0.000000,0.000000,0.000000,0.000000,0,0.000000,0.000000,0.000000
71748,28.338861,100419.398438,0.050000,14,1,1000,1000,1000,1000,1000.000000,1,0,0,1,0.500681,0.501410,0.455774,0.010839,0.105143,0.105144,0.055897,0.055903,85,0.472000,0.993000,0.114000,0.222784,0.986049,0.012996,1,1,1.500000,-0.006123,0.120405,-0.022689,-0.000598,0.015567,0.734586,0.637501,6.045116,-0.002000,0.002000,0.017000,1.244909,3.463973,-107.806717,0.000000,0.000000,0.000000,0.000000,0.000000,0.000000,0.000000,0.000000,0.000000,0.000000,0,0.454848,0.060148,1,0,0,0.000000,0.000000,0.000000,0.000000,0.000000,0.000000,0.000000,0.000000,0,0.000000,0.000000,0.000000,0.000000,0,0,0,0,0,0.000000,0.000000,0.000000,0.000000,0.000000,0.000000,0.000000,0.000000,0.000000,0,0.000000,0.000000,0.000000
71838,28.340876,100421.203125,0.020000,0,1,1000,1000,1000,1000,1000.000000,1,0,0,1,0.503047,0.502864,0.468455,0.016032,0.105272,0.105273,0.064616,0.064622,50,0.472000,0.992000,0.131000,0.222784,0.984064,0.017161,1,1,1.500000,-0.006089,0.120291,-0.022482,-0.000586,0.015654,0.734561,0.628672,6.034095,0.009000,-0.016000,0.013000,1.243608,3.464099,-107.805962,0.000000,0.000000,0.000000,0.000000,0.000000,0.000000,0.000000,0.000000,0.000000,0.000000,0,0.436270,0.055334,1,0,0,0.000000,0.000000,0.000000,0.000000,0.000000,0.000000,0.000000,0.000000,0,0.000000,0.000000,0.000000,0.000000,0,0,0,0,0,0.000000,0.000000,0.000000,0.000000,0.000000,0.000000,0.000000,0.000000,0.000000,0,0.000000,0.000000,0.000000
71948,28.338301,100419.500000,0.010000,25,1,1000,1000,1000,1000,1000.000000,1,0,0,1,0.505751,0.504345,0.464747,0.014939,0.104814,0.104814,0.054729,0.054730,37,0.472000,0.992000,0.127000,0.222784,0.984064,0.016129,1,1,1.500000,-0.006047,0.120197,-0.022248,-0.000539,0.015749,0.734620,0.637501,6.019096,0.002000,0.026000,0.010000,1.255686,3.460243,-107.808922,0.000000,0.000000,0.000000,0.000000,0.000000,0.000000,0.000000,0.000000,0.000000,0.000000,0,0.423093,0.052052,1,0,0,0.000000,0.000000,0.000000,0.000000,0.000000,0.000000,0.000000,0.000000,0,0.000000,0.000000,0.000000,0.000000,0,0,0,0,0,0.000000,0.000000,0.000000,0.000000,0.000000,0.000000,0.000000,0.000000,0.000000,0,0.000000,0.000000,0.000000
72039,28.337635,100419.500000,0.020000,30,1,1000,1000,1000,1000,1000.000000,1,0,0,1,0.505634,0.504430,0.450299,0.011803,0.105800,0.105800,0.067182,0.067187,0,0.472000,0.991000,0.122000,0.222784,0.982081,0.014884,1,1,1.500000,-0.006005,0.120103,-0.022015,-0.000531,0.015759,0.734620,0.637501,6.019096,-0.007000,-0.027000,0.005000,1.264182,3.465237,-107.812859,0.000000,0.000000,0.000000,0.000000,0.000000,0.000000,0.000000,0.000000,0.000000,0.000000,0,0.417769,0.050752,1,0,0,0.000000,0.000000,0.000000,0.000000,0.000000,0.000000,0.000000,0.000000,0,0.000000,0.000000,0.000000,0.000000,0,0,0,0,0,0.000000,0.000000,0.000000,0.000000,0.000000,0.000000,0.000000,0.000000,0.000000,0,0.000000,0.000000,0.000000
72132,28.340612,100419.601563,0.020000,28,1,1000,1000,1000,1000,1000.000000,1,0,0,1,0.508256,0.505636,0.454734,0.013736,0.105456,0.105456,0.064606,0.064610,93,0.472000,0.991000,0.122000,0.222784,0.982081,0.014884,1,1,1.500000,-0.006005,0.120103,-0.022015,-0.000531,0.015759,0.734578,0.628675,6.010074,-0.007000,-0.027000,0.005000,1.251661,3.461468,-107.813248,0.000000,0.000000,0.000000,0.000000,0.000000,0.000000,0.000000,0.000000,0.000000,0.000000,0,0.422244,0.051843,1,0,0,0.000000,0.000000,0.000000,0.000000,0.000000,0.000000,0.000000,0.000000,0,0.000000,0.000000,0.000000,0.000000,0,0,0,0,0,0.000000,0.000000,0.000000,0.000000,0.000000,0.000000,0.000000,0.000000,0.000000,0,0.000000,0.000000,0.000000
72228,28.336864,100419.000000,0.020000,38,1,1000,1000,1000,1000,1000.000000,1,0,0,1,0.510798,0.507074,0.459360,0.014406,0.105371,0.105371,0.065032,0.065039,58,0.472000,0.991000,0.124000,0.222784,0.982081,0.015376,1,1,1.500000,-0.005957,0.119981,-0.021779,-0.000301,0.015243,0.734561,0.628672,5.999095,0.006000,0.016000,0.005000,1.244307,3.467440,-107.818153,0.000000,0.000000,0.000000,0.000000,0.000000,0.000000,0.000000,0.000000,0.000000,0.000000,0,0.426706,0.052954,1,0,0,0.000000,0.000000,0.000000,0.000000,0.000000,0.000000,0.000000,0.000000,0,0.000000,0.000000,0.000000,0.000000,0,0,0,0,0,0.000000,0.000000,0.000000,0.000000,0.000000,0.000000,0.000000,0.000000,0.000000,0,0.000000,0.000000,0.000000
72335,28.337915,100421.203125,0.010000,3,1,1000,1000,1000,1000,1000.000000,1,0,0,1,0.513318,0.508420,0.456116,0.015367,0.105264,0.105264,0.064987,0.065000,44,0.472000,0.990000,0.111000,0.222784,0.980100,0.012321,1,1,1.500000,-0.005915,0.119862,-0.021557,-0.000306,0.015222,0.734545,0.628675,5.992095,0.000000,0.000000,0.001000,1.227973,3.468329,-107.820702,0.000000,0.000000,0.000000,0.000000,0.000000,0.000000,0.000000,0.000000,0.000000,0.000000,0,0.413803,0.049793,1,0,0,0.000000,0.000000,0.000000,0.000000,0.000000,0.000000,0.000000,0.000000,0,0.000000,0.000000,0.000000,0.000000,0,0,0,0,0,0.000000,0.000000,0.000000,0.000000,0.000000,0.000000,0.000000,0.000000,0.000000,0,0.000000,0.000000,0.000000
72442,28.335796,100418.203125,0.010000,0,1,1000,1000,1000,1000,1000.000000,1,0,0,1,0.515801,0.509671,0.469052,0.016647,0.105167,0.105168,0.065063,0.065075,26,0.471000,0.990000,0.129000,0.221841,0.980100,0.016641,1,1,1.500000,-0.005882,0.119753,-0.021332,-0.000575,0.015550,0.734561,0.628672,5.983096,0.009000,-0.017000,0.010000,1.226443,3.459808,-107.829903,0.000000,0.000000,0.000000,0.000000,0.000000,0.000000,0.000000,0.000000,0.000000,0.000000,0,0.396021,0.045615,1,0,0,0.000000,0.000000,0.000000,0.000000,0.000000,0.000000,0.000000,0.000000,0,0.000000,0.000000,0.000000,0.000000,0,0,0,0,0,0.000000,0.000000,0.000000,0.000000,0.000000,0.000000,0.000000,0.000000,0.000000,0,0.000000,0.000000,0.000000
72538,28.339666,100420.804688,0.000000,3,1,1000,1000,1000,1000,1000.000000,1,0,0,1,0.515669,0.509711,0.446582,0.006714,0.105699,0.105700,0.065799,0.065800,0,0.471000,0.989000,0.117000,0.221841,0.978121,0.013689,1,1,1.500000,-0.005842,0.119652,-0.021137,-0.000306,0.015318,0.734561,0.628672,5.983096,0.001000,0.006000,0.003000,1.220432,3.452562,-107.835709,0.000000,0.000000,0.000000,0.000000,0.000000,0.000000,0.000000,0.000000,0.000000,0.000000,0,0.393984,0.045128,1,0,0,0.000000,0.000000,0.000000,0.000000,0.000000,0.000000,0.000000,0.000000,0,0.000000,0.000000,0.000000,0.000000,0,0,0,0,0,0.000000,0.000000,0.000000,0.000000,0.000000,0.000000,0.000000,0.000000,0.000000,0,0.000000,0.000000,0.000000
72728,28.338142,100419.398438,0.030000,0,1,1000,1000,1000,1000,1000.000000,1,0,0,1,0.520379,0.512305,0.454311,0.008145,0.105276,0.105277,0.062981,0.062985,66,0.471000,0.989000,0.108000,0.221841,0.978121,0.011664,1,1,1.500000,-0.005790,0.119559,-0.020926,-0.000300,0.015312,0.734582,0.628669,5.961093,0.006000,-0.004000,-0.001000,1.195940,3.441585,-107.842194,0.000000,0.000000,0.000000,0.000000,0.000000,0.000000,0.000000,0.000000,0.000000,0.000000,0,0.432362,0.054357,1,0,0,0.000000,0.000000,0.000000,0.000000,0.000000,0.000000,0.000000,0.000000,0,0.000000,0.000000,0.000000,0.000000,0,0,0,0,0,0.000000,0.000000,0.000000,0.000000,0.000000,0.000000,0.000000,0.000000,0.000000,0,0.000000,0.000000,0.000000
72843,28.338125,100419.703125,0.040000,30,1,1000,1000,1000,1000,1000.000000,1,0,0,1,0.522724,0.513643,0.457643,0.007391,0.105416,0.105417,0.065724,0.065727,53,0.471000,0.989000,0.113000,0.221841,0.978121,0.012769,1,1,1.500000,-0.005747,0.119461,-0.020735,-0.000309,0.015337,0.734548,0.628669,5.951114,-0.007000,0.003000,-0.001000,1.178241,3.433073,-107.845421,0.000000,0.000000,0.000000,0.000000,0.000000,0.000000,0.000000,0.000000,0.000000,0.000000,0,0.445678,0.057766,1,0,0,0.000000,0.000000,0.000000,0.000000,0.000000,0.000000,0.000000,0.000000,0,0.000000,0.000000,0.000000,0.000000,0,0,0,0,0,0.000000,0.000000,0.000000,0.000000,0.000000,0.000000,0.000000,0.000000,0.000000,0,0.000000,0.000000,0.000000
72932,28.336374,100419.804688,0.040000,33,1,1000,1000,1000,1000,1000.000000,1,0,0,1,0.525076,0.514749,0.461012,0.008028,0.105138,0.105139,0.063348,0.063349,19,0.471000,0.988000,0.118000,0.221841,0.976144,0.013924,1,1,1.500000,-0.005694,0.119377,-0.020524,-0.000294,0.015310,0.734489,0.628677,5.941114,0.014000,-0.009000,0.003000,1.196686,3.426846,-107.849640,0.000000,0.000000,0.000000,0.000000,0.000000,0.000000,0.000000,0.000000,0.000000,0.000000,0,0.429602,0.053677,1,0,0,0.000000,0.000000,0.000000,0.000000,0.000000,0.000000,0.000000,0.000000,0,0.000000,0.000000,0.000000,0.000000,0,0,0,0,0,0.000000,0.000000,0.000000,0.000000,0.000000,0.000000,0.000000,0.000000,0.000000,0,0.000000,0.000000,0.000000
73049,28.336760,100420.101563,0.020000,0,1,1000,1000,1000,1000,1000.000000,1,0,0,1,0.527369,0.516033,0.465205,0.010964,0.105072,0.105072,0.064129,0.064133,8,0.471000,0.988000,0.106000,0.221841,0.976144,0.011236,1,1,1.500000,-0.005654,0.119295,-0.020316,-0.000562,0.015641,0.734489,0.628677,5.930113,-0.008000,0.004000,0.005000,1.199088,3.425070,-107.855087,0.000000,0.000000,0.000000,0.000000,0.000000,0.000000,0.000000,0.000000,0.000000,0.000000,0,0.413107,0.049641,1,0,0,0.000000,0.000000,0.000000,0.000000,0.000000,0.000000,0.000000,0.000000,0,0.000000,0.000000,0.000000,0.000000,0,0,0,0,0,0.000000,0.000000,0.000000,0.000000,0.000000,0.000000,0.000000,0.000000,0.000000,0,0.000000,0.000000,0.000000
73146,28.336040,100419.804688,0.040000,3,1,1000,1000,1000,1000,1000.000000,1,0,0,1,0.527316,0.516123,0.441615,0.004812,0.105614,0.105614,0.065227,0.065223,105,0.471000,0.988000,0.106000,0.221841,0.976144,0.011236,1,1,1.500000,-0.005654,0.119295,-0.020316,-0.000562,0.015641,0.734489,0.628677,5.930113,-0.008000,0.004000,0.005000,1.194503,3.422349,-107.858223,0.000000,0.000000,0.000000,0.000000,0.000000,0.000000,0.000000,0.000000,0.000000,0.000000,0,0.429649,0.053673,1,0,0,0.000000,0.000000,0.000000,0.000000,0.000000,0.000000,0.000000,0.000000,0,0.000000,0.000000,0.000000,0.000000,0,0,0,0,0,0.000000,0.000000,0.000000,0.000000,0.000000,0.000000,0.000000,0.000000,0.000000,0,0.000000,0.000000,0.000000
73240,28.334902,100419.398438,0.040000,1,1,1000,1000,1000,1000,1000.000000,1,0,0,1,0.529580,0.517537,0.453015,0.007966,0.105322,0.105322,0.062992,0.062995,69,0.471000,0.987000,0.125000,0.221841,0.974169,0.015625,1,1,1.500000,-0.005601,0.119199,-0.020111,-0.000294,0.015314,0.734486,0.637521,5.926092,0.008000,0.017000,0.006000,1.202082,3.420530,-107.864067,0.000000,0.000000,0.000000,0.000000,0.000000,0.000000,0.000000,0.000000,0.000000,0.000000,0,0.440737,0.056495,1,0,0,0.000000,0.000000,0.000000,0.000000,0.000000,0.000000,0.000000,0.000000,0,0.000000,0.000000,0.000000,0.000000,0,0,0,0,0,0.000000,0.000000,0.000000,0.000000,0.000000,0.000000,0.000000,0.000000,0.000000,0,0.000000,0.000000,0.000000
73336,28.332047,100417.804688,0.060000,7,1,1000,1000,1000,1000,1000.000000,1,0,0,1,0.531765,0.518825,0.447750,0.006410,0.105276,0.105276,0.064257,0.064259,43,0.471000,0.987000,0.122000,0.221841,0.974169,0.014884,1,1,1.500000,-0.005550,0.119105,-0.019909,-0.000283,0.015305,0.723424,0.637515,5.909094,-0.009000,-0.009000,-0.004000,1.206159,3.415314,-107.867775,0.000000,0.000000,0.000000,0.000000,0.000000,0.000000,0.000000,0.000000,0.000000,0.000000,0,0.456250,0.060529,1,0,0,0.000000,0.000000,0.000000,0.000000,0.000000,0.000000,0.000000,0.000000,0,0.000000,0.000000,0.000000,0.000000,0,0,0,0,0,0.000000,0.000000,0.000000,0.000000,0.000000,0.000000,0.000000,0.000000,0.000000,0,0.000000,0.000000,0.000000
73440,28.329313,100418.804688,0.050000,0,1,1000,1000,1000,1000,1000.000000,1,0,0,1,0.533932,0.520132,0.459437,0.013441,0.105149,0.105150,0.064204,0.064207,27,0.471000,0.986000,0.119000,0.221841,0.972196,0.014161,1,1,1.500000,-0.005513,0.119014,-0.019710,-0.000546,0.015633,0.723352,0.637531,5.905072,0.016000,-0.004000,0.005000,1.201052,3.415772,-107.865234,0.000000,0.000000,0.000000,0.000000,0.000000,0.000000,0.000000,0.000000,0.000000,0.000000,0,0.437708,0.055720,1,0,0,0.000000,0.000000,0.000000,0.000000,0.000000,0.000000,0.000000,0.000000,0,0.000000,0.000000,0.000000,0.000000,0,0,0,0,0,0.000000,0.000000,0.000000,0.000000,0.000000,0.000000,0.000000,0.000000,0.000000,0,0.000000,0.000000,0.000000
73529,28.330627,100418.898438,0.040000,0,1,1000,1000,1000,1000,1000.000000,1,0,0,1,0.533951,0.520069,0.443450,0.010000,0.105431,0.105431,0.062262,0.062265,116,0.471000,0.986000,0.119000,0.221841,0.972196,0.014161,1,1,1.500000,-0.005513,0.119014,-0.019710,-0.000546,0.015633,0.723352,0.637531,5.905072,0.016000,-0.004000,0.005000,1.199380,3.415499,-107.865280,0.000000,0.000000,0.000000,0.000000,0.000000,0.000000,0.000000,0.000000,0.000000,0.000000,0,0.430977,0.054019,1,0,0,0.000000,0.000000,0.000000,0.000000,0.000000,0.000000,0.000000,0.000000,0,0.000000,0.000000,0.000000,0.000000,0,0,0,0,0,0.000000,0.000000,0.000000,0.000000,0.000000,0.000000,0.000000,0.000000,0.000000,0,0.000000,0.000000,0.000000
73646,28.333607,100420.203125,0.040000,24,1,1000,1000,1000,1000,1000.000000,1,0,0,1,0.536034,0.521303,0.439449,0.014899,0.105505,0.105505,0.064596,0.064598,108,0.471000,0.986000,0.132000,0.221841,0.972196,0.017424,1,1,1.500000,-0.005480,0.118920,-0.019520,-0.000543,0.015636,0.723371,0.637518,5.896112,0.009000,-0.003000,0.011000,1.201172,3.420879,-107.870560,0.000000,0.000000,0.000000,0.000000,0.000000,0.000000,0.000000,0.000000,0.000000,0.000000,0,0.427037,0.053031,1,0,0,0.000000,0.000000,0.000000,0.000000,0.000000,0.000000,0.000000,0.000000,0,0.000000,0.000000,0.000000,0.000000,0,0,0,0,0,0.000000,0.000000,0.000000,0.000000,0.000000,0.000000,0.000000,0.000000,0.000000,0,0.000000,0.000000,0.000000
73731,28.337111,100421.203125,0.030000,0,1,1000,1000,1000,1000,1000.000000,1,0,0,1,0.538202,0.522529,0.450980,0.020672,0.105259,0.105260,0.063098,0.063091,68,0.471000,0.985000,0.134000,0.221841,0.970225,0.017956,1,1,1.500000,-0.005436,0.118827,-0.019326,-0.000264,0.015300,0.723368,0.637524,5.887094,0.007000,0.005000,0.018000,1.185167,3.429685,-107.863052,0.000000,0.000000,0.000000,0.000000,0.000000,0.000000,0.000000,0.000000,0.000000,0.000000,0,0.448413,0.058473,1,0,0,0.000000,0.000000,0.000000,0.000000,0.000000,0.000000,0.000000,0.000000,0,0.000000,0.000000,0.000000,0.000000,0,0,0,0,0,0.000000,0.000000,0.000000,0.000000,0.000000,0.000000,0.000000,0.000000,0.000000,0,0.000000,0.000000,0.000000
73873,28.335550,100421.398438,0.000000,14,1,1000,1000,1000,1000,1000.000000,1,0,0,1,0.540266,0.523945,0.440437,0.018746,0.105137,0.105138,0.056529,0.056532,86,0.470000,0.985000,0.121000,0.220900,0.970225,0.014641,1,1,1.500000,-0.005392,0.118738,-0.019131,-0.000255,0.015314,0.723340,0.637528,5.876092,-0.004000,0.012000,0.007000,1.167395,3.444001,-107.860382,0.000000,0.000000,0.000000,0.000000,0.000000,0.000000,0.000000,0.000000,0.000000,0.000000,0,0.388546,0.043901,1,0,0,0.000000,0.000000,0.000000,0.000000,0.000000,0.000000,0.000000,0.000000,0,0.000000,0.000000,0.000000,0.000000,0,0,0,0,0,0.000000,0.000000,0.000000,0.000000,0.000000,0.000000,0.000000,0.000000,0.000000,0,0.000000,0.000000,0.000000
73946,28.328999,100418.898438,0.010000,1,1,1000,1000,1000,1000,1000.000000,1,0,0,1,0.542291,0.525170,0.453969,0.026504,0.105103,0.105103,0.063217,0.063220,33,0.470000,0.985000,0.119000,0.220900,0.970225,0.014161,1,1,1.500000,-0.005349,0.118649,-0.018934,-0.000223,0.015284,0.723330,0.637529,5.864091,0.014000,-0.005000,0.005000,1.152900,3.442630,-107.858727,0.000000,0.000000,0.000000,0.000000,0.000000,0.000000,0.000000,0.000000,0.000000,0.000000,0,0.381212,0.042265,1,0,0,0.000000,0.000000,0.000000,0.000000,0.000000,0.000000,0.000000,0.000000,0,0.000000,0.000000,0.000000,0.000000,0,0,0,0,0,0.000000,0.000000,0.000000,0.000000,0.000000,0.000000,0.000000,0.000000,0.000000,0,0.000000,0.000000,0.000000
74050,28.334780,100420.398438,0.000000,0,1,1000,1000,1000,1000,1000.000000,1,0,0,1,0.544261,0.526423,0.459397,0.026524,0.105038,0.105038,0.064059,0.064064,10,0.470000,0.984000,0.100000,0.220900,0.968256,0.010000,1,1,1.500000,-0.005303,0.118556,-0.018739,-0.000205,0.015285,0.723281,0.637536,5.857090,-0.001000,-0.001000,0.005000,1.157611,3.445298,-107.862526,0.000000,0.000000,0.000000,0.000000,0.000000,0.000000,0.000000,0.000000,0.000000,0.000000,0,0.396346,0.045694,1,0,0,0.000000,0.000000,0.000000,0.000000,0.000000,0.000000,0.000000,0.000000,0,0.000000,0.000000,0.000000,0.000000,0,0,0,0,0,0.000000,0.000000,0.000000,0.000000,0.000000,0.000000,0.000000,0.000000,0.000000,0,0.000000,0.000000,0.000000
74146,28.329226,100418.898438,0.000000,7,1,1000,1000,1000,1000,1000.000000,1,0,0,1,0.544333,0.526373,0.438823,0.023987,0.105581,0.105581,0.065192,0.065198,106,0.470000,0.984000,0.100000,0.220900,0.968256,0.010000,1,1,1.500000,-0.005303,0.118556,-0.018739,-0.000205,0.015285,0.723281,0.637536,5.857090,-0.001000,-0.001000,0.005000,1.172638,3.450395,-107.860519,0.000000,0.000000,0.000000,0.000000,0.000000,0.000000,0.000000,0.000000,0.000000,0.000000,0,0.386041,0.043331,1,0,0,0.000000,0.000000,0.000000,0.000000,0.000000,0.000000,0.000000,0.000000,0,0.000000,0.000000,0.000000,0.000000,0,0,0,0,0,0.000000,0.000000,0.000000,0.000000,0.000000,0.000000,0.000000,0.000000,0.000000,0,0.000000,0.000000,0.000000
74240,28.336514,100423.203125,-0.030000,1,1,1000,1000,1000,1000,1000.000000,1,0,0,1,0.546350,0.527658,0.451412,0.022597,0.105270,0.105270,0.062770,0.062773,69,0.470000,0.984000,0.132000,0.220900,0.968256,0.017424,1,1,1.500000,-0.005261,0.118456,-0.018554,-0.000199,0.015283,0.723281,0.637536,5.846092,0.007000,-0.005000,0.014000,1.145960,3.440353,-107.856277,0.000000,0.000000,0.000000,0.000000,0.000000,0.000000,0.000000,0.000000,0.000000,0.000000,0,0.397584,0.045974,1,0,0,0.000000,0.000000,0.000000,0.000000,0.000000,0.000000,0.000000,0.000000,0,0.000000,0.000000,0.000000,0.000000,0,0,0,0,0,0.000000,0.000000,0.000000,0.000000,0.000000,0.000000,0.000000,0.000000,0.000000,0,0.000000,0.000000,0.000000
74339,28.332958,100420.304688,-0.030000,7,1,1000,1000,1000,1000,1000.000000,1,0,0,1,0.548182,0.528914,0.451125,0.022580,0.105201,0.105201,0.062987,0.062991,53,0.470000,0.984000,0.122000,0.220900,0.968256,0.014884,1,1,1.500000,-0.005217,0.118358,-0.018377,-0.000166,0.015293,0.723356,0.637525,5.834092,0.011000,0.012000,0.005000,1.153982,3.443173,-107.853081,0.000000,0.000000,0.000000,0.000000,0.000000,0.000000,0.000000,0.000000,0.000000,0.000000,0,0.367825,0.039343,1,0,0,0.000000,0.000000,0.000000,0.000000,0.000000,0.000000,0.000000,0.000000,0,0.000000,0.000000,0.000000,0.000000,0,0,0,0,0,0.000000,0.000000,0.000000,0.000000,0.000000,0.000000,0.000000,0.000000,0.000000,0,0.000000,0.000000,0.000000
74442,28.328928,100419.398438,-0.010000,1,1,1000,1000,1000,1000,1000.000000,1,0,0,1,0.550040,0.530122,0.464268,0.026905,0.105116,0.105117,0.063827,0.063836,27,0.470000,0.983000,0.102000,0.220900,0.966289,0.010404,1,1,1.500000,-0.005186,0.118272,-0.018223,-0.000214,0.015352,0.723374,0.637528,5.827074,-0.016000,0.003000,0.007000,1.163353,3.444476,-107.858017,0.000000,0.000000,0.000000,0.000000,0.000000,0.000000,0.000000,0.000000,0.000000,0.000000,0,0.370899,0.040009,1,0,0,0.000000,0.000000,0.000000,0.000000,0.000000,0.000000,0.000000,0.000000,0,0.000000,0.000000,0.000000,0.000000,0,0,0,0,0,0.000000,0.000000,0.000000,0.000000,0.000000,0.000000,0.000000,0.000000,0.000000,0,0.000000,0.000000,0.000000
74531,28.330050,100418.703125,0.010000,0,1,1000,1000,1000,1000,1000.000000,1,0,0,1,0.550113,0.530072,0.450403,0.023262,0.105399,0.105400,0.062020,0.062028,116,0.470000,0.983000,0.102000,0.220900,0.966289,0.010404,1,1,1.500000,-0.005186,0.118272,-0.018223,-0.000214,0.015352,0.723374,0.637528,5.827074,-0.016000,0.003000,0.007000,1.183653,3.446220,-107.864449,0.000000,0.000000,0.000000,0.000000,0.000000,0.000000,0.000000,0.000000,0.000000,0.000000,0,0.396719,0.045773,1,0,0,0.000000,0.000000,0.000000,0.000000,0.000000,0.000000,0.000000,0.000000,0,0.000000,0.000000,0.000000,0.000000,0,0,0,0,0,0.000000,0.000000,0.000000,0.000000,0.000000,0.000000,0.000000,0.000000,0.000000,0,0.000000,0.000000,0.000000
74628,28.331066,100419.804688,0.010000,0,1,1000,1000,1000,1000,1000.000000,1,0,0,1,0.552164,0.531243,0.448292,0.033375,0.105483,0.105484,0.064512,0.064517,90,0.470000,0.983000,0.123000,0.220900,0.966289,0.015129,1,1,1.500000,-0.005160,0.118201,-0.018054,-0.000508,0.015720,0.723336,0.637533,5.822072,0.025000,-0.006000,0.012000,1.146425,3.443556,-107.861671,0.000000,0.000000,0.000000,0.000000,0.000000,0.000000,0.000000,0.000000,0.000000,0.000000,0,0.405476,0.047811,1,0,0,0.000000,0.000000,0.000000,0.000000,0.000000,0.000000,0.000000,0.000000,0,0.000000,0.000000,0.000000,0.000000,0,0,0,0,0,0.000000,0.000000,0.000000,0.000000,0.000000,0.000000,0.000000,0.000000,0.000000,0,0.000000,0.000000,0.000000
74731,28.328438,100419.804688,0.010000,0,1,1000,1000,1000,1000,1000.000000,1,0,0,1,0.553986,0.532438,0.460653,0.034432,0.105228,0.105229,0.062925,0.062930,68,0.470000,0.983000,0.111000,0.220900,0.966289,0.012321,1,1,1.500000,-0.005133,0.118142,-0.017879,-0.000267,0.015393,0.723352,0.637531,5.812073,-0.001000,0.005000,0.013000,1.140633,3.441675,-107.869492,0.000000,0.000000,0.000000,0.000000,0.000000,0.000000,0.000000,0.000000,0.000000,0.000000,0,0.416934,0.050552,1,0,0,0.000000,0.000000,0.000000,0.000000,0.000000,0.000000,0.000000,0.000000,0,0.000000,0.000000,0.000000,0.000000,0,0,0,0,0,0.000000,0.000000,0.000000,0.000000,0.000000,0.000000,0.000000,0.000000,0.000000,0,0.000000,0.000000,0.000000
74838,28.324566,100419.304688,0.010000,0,1,1000,1000,1000,1000,1000.000000,1,0,0,1,0.555818,0.533659,0.466033,0.032916,0.105103,0.105103,0.062616,0.062627,52,0.470000,0.982000,0.131000,0.220900,0.964324,0.017161,1,1,1.500000,-0.005104,0.118083,-0.017703,-0.000261,0.015387,0.723356,0.637525,5.805093,0.014000,0.009000,0.016000,1.155643,3.444090,-107.877052,0.000000,0.000000,0.000000,0.000000,0.000000,0.000000,0.000000,0.000000,0.000000,0.000000,0,0.393105,0.044933,1,0,0,0.000000,0.000000,0.000000,0.000000,0.000000,0.000000,0.000000,0.000000,0,0.000000,0.000000,0.000000,0.000000,0,0,0,0,0,0.000000,0.000000,0.000000,0.000000,0.000000,0.000000,0.000000,0.000000,0.000000,0,0.000000,0.000000,0.000000
74937,28.331049,100420.601563,0.000000,3,1,1000,1000,1000,1000,1000.000000,1,0,0,1,0.557689,0.534785,0.463137,0.033607,0.105016,0.105016,0.062607,0.062616,25,0.470000,0.982000,0.114000,0.220900,0.964324,0.012996,1,1,1.500000,-0.005073,0.118011,-0.017538,-0.000241,0.015395,0.723340,0.637528,5.803094,-0.011000,0.002000,0.018000,1.162365,3.443779,-107.883530,0.000000,0.000000,0.000000,0.000000,0.000000,0.000000,0.000000,0.000000,0.000000,0.000000,0,0.410812,0.049071,1,0,0,0.000000,0.000000,0.000000,0.000000,0.000000,0.000000,0.000000,0.000000,0,0.000000,0.000000,0.000000,0.000000,0,0,0,0,0,0.000000,0.000000,0.000000,0.000000,0.000000,0.000000,0.000000,0.000000,0.000000,0,0.000000,0.000000,0.000000
75056,28.327177,100419.601563,-0.010000,3,1,1000,1000,1000,1000,1000.000000,1,0,0,1,0.559626,0.535928,0.469153,0.036106,0.105144,0.105144,0.065278,0.065293,17,0.470000,0.982000,0.116000,0.220900,0.964324,0.013456,1,1,1.500000,-0.005043,0.117940,-0.017378,-0.000243,0.015394,0.723318,0.637531,5.791092,0.024000,-0.005000,0.006000,1.182483,3.446651,-107.889206,0.000000,0.000000,0.000000,0.000000,0.000000,0.000000,0.000000,0.000000,0.000000,0.000000,0,0.406865,0.048119,1,0,0,0.000000,0.000000,0.000000,0.000000,0.000000,0.000000,0.000000,0.000000,0,0.000000,0.000000,0.000000,0.000000,0,0,0,0,0,0.000000,0.000000,0.000000,0.000000,0.000000,0.000000,0.000000,0.000000,0.000000,0,0.000000,0.000000,0.000000
75146,28.326914,100419.601563,-0.010000,3,1,1000,1000,1000,1000,1000.000000,1,0,0,1,0.559656,0.535940,0.455437,0.030715,0.105426,0.105426,0.062983,0.062998,107,0.470000,0.982000,0.116000,0.220900,0.964324,0.013456,1,1,1.500000,-0.005043,0.117940,-0.017378,-0.000243,0.015394,0.723318,0.637531,5.791092,0.024000,-0.005000,0.006000,1.202636,3.447258,-107.891678,0.000000,0.000000,0.000000,0.000000,0.000000,0.000000,0.000000,0.000000,0.000000,0.000000,0,0.392841,0.044864,1,0,0,0.000000,0.000000,0.000000,0.000000,0.000000,0.000000,0.000000,0.000000,0,0.000000,0.000000,0.000000,0.000000,0,0,0,0,0,0.000000,0.000000,0.000000,0.000000,0.000000,0.000000,0.000000,0.000000,0.000000,0,0.000000,0.000000,0.000000
75244,28.323271,100419.398438,-0.010000,0,1,1000,1000,1000,1000,1000.000000,1,0,0,1,0.561457,0.536917,0.468414,0.035551,0.105297,0.105298,0.062570,0.062583,71,0.469000,0.982000,0.134000,0.219961,0.964324,0.017956,1,1,1.500000,-0.005006,0.117868,-0.017184,-0.000233,0.015301,0.723340,0.628690,5.796094,0.001000,-0.005000,0.017000,1.228645,3.450133,-107.889366,0.000000,0.000000,0.000000,0.000000,0.000000,0.000000,0.000000,0.000000,0.000000,0.000000,0,0.404393,0.047546,1,0,0,0.000000,0.000000,0.000000,0.000000,0.000000,0.000000,0.000000,0.000000,0,0.000000,0.000000,0.000000,0.000000,0,0,0,0,0,0.000000,0.000000,0.000000,0.000000,0.000000,0.000000,0.000000,0.000000,0.000000,0,0.000000,0.000000,0.000000
75346,28.322447,100418.500000,0.010000,4,1,1000,1000,1000,1000,1000.000000,1,0,0,1,0.563275,0.538073,0.465448,0.031863,0.105231,0.105232,0.063084,0.063086,60,0.469000,0.981000,0.119000,0.219961,0.962361,0.014161,1,1,1.500000,-0.004970,0.117808,-0.017011,-0.000322,0.015340,0.723312,0.637531,5.794091,-0.010000,0.015000,0.017000,1.232635,3.452681,-107.893013,0.000000,0.000000,0.000000,0.000000,0.000000,0.000000,0.000000,0.000000,0.000000,0.000000,0,0.423448,0.052125,1,0,0,0.000000,0.000000,0.000000,0.000000,0.000000,0.000000,0.000000,0.000000,0,0.000000,0.000000,0.000000,0.000000,0,0,0,0,0,0.000000,0.000000,0.000000,0.000000,0.000000,0.000000,0.000000,0.000000,0.000000,0,0.000000,0.000000,0.000000
75440,28.325092,100419.304688,0.020000,0,1,1000,1000,1000,1000,1000.000000,1,0,0,1,0.565115,0.539025,0.477435,0.032443,0.104980,0.104981,0.061131,0.061131,27,0.469000,0.981000,0.124000,0.219961,0.962361,0.015376,1,1,1.500000,-0.004941,0.117744,-0.016841,-0.000397,0.015329,0.723290,0.628697,5.790092,0.018000,-0.008000,0.010000,1.250057,3.459087,-107.892426,0.000000,0.000000,0.000000,0.000000,0.000000,0.000000,0.000000,0.000000,0.000000,0.000000,0,0.425231,0.052575,1,0,0,0.000000,0.000000,0.000000,0.000000,0.000000,0.000000,0.000000,0.000000,0,0.000000,0.000000,0.000000,0.000000,0,0,0,0,0,0.000000,0.000000,0.000000,0.000000,0.000000,0.000000,0.000000,0.000000,0.000000,0,0.000000,0.000000,0.000000
75535,28.327702,100421.703125,0.000000,0,1,1000,1000,1000,1000,1000.000000,1,0,0,1,0.565094,0.538987,0.462236,0.026068,0.105485,0.105485,0.062008,0.062007,122,0.469000,0.981000,0.124000,0.219961,0.962361,0.015376,1,1,1.500000,-0.004941,0.117744,-0.016841,-0.000397,0.015329,0.723290,0.628697,5.790092,0.018000,-0.008000,0.010000,1.248423,3.466053,-107.893852,0.000000,0.000000,0.000000,0.000000,0.000000,0.000000,0.000000,0.000000,0.000000,0.000000,0,0.429177,0.053550,1,0,0,0.000000,0.000000,0.000000,0.000000,0.000000,0.000000,0.000000,0.000000,0,0.000000,0.000000,0.000000,0.000000,0,0,0,0,0,0.000000,0.000000,0.000000,0.000000,0.000000,0.000000,0.000000,0.000000,0.000000,0,0.000000,0.000000,0.000000
75649,28.322588,100420.500000,-0.010000,0,1,1000,1000,1000,1000,1000.000000,1,0,0,1,0.566609,0.539963,0.467396,0.027881,0.105418,0.105418,0.062617,0.062620,111,0.469000,0.981000,0.101000,0.219961,0.962361,0.010201,1,1,1.500000,-0.004906,0.117690,-0.016667,-0.000362,0.015346,0.723253,0.628702,5.789093,-0.015000,-0.002000,0.006000,1.232956,3.473631,-107.894623,0.000000,0.000000,0.000000,0.000000,0.000000,0.000000,0.000000,0.000000,0.000000,0.000000,0,0.403198,0.047272,1,0,0,0.000000,0.000000,0.000000,0.000000,0.000000,0.000000,0.000000,0.000000,0,0.000000,0.000000,0.000000,0.000000,0,0,0,0,0,0.000000,0.000000,0.000000,0.000000,0.000000,0.000000,0.000000,0.000000,0.000000,0,0.000000,0.000000,0.000000
75728,28.322886,100419.500000,-0.010000,37,1,1000,1000,1000,1000,1000.000000,1,0,0,1,0.568408,0.540931,0.471790,0.026110,0.105161,0.105161,0.060729,0.060732,65,0.469000,0.980000,0.126000,0.219961,0.960400,0.015876,1,1,1.500000,-0.004881,0.117618,-0.016516,-0.000354,0.015305,0.723231,0.628706,5.785090,0.013000,-0.005000,0.008000,1.237400,3.477077,-107.898071,0.000000,0.000000,0.000000,0.000000,0.000000,0.000000,0.000000,0.000000,0.000000,0.000000,0,0.408453,0.048511,1,0,0,0.000000,0.000000,0.000000,0.000000,0.000000,0.000000,0.000000,0.000000,0,0.000000,0.000000,0.000000,0.000000,0,0,0,0,0,0.000000,0.000000,0.000000,0.000000,0.000000,0.000000,0.000000,0.000000,0.000000,0,0.000000,0.000000,0.000000
75845,28.323551,100420.398438,-0.020000,3,1,1000,1000,1000,1000,1000.000000,1,0,0,1,0.570078,0.541920,0.469675,0.020782,0.105091,0.105091,0.060996,0.060998,56,0.469000,0.980000,0.108000,0.219961,0.960400,0.011664,1,1,1.500000,-0.004855,0.117539,-0.016376,-0.000236,0.015387,0.723215,0.628708,5.777092,0.005000,0.002000,0.000000,1.241902,3.480477,-107.902008,0.000000,0.000000,0.000000,0.000000,0.000000,0.000000,0.000000,0.000000,0.000000,0.000000,0,0.397153,0.045855,1,0,0,0.000000,0.000000,0.000000,0.000000,0.000000,0.000000,0.000000,0.000000,0,0.000000,0.000000,0.000000,0.000000,0,0,0,0,0,0.000000,0.000000,0.000000,0.000000,0.000000,0.000000,0.000000,0.000000,0.000000,0,0.000000,0.000000,0.000000
75941,28.322044,100419.601563,-0.010000,5,1,1000,1000,1000,1000,1000.000000,1,0,0,1,0.571825,0.542876,0.474087,0.020365,0.105004,0.105004,0.061597,0.061599,28,0.469000,0.980000,0.114000,0.219961,0.960400,0.012996,1,1,1.500000,-0.004830,0.117463,-0.016236,-0.000220,0.015381,0.723194,0.628711,5.771090,0.009000,-0.003000,0.002000,1.253265,3.480199,-107.906181,0.000000,0.000000,0.000000,0.000000,0.000000,0.000000,0.000000,0.000000,0.000000,0.000000,0,0.411730,0.049281,1,0,0,0.000000,0.000000,0.000000,0.000000,0.000000,0.000000,0.000000,0.000000,0,0.000000,0.000000,0.000000,0.000000,0,0,0,0,0,0.000000,0.000000,0.000000,0.000000,0.000000,0.000000,0.000000,0.000000,0.000000,0,0.000000,0.000000,0.000000
76050,28.321852,100419.703125,0.000000,0,1,1000,1000,1000,1000,1000.000000,1,0,0,1,0.573439,0.543839,0.478317,0.020365,0.104945,0.104945,0.062458,0.062460,10,0.469000,0.979000,0.114000,0.219961,0.958441,0.012996,1,1,1.500000,-0.004808,0.117381,-0.016093,-0.000391,0.015287,0.723183,0.628718,5.767070,-0.015000,-0.007000,-0.004000,1.243437,3.470888,-107.910889,0.000000,0.000000,0.000000,0.000000,0.000000,0.000000,0.000000,0.000000,0.000000,0.000000,0,0.426386,0.052849,1,0,0,0.000000,0.000000,0.000000,0.000000,0.000000,0.000000,0.000000,0.000000,0,0.000000,0.000000,0.000000,0.000000,0,0,0,0,0,0.000000,0.000000,0.000000,0.000000,0.000000,0.000000,0.000000,0.000000,0.000000,0,0.000000,0.000000,0.000000
76170,28.320169,100420.601563,0.010000,28,1,1000,1000,1000,1000,1000.000000,1,0,0,1,0.573540,0.543825,0.463047,0.012967,0.105688,0.105688,0.065837,0.065839,0,0.469000,0.979000,0.105000,0.219961,0.958441,0.011025,1,1,1.500000,-0.004781,0.117310,-0.015940,-0.000294,0.015406,0.723183,0.628718,5.767070,0.004000,0.001000,-0.010000,1.230055,3.454029,-107.914734,0.000000,0.000000,0.000000,0.000000,0.000000,0.000000,0.000000,0.000000,0.000000,0.000000,0,0.420716,0.051445,1,0,0,0.000000,0.000000,0.000000,0.000000,0.000000,0.000000,0.000000,0.000000,0,0.000000,0.000000,0.000000,0.000000,0,0,0,0,0,0.000000,0.000000,0.000000,0.000000,0.000000,0.000000,0.000000,0.000000,0.000000,0,0.000000,0.000000,0.000000
76240,28.317875,100418.000000,0.020000,0,1,1000,1000,1000,1000,1000.000000,1,0,0,1,0.575088,0.544706,0.473946,0.014352,0.105183,0.105183,0.060794,0.060797,70,0.469000,0.979000,0.105000,0.219961,0.958441,0.011025,1,1,1.500000,-0.004781,0.117310,-0.015940,-0.000294,0.015406,0.723190,0.628717,5.761073,0.004000,0.001000,-0.010000,1.220860,3.452909,-107.916176,0.000000,0.000000,0.000000,0.000000,0.000000,0.000000,0.000000,0.000000,0.000000,0.000000,0,0.431356,0.054097,1,0,0,0.000000,0.000000,0.000000,0.000000,0.000000,0.000000,0.000000,0.000000,0,0.000000,0.000000,0.000000,0.000000,0,0,0,0,0,0.000000,0.000000,0.000000,0.000000,0.000000,0.000000,0.000000,0.000000,0.000000,0,0.000000,0.000000,0.000000
76334,28.319206,100420.500000,0.020000,0,1,1000,1000,1000,1000,1000.000000,1,0,0,1,0.576694,0.545639,0.476790,0.010470,0.105112,0.105112,0.060873,0.060870,47,0.469000,0.978000,0.120000,0.219961,0.956484,0.014400,1,1,1.500000,-0.004749,0.117237,-0.015787,-0.000228,0.015402,0.723237,0.628710,5.766070,-0.007000,0.014000,0.005000,1.206323,3.457477,-107.924263,0.000000,0.000000,0.000000,0.000000,0.000000,0.000000,0.000000,0.000000,0.000000,0.000000,0,0.436287,0.055327,1,0,0,0.000000,0.000000,0.000000,0.000000,0.000000,0.000000,0.000000,0.000000,0,0.000000,0.000000,0.000000,0.000000,0,0,0,0,0,0.000000,0.000000,0.000000,0.000000,0.000000,0.000000,0.000000,0.000000,0.000000,0,0.000000,0.000000,0.000000
76428,28.318260,100421.398438,0.010000,0,1,1000,1000,1000,1000,1000.000000,1,0,0,1,0.578340,0.546372,0.479509,0.006026,0.104811,0.104811,0.058126,0.058124,15,0.469000,0.978000,0.122000,0.219961,0.956484,0.014884,1,1,1.500000,-0.004719,0.117166,-0.015657,-0.000173,0.015442,0.723221,0.619875,5.744071,0.015000,-0.032000,-0.001000,1.212282,3.462458,-107.929260,0.000000,0.000000,0.000000,0.000000,0.000000,0.000000,0.000000,0.000000,0.000000,0.000000,0,0.428887,0.053466,1,0,0,0.000000,0.000000,0.000000,0.000000,0.000000,0.000000,0.000000,0.000000,0,0.000000,0.000000,0.000000,0.000000,0,0,0,0,0,0.000000,0.000000,0.000000,0.000000,0.000000,0.000000,0.000000,0.000000,0.000000,0,0.000000,0.000000,0.000000
76528,28.317261,100418.304688,0.020000,8,1,1000,1000,1000,1000,1000.000000,1,0,0,1,0.578373,0.546340,0.455531,-0.004216,0.105284,0.105284,0.058219,0.058241,115,0.469000,0.978000,0.122000,0.219961,0.956484,0.014884,1,1,1.500000,-0.004719,0.117166,-0.015657,-0.000173,0.015442,0.723221,0.619875,5.744071,0.015000,-0.032000,-0.001000,1.252673,3.480673,-107.929375,0.000000,0.000000,0.000000,0.000000,0.000000,0.000000,0.000000,0.000000,0.000000,0.000000,0,0.423513,0.052146,1,0,0,0.000000,0.000000,0.000000,0.000000,0.000000,0.000000,0.000000,0.000000,0,0.000000,0.000000,0.000000,0.000000,0,0,0,0,0,0.000000,0.000000,0.000000,0.000000,0.000000,0.000000,0.000000,0.000000,0.000000,0,0.000000,0.000000,0.000000
76640,28.316105,100418.601563,0.030000,34,1,1000,1000,1000,1000,1000.000000,1,0,0,1,0.579983,0.547118,0.458145,-0.000175,0.105373,0.105373,0.060662,0.060672,102,0.469000,0.978000,0.133000,0.219961,0.956484,0.017689,1,1,1.500000,-0.004694,0.117085,-0.015518,-0.000268,0.015374,0.734261,0.619883,5.752070,0.003000,0.000000,0.013000,1.256576,3.486191,-107.934494,0.000000,0.000000,0.000000,0.000000,0.000000,0.000000,0.000000,0.000000,0.000000,0.000000,0,0.436258,0.055345,1,0,0,0.000000,0.000000,0.000000,0.000000,0.000000,0.000000,0.000000,0.000000,0,0.000000,0.000000,0.000000,0.000000,0,0,0,0,0,0.000000,0.000000,0.000000,0.000000,0.000000,0.000000,0.000000,0.000000,0.000000,0,0.000000,0.000000,0.000000
76728,28.317682,100420.500000,0.020000,27,1,1000,1000,1000,1000,1000.000000,1,0,0,1,0.581526,0.547908,0.460763,0.001718,0.105106,0.105106,0.059098,0.059103,65,0.469000,0.978000,0.116000,0.219961,0.956484,0.013456,1,1,1.500000,-0.004669,0.117010,-0.015386,-0.000256,0.015364,0.723097,0.619888,5.732087,0.000000,0.001000,-0.003000,1.231821,3.485155,-107.931664,0.000000,0.000000,0.000000,0.000000,0.000000,0.000000,0.000000,0.000000,0.000000,0.000000,0,0.428732,0.053447,1,0,0,0.000000,0.000000,0.000000,0.000000,0.000000,0.000000,0.000000,0.000000,0,0.000000,0.000000,0.000000,0.000000,0,0,0,0,0,0.000000,0.000000,0.000000,0.000000,0.000000,0.000000,0.000000,0.000000,0.000000,0,0.000000,0.000000,0.000000
76842,28.319872,100420.804688,0.000000,0,1,1000,1000,1000,1000,1000.000000,1,0,0,1,0.583315,0.548589,0.463962,0.004827,0.105052,0.105053,0.060229,0.060235,56,0.468000,0.977000,0.112000,0.219024,0.954529,0.012544,1,1,1.500000,-0.004647,0.116930,-0.015224,-0.000307,0.015311,0.734155,0.611061,5.726071,0.018000,-0.010000,0.000000,1.195471,3.479190,-107.930763,0.000000,0.000000,0.000000,0.000000,0.000000,0.000000,0.000000,0.000000,0.000000,0.000000,0,0.421525,0.051677,1,0,0,0.000000,0.000000,0.000000,0.000000,0.000000,0.000000,0.000000,0.000000,0,0.000000,0.000000,0.000000,0.000000,0,0,0,0,0,0.000000,0.000000,0.000000,0.000000,0.000000,0.000000,0.000000,0.000000,0.000000,0,0.000000,0.000000,0.000000
76935,28.316246,100419.601563,0.010000,0,1,1000,1000,1000,1000,1000.000000,1,0,0,1,0.584748,0.549348,0.459802,0.001091,0.104981,0.104981,0.060521,0.060520,21,0.468000,0.977000,0.121000,0.219024,0.954529,0.014641,1,1,1.500000,-0.004609,0.116916,-0.015036,-0.000111,0.016715,0.722947,0.611072,5.718085,-0.016000,0.022000,0.002000,1.185261,3.474467,-107.930573,0.000000,0.000000,0.000000,0.000000,0.000000,0.000000,0.000000,0.000000,0.000000,0.000000,0,0.417597,0.050706,1,0,0,0.000000,0.000000,0.000000,0.000000,0.000000,0.000000,0.000000,0.000000,0,0.000000,0.000000,0.000000,0.000000,0,0,0,0,0,0.000000,0.000000,0.000000,0.000000,0.000000,0.000000,0.000000,0.000000,0.000000,0,0.000000,0.000000,0.000000
77034,28.315929,100419.398438,0.010000,11,1,1000,1000,1000,1000,1000.000000,1,0,0,1,0.584782,0.549321,0.444652,-0.005728,0.105455,0.105455,0.060617,0.060618,120,0.468000,0.977000,0.121000,0.219024,0.954529,0.014641,1,1,1.500000,-0.004609,0.116916,-0.015036,-0.000111,0.016715,0.722947,0.611072,5.718085,-0.016000,0.022000,0.002000,1.205935,3.468118,-107.932686,0.000000,0.000000,0.000000,0.000000,0.000000,0.000000,0.000000,0.000000,0.000000,0.000000,0,0.402150,0.047029,1,0,0,0.000000,0.000000,0.000000,0.000000,0.000000,0.000000,0.000000,0.000000,0,0.000000,0.000000,0.000000,0.000000,0,0,0,0,0,0.000000,0.000000,0.000000,0.000000,0.000000,0.000000,0.000000,0.000000,0.000000,0,0.000000,0.000000,0.000000
77142,28.311235,100420.203125,0.000000,33,1,1000,1000,1000,1000,1000.000000,1,0,0,1,0.586206,0.549979,0.448098,-0.005317,0.105367,0.105367,0.060753,0.060755,103,0.468000,0.977000,0.120000,0.219024,0.954529,0.014400,1,1,1.500000,-0.004577,0.116820,-0.014920,-0.000069,0.014737,0.722888,0.611081,5.704084,-0.018000,-0.012000,-0.009000,1.212226,3.461654,-107.935745,0.000000,0.000000,0.000000,0.000000,0.000000,0.000000,0.000000,0.000000,0.000000,0.000000,0,0.395530,0.045502,1,0,0,0.000000,0.000000,0.000000,0.000000,0.000000,0.000000,0.000000,0.000000,0,0.000000,0.000000,0.000000,0.000000,0,0,0,0,0,0.000000,0.000000,0.000000,0.000000,0.000000,0.000000,0.000000,0.000000,0.000000,0,0.000000,0.000000,0.000000
77232,28.314020,100419.601563,0.000000,37,1,1000,1000,1000,1000,1000.000000,1,0,0,1,0.587859,0.550500,0.451716,-0.006040,0.105119,0.105119,0.058599,0.058602,63,0.468000,0.976000,0.113000,0.219024,0.952576,0.012769,1,1,1.500000,-0.004541,0.116787,-0.014728,-0.000142,0.016235,0.722791,0.602257,5.697083,0.026000,-0.020000,-0.006000,1.219869,3.456844,-107.943130,0.000000,0.000000,0.000000,0.000000,0.000000,0.000000,0.000000,0.000000,0.000000,0.000000,0,0.399036,0.046305,1,0,0,0.000000,0.000000,0.000000,0.000000,0.000000,0.000000,0.000000,0.000000,0,0.000000,0.000000,0.000000,0.000000,0,0,0,0,0,0.000000,0.000000,0.000000,0.000000,0.000000,0.000000,0.000000,0.000000,0.000000,0,0.000000,0.000000,0.000000
77378,28.312881,100419.601563,-0.010000,0,1,1000,1000,1000,1000,1000.000000,1,0,0,1,0.589402,0.551182,0.441469,-0.007093,0.105424,0.105425,0.064041,0.064046,93,0.468000,0.976000,0.124000,0.219024,0.952576,0.015376,1,1,1.500000,-0.004506,0.116754,-0.014566,-0.000024,0.016283,0.722791,0.611095,5.698086,-0.006000,0.016000,0.006000,1.211706,3.461435,-107.945953,0.000000,0.000000,0.000000,0.000000,0.000000,0.000000,0.000000,0.000000,0.000000,0.000000,0,0.378477,0.041657,1,0,0,0.000000,0.000000,0.000000,0.000000,0.000000,0.000000,0.000000,0.000000,0,0.000000,0.000000,0.000000,0.000000,0,0,0,0,0,0.000000,0.000000,0.000000,0.000000,0.000000,0.000000,0.000000,0.000000,0.000000,0,0.000000,0.000000,0.000000
77432,28.316561,100421.101563,-0.020000,0,1,1000,1000,1000,1000,1000.000000,1,0,0,1,0.590803,0.551768,0.452836,-0.005523,0.104922,0.104922,0.059419,0.059420,19,0.468000,0.976000,0.115000,0.219024,0.952576,0.013225,1,1,1.500000,-0.004495,0.116693,-0.014436,-0.000380,0.015401,0.722732,0.602266,5.682082,0.002000,0.000000,0.003000,1.190624,3.456890,-107.947067,0.000000,0.000000,0.000000,0.000000,0.000000,0.000000,0.000000,0.000000,0.000000,0.000000,0,0.379872,0.041968,1,0,0,0.000000,0.000000,0.000000,0.000000,0.000000,0.000000,0.000000,0.000000,0,0.000000,0.000000,0.000000,0.000000,0,0,0,0,0,0.000000,0.000000,0.000000,0.000000,0.000000,0.000000,0.000000,0.000000,0.000000,0,0.000000,0.000000,0.000000
77532,28.311586,100420.101563,-0.030000,12,1,1000,1000,1000,1000,1000.000000,1,0,0,1,0.590788,0.551743,0.439300,-0.011762,0.105395,0.105395,0.059914,0.059917,119,0.468000,0.976000,0.115000,0.219024,0.952576,0.013225,1,1,1.500000,-0.004495,0.116693,-0.014436,-0.000380,0.015401,0.722732,0.602266,5.682082,0.002000,0.000000,0.003000,1.176429,3.443298,-107.951759,0.000000,0.000000,0.000000,0.000000,0.000000,0.000000,0.000000,0.000000,0.000000,0.000000,0,0.355959,0.036854,1,0,0,0.000000,0.000000,0.000000,0.000000,0.000000,0.000000,0.000000,0.000000,0,0.000000,0.000000,0.000000,0.000000,0,0,0,0,0,0.000000,0.000000,0.000000,0.000000,0.000000,0.000000,0.000000,0.000000,0.000000,0,0.000000,0.000000,0.000000
77640,28.312918,100421.601563,-0.040000,27,1,1000,1000,1000,1000,1000.000000,1,0,0,1,0.592264,0.552283,0.443919,-0.008021,0.105289,0.105289,0.060065,0.060081,102,0.468000,0.975000,0.120000,0.219024,0.950625,0.014400,1,1,1.500000,-0.004460,0.116650,-0.014287,-0.000111,0.016116,0.722738,0.602271,5.675063,0.001000,-0.007000,0.003000,1.150900,3.427162,-107.955833,0.000000,0.000000,0.000000,0.000000,0.000000,0.000000,0.000000,0.000000,0.000000,0.000000,0,0.350568,0.035745,1,0,0,0.000000,0.000000,0.000000,0.000000,0.000000,0.000000,0.000000,0.000000,0,0.000000,0.000000,0.000000,0.000000,0,0,0,0,0,0.000000,0.000000,0.000000,0.000000,0.000000,0.000000,0.000000,0.000000,0.000000,0,0.000000,0.000000,0.000000
77728,28.312881,100421.203125,-0.040000,29,1,1000,1000,1000,1000,1000.000000,1,0,0,1,0.593612,0.552631,0.448641,-0.001298,0.105028,0.105029,0.058001,0.058016,65,0.468000,0.975000,0.128000,0.219024,0.950625,0.016384,1,1,1.500000,-0.004424,0.116617,-0.014138,-0.000071,0.016175,0.722695,0.593434,5.668082,-0.006000,-0.027000,-0.009000,1.128081,3.410705,-107.960976,0.000000,0.000000,0.000000,0.000000,0.000000,0.000000,0.000000,0.000000,0.000000,0.000000,0,0.355169,0.036695,1,0,0,0.000000,0.000000,0.000000,0.000000,0.000000,0.000000,0.000000,0.000000,0,0.000000,0.000000,0.000000,0.000000,0,0,0,0,0,0.000000,0.000000,0.000000,0.000000,0.000000,0.000000,0.000000,0.000000,0.000000,0,0.000000,0.000000,0.000000
77845,28.313128,100418.703125,-0.030000,7,1,1000,1000,1000,1000,1000.000000,1,0,0,1,0.595185,0.553145,0.447080,-0.000110,0.105133,0.105133,0.060589,0.060595,59,0.468000,0.975000,0.122000,0.219024,0.950625,0.014884,1,1,1.500000,-0.004396,0.116565,-0.013997,-0.000323,0.015424,0.733793,0.593434,5.665083,0.004000,0.017000,-0.007000,1.125137,3.408868,-107.959419,0.000000,0.000000,0.000000,0.000000,0.000000,0.000000,0.000000,0.000000,0.000000,0.000000,0,0.363774,0.038488,1,0,0,0.000000,0.000000,0.000000,0.000000,0.000000,0.000000,0.000000,0.000000,0,0.000000,0.000000,0.000000,0.000000,0,0,0,0,0,0.000000,0.000000,0.000000,0.000000,0.000000,0.000000,0.000000,0.000000,0.000000,0,0.000000,0.000000,0.000000
77932,28.312881,100421.101563,-0.040000,0,1,1000,1000,1000,1000,1000.000000,1,0,0,1,0.596755,0.553583,0.452108,0.004115,0.104860,0.104860,0.058329,0.058333,19,0.468000,0.975000,0.113000,0.219024,0.950625,0.012769,1,1,1.500000,-0.004360,0.116513,-0.013820,-0.000328,0.015319,0.733787,0.593435,5.665084,0.013000,-0.001000,0.003000,1.123477,3.411223,-107.962669,0.000000,0.000000,0.000000,0.000000,0.000000,0.000000,0.000000,0.000000,0.000000,0.000000,0,0.358648,0.037417,1,0,0,0.000000,0.000000,0.000000,0.000000,0.000000,0.000000,0.000000,0.000000,0,0.000000,0.000000,0.000000,0.000000,0,0,0,0,0,0.000000,0.000000,0.000000,0.000000,0.000000,0.000000,0.000000,0.000000,0.000000,0,0.000000,0.000000,0.000000
78032,28.312164,100419.804688,-0.040000,12,1,1000,1000,1000,1000,1000.000000,1,0,0,1,0.596788,0.553595,0.439678,-0.002017,0.105367,0.105367,0.058794,0.058798,119,0.468000,0.975000,0.113000,0.219024,0.950625,0.012769,1,1,1.500000,-0.004360,0.116513,-0.013820,-0.000328,0.015319,0.733787,0.593435,5.665084,0.013000,-0.001000,0.003000,1.113713,3.409531,-107.967064,0.000000,0.000000,0.000000,0.000000,0.000000,0.000000,0.000000,0.000000,0.000000,0.000000,0,0.345981,0.034823,1,0,0,0.000000,0.000000,0.000000,0.000000,0.000000,0.000000,0.000000,0.000000,0,0.000000,0.000000,0.000000,0.000000,0,0,0,0,0,0.000000,0.000000,0.000000,0.000000,0.000000,0.000000,0.000000,0.000000,0.000000,0,0.000000,0.000000,0.000000
78140,28.309029,100421.203125,-0.040000,34,1,1000,1000,1000,1000,1000.000000,1,0,0,1,0.598297,0.553973,0.444557,-0.000754,0.105306,0.105306,0.058943,0.058949,100,0.468000,0.974000,0.123000,0.219024,0.948676,0.015129,1,1,1.500000,-0.004319,0.116488,-0.013647,-0.000292,0.015432,0.733722,0.593439,5.653100,-0.008000,-0.012000,-0.004000,1.114559,3.412008,-107.970779,0.000000,0.000000,0.000000,0.000000,0.000000,0.000000,0.000000,0.000000,0.000000,0.000000,0,0.351046,0.035844,1,0,0,0.000000,0.000000,0.000000,0.000000,0.000000,0.000000,0.000000,0.000000,0,0.000000,0.000000,0.000000,0.000000,0,0,0,0,0,0.000000,0.000000,0.000000,0.000000,0.000000,0.000000,0.000000,0.000000,0.000000,0,0.000000,0.000000,0.000000
78228,28.309816,100419.500000,-0.030000,36,1,1000,1000,1000,1000,1000.000000,1,0,0,1,0.599864,0.554365,0.449524,0.002601,0.105080,0.105080,0.057507,0.057509,58,0.468000,0.974000,0.115000,0.219024,0.948676,0.013225,1,1,1.500000,-0.004282,0.116449,-0.013501,-0.000194,0.015485,0.733654,0.593450,5.651100,0.009000,-0.007000,0.000000,1.124428,3.423448,-107.972412,0.000000,0.000000,0.000000,0.000000,0.000000,0.000000,0.000000,0.000000,0.000000,0.000000,0,0.366211,0.039012,1,0,0,0.000000,0.000000,0.000000,0.000000,0.000000,0.000000,0.000000,0.000000,0,0.000000,0.000000,0.000000,0.000000,0,0,0,0,0,0.000000,0.000000,0.000000,0.000000,0.000000,0.000000,0.000000,0.000000,0.000000,0,0.000000,0.000000,0.000000
78332,28.303930,100419.203125,-0.030000,4,1,1000,1000,1000,1000,1000.000000,1,0,0,1,0.601335,0.554836,0.448191,0.005253,0.104885,0.104885,0.056098,0.056106,31,0.468000,0.974000,0.127000,0.219024,0.948676,0.016129,1,1,1.500000,-0.004251,0.116406,-0.013370,-0.000200,0.015535,0.733573,0.593456,5.643119,-0.014000,0.019000,-0.012000,1.130806,3.438452,-107.967155,0.000000,0.000000,0.000000,0.000000,0.000000,0.000000,0.000000,0.000000,0.000000,0.000000,0,0.364762,0.038712,1,0,0,0.000000,0.000000,0.000000,0.000000,0.000000,0.000000,0.000000,0.000000,0,0.000000,0.000000,0.000000,0.000000,0,0,0,0,0,0.000000,0.000000,0.000000,0.000000,0.000000,0.000000,0.000000,0.000000,0.000000,0,0.000000,0.000000,0.000000
78443,28.305437,100418.898438,-0.010000,21,1,1000,1000,1000,1000,1000.000000,1,0,0,1,0.602783,0.555077,0.452439,0.008521,0.104863,0.104863,0.056663,0.056672,30,0.468000,0.974000,0.117000,0.219024,0.948676,0.013689,1,1,1.500000,-0.004240,0.116367,-0.013286,-0.000311,0.015944,0.733523,0.584626,5.637117,0.014000,-0.019000,-0.014000,1.132583,3.440236,-107.966690,0.000000,0.000000,0.000000,0.000000,0.000000,0.000000,0.000000,0.000000,0.000000,0.000000,0,0.389361,0.044103,1,0,0,0.000000,0.000000,0.000000,0.000000,0.000000,0.000000,0.000000,0.000000,0,0.000000,0.000000,0.000000,0.000000,0,0,0,0,0,0.000000,0.000000,0.000000,0.000000,0.000000,0.000000,0.000000,0.000000,0.000000,0,0.000000,0.000000,0.000000
78602,28.304789,100419.898438,-0.010000,4,1,1000,1000,1000,1000,1000.000000,1,0,0,1,0.603891,0.555424,0.443192,0.006851,0.105330,0.105330,0.063426,0.063440,64,0.468000,0.974000,0.125000,0.219024,0.948676,0.015625,1,1,1.500000,-0.004207,0.116365,-0.013152,-0.000046,0.016841,0.733486,0.584632,5.633115,-0.012000,0.013000,-0.005000,1.138503,3.446491,-107.961922,0.000000,0.000000,0.000000,0.000000,0.000000,0.000000,0.000000,0.000000,0.000000,0.000000,0,0.380124,0.042032,1,0,0,0.000000,0.000000,0.000000,0.000000,0.000000,0.000000,0.000000,0.000000,0,0.000000,0.000000,0.000000,0.000000,0,0,0,0,0,0.000000,0.000000,0.000000,0.000000,0.000000,0.000000,0.000000,0.000000,0.000000,0,0.000000,0.000000,0.000000
78637,28.304789,100419.898438,-0.010000,39,1,1000,1000,1000,1000,1000.000000,1,0,0,1,0.604136,0.555436,0.443109,0.006170,0.105272,0.105272,0.057372,0.057389,99,0.468000,0.974000,0.125000,0.219024,0.948676,0.015625,1,1,1.500000,-0.004207,0.116365,-0.013152,-0.000046,0.016841,0.733486,0.584632,5.633115,-0.012000,0.013000,-0.005000,1.152435,3.453034,-107.960258,0.000000,0.000000,0.000000,0.000000,0.000000,0.000000,0.000000,0.000000,0.000000,0.000000,0,0.380124,0.042032,1,0,0,0.000000,0.000000,0.000000,0.000000,0.000000,0.000000,0.000000,0.000000,0,0.000000,0.000000,0.000000,0.000000,0,0,0,0,0,0.000000,0.000000,0.000000,0.000000,0.000000,0.000000,0.000000,0.000000,0.000000,0,0.000000,0.000000,0.000000
78744,28.302248,100419.101563,0.000000,0,1,1000,1000,1000,1000,1000.000000,1,0,0,1,0.605477,0.555701,0.447517,0.005751,0.105166,0.105166,0.057621,0.057634,81,0.468000,0.973000,0.126000,0.219024,0.946729,0.015876,1,1,1.500000,-0.004167,0.116373,-0.013007,-0.000033,0.016875,0.733427,0.584641,5.627114,0.005000,-0.015000,-0.006000,1.162016,3.455478,-107.961655,0.000000,0.000000,0.000000,0.000000,0.000000,0.000000,0.000000,0.000000,0.000000,0.000000,0,0.384632,0.043032,1,0,0,0.000000,0.000000,0.000000,0.000000,0.000000,0.000000,0.000000,0.000000,0,0.000000,0.000000,0.000000,0.000000,0,0,0,0,0,0.000000,0.000000,0.000000,0.000000,0.000000,0.000000,0.000000,0.000000,0.000000,0,0.000000,0.000000,0.000000
78847,28.303579,100420.000000,0.000000,1,1,1000,1000,1000,1000,1000.000000,1,0,0,1,0.606861,0.556132,0.451306,0.007809,0.105110,0.105110,0.058222,0.058225,59,0.468000,0.973000,0.111000,0.219024,0.946729,0.012321,1,1,1.500000,-0.004118,0.116369,-0.012821,0.000023,0.016359,0.733389,0.584646,5.620113,0.010000,0.008000,-0.004000,1.179820,3.467788,-107.966492,0.000000,0.000000,0.000000,0.000000,0.000000,0.000000,0.000000,0.000000,0.000000,0.000000,0,0.380641,0.042147,1,0,0,0.000000,0.000000,0.000000,0.000000,0.000000,0.000000,0.000000,0.000000,0,0.000000,0.000000,0.000000,0.000000,0,0,0,0,0,0.000000,0.000000,0.000000,0.000000,0.000000,0.000000,0.000000,0.000000,0.000000,0,0.000000,0.000000,0.000000
78940,28.309904,100419.101563,0.010000,3,1,1000,1000,1000,1000,1000.000000,1,0,0,1,0.608207,0.556293,0.447733,0.006176,0.104834,0.104834,0.055883,0.055888,27,0.468000,0.973000,0.126000,0.219024,0.946729,0.015876,1,1,1.500000,-0.004068,0.116375,-0.012656,0.000229,0.016455,0.733314,0.575820,5.618114,-0.015000,-0.022000,-0.005000,1.182866,3.475130,-107.966446,0.000000,0.000000,0.000000,0.000000,0.000000,0.000000,0.000000,0.000000,0.000000,0.000000,0,0.405052,0.047734,1,0,0,0.000000,0.000000,0.000000,0.000000,0.000000,0.000000,0.000000,0.000000,0,0.000000,0.000000,0.000000,0.000000,0,0,0,0,0,0.000000,0.000000,0.000000,0.000000,0.000000,0.000000,0.000000,0.000000,0.000000,0,0.000000,0.000000,0.000000
79040,28.304930,100418.304688,0.040000,17,1,1000,1000,1000,1000,1000.000000,1,0,0,1,0.609594,0.556488,0.450513,0.002188,0.104940,0.104940,0.058493,0.058503,0,0.468000,0.973000,0.128000,0.219024,0.946729,0.016384,1,1,1.500000,-0.004027,0.116356,-0.012518,0.000233,0.016458,0.733223,0.575839,5.610094,-0.001000,0.011000,-0.001000,1.197694,3.481885,-107.974129,0.000000,0.000000,0.000000,0.000000,0.000000,0.000000,0.000000,0.000000,0.000000,0.000000,0,0.420515,0.051435,1,0,0,0.000000,0.000000,0.000000,0.000000,0.000000,0.000000,0.000000,0.000000,0,0.000000,0.000000,0.000000,0.000000,0,0,0,0,0,0.000000,0.000000,0.000000,0.000000,0.000000,0.000000,0.000000,0.000000,0.000000,0,0.000000,0.000000,0.000000
79141,28.302423,100419.500000,0.040000,32,1,1000,1000,1000,1000,1000.000000,1,0,0,1,0.609606,0.556423,0.435070,-0.007124,0.105286,0.105286,0.057391,0.057399,101,0.468000,0.973000,0.128000,0.219024,0.946729,0.016384,1,1,1.500000,-0.004027,0.116356,-0.012518,0.000233,0.016458,0.733223,0.575839,5.610094,-0.001000,0.011000,-0.001000,1.218161,3.471935,-107.974648,0.000000,0.000000,0.000000,0.000000,0.000000,0.000000,0.000000,0.000000,0.000000,0.000000,0,0.422618,0.051957,1,0,0,0.000000,0.000000,0.000000,0.000000,0.000000,0.000000,0.000000,0.000000,0,0.000000,0.000000,0.000000,0.000000,0,0,0,0,0,0.000000,0.000000,0.000000,0.000000,0.000000,0.000000,0.000000,0.000000,0.000000,0,0.000000,0.000000,0.000000
79250,28.300724,100420.601563,0.040000,3,1,1000,1000,1000,1000,1000.000000,1,0,0,1,0.610960,0.556753,0.429216,-0.007661,0.105211,0.105212,0.057911,0.057920,80,0.468000,0.973000,0.121000,0.219024,0.946729,0.014641,1,1,1.500000,-0.003982,0.116362,-0.012342,0.000206,0.016538,0.733131,0.575848,5.593109,0.008000,0.016000,-0.009000,1.252173,3.470775,-107.976082,0.000000,0.000000,0.000000,0.000000,0.000000,0.000000,0.000000,0.000000,0.000000,0.000000,0,0.416780,0.050534,1,0,0,0.000000,0.000000,0.000000,0.000000,0.000000,0.000000,0.000000,0.000000,0,0.000000,0.000000,0.000000,0.000000,0,0,0,0,0,0.000000,0.000000,0.000000,0.000000,0.000000,0.000000,0.000000,0.000000,0.000000,0,0.000000,0.000000,0.000000
79343,28.305210,100420.101563,0.030000,3,1,1000,1000,1000,1000,1000.000000,1,0,0,1,0.612345,0.556912,0.431836,-0.008812,0.104959,0.104960,0.055955,0.055959,50,0.468000,0.973000,0.124000,0.219024,0.946729,0.015376,1,1,1.500000,-0.003937,0.116364,-0.012173,0.000198,0.016543,0.733056,0.575860,5.599109,0.012000,-0.013000,0.005000,1.259647,3.459944,-107.977676,0.000000,0.000000,0.000000,0.000000,0.000000,0.000000,0.000000,0.000000,0.000000,0.000000,0,0.409206,0.048721,1,0,0,0.000000,0.000000,0.000000,0.000000,0.000000,0.000000,0.000000,0.000000,0,0.000000,0.000000,0.000000,0.000000,0,0,0,0,0,0.000000,0.000000,0.000000,0.000000,0.000000,0.000000,0.000000,0.000000,0.000000,0,0.000000,0.000000,0.000000
79445,28.301041,100418.703125,0.040000,0,1,1000,1000,1000,1000,1000.000000,1,0,0,1,0.613631,0.557149,0.441990,-0.006422,0.104868,0.104869,0.056030,0.056029,33,0.468000,0.973000,0.114000,0.219024,0.946729,0.012996,1,1,1.500000,-0.003888,0.116350,-0.012010,0.000194,0.016432,0.733015,0.575872,5.588091,-0.001000,0.009000,0.003000,1.286201,3.449210,-107.979050,0.000000,0.000000,0.000000,0.000000,0.000000,0.000000,0.000000,0.000000,0.000000,0.000000,0,0.401462,0.046890,1,0,0,0.000000,0.000000,0.000000,0.000000,0.000000,0.000000,0.000000,0.000000,0,0.000000,0.000000,0.000000,0.000000,0,0,0,0,0,0.000000,0.000000,0.000000,0.000000,0.000000,0.000000,0.000000,0.000000,0.000000,0,0.000000,0.000000,0.000000
79545,28.300322,100419.898438,0.040000,14,1,1000,1000,1000,1000,1000.000000,1,0,0,1,0.613551,0.557189,0.419085,-0.013958,0.105396,0.105396,0.056622,0.056623,0,0.468000,0.972000,0.126000,0.219024,0.944784,0.015876,1,1,1.500000,-0.003835,0.116344,-0.011842,0.000195,0.016429,0.733015,0.575872,5.588091,-0.013000,-0.021000,-0.003000,1.286943,3.441619,-107.978928,0.000000,0.000000,0.000000,0.000000,0.000000,0.000000,0.000000,0.000000,0.000000,0.000000,0,0.405860,0.047912,1,0,0,0.000000,0.000000,0.000000,0.000000,0.000000,0.000000,0.000000,0.000000,0,0.000000,0.000000,0.000000,0.000000,0,0,0,0,0,0.000000,0.000000,0.000000,0.000000,0.000000,0.000000,0.000000,0.000000,0.000000,0,0.000000,0.000000,0.000000
79629,28.297203,100419.898438,0.040000,13,1,1000,1000,1000,1000,1000.000000,1,0,0,1,0.614778,0.557286,0.420765,-0.013927,0.105605,0.105605,0.066251,0.066256,84,0.468000,0.972000,0.126000,0.219024,0.944784,0.015876,1,1,1.500000,-0.003835,0.116344,-0.011842,0.000195,0.016429,0.732938,0.567041,5.588109,-0.013000,-0.021000,-0.003000,1.292385,3.441183,-107.981735,0.000000,0.000000,0.000000,0.000000,0.000000,0.000000,0.000000,0.000000,0.000000,0.000000,0,0.408369,0.048512,1,0,0,0.000000,0.000000,0.000000,0.000000,0.000000,0.000000,0.000000,0.000000,0,0.000000,0.000000,0.000000,0.000000,0,0,0,0,0,0.000000,0.000000,0.000000,0.000000,0.000000,0.000000,0.000000,0.000000,0.000000,0,0.000000,0.000000,0.000000
79778,28.296591,100418.601563,0.060000,33,1,1000,1000,1000,1000,1000.000000,1,0,0,1,0.616154,0.557353,0.415658,-0.014514,0.105445,0.105445,0.060469,0.060472,115,0.468000,0.972000,0.122000,0.219024,0.944784,0.014884,1,1,1.500000,-0.003771,0.116354,-0.011657,0.000254,0.016502,0.732918,0.567049,5.591088,0.015000,-0.006000,0.007000,1.298337,3.449512,-107.990524,0.000000,0.000000,0.000000,0.000000,0.000000,0.000000,0.000000,0.000000,0.000000,0.000000,0,0.423706,0.052237,1,0,0,0.000000,0.000000,0.000000,0.000000,0.000000,0.000000,0.000000,0.000000,0,0.000000,0.000000,0.000000,0.000000,0,0,0,0,0,0.000000,0.000000,0.000000,0.000000,0.000000,0.000000,0.000000,0.000000,0.000000,0,0.000000,0.000000,0.000000
79828,28.297922,100420.304688,0.050000,32,1,1000,1000,1000,1000,1000.000000,1,0,0,1,0.617560,0.557573,0.425282,-0.004850,0.105316,0.105317,0.065706,0.065710,40,0.468000,0.972000,0.127000,0.219024,0.944784,0.016129,1,1,1.500000,-0.003712,0.116372,-0.011470,0.000108,0.016398,0.732952,0.575887,5.568071,0.006000,0.023000,-0.001000,1.301821,3.461746,-107.987747,0.000000,0.000000,0.000000,0.000000,0.000000,0.000000,0.000000,0.000000,0.000000,0.000000,0,0.423215,0.052100,1,0,0,0.000000,0.000000,0.000000,0.000000,0.000000,0.000000,0.000000,0.000000,0,0.000000,0.000000,0.000000,0.000000,0,0,0,0,0,0.000000,0.000000,0.000000,0.000000,0.000000,0.000000,0.000000,0.000000,0.000000,0,0.000000,0.000000,0.000000
79945,28.296013,100417.601563,0.060000,11,1,1000,1000,1000,1000,1000.000000,1,0,0,1,0.618663,0.557760,0.420263,-0.000924,0.104798,0.104798,0.055321,0.055323,32,0.468000,0.972000,0.130000,0.219024,0.944784,0.016900,1,1,1.500000,-0.003657,0.116384,-0.011279,0.000065,0.016329,0.733048,0.567034,5.569072,0.003000,0.001000,0.009000,1.283011,3.475112,-107.990059,0.000000,0.000000,0.000000,0.000000,0.000000,0.000000,0.000000,0.000000,0.000000,0.000000,0,0.428030,0.053294,1,0,0,0.000000,0.000000,0.000000,0.000000,0.000000,0.000000,0.000000,0.000000,0,0.000000,0.000000,0.000000,0.000000,0,0,0,0,0,0.000000,0.000000,0.000000,0.000000,0.000000,0.000000,0.000000,0.000000,0.000000,0,0.000000,0.000000,0.000000
80035,28.300741,100420.601563,0.050000,12,1,1000,1000,1000,1000,1000.000000,1,0,0,1,0.618884,0.557636,0.405122,-0.005132,0.105789,0.105789,0.067819,0.067824,122,0.468000,0.972000,0.130000,0.219024,0.944784,0.016900,1,1,1.500000,-0.003657,0.116384,-0.011279,0.000065,0.016329,0.733048,0.567034,5.569072,0.003000,0.001000,0.009000,1.285805,3.474544,-107.992447,0.000000,0.000000,0.000000,0.000000,0.000000,0.000000,0.000000,0.000000,0.000000,0.000000,0,0.402506,0.047129,1,0,0,0.000000,0.000000,0.000000,0.000000,0.000000,0.000000,0.000000,0.000000,0,0.000000,0.000000,0.000000,0.000000,0,0,0,0,0,0.000000,0.000000,0.000000,0.000000,0.000000,0.000000,0.000000,0.000000,0.000000,0,0.000000,0.000000,0.000000
80132,28.299463,100419.898438,0.030000,23,1,1000,1000,1000,1000,1000.000000,1,0,0,1,0.620237,0.557834,0.408772,-0.005218,0.105505,0.105505,0.065792,0.065793,93,0.468000,0.972000,0.128000,0.219024,0.944784,0.016384,1,1,1.500000,-0.003610,0.116390,-0.011105,0.000064,0.016326,0.733058,0.567033,5.565070,0.025000,-0.004000,0.018000,1.270682,3.472516,-107.996078,0.000000,0.000000,0.000000,0.000000,0.000000,0.000000,0.000000,0.000000,0.000000,0.000000,0,0.385865,0.043317,1,0,0,0.000000,0.000000,0.000000,0.000000,0.000000,0.000000,0.000000,0.000000,0,0.000000,0.000000,0.000000,0.000000,0,0,0,0,0,0.000000,0.000000,0.000000,0.000000,0.000000,0.000000,0.000000,0.000000,0.000000,0,0.000000,0.000000,0.000000
80232,28.295067,100419.601563,0.040000,28,1,1000,1000,1000,1000,1000.000000,1,0,0,1,0.621394,0.558005,0.411857,-0.007153,0.105396,0.105397,0.065555,0.065558,65,0.468000,0.972000,0.113000,0.219024,0.944784,0.012769,1,1,1.500000,-0.003559,0.116403,-0.010932,0.000118,0.016395,0.733137,0.567015,5.560093,-0.010000,0.008000,0.011000,1.274006,3.471992,-107.996025,0.000000,0.000000,0.000000,0.000000,0.000000,0.000000,0.000000,0.000000,0.000000,0.000000,0,0.399284,0.046379,1,0,0,0.000000,0.000000,0.000000,0.000000,0.000000,0.000000,0.000000,0.000000,0,0.000000,0.000000,0.000000,0.000000,0,0,0,0,0,0.000000,0.000000,0.000000,0.000000,0.000000,0.000000,0.000000,0.000000,0.000000,0,0.000000,0.000000,0.000000
80343,28.296730,100420.804688,0.030000,8,1,1000,1000,1000,1000,1000.000000,1,0,0,1,0.622697,0.558217,0.408122,-0.007364,0.105352,0.105352,0.066040,0.066046,49,0.468000,0.972000,0.132000,0.219024,0.944784,0.017424,1,1,1.500000,-0.003516,0.116403,-0.010771,0.000120,0.016398,0.733186,0.575845,5.557092,0.005000,0.016000,0.011000,1.268119,3.468092,-107.996902,0.000000,0.000000,0.000000,0.000000,0.000000,0.000000,0.000000,0.000000,0.000000,0.000000,0,0.385189,0.043162,1,0,0,0.000000,0.000000,0.000000,0.000000,0.000000,0.000000,0.000000,0.000000,0,0.000000,0.000000,0.000000,0.000000,0,0,0,0,0,0.000000,0.000000,0.000000,0.000000,0.000000,0.000000,0.000000,0.000000,0.000000,0,0.000000,0.000000,0.000000
80440,28.296118,100420.101563,0.020000,0,1,1000,1000,1000,1000,1000.000000,1,0,0,1,0.623896,0.558210,0.418870,-0.004991,0.105239,0.105240,0.065540,0.065545,27,0.468000,0.972000,0.130000,0.219024,0.944784,0.016900,1,1,1.500000,-0.003478,0.116395,-0.010625,0.000043,0.016291,0.733195,0.567006,5.550092,0.003000,-0.013000,0.011000,1.264300,3.461073,-108.000961,0.000000,0.000000,0.000000,0.000000,0.000000,0.000000,0.000000,0.000000,0.000000,0.000000,0,0.378220,0.041622,1,0,0,0.000000,0.000000,0.000000,0.000000,0.000000,0.000000,0.000000,0.000000,0,0.000000,0.000000,0.000000,0.000000,0,0,0,0,0,0.000000,0.000000,0.000000,0.000000,0.000000,0.000000,0.000000,0.000000,0.000000,0,0.000000,0.000000,0.000000
80533,28.297642,100421.203125,0.000000,0,1,1000,1000,1000,1000,1000.000000,1,0,0,1,0.623897,0.558213,0.398636,-0.011286,0.105738,0.105738,0.065731,0.065734,120,0.468000,0.972000,0.130000,0.219024,0.944784,0.016900,1,1,1.500000,-0.003478,0.116395,-0.010625,0.000043,0.016291,0.733195,0.567006,5.550092,0.003000,-0.013000,0.011000,1.259111,3.461604,-108.005127,0.000000,0.000000,0.000000,0.000000,0.000000,0.000000,0.000000,0.000000,0.000000,0.000000,0,0.344990,0.034615,1,0,0,0.000000,0.000000,0.000000,0.000000,0.000000,0.000000,0.000000,0.000000,0,0.000000,0.000000,0.000000,0.000000,0,0,0,0,0,0.000000,0.000000,0.000000,0.000000,0.000000,0.000000,0.000000,0.000000,0.000000,0,0.000000,0.000000,0.000000
80645,28.293280,100418.601563,0.020000,24,1,1000,1000,1000,1000,1000.000000,1,0,0,1,0.625195,0.558330,0.402628,-0.009089,0.105605,0.105606,0.065219,0.065223,107,0.468000,0.972000,0.127000,0.219024,0.944784,0.016129,1,1,1.500000,-0.003437,0.116391,-0.010469,0.000026,0.016274,0.733192,0.567012,5.553075,0.018000,0.011000,0.012000,1.252806,3.465439,-108.009277,0.000000,0.000000,0.000000,0.000000,0.000000,0.000000,0.000000,0.000000,0.000000,0.000000,0,0.369568,0.039730,1,0,0,0.000000,0.000000,0.000000,0.000000,0.000000,0.000000,0.000000,0.000000,0,0.000000,0.000000,0.000000,0.000000,0,0,0,0,0,0.000000,0.000000,0.000000,0.000000,0.000000,0.000000,0.000000,0.000000,0.000000,0,0.000000,0.000000,0.000000
80730,28.297449,100422.101563,-0.010000,8,1,1000,1000,1000,1000,1000.000000,1,0,0,1,0.626241,0.558486,0.407416,-0.007719,0.105291,0.105291,0.062710,0.062710,69,0.468000,0.972000,0.105000,0.219024,0.944784,0.011025,1,1,1.500000,-0.003402,0.116380,-0.010327,0.000031,0.016270,0.733190,0.567002,5.551110,-0.021000,0.006000,0.014000,1.241997,3.465106,-108.015953,0.000000,0.000000,0.000000,0.000000,0.000000,0.000000,0.000000,0.000000,0.000000,0.000000,0,0.343748,0.034371,1,0,0,0.000000,0.000000,0.000000,0.000000,0.000000,0.000000,0.000000,0.000000,0,0.000000,0.000000,0.000000,0.000000,0,0,0,0,0,0.000000,0.000000,0.000000,0.000000,0.000000,0.000000,0.000000,0.000000,0.000000,0,0.000000,0.000000,0.000000
80842,28.294382,100418.601563,-0.010000,34,1,1000,1000,1000,1000,1000.000000,1,0,0,1,0.627446,0.558561,0.412520,-0.005601,0.105451,0.105452,0.065807,0.065813,54,0.468000,0.971000,0.128000,0.219024,0.942841,0.016384,1,1,1.500000,-0.003367,0.116367,-0.010189,0.000016,0.016261,0.733229,0.567006,5.547075,0.012000,-0.011000,0.010000,1.239877,3.465135,-108.020233,0.000000,0.000000,0.000000,0.000000,0.000000,0.000000,0.000000,0.000000,0.000000,0.000000,0,0.349034,0.035440,1,0,0,0.000000,0.000000,0.000000,0.000000,0.000000,0.000000,0.000000,0.000000,0,0.000000,0.000000,0.000000,0.000000,0,0,0,0,0,0.000000,0.000000,0.000000,0.000000,0.000000,0.000000,0.000000,0.000000,0.000000,0,0.000000,0.000000,0.000000
80967,28.294523,100420.601563,-0.020000,30,1,1000,1000,1000,1000,1000.000000,1,0,0,1,0.628720,0.558691,0.411706,-0.006173,0.105083,0.105083,0.057580,0.057582,54,0.468000,0.971000,0.131000,0.219024,0.942841,0.017161,1,1,1.500000,-0.003330,0.116359,-0.010051,-0.000021,0.016256,0.744326,0.566996,5.555112,0.011000,-0.004000,0.012000,1.233664,3.463419,-108.025230,0.000000,0.000000,0.000000,0.000000,0.000000,0.000000,0.000000,0.000000,0.000000,0.000000,0,0.337689,0.033174,1,0,0,0.000000,0.000000,0.000000,0.000000,0.000000,0.000000,0.000000,0.000000,0,0.000000,0.000000,0.000000,0.000000,0,0,0,0,0,0.000000,0.000000,0.000000,0.000000,0.000000,0.000000,0.000000,0.000000,0.000000,0,0.000000,0.000000,0.000000
81035,28.294645,100421.304688,-0.040000,12,1,1000,1000,1000,1000,1000.000000,1,0,0,1,0.628788,0.558689,0.399843,-0.010410,0.105699,0.105700,0.065379,0.065383,122,0.468000,0.971000,0.131000,0.219024,0.942841,0.017161,1,1,1.500000,-0.003330,0.116359,-0.010051,-0.000021,0.016256,0.744326,0.566996,5.555112,0.011000,-0.004000,0.012000,1.234320,3.463079,-108.027260,0.000000,0.000000,0.000000,0.000000,0.000000,0.000000,0.000000,0.000000,0.000000,0.000000,0,0.305486,0.027150,1,0,0,0.000000,0.000000,0.000000,0.000000,0.000000,0.000000,0.000000,0.000000,0,0.000000,0.000000,0.000000,0.000000,0,0,0,0,0,0.000000,0.000000,0.000000,0.000000,0.000000,0.000000,0.000000,0.000000,0.000000,0,0.000000,0.000000,0.000000
81132,28.293648,100419.304688,-0.030000,23,1,1000,1000,1000,1000,1000.000000,1,0,0,1,0.629965,0.558720,0.405631,-0.008929,0.105428,0.105428,0.063401,0.063407,93,0.468000,0.971000,0.119000,0.219024,0.942841,0.014161,1,1,1.500000,-0.003284,0.116382,-0.009867,-0.000268,0.016633,0.733227,0.566996,5.546113,-0.008000,-0.009000,0.000000,1.229455,3.462834,-108.027771,0.000000,0.000000,0.000000,0.000000,0.000000,0.000000,0.000000,0.000000,0.000000,0.000000,0,0.321613,0.030095,1,0,0,0.000000,0.000000,0.000000,0.000000,0.000000,0.000000,0.000000,0.000000,0,0.000000,0.000000,0.000000,0.000000,0,0,0,0,0,0.000000,0.000000,0.000000,0.000000,0.000000,0.000000,0.000000,0.000000,0.000000,0,0.000000,0.000000,0.000000
81228,28.293858,100419.304688,-0.020000,33,1,1000,1000,1000,1000,1000.000000,1,0,0,1,0.631182,0.558881,0.411370,-0.004915,0.105358,0.105358,0.063477,0.063482,60,0.468000,0.971000,0.133000,0.219024,0.942841,0.017689,1,1,1.500000,-0.003230,0.116407,-0.009696,0.000025,0.016332,0.733227,0.566996,5.549112,0.008000,0.013000,0.018000,1.221238,3.467432,-108.030266,0.000000,0.000000,0.000000,0.000000,0.000000,0.000000,0.000000,0.000000,0.000000,0.000000,0,0.337573,0.033160,1,0,0,0.000000,0.000000,0.000000,0.000000,0.000000,0.000000,0.000000,0.000000,0,0.000000,0.000000,0.000000,0.000000,0,0,0,0,0,0.000000,0.000000,0.000000,0.000000,0.000000,0.000000,0.000000,0.000000,0.000000,0,0.000000,0.000000,0.000000
81336,28.295715,100421.703125,-0.020000,8,1,1000,1000,1000,1000,1000.000000,1,0,0,1,0.632476,0.559118,0.410622,-0.004896,0.105354,0.105354,0.065057,0.065060,36,0.468000,0.971000,0.122000,0.219024,0.942841,0.014884,1,1,1.500000,-0.003175,0.116430,-0.009526,0.000030,0.016331,0.744332,0.575838,5.542093,0.020000,0.008000,0.009000,1.213594,3.470324,-108.033699,0.000000,0.000000,0.000000,0.000000,0.000000,0.000000,0.000000,0.000000,0.000000,0.000000,0,0.336692,0.032985,1,0,0,0.000000,0.000000,0.000000,0.000000,0.000000,0.000000,0.000000,0.000000,0,0.000000,0.000000,0.000000,0.000000,0,0,0,0,0,0.000000,0.000000,0.000000,0.000000,0.000000,0.000000,0.000000,0.000000,0.000000,0,0.000000,0.000000,0.000000
81433,28.290073,100419.203125,-0.010000,20,1,1000,1000,1000,1000,1000.000000,1,0,0,1,0.633582,0.559357,0.415774,-0.003018,0.105154,0.105154,0.063915,0.063915,20,0.468000,0.971000,0.120000,0.219024,0.942841,0.014400,1,1,1.500000,-0.003111,0.116472,-0.009317,0.000104,0.016483,0.744360,0.575834,5.541094,-0.009000,0.013000,0.003000,1.205594,3.471279,-108.037834,0.000000,0.000000,0.000000,0.000000,0.000000,0.000000,0.000000,0.000000,0.000000,0.000000,0,0.334515,0.032559,1,0,0,0.000000,0.000000,0.000000,0.000000,0.000000,0.000000,0.000000,0.000000,0,0.000000,0.000000,0.000000,0.000000,0,0,0,0,0,0.000000,0.000000,0.000000,0.000000,0.000000,0.000000,0.000000,0.000000,0.000000,0,0.000000,0.000000,0.000000
81528,28.291702,100420.101563,-0.010000,29,1,1000,1000,1000,1000,1000.000000,1,0,0,1,0.633575,0.559318,0.403227,-0.006226,0.105465,0.105465,0.062364,0.062363,115,0.468000,0.971000,0.120000,0.219024,0.942841,0.014400,1,1,1.500000,-0.003111,0.116472,-0.009317,0.000104,0.016483,0.744360,0.575834,5.541094,-0.009000,0.013000,0.003000,1.207795,3.471972,-108.040459,0.000000,0.000000,0.000000,0.000000,0.000000,0.000000,0.000000,0.000000,0.000000,0.000000,0,0.339483,0.033535,1,0,0,0.000000,0.000000,0.000000,0.000000,0.000000,0.000000,0.000000,0.000000,0,0.000000,0.000000,0.000000,0.000000,0,0,0,0,0,0.000000,0.000000,0.000000,0.000000,0.000000,0.000000,0.000000,0.000000,0.000000,0,0.000000,0.000000,0.000000
81654,28.288883,100419.101563,0.020000,0,1,1000,1000,1000,1000,1000.000000,1,0,0,1,0.634833,0.559364,0.400662,-0.007212,0.105755,0.105755,0.067218,0.067222,116,0.468000,0.971000,0.127000,0.219024,0.942841,0.016129,1,1,1.500000,-0.003059,0.116484,-0.009149,0.000056,0.016375,0.744364,0.575828,5.538111,0.003000,-0.019000,-0.003000,1.210540,3.472486,-108.047249,0.000000,0.000000,0.000000,0.000000,0.000000,0.000000,0.000000,0.000000,0.000000,0.000000,0,0.367389,0.039260,1,0,0,0.000000,0.000000,0.000000,0.000000,0.000000,0.000000,0.000000,0.000000,0,0.000000,0.000000,0.000000,0.000000,0,0,0,0,0,0.000000,0.000000,0.000000,0.000000,0.000000,0.000000,0.000000,0.000000,0.000000,0,0.000000,0.000000,0.000000
81744,28.286272,100419.304688,0.020000,4,1,1000,1000,1000,1000,1000.000000,1,0,0,1,0.635962,0.559563,0.404487,-0.006685,0.105427,0.105428,0.063967,0.063972,83,0.468000,0.971000,0.117000,0.219024,0.942841,0.013689,1,1,1.500000,-0.003007,0.116489,-0.008990,0.000198,0.016474,0.744366,0.575838,5.537073,-0.005000,-0.008000,0.001000,1.208566,3.475233,-108.050087,0.000000,0.000000,0.000000,0.000000,0.000000,0.000000,0.000000,0.000000,0.000000,0.000000,0,0.371226,0.040091,1,0,0,0.000000,0.000000,0.000000,0.000000,0.000000,0.000000,0.000000,0.000000,0,0.000000,0.000000,0.000000,0.000000,0,0,0,0,0,0.000000,0.000000,0.000000,0.000000,0.000000,0.000000,0.000000,0.000000,0.000000,0,0.000000,0.000000,0.000000
81842,28.283171,100418.000000,0.030000,0,1,1000,1000,1000,1000,1000.000000,1,0,0,1,0.637250,0.559856,0.408280,-0.005113,0.105295,0.105295,0.063162,0.063166,53,0.468000,0.970000,0.127000,0.219024,0.940900,0.016129,1,1,1.500000,-0.002979,0.116465,-0.008877,-0.000020,0.016267,0.744369,0.575832,5.531092,0.005000,0.018000,0.003000,1.211729,3.483548,-108.055740,0.000000,0.000000,0.000000,0.000000,0.000000,0.000000,0.000000,0.000000,0.000000,0.000000,0,0.385290,0.043184,1,0,0,0.000000,0.000000,0.000000,0.000000,0.000000,0.000000,0.000000,0.000000,0,0.000000,0.000000,0.000000,0.000000,0,0,0,0,0,0.000000,0.000000,0.000000,0.000000,0.000000,0.000000,0.000000,0.000000,0.000000,0,0.000000,0.000000,0.000000
81938,28.291212,100419.304688,0.020000,3,1,1000,1000,1000,1000,1000.000000,1,0,0,1,0.638425,0.560161,0.412230,-0.003868,0.105164,0.105164,0.062601,0.062604,24,0.468000,0.970000,0.121000,0.219024,0.940900,0.014641,1,1,1.500000,-0.002938,0.116451,-0.008752,0.000132,0.016351,0.744360,0.584671,5.538092,-0.009000,0.006000,-0.003000,1.208827,3.483811,-108.058929,0.000000,0.000000,0.000000,0.000000,0.000000,0.000000,0.000000,0.000000,0.000000,0.000000,0,0.379142,0.041816,1,0,0,0.000000,0.000000,0.000000,0.000000,0.000000,0.000000,0.000000,0.000000,0,0.000000,0.000000,0.000000,0.000000,0,0,0,0,0,0.000000,0.000000,0.000000,0.000000,0.000000,0.000000,0.000000,0.000000,0.000000,0,0.000000,0.000000,0.000000
82050,28.286623,100419.203125,0.020000,0,1,1000,1000,1000,1000,1000.000000,1,0,0,1,0.639684,0.560414,0.416003,-0.002051,0.105236,0.105237,0.064615,0.064620,10,0.468000,0.970000,0.106000,0.219024,0.940900,0.011236,1,1,1.500000,-0.002894,0.116458,-0.008637,0.000227,0.016558,0.744366,0.584676,5.536074,0.017000,-0.007000,-0.007000,1.209349,3.482565,-108.062752,0.000000,0.000000,0.000000,0.000000,0.000000,0.000000,0.000000,0.000000,0.000000,0.000000,0,0.383083,0.042679,1,0,0,0.000000,0.000000,0.000000,0.000000,0.000000,0.000000,0.000000,0.000000,0,0.000000,0.000000,0.000000,0.000000,0,0,0,0,0,0.000000,0.000000,0.000000,0.000000,0.000000,0.000000,0.000000,0.000000,0.000000,0,0.000000,0.000000,0.000000
82232,28.286938,100419.304688,0.030000,39,1,1000,1000,1000,1000,1000.000000,1,0,0,1,0.640768,0.560691,0.412428,-0.002500,0.105270,0.105270,0.060627,0.060631,64,0.468000,0.970000,0.132000,0.219024,0.940900,0.017424,1,1,1.500000,-0.002849,0.116470,-0.008488,0.000020,0.016318,0.744366,0.584676,5.524073,-0.003000,0.005000,-0.011000,1.204947,3.478931,-108.068710,0.000000,0.000000,0.000000,0.000000,0.000000,0.000000,0.000000,0.000000,0.000000,0.000000,0,0.389598,0.044156,1,0,0,0.000000,0.000000,0.000000,0.000000,0.000000,0.000000,0.000000,0.000000,0,0.000000,0.000000,0.000000,0.000000,0,0,0,0,0,0.000000,0.000000,0.000000,0.000000,0.000000,0.000000,0.000000,0.000000,0.000000,0,0.000000,0.000000,0.000000
82338,28.285711,100418.601563,0.040000,3,1,1000,1000,1000,1000,1000.000000,1,0,0,1,0.641892,0.560942,0.408884,-0.003947,0.105199,0.105199,0.060969,0.060974,44,0.468000,0.970000,0.114000,0.219024,0.940900,0.012996,1,1,1.500000,-0.002791,0.116499,-0.008307,0.000094,0.016414,0.744366,0.584676,5.536074,-0.011000,-0.009000,0.003000,1.204698,3.477120,-108.072266,0.000000,0.000000,0.000000,0.000000,0.000000,0.000000,0.000000,0.000000,0.000000,0.000000,0,0.396165,0.045648,1,0,0,0.000000,0.000000,0.000000,0.000000,0.000000,0.000000,0.000000,0.000000,0,0.000000,0.000000,0.000000,0.000000,0,0,0,0,0,0.000000,0.000000,0.000000,0.000000,0.000000,0.000000,0.000000,0.000000,0.000000,0,0.000000,0.000000,0.000000
82442,28.288198,100421.304688,0.020000,0,1,1000,1000,1000,1000,1000.000000,1,0,0,1,0.643214,0.561202,0.412403,-0.001935,0.105072,0.105073,0.061218,0.061222,29,0.468000,0.970000,0.105000,0.219024,0.940900,0.011025,1,1,1.500000,-0.002738,0.116511,-0.008143,0.000022,0.016312,0.755464,0.584676,5.528074,0.015000,-0.002000,-0.003000,1.208103,3.477268,-108.075706,0.000000,0.000000,0.000000,0.000000,0.000000,0.000000,0.000000,0.000000,0.000000,0.000000,0,0.379383,0.041862,1,0,0,0.000000,0.000000,0.000000,0.000000,0.000000,0.000000,0.000000,0.000000,0,0.000000,0.000000,0.000000,0.000000,0,0,0,0,0,0.000000,0.000000,0.000000,0.000000,0.000000,0.000000,0.000000,0.000000,0.000000,0,0.000000,0.000000,0.000000
82538,28.289408,100421.000000,0.000000,3,1,1000,1000,1000,1000,1000.000000,1,0,0,1,0.643229,0.561218,0.399149,-0.006024,0.105567,0.105567,0.062046,0.062051,125,0.468000,0.970000,0.105000,0.219024,0.940900,0.011025,1,1,1.500000,-0.002738,0.116511,-0.008143,0.000022,0.016312,0.755464,0.584676,5.528074,0.015000,-0.002000,-0.003000,1.208326,3.476678,-108.078575,0.000000,0.000000,0.000000,0.000000,0.000000,0.000000,0.000000,0.000000,0.000000,0.000000,0,0.345558,0.034725,1,0,0,0.000000,0.000000,0.000000,0.000000,0.000000,0.000000,0.000000,0.000000,0,0.000000,0.000000,0.000000,0.000000,0,0,0,0,0,0.000000,0.000000,0.000000,0.000000,0.000000,0.000000,0.000000,0.000000,0.000000,0,0.000000,0.000000,0.000000
82649,28.284346,100420.703125,-0.020000,0,1,1000,1000,1000,1000,1000.000000,1,0,0,1,0.644433,0.561550,0.410443,-0.003381,0.105498,0.105499,0.062790,0.062794,111,0.468000,0.970000,0.122000,0.219024,0.940900,0.014884,1,1,1.500000,-0.002685,0.116530,-0.007979,0.000016,0.016307,0.755464,0.584676,5.536074,-0.007000,0.015000,0.004000,1.205357,3.476619,-108.082138,0.000000,0.000000,0.000000,0.000000,0.000000,0.000000,0.000000,0.000000,0.000000,0.000000,0,0.346969,0.035019,1,0,0,0.000000,0.000000,0.000000,0.000000,0.000000,0.000000,0.000000,0.000000,0,0.000000,0.000000,0.000000,0.000000,0,0,0,0,0,0.000000,0.000000,0.000000,0.000000,0.000000,0.000000,0.000000,0.000000,0.000000,0,0.000000,0.000000,0.000000
82747,28.288235,100420.398438,-0.020000,13,1,1000,1000,1000,1000,1000.000000,1,0,0,1,0.645733,0.561873,0.409705,-0.003354,0.105440,0.105440,0.063342,0.063346,86,0.468000,0.969000,0.110000,0.219024,0.938961,0.012100,1,1,1.500000,-0.002643,0.116536,-0.007831,-0.000069,0.016181,0.755464,0.593514,5.535074,0.022000,-0.001000,0.001000,1.207423,3.475386,-108.085403,0.000000,0.000000,0.000000,0.000000,0.000000,0.000000,0.000000,0.000000,0.000000,0.000000,0,0.335951,0.032823,1,0,0,0.000000,0.000000,0.000000,0.000000,0.000000,0.000000,0.000000,0.000000,0,0.000000,0.000000,0.000000,0.000000,0,0,0,0,0,0.000000,0.000000,0.000000,0.000000,0.000000,0.000000,0.000000,0.000000,0.000000,0,0.000000,0.000000,0.000000
82846,28.286640,100422.000000,-0.040000,3,1,1000,1000,1000,1000,1000.000000,1,0,0,1,0.646906,0.562189,0.415480,-0.001314,0.105169,0.105169,0.061052,0.061056,56,0.468000,0.969000,0.106000,0.219024,0.938961,0.011236,1,1,1.500000,-0.002594,0.116553,-0.007673,-0.000063,0.016197,0.755464,0.593514,5.535074,-0.010000,-0.001000,0.001000,1.205125,3.473642,-108.088715,0.000000,0.000000,0.000000,0.000000,0.000000,0.000000,0.000000,0.000000,0.000000,0.000000,0,0.321449,0.030048,1,0,0,0.000000,0.000000,0.000000,0.000000,0.000000,0.000000,0.000000,0.000000,0,0.000000,0.000000,0.000000,0.000000,0,0,0,0,0,0.000000,0.000000,0.000000,0.000000,0.000000,0.000000,0.000000,0.000000,0.000000,0,0.000000,0.000000,0.000000
82942,28.286413,100420.804688,-0.040000,7,1,1000,1000,1000,1000,1000.000000,1,0,0,1,0.648168,0.562489,0.421394,-0.000236,0.105080,0.105080,0.061597,0.061601,29,0.468000,0.969000,0.119000,0.219024,0.938961,0.014161,1,1,1.500000,-0.002550,0.116575,-0.007535,-0.000040,0.016320,0.755464,0.593514,5.537073,0.019000,-0.007000,0.006000,1.206963,3.473912,-108.091469,0.000000,0.000000,0.000000,0.000000,0.000000,0.000000,0.000000,0.000000,0.000000,0.000000,0,0.327493,0.031187,1,0,0,0.000000,0.000000,0.000000,0.000000,0.000000,0.000000,0.000000,0.000000,0,0.000000,0.000000,0.000000,0.000000,0,0,0,0,0,0.000000,0.000000,0.000000,0.000000,0.000000,0.000000,0.000000,0.000000,0.000000,0,0.000000,0.000000,0.000000
83050,28.287813,100420.203125,-0.050000,0,1,1000,1000,1000,1000,1000.000000,1,0,0,1,0.649272,0.562887,0.427697,0.001117,0.104991,0.104991,0.062116,0.062120,10,0.468000,0.969000,0.126000,0.219024,0.938961,0.015876,1,1,1.500000,-0.002504,0.116611,-0.007396,0.000011,0.016390,0.755464,0.593514,5.530073,-0.016000,0.012000,-0.011000,1.201555,3.476899,-108.095131,0.000000,0.000000,0.000000,0.000000,0.000000,0.000000,0.000000,0.000000,0.000000,0.000000,0,0.323741,0.030475,1,0,0,0.000000,0.000000,0.000000,0.000000,0.000000,0.000000,0.000000,0.000000,0,0.000000,0.000000,0.000000,0.000000,0,0,0,0,0,0.000000,0.000000,0.000000,0.000000,0.000000,0.000000,0.000000,0.000000,0.000000,0,0.000000,0.000000,0.000000
83147,28.285046,100422.601563,-0.070000,4,1,1000,1000,1000,1000,1000.000000,1,0,0,1,0.649267,0.562898,0.416262,-0.002479,0.105526,0.105526,0.063122,0.063126,107,0.468000,0.969000,0.126000,0.219024,0.938961,0.015876,1,1,1.500000,-0.002504,0.116611,-0.007396,0.000011,0.016390,0.755464,0.593514,5.530073,-0.016000,0.012000,-0.011000,1.201490,3.478116,-108.098076,0.000000,0.000000,0.000000,0.000000,0.000000,0.000000,0.000000,0.000000,0.000000,0.000000,0,0.291773,0.024749,1,0,0,0.000000,0.000000,0.000000,0.000000,0.000000,0.000000,0.000000,0.000000,0,0.000000,0.000000,0.000000,0.000000,0,0,0,0,0,0.000000,0.000000,0.000000,0.000000,0.000000,0.000000,0.000000,0.000000,0.000000,0,0.000000,0.000000,0.000000
83242,28.285379,100420.398438,-0.080000,0,1,1000,1000,1000,1000,1000.000000,1,0,0,1,0.650643,0.563198,0.429057,0.001328,0.105398,0.105399,0.062757,0.062761,75,0.468000,0.969000,0.119000,0.219024,0.938961,0.014161,1,1,1.500000,-0.002456,0.116633,-0.007262,0.000014,0.016393,0.766563,0.593514,5.549074,0.018000,-0.007000,0.006000,1.206029,3.477847,-108.100731,0.000000,0.000000,0.000000,0.000000,0.000000,0.000000,0.000000,0.000000,0.000000,0.000000,0,0.294447,0.025212,1,0,0,0.000000,0.000000,0.000000,0.000000,0.000000,0.000000,0.000000,0.000000,0,0.000000,0.000000,0.000000,0.000000,0,0,0,0,0,0.000000,0.000000,0.000000,0.000000,0.000000,0.000000,0.000000,0.000000,0.000000,0,0.000000,0.000000,0.000000
83361,28.285782,100420.601563,-0.070000,28,1,1000,1000,1000,1000,1000.000000,1,0,0,1,0.651777,0.563739,0.430412,0.002223,0.105330,0.105331,0.063200,0.063203,67,0.468000,0.969000,0.126000,0.219024,0.938961,0.015876,1,1,1.500000,-0.002405,0.116651,-0.007130,0.000013,0.016393,0.755464,0.602351,5.541075,-0.008000,0.020000,-0.001000,1.204698,3.480782,-108.104652,0.000000,0.000000,0.000000,0.000000,0.000000,0.000000,0.000000,0.000000,0.000000,0.000000,0,0.306079,0.027239,1,0,0,0.000000,0.000000,0.000000,0.000000,0.000000,0.000000,0.000000,0.000000,0,0.000000,0.000000,0.000000,0.000000,0,0,0,0,0,0.000000,0.000000,0.000000,0.000000,0.000000,0.000000,0.000000,0.000000,0.000000,0,0.000000,0.000000,0.000000
83449,28.287498,100420.500000,-0.080000,19,1,1000,1000,1000,1000,1000.000000,1,0,0,1,0.652936,0.564021,0.437785,0.004749,0.105918,0.105918,0.075467,0.075473,36,0.468000,0.969000,0.127000,0.219024,0.938961,0.016129,1,1,1.500000,-0.002359,0.116658,-0.007010,0.000013,0.016392,0.755464,0.593514,5.537073,-0.002000,-0.012000,0.002000,1.206327,3.478329,-108.107559,0.000000,0.000000,0.000000,0.000000,0.000000,0.000000,0.000000,0.000000,0.000000,0.000000,0,0.303459,0.026767,1,0,0,0.000000,0.000000,0.000000,0.000000,0.000000,0.000000,0.000000,0.000000,0,0.000000,0.000000,0.000000,0.000000,0,0,0,0,0,0.000000,0.000000,0.000000,0.000000,0.000000,0.000000,0.000000,0.000000,0.000000,0,0.000000,0.000000,0.000000
83551,28.289373,100421.703125,-0.070000,36,1,1000,1000,1000,1000,1000.000000,1,0,0,1,0.654410,0.564598,0.444986,0.006919,0.107087,0.107087,0.089259,0.089267,12,0.468000,0.969000,0.131000,0.219024,0.938961,0.017161,1,1,1.500000,-0.002310,0.116669,-0.006889,0.000014,0.016393,0.766563,0.602351,5.555075,0.018000,0.017000,0.021000,1.211814,3.485528,-108.110062,0.000000,0.000000,0.000000,0.000000,0.000000,0.000000,0.000000,0.000000,0.000000,0.000000,0,0.301953,0.026497,1,0,0,0.000000,0.000000,0.000000,0.000000,0.000000,0.000000,0.000000,0.000000,0,0.000000,0.000000,0.000000,0.000000,0,0,0,0,0,0.000000,0.000000,0.000000,0.000000,0.000000,0.000000,0.000000,0.000000,0.000000,0,0.000000,0.000000,0.000000
83648,28.281822,100419.703125,-0.050000,4,1,1000,1000,1000,1000,1000.000000,1,0,0,1,0.654505,0.564650,0.426752,0.001276,0.109175,0.109175,0.102163,0.102173,109,0.468000,0.969000,0.131000,0.219024,0.938961,0.017161,1,1,1.500000,-0.002310,0.116669,-0.006889,0.000014,0.016393,0.766563,0.602351,5.555075,0.018000,0.017000,0.021000,1.212657,3.485379,-108.113068,0.000000,0.000000,0.000000,0.000000,0.000000,0.000000,0.000000,0.000000,0.000000,0.000000,0,0.323026,0.030317,1,0,0,0.000000,0.000000,0.000000,0.000000,0.000000,0.000000,0.000000,0.000000,0,0.000000,0.000000,0.000000,0.000000,0,0,0,0,0,0.000000,0.000000,0.000000,0.000000,0.000000,0.000000,0.000000,0.000000,0.000000,0,0.000000,0.000000,0.000000
83739,28.284714,100419.500000,-0.040000,9,1,1000,1000,1000,1000,1000.000000,1,0,0,1,0.656077,0.564732,0.432974,0.002959,0.112129,0.112131,0.117976,0.117989,77,0.468000,0.969000,0.130000,0.219024,0.938961,0.016900,1,1,1.500000,-0.002259,0.116692,-0.006758,0.000012,0.016392,0.766563,0.602351,5.552076,0.008000,-0.024000,0.019000,1.221183,3.478471,-108.115700,0.000000,0.000000,0.000000,0.000000,0.000000,0.000000,0.000000,0.000000,0.000000,0.000000,0,0.339602,0.033503,1,0,0,0.000000,0.000000,0.000000,0.000000,0.000000,0.000000,0.000000,0.000000,0,0.000000,0.000000,0.000000,0.000000,0,0,0,0,0,0.000000,0.000000,0.000000,0.000000,0.000000,0.000000,0.000000,0.000000,0.000000,0,0.000000,0.000000,0.000000
83846,28.285501,100420.500000,-0.030000,30,1,1000,1000,1000,1000,1000.000000,1,0,0,1,0.657560,0.566198,0.438837,0.004407,0.116210,0.116212,0.133278,0.133293,58,0.468000,0.968000,0.127000,0.219024,0.937024,0.016129,1,1,1.500000,-0.002208,0.116716,-0.006624,-0.000004,0.016424,0.766563,0.602351,5.547075,-0.005000,0.042000,0.016000,1.215329,3.499790,-108.118546,0.000000,0.000000,0.000000,0.000000,0.000000,0.000000,0.000000,0.000000,0.000000,0.000000,0,0.355737,0.036756,1,0,0,0.000000,0.000000,0.000000,0.000000,0.000000,0.000000,0.000000,0.000000,0,0.000000,0.000000,0.000000,0.000000,0,0,0,0,0,0.000000,0.000000,0.000000,0.000000,0.000000,0.000000,0.000000,0.000000,0.000000,0,0.000000,0.000000,0.000000
83932,28.281017,100419.500000,-0.020000,30,1,1000,1000,1000,1000,1000.000000,1,0,0,1,0.659555,0.566778,0.444628,0.006132,0.119842,0.119845,0.143359,0.143374,16,0.468000,0.968000,0.133000,0.219024,0.937024,0.017689,1,1,1.500000,-0.002161,0.116731,-0.006500,-0.000004,0.016426,0.766563,0.602351,5.551073,0.010000,-0.002000,0.014000,1.225446,3.501726,-108.120590,0.000000,0.000000,0.000000,0.000000,0.000000,0.000000,0.000000,0.000000,0.000000,0.000000,0,0.352060,0.035989,1,0,0,0.000000,0.000000,0.000000,0.000000,0.000000,0.000000,0.000000,0.000000,0,0.000000,0.000000,0.000000,0.000000,0,0,0,0,0,0.000000,0.000000,0.000000,0.000000,0.000000,0.000000,0.000000,0.000000,0.000000,0,0.000000,0.000000,0.000000
84040,28.284328,100420.804688,0.000000,9,1,1000,1000,1000,1000,1000.000000,1,0,0,1,0.660012,0.567069,0.422048,-0.001606,0.128571,0.128575,0.164147,0.164166,0,0.468000,0.968000,0.126000,0.219024,0.937024,0.015876,1,1,1.500000,-0.002114,0.116747,-0.006379,-0.000037,0.016346,0.766563,0.602351,5.551073,-0.006000,0.020000,0.002000,1.226401,3.501670,-108.123940,0.000000,0.000000,0.000000,0.000000,0.000000,0.000000,0.000000,0.000000,0.000000,0.000000,0,0.369586,0.039647,1,0,0,0.000000,0.000000,0.000000,0.000000,0.000000,0.000000,0.000000,0.000000,0,0.000000,0.000000,0.000000,0.000000,0,0,0,0,0,0.000000,0.000000,0.000000,0.000000,0.000000,0.000000,0.000000,0.000000,0.000000,0,0.000000,0.000000,0.000000
84137,28.284590,100421.000000,-0.010000,20,1,1000,1009,1000,1016,1006.000000,1,0,1,1,0.661710,0.568983,0.426810,-0.000172,0.133639,0.133643,0.172220,0.172239,97,0.468000,0.968000,0.126000,0.219024,0.937024,0.015876,1,1,1.500000,-0.002114,0.116747,-0.006379,-0.000037,0.016346,0.766563,0.611189,5.550074,-0.006000,0.020000,0.002000,1.222174,3.515029,-108.126831,-107.297485,-107.297485,0.000000,0.049135,0.000000,0.000000,0.000000,-0.003751,-0.012385,0.000129,5,0.364302,0.038515,1,0,0,0.000000,0.000000,0.000000,0.000000,0.000000,0.000000,0.000000,0.000000,0,0.000000,0.000000,0.000000,0.000000,0,0,0,0,0,0.000000,0.000000,0.000000,0.000000,0.000000,0.000000,0.000000,0.000000,0.000000,0,0.000000,0.000000,0.000000
84251,28.280001,100419.203125,0.010000,5,1,1000,1009,1000,1016,1006.000000,1,0,1,1,0.664371,0.568507,0.423737,-0.001431,0.140794,0.140799,0.181716,0.181735,81,0.469000,0.968000,0.125000,0.219961,0.937024,0.015625,1,1,1.500000,-0.002069,0.116769,-0.006245,-0.000035,0.016347,0.766573,0.611188,5.550074,0.007000,-0.024000,-0.011000,1.237891,3.499688,-108.129845,0.000000,0.000000,0.000000,0.000000,0.000000,0.000000,0.000000,0.000000,0.000000,0.000000,0,0.381710,0.042269,1,0,0,0.000000,0.000000,0.000000,0.000000,0.000000,0.000000,0.000000,0.000000,0,0.000000,0.000000,0.000000,0.000000,0,0,0,0,0,0.000000,0.000000,0.000000,0.000000,0.000000,0.000000,0.000000,0.000000,0.000000,0,0.000000,0.000000,0.000000
84346,28.280457,100420.101563,0.010000,14,1,1000,1008,1000,1016,1006.000000,1,0,1,1,0.667091,0.569496,0.428153,0.000070,0.148196,0.148200,0.189150,0.189168,52,0.469000,0.968000,0.106000,0.219961,0.937024,0.011236,1,1,1.500000,-0.002031,0.116782,-0.006116,-0.000092,0.016237,0.766573,0.611188,5.553076,0.005000,0.000000,-0.009000,1.244921,3.502831,-108.132431,-107.297279,-107.297279,0.000000,0.095127,0.000000,0.000000,0.000000,-0.003806,-0.012305,0.000249,5,0.386289,0.043282,1,0,0,0.000000,0.000000,0.000000,0.000000,0.000000,0.000000,0.000000,0.000000,0,0.000000,0.000000,0.000000,0.000000,0,0,0,0,0,0.000000,0.000000,0.000000,0.000000,0.000000,0.000000,0.000000,0.000000,0.000000,0,0.000000,0.000000,0.000000
84454,28.276409,100419.500000,0.010000,23,1,1000,1008,1000,1016,1006.000000,1,0,1,1,0.670344,0.570621,0.432597,0.001687,0.155184,0.155188,0.194377,0.194394,41,0.469000,0.968000,0.112000,0.219961,0.937024,0.012544,1,1,1.500000,-0.001976,0.116801,-0.005976,0.000024,0.016361,0.766563,0.611189,5.552076,0.009000,0.001000,0.001000,1.250573,3.506587,-108.138306,-107.297775,-107.297783,-0.000007,0.095137,-0.048153,-0.063864,-0.223695,-0.003797,-0.012278,0.000835,5,0.390995,0.044320,1,0,0,0.000000,0.000000,0.000000,0.000000,0.000000,0.000000,0.000000,0.000000,0,0.000000,0.000000,0.000000,0.000000,0,0,0,0,0,0.000000,0.000000,0.000000,0.000000,0.000000,0.000000,0.000000,0.000000,0.000000,0,0.000000,0.000000,0.000000
84548,28.283819,100419.898438,0.020000,32,1,1000,1008,1000,1016,1006.000000,1,0,1,1,0.671645,0.573550,0.436773,0.002951,0.157883,0.157887,0.192474,0.192488,9,0.468000,0.967000,0.120000,0.219024,0.935089,0.014400,1,1,1.500000,-0.001929,0.116785,-0.005858,-0.000190,0.015537,0.766589,0.620017,5.549094,-0.012000,0.020000,0.002000,1.235550,3.518104,-108.143356,-107.288376,-107.288361,0.000014,0.095793,0.038481,0.000000,0.000000,-0.003847,-0.012322,0.000251,5,0.384038,0.042745,1,0,0,0.000000,0.000000,0.000000,0.000000,0.000000,0.000000,0.000000,0.000000,0,0.000000,0.000000,0.000000,0.000000,0,0,0,0,0,0.000000,0.000000,0.000000,0.000000,0.000000,0.000000,0.000000,0.000000,0.000000,0,0.000000,0.000000,0.000000
84650,28.278250,100419.101563,0.030000,5,1,1000,1009,1000,1016,1006.000000,1,0,1,1,0.672938,0.574464,0.410961,-0.008013,0.173125,0.173131,0.212347,0.212364,111,0.468000,0.967000,0.120000,0.219024,0.935089,0.014400,1,1,1.500000,-0.001929,0.116785,-0.005858,-0.000190,0.015537,0.766589,0.620017,5.549094,-0.012000,0.020000,0.002000,1.235890,3.518142,-108.147919,-107.288368,-107.288361,0.000007,0.094846,0.003341,0.003341,-0.010024,-0.003797,-0.012406,0.000275,5,0.389575,0.043974,1,0,0,0.000000,0.000000,0.000000,0.000000,0.000000,0.000000,0.000000,0.000000,0,0.000000,0.000000,0.000000,0.000000,0,0,0,0,0,0.000000,0.000000,0.000000,0.000000,0.000000,0.000000,0.000000,0.000000,0.000000,0,0.000000,0.000000,0.000000
84740,28.278879,100419.398438,0.040000,9,1,1000,1008,1000,1016,1006.000000,1,0,1,1,0.677170,0.572602,0.414081,-0.007953,0.179194,0.179199,0.213548,0.213564,77,0.468000,0.967000,0.121000,0.219024,0.935089,0.014641,1,1,1.500000,-0.001904,0.116745,-0.005794,-0.000208,0.015181,0.766594,0.620022,5.552077,0.016000,-0.029000,0.002000,1.255697,3.495621,-108.151306,-107.288567,-107.288361,0.000205,0.126999,0.015869,-0.088992,-0.104362,-0.003918,-0.012385,0.000606,5,0.403094,0.047071,1,0,0,0.000000,0.000000,0.000000,0.000000,0.000000,0.000000,0.000000,0.000000,0,0.000000,0.000000,0.000000,0.000000,0,0,0,0,0,0.000000,0.000000,0.000000,0.000000,0.000000,0.000000,0.000000,0.000000,0.000000,0,0.000000,0.000000,0.000000
84846,28.280893,100420.500000,0.010000,29,1,1000,1009,1000,1017,1007.000000,1,0,1,1,0.679430,0.576039,0.418460,-0.007248,0.184036,0.184040,0.212790,0.212804,58,0.468000,0.967000,0.124000,0.219024,0.935089,0.015376,1,1,1.500000,-0.001879,0.116722,-0.005716,-0.000317,0.015426,0.766569,0.620031,5.550055,-0.004000,0.017000,-0.001000,1.242778,3.507613,-108.154144,-107.288361,-107.288361,0.000000,0.095102,-0.214636,0.070010,0.232718,-0.003841,-0.012661,-0.000360,5,0.377100,0.041189,1,0,0,0.000000,0.000000,0.000000,0.000000,0.000000,0.000000,0.000000,0.000000,0,0.000000,0.000000,0.000000,0.000000,0,0,0,0,0,0.000000,0.000000,0.000000,0.000000,0.000000,0.000000,0.000000,0.000000,0.000000,0,0.000000,0.000000,0.000000
84932,28.278528,100419.898438,0.010000,29,1,1000,1009,1000,1017,1007.000000,1,0,1,1,0.682517,0.578566,0.423418,-0.005599,0.184962,0.184965,0.207248,0.207260,18,0.468000,0.967000,0.120000,0.219024,0.935089,0.014400,1,1,1.500000,-0.001851,0.116694,-0.005618,-0.000306,0.015344,0.766626,0.628849,5.542095,0.004000,0.010000,-0.001000,1.239776,3.511311,-108.151466,-107.281761,-107.288361,-0.006598,0.032316,0.134780,0.057509,-0.384190,-0.004032,-0.012778,0.001090,5,0.359545,0.037430,1,0,0,0.000000,0.000000,0.000000,0.000000,0.000000,0.000000,0.000000,0.000000,0,0.000000,0.000000,0.000000,0.000000,0,0,0,0,0,0.000000,0.000000,0.000000,0.000000,0.000000,0.000000,0.000000,0.000000,0.000000,0,0.000000,0.000000,0.000000
85050,28.281858,100420.601563,0.000000,18,1,1000,1009,1000,1017,1007.000000,1,0,1,1,0.684941,0.580550,0.420271,-0.006094,0.188818,0.188822,0.205166,0.205178,8,0.468000,0.966000,0.109000,0.219024,0.933156,0.011881,1,1,1.500000,-0.001827,0.116663,-0.005549,-0.000302,0.015422,0.766601,0.628859,5.548075,-0.002000,0.002000,0.012000,1.229719,3.507238,-108.157539,-107.281036,-107.288361,-0.007322,0.043312,0.073863,-0.014639,-0.047785,-0.004072,-0.012897,0.000238,5,0.345566,0.034565,1,0,0,0.000000,0.000000,0.000000,0.000000,0.000000,0.000000,0.000000,0.000000,0,0.000000,0.000000,0.000000,0.000000,0,0,0,0,0,0.000000,0.000000,0.000000,0.000000,0.000000,0.000000,0.000000,0.000000,0.000000,0,0.000000,0.000000,0.000000
85138,28.281069,100420.398438,0.000000,20,1,1000,1009,1000,1017,1007.000000,1,0,1,1,0.686504,0.581711,0.402668,-0.012284,0.202404,0.202407,0.220804,0.220816,96,0.468000,0.966000,0.109000,0.219024,0.933156,0.011881,1,1,1.500000,-0.001827,0.116663,-0.005549,-0.000302,0.015422,0.766601,0.628859,5.548075,-0.002000,0.002000,0.012000,1.223351,3.509359,-108.151886,-107.247749,-107.288361,-0.040612,-0.009383,0.013363,-0.017905,0.081147,-0.004015,-0.012970,-0.000237,5,0.351090,0.035673,1,0,0,0.000000,0.000000,0.000000,0.000000,0.000000,0.000000,0.000000,0.000000,0,0.000000,0.000000,0.000000,0.000000,0,0,0,0,0,0.000000,0.000000,0.000000,0.000000,0.000000,0.000000,0.000000,0.000000,0.000000,0,0.000000,0.000000,0.000000
85252,28.276234,100418.601563,0.030000,5,1,1000,1009,1000,1017,1007.000000,1,0,1,1,0.690774,0.584592,0.398684,-0.015325,0.204977,0.204981,0.217503,0.217512,81,0.468000,0.966000,0.112000,0.219024,0.933156,0.012544,1,1,1.500000,-0.001803,0.116628,-0.005483,-0.000303,0.015424,0.766688,0.628845,5.541077,0.013000,0.008000,0.001000,1.231340,3.512291,-108.157555,-107.240227,-107.288361,-0.048132,-1.075601,-0.013694,-0.067372,-0.012659,-0.004095,-0.013141,-0.002783,5,0.377596,0.041248,1,0,0,0.000000,0.000000,0.000000,0.000000,0.000000,0.000000,0.000000,0.000000,0,0.000000,0.000000,0.000000,0.000000,0,0,0,0,0,0.000000,0.000000,0.000000,0.000000,0.000000,0.000000,0.000000,0.000000,0.000000,0,0.000000,0.000000,0.000000
85342,28.278477,100419.203125,0.050000,9,1,1000,1009,1000,1017,1007.000000,1,0,1,1,0.694739,0.585389,0.402131,-0.012984,0.207195,0.207198,0.214087,0.214094,40,0.468000,0.966000,0.120000,0.219024,0.933156,0.014400,1,1,1.500000,-0.001773,0.116600,-0.005408,-0.000304,0.015424,0.766688,0.628845,5.540077,0.013000,-0.003000,0.006000,1.229289,3.498936,-108.157600,-107.240936,-107.288361,-0.047422,-0.024691,0.163853,-0.049583,-0.186121,-0.004252,-0.013197,0.000423,5,0.401717,0.046680,1,0,0,0.000000,0.000000,0.000000,0.000000,0.000000,0.000000,0.000000,0.000000,0,0.000000,0.000000,0.000000,0.000000,0,0,0,0,0,0.000000,0.000000,0.000000,0.000000,0.000000,0.000000,0.000000,0.000000,0.000000,0,0.000000,0.000000,0.000000
85449,28.281244,100420.398438,0.030000,20,1,1000,1009,1000,1018,1007.000000,1,0,1,1,0.696331,0.587815,0.406014,-0.011688,0.208714,0.208716,0.210658,0.210678,36,0.468000,0.966000,0.116000,0.219024,0.933156,0.013456,1,1,1.500000,-0.001764,0.116591,-0.005321,-0.000834,0.015419,0.766660,0.637687,5.537075,-0.010000,0.004000,-0.002000,1.207217,3.484908,-108.154762,-107.256577,-107.288361,-0.031781,0.015411,0.067203,0.030790,-0.048370,-0.004313,-0.013282,0.000167,5,0.385554,0.042979,1,0,0,0.000000,0.000000,0.000000,0.000000,0.000000,0.000000,0.000000,0.000000,0,0.000000,0.000000,0.000000,0.000000,0,0,0,0,0,0.000000,0.000000,0.000000,0.000000,0.000000,0.000000,0.000000,0.000000,0.000000,0,0.000000,0.000000,0.000000
85547,28.281612,100420.000000,0.020000,32,1,1000,1009,1000,1018,1007.000000,1,0,1,1,0.699594,0.590040,0.411119,-0.009557,0.206606,0.206608,0.203249,0.203267,9,0.468000,0.966000,0.121000,0.219024,0.933156,0.014641,1,1,1.500000,-0.001761,0.116562,-0.005256,-0.000652,0.015349,0.766650,0.637689,5.542076,0.009000,0.004000,0.005000,1.204293,3.478972,-108.159111,-107.256256,-107.288361,-0.032102,-0.065211,0.162818,0.057673,-0.152378,-0.004305,-0.013477,0.000228,5,0.356166,0.036668,1,0,0,0.000000,0.000000,0.000000,0.000000,0.000000,0.000000,0.000000,0.000000,0,0.000000,0.000000,0.000000,0.000000,0,0,0,0,0,0.000000,0.000000,0.000000,0.000000,0.000000,0.000000,0.000000,0.000000,0.000000,0,0.000000,0.000000,0.000000
85645,28.279108,100419.500000,0.020000,1,1,1000,1009,1000,1018,1007.000000,1,0,1,1,0.701681,0.591488,0.391787,-0.019238,0.222303,0.222305,0.222238,0.222255,107,0.468000,0.966000,0.121000,0.219024,0.933156,0.014641,1,1,1.500000,-0.001761,0.116562,-0.005256,-0.000652,0.015349,0.766650,0.637689,5.542076,0.009000,0.004000,0.005000,1.203075,3.479160,-108.166534,-107.272621,-107.288361,-0.015737,0.023274,-0.036733,0.023926,-0.242710,-0.004298,-0.013546,0.000696,5,0.361446,0.037759,1,0,0,0.000000,0.000000,0.000000,0.000000,0.000000,0.000000,0.000000,0.000000,0,0.000000,0.000000,0.000000,0.000000,0,0,0,0,0,0.000000,0.000000,0.000000,0.000000,0.000000,0.000000,0.000000,0.000000,0.000000,0,0.000000,0.000000,0.000000
85740,28.277250,100419.000000,0.020000,10,1,1000,1009,1000,1018,1007.000000,1,0,1,1,0.706693,0.591968,0.388299,-0.022356,0.223223,0.223225,0.219346,0.219352,77,0.468000,0.965000,0.124000,0.219024,0.931225,0.015376,1,1,1.500000,-0.001732,0.116562,-0.005158,-0.000236,0.015619,0.766613,0.637694,5.541076,0.024000,-0.010000,0.013000,1.215134,3.467721,-108.170509,-107.256767,-107.288361,-0.031596,0.012764,0.210212,0.058032,-0.217432,-0.004453,-0.013660,0.000603,5,0.357239,0.036879,1,0,0,0.000000,0.000000,0.000000,0.000000,0.000000,0.000000,0.000000,0.000000,0,0.000000,0.000000,0.000000,0.000000,0,0,0,0,0,0.000000,0.000000,0.000000,0.000000,0.000000,0.000000,0.000000,0.000000,0.000000,0,0.000000,0.000000,0.000000
85846,28.276445,100419.804688,0.030000,30,1,1000,1009,1000,1018,1007.000000,1,0,1,1,0.709055,0.593801,0.392793,-0.019939,0.223848,0.223850,0.216245,0.216253,58,0.468000,0.965000,0.114000,0.219024,0.931225,0.012996,1,1,1.500000,-0.001709,0.116564,-0.005068,-0.000228,0.015626,0.766688,0.637683,5.543076,-0.002000,-0.001000,0.017000,1.218108,3.459413,-108.175232,-107.231697,-107.288361,-0.056663,-0.018356,-0.249125,0.020192,0.099643,-0.004334,-0.013743,-0.000309,5,0.372556,0.040105,1,0,0,0.000000,0.000000,0.000000,0.000000,0.000000,0.000000,0.000000,0.000000,0,0.000000,0.000000,0.000000,0.000000,0,0,0,0,0,0.000000,0.000000,0.000000,0.000000,0.000000,0.000000,0.000000,0.000000,0.000000,0,0.000000,0.000000,0.000000
85932,28.278214,100418.703125,0.040000,30,1,1000,1009,1000,1018,1007.000000,1,0,1,1,0.711872,0.597152,0.397819,-0.015225,0.221372,0.221374,0.209279,0.209287,19,0.468000,0.965000,0.131000,0.219024,0.931225,0.017161,1,1,1.500000,-0.001679,0.116574,-0.004936,-0.000204,0.015618,0.766704,0.646513,5.541096,0.005000,0.011000,0.012000,1.206188,3.456349,-108.177643,-107.240723,-107.288361,-0.047641,-0.060891,0.307062,0.029557,-0.224691,-0.004586,-0.013848,0.000429,5,0.362405,0.037937,1,0,0,0.000000,0.000000,0.000000,0.000000,0.000000,0.000000,0.000000,0.000000,0,0.000000,0.000000,0.000000,0.000000,0,0,0,0,0,0.000000,0.000000,0.000000,0.000000,0.000000,0.000000,0.000000,0.000000,0.000000,0,0.000000,0.000000,0.000000
86041,28.280457,100418.804688,0.060000,10,1,1000,1009,1000,1019,1007.000000,1,0,1,1,0.713498,0.598662,0.366742,-0.025186,0.236926,0.236928,0.229223,0.229233,0,0.468000,0.965000,0.125000,0.219024,0.931225,0.015625,1,1,1.500000,-0.001653,0.116588,-0.004830,-0.000199,0.015700,0.766704,0.646513,5.541096,0.001000,-0.027000,-0.003000,1.209541,3.458373,-108.182594,-107.240944,-107.288361,-0.047415,0.006173,-0.035027,0.037115,0.160954,-0.004517,-0.013995,-0.000405,5,0.376397,0.040912,1,0,0,0.000000,0.000000,0.000000,0.000000,0.000000,0.000000,0.000000,0.000000,0,0.000000,0.000000,0.000000,0.000000,0,0,0,0,0,0.000000,0.000000,0.000000,0.000000,0.000000,0.000000,0.000000,0.000000,0.000000,0,0.000000,0.000000,0.000000
86136,28.276129,100418.804688,0.050000,1,1,1000,1010,1000,1019,1007.000000,1,0,1,1,0.716128,0.597027,0.380350,-0.018673,0.233236,0.233238,0.221496,0.221509,95,0.468000,0.965000,0.125000,0.219024,0.931225,0.015625,1,1,1.500000,-0.001653,0.116588,-0.004830,-0.000199,0.015700,0.766688,0.646521,5.538074,0.001000,-0.027000,-0.003000,1.208056,3.422473,-108.187065,-107.240959,-107.288361,-0.047402,-0.028798,-0.016398,0.112960,0.190152,-0.004544,-0.014114,-0.000573,5,0.381153,0.041958,1,0,0,0.000000,0.000000,0.000000,0.000000,0.000000,0.000000,0.000000,0.000000,0,0.000000,0.000000,0.000000,0.000000,0,0,0,0,0,0.000000,0.000000,0.000000,0.000000,0.000000,0.000000,0.000000,0.000000,0.000000,0,0.000000,0.000000,0.000000
86234,28.277390,100419.898438,0.050000,5,1,1000,1010,1000,1019,1007.000000,1,0,1,1,0.718477,0.600501,0.375345,-0.020950,0.231999,0.232000,0.217050,0.217063,64,0.468000,0.965000,0.132000,0.219024,0.931225,0.017424,1,1,1.500000,-0.001627,0.116601,-0.004728,-0.000171,0.015700,0.766692,0.646515,5.550095,0.000000,0.009000,0.016000,1.194102,3.421975,-108.191780,-107.240952,-107.288361,-0.047408,-0.029302,-0.198444,-0.028747,0.169463,-0.004506,-0.014072,-0.000520,5,0.375139,0.040609,1,0,0,0.000000,0.000000,0.000000,0.000000,0.000000,0.000000,0.000000,0.000000,0,0.000000,0.000000,0.000000,0.000000,0,0,0,0,0,0.000000,0.000000,0.000000,0.000000,0.000000,0.000000,0.000000,0.000000,0.000000,0,0.000000,0.000000,0.000000
86346,28.277706,100418.398438,0.080000,20,1,1000,1010,1000,1019,1007.000000,1,0,1,1,0.721342,0.606060,0.378370,-0.021380,0.233190,0.233191,0.215829,0.215840,41,0.468000,0.965000,0.125000,0.219024,0.931225,0.015625,1,1,1.500000,-0.001596,0.116621,-0.004616,-0.000169,0.015701,0.766688,0.655358,5.538074,0.004000,0.022000,0.003000,1.186851,3.436685,-108.195168,-107.240715,-107.288361,-0.047647,-0.061932,0.240050,0.050266,-0.024457,-0.004773,-0.014354,-0.000098,5,0.409577,0.048393,1,0,0,0.000000,0.000000,0.000000,0.000000,0.000000,0.000000,0.000000,0.000000,0,0.000000,0.000000,0.000000,0.000000,0,0,0,0,0,0.000000,0.000000,0.000000,0.000000,0.000000,0.000000,0.000000,0.000000,0.000000,0,0.000000,0.000000,0.000000
86435,28.281507,100420.000000,0.060000,24,1,1000,1010,1000,1019,1007.000000,1,0,1,1,0.723025,0.606088,0.382304,-0.019778,0.230126,0.230127,0.209309,0.209318,19,0.468000,0.964000,0.123000,0.219024,0.929296,0.015129,1,1,1.500000,-0.001572,0.116633,-0.004521,-0.000169,0.015700,0.766692,0.646515,5.548096,-0.004000,-0.016000,0.005000,1.179686,3.408573,-108.193596,-107.240952,-107.288361,-0.047408,-0.028695,0.094233,0.076149,0.021027,-0.004712,-0.014404,-0.000130,5,0.366430,0.038728,1,0,0,0.000000,0.000000,0.000000,0.000000,0.000000,0.000000,0.000000,0.000000,0,0.000000,0.000000,0.000000,0.000000,0,0,0,0,0,0.000000,0.000000,0.000000,0.000000,0.000000,0.000000,0.000000,0.000000,0.000000,0,0.000000,0.000000,0.000000
86554,28.279352,100419.304688,0.040000,0,1,1000,1010,1000,1020,1008.000000,1,0,1,1,0.726750,0.609566,0.386999,-0.016012,0.231568,0.231569,0.209389,0.209399,16,0.468000,0.964000,0.107000,0.219024,0.929296,0.011449,1,1,1.500000,-0.001565,0.116630,-0.004458,-0.000169,0.015701,0.766688,0.655358,5.543076,0.012000,0.007000,-0.006000,1.188426,3.412464,-108.201897,-107.241035,-107.288361,-0.047326,-0.008367,-0.017239,-0.032571,0.040504,-0.005356,-0.015009,-0.000128,5,0.351050,0.035545,1,0,0,0.000000,0.000000,0.000000,0.000000,0.000000,0.000000,0.000000,0.000000,0,0.000000,0.000000,0.000000,0.000000,0,0,0,0,0,0.000000,0.000000,0.000000,0.000000,0.000000,0.000000,0.000000,0.000000,0.000000,0,0.000000,0.000000,0.000000
86656,28.277828,100421.000000,0.040000,16,1,1000,1010,1000,1019,1007.000000,1,0,1,1,0.727794,0.610392,0.355631,-0.026573,0.244476,0.244477,0.228157,0.228172,118,0.468000,0.964000,0.107000,0.219024,0.929296,0.011449,1,1,1.500000,-0.001565,0.116630,-0.004458,-0.000169,0.015701,0.766688,0.655358,5.543076,0.012000,0.007000,-0.006000,1.185493,3.413102,-108.203331,-107.247765,-107.288361,-0.040599,-0.070061,0.023476,0.086878,0.028316,-0.004433,-0.014657,-0.000258,5,0.345291,0.034376,1,0,0,0.000000,0.000000,0.000000,0.000000,0.000000,0.000000,0.000000,0.000000,0,0.000000,0.000000,0.000000,0.000000,0,0,0,0,0,0.000000,0.000000,0.000000,0.000000,0.000000,0.000000,0.000000,0.000000,0.000000,0,0.000000,0.000000,0.000000
86749,28.280666,100420.101563,0.030000,19,1,1000,1010,1000,1019,1007.000000,1,0,1,1,0.727504,0.611719,0.361476,-0.025057,0.240797,0.240798,0.221531,0.221543,86,0.468000,0.964000,0.110000,0.219024,0.929296,0.012100,1,1,1.500000,-0.001549,0.116637,-0.004378,-0.000169,0.015701,0.766672,0.655361,5.546078,-0.017000,-0.008000,0.001000,1.172399,3.396369,-108.208687,-107.247841,-107.288361,-0.040517,-0.014907,-0.018052,-0.010109,-0.011717,-0.004798,-0.014635,-0.000008,5,0.341089,0.033546,1,0,0,0.000000,0.000000,0.000000,0.000000,0.000000,0.000000,0.000000,0.000000,0,0.000000,0.000000,0.000000,0.000000,0,0,0,0,0,0.000000,0.000000,0.000000,0.000000,0.000000,0.000000,0.000000,0.000000,0.000000,0,0.000000,0.000000,0.000000
86839,28.276794,100420.101563,0.020000,24,1,1000,1010,1000,1020,1008.000000,1,0,1,1,0.731510,0.614567,0.368513,-0.023772,0.237301,0.237302,0.214818,0.214830,51,0.468000,0.964000,0.111000,0.219024,0.929296,0.012321,1,1,1.500000,-0.001528,0.116650,-0.004290,-0.000178,0.015696,0.766650,0.655364,5.547077,0.018000,0.005000,0.001000,1.180443,3.398754,-108.210281,-107.257088,-107.288361,-0.031275,0.008333,0.058602,0.068417,0.043457,-0.004878,-0.014798,-0.000092,5,0.338082,0.032960,1,0,0,0.000000,0.000000,0.000000,0.000000,0.000000,0.000000,0.000000,0.000000,0,0.000000,0.000000,0.000000,0.000000,0,0,0,0,0,0.000000,0.000000,0.000000,0.000000,0.000000,0.000000,0.000000,0.000000,0.000000,0,0.000000,0.000000,0.000000
86934,28.277267,100419.703125,0.020000,33,1,1000,1010,1000,1019,1008.000000,1,0,1,1,0.734494,0.616621,0.375624,-0.021208,0.236253,0.236254,0.211637,0.211644,21,0.468000,0.964000,0.104000,0.219024,0.929296,0.010816,1,1,1.500000,-0.001507,0.116662,-0.004199,-0.000181,0.015695,0.766686,0.655348,5.546116,0.010000,-0.001000,-0.003000,1.173108,3.390193,-108.213562,-107.241013,-107.288361,-0.047347,-0.042816,0.067416,0.108050,-0.055031,-0.004613,-0.014752,0.000032,5,0.318040,0.029160,1,0,0,0.000000,0.000000,0.000000,0.000000,0.000000,0.000000,0.000000,0.000000,0,0.000000,0.000000,0.000000,0.000000,0,0,0,0,0,0.000000,0.000000,0.000000,0.000000,0.000000,0.000000,0.000000,0.000000,0.000000,0,0.000000,0.000000,0.000000
87050,28.278896,100419.304688,0.020000,20,1,1000,1007,1000,1016,1006.000000,1,0,1,1,0.736243,0.618309,0.373348,-0.020707,0.235477,0.235478,0.208840,0.208848,10,0.468000,0.964000,0.103000,0.219024,0.929296,0.010609,1,1,1.500000,-0.001510,0.116647,-0.004138,-0.000604,0.015418,0.766682,0.655354,5.549095,-0.001000,-0.005000,0.005000,1.163892,3.376680,-108.216087,-107.240952,-107.288361,-0.047408,-0.058373,0.353522,0.070834,-0.123139,-0.004785,-0.011342,0.000170,5,0.315265,0.028651,1,0,0,0.000000,0.000000,0.000000,0.000000,0.000000,0.000000,0.000000,0.000000,0,0.000000,0.000000,0.000000,0.000000,0,0,0,0,0,0.000000,0.000000,0.000000,0.000000,0.000000,0.000000,0.000000,0.000000,0.000000,0,0.000000,0.000000,0.000000
87134,28.273415,100418.898438,0.030000,0,1,1000,1010,1000,1020,1008.000000,1,0,1,1,0.736737,0.619041,0.362480,-0.023550,0.245207,0.245208,0.224060,0.224067,94,0.468000,0.964000,0.103000,0.219024,0.929296,0.010609,1,1,1.500000,-0.001510,0.116647,-0.004138,-0.000604,0.015418,0.766682,0.655354,5.549095,-0.001000,-0.005000,0.005000,1.161301,3.372761,-108.218811,-107.232010,-107.288361,-0.056349,-0.028174,-0.201827,0.013941,0.094670,-0.004795,-0.014965,-0.000322,5,0.332860,0.031944,1,0,0,0.000000,0.000000,0.000000,0.000000,0.000000,0.000000,0.000000,0.000000,0,0.000000,0.000000,0.000000,0.000000,0,0,0,0,0,0.000000,0.000000,0.000000,0.000000,0.000000,0.000000,0.000000,0.000000,0.000000,0,0.000000,0.000000,0.000000
87250,28.278284,100418.804688,0.030000,21,1,1184,1207,1186,1224,1200.000000,1,1,1,1,0.738057,0.621383,0.358509,-0.046750,0.249699,0.249700,1.004975,1.004976,80,0.468000,0.964000,0.130000,0.219024,0.929296,0.016900,1,1,1.500000,-0.001491,0.116643,-0.004063,-0.000205,0.015698,0.755593,0.655352,5.550095,0.003000,0.002000,0.009000,1.159721,3.366303,-108.225327,-107.231590,-107.288361,-0.056773,-1.391634,-0.525340,-0.004992,0.066198,-0.004857,-0.015239,-0.003817,0,0.339458,0.033126,1,0,0,0.000000,0.000000,0.000000,0.000000,0.000000,0.000000,0.000000,0.000000,0,0.000000,0.000000,0.000000,0.000000,0,0,0,0,0,0.000000,0.000000,0.000000,0.000000,0.000000,0.000000,0.000000,0.000000,0.000000,0,0.000000,0.000000,0.000000
87340,28.275253,100418.898438,0.020000,24,1,1179,1210,1190,1220,1200.000000,1,1,1,1,0.738913,0.624143,0.369848,0.000283,0.245041,0.245041,0.862391,0.862391,48,0.468000,0.963000,0.118000,0.219024,0.927369,0.013924,1,1,1.500000,-0.001472,0.116651,-0.003982,-0.000180,0.015693,0.755680,0.664177,5.544096,-0.002000,0.004000,-0.003000,1.179486,3.375231,-108.228783,-107.215446,-107.288361,-0.072912,-0.094368,0.274479,-0.022989,-0.161717,-0.005339,-0.015269,0.000176,0,0.341284,0.033354,1,0,0,0.000000,0.000000,0.000000,0.000000,0.000000,0.000000,0.000000,0.000000,0,0.000000,0.000000,0.000000,0.000000,0,0,0,0,0,0.000000,0.000000,0.000000,0.000000,0.000000,0.000000,0.000000,0.000000,0.000000,0,0.000000,0.000000,0.000000
87454,28.275043,100418.703125,0.050000,10,1,1180,1210,1189,1221,1200.000000,1,1,1,1,0.740513,0.625122,0.370468,0.003845,0.249317,0.249318,0.881468,0.881468,41,0.468000,0.963000,0.123000,0.219024,0.927369,0.015129,1,1,1.500000,-0.001451,0.116656,-0.003894,-0.000173,0.015641,0.755646,0.664176,5.548116,0.006000,-0.015000,0.000000,1.185173,3.379169,-108.231728,-107.199600,-107.288361,-0.088758,-0.180957,0.094137,0.039046,0.067190,-0.005291,-0.015484,-0.000650,0,0.376508,0.040211,1,0,0,0.000000,0.000000,0.000000,0.000000,0.000000,0.000000,0.000000,0.000000,0,0.000000,0.000000,0.000000,0.000000,0,0,0,0,0,0.000000,0.000000,0.000000,0.000000,0.000000,0.000000,0.000000,0.000000,0.000000,0,0.000000,0.000000,0.000000
87548,28.276724,100419.203125,0.050000,18,1,1179,1210,1189,1221,1200.000000,1,1,1,1,0.741310,0.628052,0.387534,0.020892,0.249265,0.249265,0.469582,0.469582,8,0.468000,0.963000,0.128000,0.219024,0.927369,0.016384,1,1,1.500000,-0.001424,0.116668,-0.003795,-0.000166,0.015668,0.755652,0.664181,5.542097,-0.004000,0.011000,-0.006000,1.187036,3.382383,-108.237892,-107.215660,-107.288361,-0.072701,-0.094018,0.229602,-0.001345,0.075971,-0.005414,-0.015577,-0.000445,0,0.341077,0.032335,1,0,0,0.000000,0.000000,0.000000,0.000000,0.000000,0.000000,0.000000,0.000000,0,0.000000,0.000000,0.000000,0.000000,0,0,0,0,0,0.000000,0.000000,0.000000,0.000000,0.000000,0.000000,0.000000,0.000000,0.000000,0,0.000000,0.000000,0.000000
87636,28.277689,100419.304688,0.050000,20,1,1180,1210,1189,1221,1200.000000,1,1,1,1,0.740773,0.628870,0.347675,-0.056049,0.263342,0.263342,1.154867,1.154868,96,0.468000,0.963000,0.128000,0.219024,0.927369,0.016384,1,1,1.500000,-0.001424,0.116668,-0.003795,-0.000166,0.015668,0.755652,0.664181,5.542097,-0.004000,0.011000,-0.006000,1.190217,3.379893,-108.240082,-107.199905,-107.288361,-0.088451,-0.058936,-0.347350,-0.028455,0.110900,-0.005145,-0.015677,-0.000445,0,0.358756,0.036012,1,0,0,0.000000,0.000000,0.000000,0.000000,0.000000,0.000000,0.000000,0.000000,0,0.000000,0.000000,0.000000,0.000000,0,0,0,0,0,0.000000,0.000000,0.000000,0.000000,0.000000,0.000000,0.000000,0.000000,0.000000,0,0.000000,0.000000,0.000000
87756,28.271696,100418.304688,0.050000,10,1,1179,1210,1189,1222,1200.000000,1,1,1,1,0.742827,0.629974,0.347046,-0.044817,0.266852,0.266852,1.154885,1.154885,92,0.468000,0.963000,0.120000,0.219024,0.927369,0.014400,1,1,1.500000,-0.001407,0.116663,-0.003717,-0.000168,0.015668,0.755683,0.664171,5.546117,0.006000,-0.007000,0.003000,1.179406,3.376359,-108.245728,-107.183456,-107.288361,-0.104905,-0.169484,-0.173822,-0.048843,-0.017820,-0.005555,-0.015801,-0.000397,0,0.359338,0.035929,1,0,0,0.000000,0.000000,0.000000,0.000000,0.000000,0.000000,0.000000,0.000000,0,0.000000,0.000000,0.000000,0.000000,0,0,0,0,0,0.000000,0.000000,0.000000,0.000000,0.000000,0.000000,0.000000,0.000000,0.000000,0,0.000000,0.000000,0.000000
87849,28.276690,100419.398438,0.050000,3,1,1179,1210,1189,1222,1200.000000,1,1,1,1,0.743453,0.634480,0.360538,-0.050579,0.261442,0.261442,1.076165,1.076166,61,0.468000,0.963000,0.125000,0.219024,0.927369,0.015625,1,1,1.500000,-0.001388,0.116669,-0.003630,-0.000183,0.015693,0.755730,0.673001,5.543116,-0.001000,0.016000,0.003000,1.186331,3.378251,-108.250816,-107.183136,-107.288361,-0.105226,-0.174999,-0.210379,0.003809,0.008545,-0.005399,-0.015960,-0.000481,0,0.374635,0.038911,1,0,0,0.000000,0.000000,0.000000,0.000000,0.000000,0.000000,0.000000,0.000000,0,0.000000,0.000000,0.000000,0.000000,0,0,0,0,0,0.000000,0.000000,0.000000,0.000000,0.000000,0.000000,0.000000,0.000000,0.000000,0,0.000000,0.000000,0.000000
87936,28.269421,100417.703125,0.060000,5,1,1179,1210,1189,1222,1200.000000,1,1,1,1,0.745323,0.633814,0.374574,-0.010931,0.257332,0.257333,0.771670,0.771670,23,0.468000,0.963000,0.122000,0.219024,0.927369,0.014884,1,1,1.500000,-0.001374,0.116676,-0.003548,-0.000185,0.015695,0.755764,0.664164,5.533099,0.012000,-0.031000,-0.010000,1.190357,3.379074,-108.253998,-107.158066,-107.288361,-0.130293,-0.235761,0.140646,0.067407,-0.013772,-0.005661,-0.016102,-0.000581,0,0.399342,0.044321,1,0,0,0.000000,0.000000,0.000000,0.000000,0.000000,0.000000,0.000000,0.000000,0,0.000000,0.000000,0.000000,0.000000,0,0,0,0,0,0.000000,0.000000,0.000000,0.000000,0.000000,0.000000,0.000000,0.000000,0.000000,0,0.000000,0.000000,0.000000
88045,28.274412,100418.898438,0.060000,28,1,1179,1210,1188,1223,1200.000000,1,1,1,1,0.746041,0.637206,0.391784,0.030737,0.257700,0.257700,0.468537,0.468537,9,0.468000,0.962000,0.124000,0.219024,0.925444,0.015376,1,1,1.500000,-0.001351,0.116691,-0.003450,-0.000185,0.015693,0.755823,0.672993,5.553101,-0.004000,0.022000,0.009000,1.190259,3.383051,-108.257263,-107.142532,-107.288361,-0.145831,-0.276546,-0.163762,0.007593,0.041507,-0.005526,-0.016200,-0.000833,0,0.346333,0.032804,1,0,0,0.000000,0.000000,0.000000,0.000000,0.000000,0.000000,0.000000,0.000000,0,0.000000,0.000000,0.000000,0.000000,0,0,0,0,0,0.000000,0.000000,0.000000,0.000000,0.000000,0.000000,0.000000,0.000000,0.000000,0,0.000000,0.000000,0.000000
88134,28.273607,100420.398438,0.040000,30,1,1180,1210,1188,1222,1200.000000,1,1,1,1,0.745695,0.638682,0.344522,-0.039799,0.277487,0.277488,1.233144,1.233144,98,0.468000,0.962000,0.124000,0.219024,0.925444,0.015376,1,1,1.500000,-0.001351,0.116691,-0.003450,-0.000185,0.015693,0.755823,0.672993,5.553101,-0.004000,0.022000,0.009000,1.198713,3.383401,-108.263840,-107.142326,-107.288361,-0.146036,-0.242113,-0.462049,-0.030819,0.055096,-0.005091,-0.016165,-0.000778,0,0.348692,0.033647,1,0,0,0.000000,0.000000,0.000000,0.000000,0.000000,0.000000,0.000000,0.000000,0,0.000000,0.000000,0.000000,0.000000,0,0,0,0,0,0.000000,0.000000,0.000000,0.000000,0.000000,0.000000,0.000000,0.000000,0.000000,0,0.000000,0.000000,0.000000
88239,28.273905,100418.601563,0.030000,7,1,1179,1210,1189,1223,1200.000000,1,1,1,1,0.748748,0.640154,0.344320,-0.053729,0.269579,0.269579,1.097806,1.097806,69,0.468000,0.962000,0.110000,0.219024,0.925444,0.012100,1,1,1.500000,-0.001328,0.116698,-0.003357,-0.000186,0.015693,0.755820,0.672999,5.538078,0.018000,-0.004000,0.000000,1.194587,3.386315,-108.264351,-107.126495,-107.288361,-0.161862,-0.269622,0.037747,-0.003193,0.005606,-0.005753,-0.016451,-0.000721,0,0.338175,0.031527,1,0,0,0.000000,0.000000,0.000000,0.000000,0.000000,0.000000,0.000000,0.000000,0,0.000000,0.000000,0.000000,0.000000,0,0,0,0,0,0.000000,0.000000,0.000000,0.000000,0.000000,0.000000,0.000000,0.000000,0.000000,0,0.000000,0.000000,0.000000
88348,28.274973,100419.804688,0.040000,30,1,1178,1210,1189,1223,1200.000000,1,1,1,1,0.747299,0.641768,0.366879,0.003363,0.270262,0.270262,1.021616,1.021616,57,0.468000,0.962000,0.112000,0.219024,0.925444,0.012544,1,1,1.500000,-0.001311,0.116695,-0.003277,-0.000186,0.015695,0.755861,0.672987,5.540101,-0.014000,-0.007000,0.000000,1.209563,3.387322,-108.271935,-107.132813,-107.288361,-0.155551,-0.252269,-0.014853,-0.099007,-0.017753,-0.005818,-0.016536,-0.000614,0,0.370999,0.038121,1,0,0,0.000000,0.000000,0.000000,0.000000,0.000000,0.000000,0.000000,0.000000,0,0.000000,0.000000,0.000000,0.000000,0,0,0,0,0,0.000000,0.000000,0.000000,0.000000,0.000000,0.000000,0.000000,0.000000,0.000000,0,0.000000,0.000000,0.000000
88434,28.278126,100420.101563,0.020000,30,1,1178,1210,1188,1224,1200.000000,1,1,1,1,0.748643,0.644468,0.391873,0.019822,0.265979,0.265979,0.696623,0.696623,20,0.468000,0.962000,0.108000,0.219024,0.925444,0.011664,1,1,1.500000,-0.001295,0.116695,-0.003196,-0.000185,0.015694,0.755861,0.672987,5.534100,0.009000,0.006000,-0.007000,1.214113,3.386121,-108.273552,-107.116745,-107.288361,-0.171615,-0.339204,-0.046123,0.007054,0.019737,-0.005867,-0.016706,-0.000940,0,0.301924,0.024873,1,0,0,0.000000,0.000000,0.000000,0.000000,0.000000,0.000000,0.000000,0.000000,0,0.000000,0.000000,0.000000,0.000000,0,0,0,0,0,0.000000,0.000000,0.000000,0.000000,0.000000,0.000000,0.000000,0.000000,0.000000,0,0.000000,0.000000,0.000000
88551,28.273273,100420.000000,0.030000,17,1,1178,1210,1188,1224,1200.000000,1,1,1,1,0.749456,0.648303,0.392741,0.019618,0.266037,0.266037,0.469582,0.469582,13,0.468000,0.962000,0.125000,0.219024,0.925444,0.015625,1,1,1.500000,-0.001274,0.116702,-0.003107,-0.000186,0.015693,0.755898,0.681819,5.533101,0.001000,0.015000,-0.008000,1.213453,3.387394,-108.277580,-107.110451,-107.288361,-0.177906,-0.354845,-0.163058,-0.071976,0.030446,-0.005884,-0.016803,-0.001009,0,0.312697,0.026654,1,0,0,0.000000,0.000000,0.000000,0.000000,0.000000,0.000000,0.000000,0.000000,0,0.000000,0.000000,0.000000,0.000000,0,0,0,0,0,0.000000,0.000000,0.000000,0.000000,0.000000,0.000000,0.000000,0.000000,0.000000,0,0.000000,0.000000,0.000000
88639,28.276339,100419.601563,0.020000,19,1,1178,1210,1188,1224,1200.000000,1,1,1,1,0.749614,0.649632,0.346175,-0.045616,0.279165,0.279165,1.155116,1.155115,101,0.468000,0.962000,0.125000,0.219024,0.925444,0.015625,1,1,1.500000,-0.001274,0.116702,-0.003107,-0.000186,0.015693,0.755898,0.681819,5.533101,0.001000,0.015000,-0.008000,1.214868,3.388260,-108.280525,-107.100677,-107.288361,-0.187680,-0.380706,-0.283797,-0.037074,0.033425,-0.005844,-0.016929,-0.001084,0,0.329963,0.030014,1,0,0,0.000000,0.000000,0.000000,0.000000,0.000000,0.000000,0.000000,0.000000,0,0.000000,0.000000,0.000000,0.000000,0,0,0,0,0,0.000000,0.000000,0.000000,0.000000,0.000000,0.000000,0.000000,0.000000,0.000000,0,0.000000,0.000000,0.000000
88752,28.276480,100420.304688,0.010000,4,1,1177,1210,1188,1224,1200.000000,1,1,1,1,0.745991,0.651084,0.349377,-0.047623,0.274815,0.274816,1.008166,1.008167,86,0.468000,0.962000,0.124000,0.219024,0.925444,0.015376,1,1,1.500000,-0.001248,0.116720,-0.003005,-0.000187,0.015693,0.744827,0.681820,5.533082,-0.022000,-0.004000,-0.014000,1.220614,3.392289,-108.286057,-107.100693,-107.288361,-0.187666,-0.378632,0.088805,0.048067,-0.094392,-0.006130,-0.017148,-0.000744,0,0.321779,0.028543,1,0,0,0.000000,0.000000,0.000000,0.000000,0.000000,0.000000,0.000000,0.000000,0,0.000000,0.000000,0.000000,0.000000,0,0,0,0,0,0.000000,0.000000,0.000000,0.000000,0.000000,0.000000,0.000000,0.000000,0.000000,0,0.000000,0.000000,0.000000
88862,28.273203,100418.703125,0.030000,14,1,1178,1210,1188,1225,1200.000000,1,1,1,1,0.748300,0.653978,0.366789,-0.049207,0.277520,0.277520,1.132721,1.132721,74,0.468000,0.961000,0.108000,0.219024,0.923521,0.011664,1,1,1.500000,-0.001227,0.116726,-0.002918,-0.000186,0.015693,0.755959,0.681821,5.533064,0.011000,0.007000,-0.008000,1.221552,3.395749,-108.289795,-107.085167,-107.288361,-0.203191,-0.417205,-0.186533,0.058663,0.025967,-0.006077,-0.017304,-0.001160,0,0.362602,0.036237,1,0,0,0.000000,0.000000,0.000000,0.000000,0.000000,0.000000,0.000000,0.000000,0,0.000000,0.000000,0.000000,0.000000,0,0,0,0,0,0.000000,0.000000,0.000000,0.000000,0.000000,0.000000,0.000000,0.000000,0.000000,0,0.000000,0.000000,0.000000
88934,28.275761,100418.804688,0.030000,1,1,1178,1210,1188,1225,1200.000000,1,1,1,1,0.750084,0.655459,0.412150,0.029166,0.267448,0.267448,0.770663,0.770663,20,0.468000,0.961000,0.120000,0.219024,0.923521,0.014400,1,1,1.500000,-0.001204,0.116731,-0.002830,-0.000186,0.015693,0.755954,0.681816,5.532084,0.016000,-0.006000,0.006000,1.218862,3.396096,-108.290070,-107.085175,-107.288361,-0.203184,-0.417436,0.066930,0.069731,0.064267,-0.006213,-0.017411,-0.001261,0,0.325198,0.028863,1,0,0,0.000000,0.000000,0.000000,0.000000,0.000000,0.000000,0.000000,0.000000,0,0.000000,0.000000,0.000000,0.000000,0,0,0,0,0,0.000000,0.000000,0.000000,0.000000,0.000000,0.000000,0.000000,0.000000,0.000000,0,0.000000,0.000000,0.000000
89045,28.277058,100420.000000,0.020000,26,1,1177,1210,1188,1225,1200.000000,1,1,1,1,0.749412,0.659024,0.407225,0.016804,0.266410,0.266410,0.468537,0.468537,9,0.467000,0.961000,0.127000,0.218089,0.923521,0.016129,1,1,1.500000,-0.001181,0.116747,-0.002734,-0.000173,0.015690,0.744855,0.690654,5.521082,-0.012000,0.018000,-0.010000,1.214405,3.397265,-108.291794,-107.084877,-107.288361,-0.203485,-0.418375,0.178904,-0.038221,-0.094723,-0.006325,-0.017471,-0.000847,0,0.320806,0.028062,1,0,0,0.000000,0.000000,0.000000,0.000000,0.000000,0.000000,0.000000,0.000000,0,0.000000,0.000000,0.000000,0.000000,0,0,0,0,0,0.000000,0.000000,0.000000,0.000000,0.000000,0.000000,0.000000,0.000000,0.000000,0,0.000000,0.000000,0.000000
89138,28.275183,100418.601563,0.030000,23,1,1177,1210,1188,1225,1200.000000,1,1,1,1,0.748376,0.660576,0.355036,-0.073775,0.285663,0.285663,1.233485,1.233486,102,0.467000,0.961000,0.127000,0.218089,0.923521,0.016129,1,1,1.500000,-0.001181,0.116747,-0.002734,-0.000173,0.015690,0.744855,0.690654,5.521082,-0.012000,0.018000,-0.010000,1.233125,3.403453,-108.297997,-107.075638,-107.288361,-0.212719,-0.439497,0.076185,0.002376,-0.002452,-0.006412,-0.017642,-0.001144,0,0.353253,0.034206,1,0,0,0.000000,0.000000,0.000000,0.000000,0.000000,0.000000,0.000000,0.000000,0,0.000000,0.000000,0.000000,0.000000,0,0,0,0,0,0.000000,0.000000,0.000000,0.000000,0.000000,0.000000,0.000000,0.000000,0.000000,0,0.000000,0.000000,0.000000
89248,28.273588,100419.203125,0.030000,5,1,1177,1210,1187,1225,1200.000000,1,1,1,1,0.749610,0.661448,0.353274,-0.050750,0.277179,0.277179,0.971018,0.971018,75,0.467000,0.961000,0.112000,0.218089,0.923521,0.012544,1,1,1.500000,-0.001162,0.116755,-0.002650,-0.000173,0.015690,0.744858,0.690648,5.519102,0.008000,-0.006000,-0.010000,1.236092,3.403098,-108.301689,-107.075638,-107.288361,-0.212719,-0.441811,-0.142125,0.053295,0.076695,-0.006285,-0.017819,-0.001357,0,0.347897,0.033323,1,0,0,0.000000,0.000000,0.000000,0.000000,0.000000,0.000000,0.000000,0.000000,0,0.000000,0.000000,0.000000,0.000000,0,0,0,0,0,0.000000,0.000000,0.000000,0.000000,0.000000,0.000000,0.000000,0.000000,0.000000,0,0.000000,0.000000,0.000000
89341,28.272993,100418.703125,0.040000,12,1,1177,1210,1187,1226,1200.000000,1,1,1,1,0.748241,0.665312,0.374412,-0.005137,0.274151,0.274151,0.879748,0.879748,41,0.467000,0.961000,0.127000,0.218089,0.923521,0.016129,1,1,1.500000,-0.001154,0.116745,-0.002590,-0.000179,0.015699,0.744858,0.690648,5.516100,-0.010000,0.017000,-0.009000,1.229851,3.404289,-108.304176,-107.068825,-107.288361,-0.219536,-0.458805,-0.070585,0.047509,0.031090,-0.006385,-0.017915,-0.001283,0,0.380053,0.039916,1,0,0,0.000000,0.000000,0.000000,0.000000,0.000000,0.000000,0.000000,0.000000,0,0.000000,0.000000,0.000000,0.000000,0,0,0,0,0,0.000000,0.000000,0.000000,0.000000,0.000000,0.000000,0.000000,0.000000,0.000000,0,0.000000,0.000000,0.000000
89448,28.274920,100418.804688,0.050000,20,1,1176,1210,1187,1226,1200.000000,1,1,1,1,0.747984,0.665545,0.391025,0.001858,0.271597,0.271597,0.895654,0.895653,35,0.467000,0.961000,0.125000,0.218089,0.923521,0.015625,1,1,1.500000,-0.001151,0.116723,-0.002546,-0.000175,0.015689,0.744892,0.690648,5.516081,0.001000,-0.021000,-0.004000,1.228365,3.402685,-108.304703,-107.068825,-107.288361,-0.219536,-0.481008,0.279265,0.067384,0.035890,-0.006813,-0.018155,-0.001353,0,0.408612,0.046126,1,0,0,0.000000,0.000000,0.000000,0.000000,0.000000,0.000000,0.000000,0.000000,0,0.000000,0.000000,0.000000,0.000000,0,0,0,0,0,0.000000,0.000000,0.000000,0.000000,0.000000,0.000000,0.000000,0.000000,0.000000,0,0.000000,0.000000,0.000000
89545,28.275043,100420.101563,0.030000,30,1,1176,1210,1187,1226,1200.000000,1,1,1,1,0.748184,0.668016,0.407594,0.010109,0.267623,0.267623,0.467659,0.467659,10,0.467000,0.961000,0.121000,0.218089,0.923521,0.014641,1,1,1.500000,-0.001147,0.116701,-0.002523,-0.000173,0.015762,0.744910,0.690651,5.506064,0.007000,0.014000,-0.016000,1.229910,3.407456,-108.306297,-107.059265,-107.288361,-0.229091,-0.481084,0.029556,-0.104692,-0.077857,-0.006593,-0.018087,-0.001056,0,0.333056,0.030269,1,0,0,0.000000,0.000000,0.000000,0.000000,0.000000,0.000000,0.000000,0.000000,0,0.000000,0.000000,0.000000,0.000000,0,0,0,0,0,0.000000,0.000000,0.000000,0.000000,0.000000,0.000000,0.000000,0.000000,0.000000,0,0.000000,0.000000,0.000000
89633,28.274553,100419.398438,0.030000,33,1,1176,1210,1187,1226,1200.000000,1,1,1,1,0.748704,0.669116,0.355856,-0.062849,0.286794,0.286794,1.234308,1.234309,98,0.467000,0.961000,0.121000,0.218089,0.923521,0.014641,1,1,1.500000,-0.001147,0.116701,-0.002523,-0.000173,0.015762,0.744910,0.690651,5.506064,0.007000,0.014000,-0.016000,1.215898,3.403210,-108.308006,-107.043427,-107.288361,-0.244931,-0.521263,0.227505,0.041040,-0.064927,-0.006694,-0.018296,-0.001195,0,0.352210,0.034215,1,0,0,0.000000,0.000000,0.000000,0.000000,0.000000,0.000000,0.000000,0.000000,0,0.000000,0.000000,0.000000,0.000000,0,0,0,0,0,0.000000,0.000000,0.000000,0.000000,0.000000,0.000000,0.000000,0.000000,0.000000,0,0.000000,0.000000,0.000000
89740,28.277882,100420.101563,0.020000,11,1,1176,1210,1188,1226,1200.000000,1,1,1,1,0.746776,0.670455,0.352837,-0.064915,0.281491,0.281491,1.156521,1.156522,77,0.467000,0.961000,0.135000,0.218089,0.923521,0.018225,1,1,1.500000,-0.001168,0.116724,-0.002655,-0.000132,0.016674,0.744951,0.690639,5.505085,-0.011000,0.001000,-0.020000,1.217138,3.399820,-108.315033,-107.042801,-107.288361,-0.245559,-0.598644,0.161204,0.018045,-0.131282,-0.006816,-0.018087,-0.001224,0,0.336692,0.031267,1,0,0,0.000000,0.000000,0.000000,0.000000,0.000000,0.000000,0.000000,0.000000,0,0.000000,0.000000,0.000000,0.000000,0,0,0,0,0,0.000000,0.000000,0.000000,0.000000,0.000000,0.000000,0.000000,0.000000,0.000000,0,0.000000,0.000000,0.000000
89844,28.276463,100418.500000,0.020000,29,1,1180,1207,1183,1230,1200.000000,1,1,1,1,0.748681,0.672751,0.376584,-0.005611,0.276738,0.276738,1.009591,1.009591,56,0.467000,0.962000,0.108000,0.218089,0.925444,0.011664,1,1,1.500000,-0.001180,0.116769,-0.002786,0.000102,0.017620,0.744951,0.690639,5.500083,0.018000,0.007000,-0.009000,1.206908,3.395792,-108.316132,-107.011436,-107.288361,-0.276923,-1.593833,-0.345975,-0.007606,0.263556,-0.006498,-0.018511,-0.004863,0,0.360652,0.035981,1,0,0,0.000000,0.000000,0.000000,0.000000,0.000000,0.000000,0.000000,0.000000,0,0.000000,0.000000,0.000000,0.000000,0,0,0,0,0,0.000000,0.000000,0.000000,0.000000,0.000000,0.000000,0.000000,0.000000,0.000000,0,0.000000,0.000000,0.000000
89961,28.271189,100417.804688,0.040000,6,1,1177,1210,1186,1227,1200.000000,1,1,1,1,0.748721,0.675824,0.372313,-0.022988,0.273647,0.273647,0.865890,0.865890,49,0.467000,0.962000,0.132000,0.218089,0.925444,0.017424,1,1,1.500000,-0.001202,0.116784,-0.002935,-0.000146,0.016752,0.745089,0.690614,5.491106,0.000000,0.016000,-0.007000,1.202733,3.394374,-108.318680,-106.970627,-107.288361,-0.317734,-0.703877,0.206863,0.028093,-0.072720,-0.006891,-0.018716,-0.001652,0,0.378457,0.039517,1,0,0,0.000000,0.000000,0.000000,0.000000,0.000000,0.000000,0.000000,0.000000,0,0.000000,0.000000,0.000000,0.000000,0,0,0,0,0,0.000000,0.000000,0.000000,0.000000,0.000000,0.000000,0.000000,0.000000,0.000000,0,0.000000,0.000000,0.000000
90053,28.272608,100419.000000,0.040000,1,1,1176,1210,1186,1228,1200.000000,1,1,1,1,0.747219,0.679333,0.418204,0.038983,0.270788,0.270788,0.676856,0.676856,17,0.467000,0.962000,0.125000,0.218089,0.925444,0.015625,1,1,1.500000,-0.001223,0.116808,-0.003084,-0.000156,0.016707,0.734074,0.699444,5.500087,-0.006000,0.021000,0.011000,1.205047,3.395051,-108.320480,-106.944832,-107.288361,-0.343531,-0.766624,0.073736,-0.006969,-0.051341,-0.006898,-0.018804,-0.001873,0,0.351414,0.033886,1,0,0,0.000000,0.000000,0.000000,0.000000,0.000000,0.000000,0.000000,0.000000,0,0.000000,0.000000,0.000000,0.000000,0,0,0,0,0,0.000000,0.000000,0.000000,0.000000,0.000000,0.000000,0.000000,0.000000,0.000000,0,0.000000,0.000000,0.000000
90146,28.272364,100419.304688,0.050000,5,1,1176,1210,1186,1228,1200.000000,1,1,1,1,0.746620,0.681225,0.335952,-0.111280,0.286252,0.286252,1.192033,1.192034,110,0.467000,0.962000,0.125000,0.218089,0.925444,0.015625,1,1,1.500000,-0.001223,0.116808,-0.003084,-0.000156,0.016707,0.734074,0.699444,5.500087,-0.006000,0.021000,0.011000,1.205362,3.397083,-108.321457,-106.944817,-107.288361,-0.343545,-0.769105,0.020563,-0.005628,-0.002614,-0.006869,-0.018870,-0.002007,0,0.353519,0.034142,1,0,0,0.000000,0.000000,0.000000,0.000000,0.000000,0.000000,0.000000,0.000000,0,0.000000,0.000000,0.000000,0.000000,0,0,0,0,0,0.000000,0.000000,0.000000,0.000000,0.000000,0.000000,0.000000,0.000000,0.000000,0,0.000000,0.000000,0.000000
90239,28.272345,100420.898438,0.020000,12,1,1177,1210,1186,1228,1200.000000,1,1,1,1,0.747173,0.681675,0.362211,-0.018294,0.279976,0.279976,1.046236,1.046237,68,0.468000,0.963000,0.107000,0.219024,0.927369,0.011449,1,1,1.500000,-0.001251,0.116828,-0.003245,-0.000161,0.016701,0.734083,0.699443,5.492088,0.009000,-0.001000,-0.001000,1.205717,3.395832,-108.325279,-106.944824,-107.288361,-0.343538,-0.774236,-0.064701,-0.024100,0.041281,-0.006758,-0.018852,-0.002135,0,0.346312,0.033081,1,0,0,0.000000,0.000000,0.000000,0.000000,0.000000,0.000000,0.000000,0.000000,0,0.000000,0.000000,0.000000,0.000000,0,0,0,0,0,0.000000,0.000000,0.000000,0.000000,0.000000,0.000000,0.000000,0.000000,0.000000,0,0.000000,0.000000,0.000000
90343,28.270401,100418.703125,0.020000,19,1,1176,1210,1186,1228,1200.000000,1,1,1,1,0.747323,0.682048,0.386116,0.008942,0.276227,0.276227,0.837618,0.837618,39,0.468000,0.963000,0.105000,0.219024,0.927369,0.011025,1,1,1.500000,-0.001279,0.116841,-0.003420,-0.000360,0.016428,0.734083,0.690605,5.490089,0.011000,-0.003000,-0.004000,1.206125,3.395924,-108.323502,-106.945045,-107.288361,-0.343313,-0.768507,-0.020398,-0.029162,-0.006493,-0.006949,-0.019102,-0.001995,0,0.372089,0.038141,1,0,0,0.000000,0.000000,0.000000,0.000000,0.000000,0.000000,0.000000,0.000000,0,0.000000,0.000000,0.000000,0.000000,0,0,0,0,0,0.000000,0.000000,0.000000,0.000000,0.000000,0.000000,0.000000,0.000000,0.000000,0,0.000000,0.000000,0.000000
90433,28.271330,100420.000000,0.010000,24,1,1176,1210,1186,1228,1200.000000,1,1,1,1,0.746808,0.684559,0.406948,0.032336,0.270954,0.270954,0.826616,0.826617,19,0.468000,0.964000,0.131000,0.219024,0.929296,0.017161,1,1,1.500000,-0.001304,0.116864,-0.003608,-0.000132,0.016621,0.734083,0.699443,5.497089,0.004000,0.018000,0.018000,1.204908,3.399947,-108.326477,-106.938202,-107.288361,-0.350156,-0.785583,0.010559,0.021933,-0.003361,-0.007010,-0.019274,-0.002048,0,0.310712,0.026329,1,0,0,0.000000,0.000000,0.000000,0.000000,0.000000,0.000000,0.000000,0.000000,0,0.000000,0.000000,0.000000,0.000000,0,0,0,0,0,0.000000,0.000000,0.000000,0.000000,0.000000,0.000000,0.000000,0.000000,0.000000,0,0.000000,0.000000,0.000000
90555,28.270628,100419.101563,0.020000,1,1,1176,1210,1186,1229,1200.000000,1,1,1,1,0.746184,0.686958,0.429729,0.040095,0.271221,0.271222,0.752606,0.752606,17,0.468000,0.964000,0.128000,0.219024,0.929296,0.016384,1,1,1.500000,-0.001334,0.116909,-0.003772,-0.000294,0.016821,0.734099,0.699441,5.488086,0.001000,0.010000,0.007000,1.205830,3.399237,-108.330215,-106.937996,-107.288361,-0.350361,-0.785570,0.003947,0.002726,0.000047,-0.007110,-0.019390,-0.002057,0,0.333086,0.030418,1,0,0,0.000000,0.000000,0.000000,0.000000,0.000000,0.000000,0.000000,0.000000,0,0.000000,0.000000,0.000000,0.000000,0,0,0,0,0,0.000000,0.000000,0.000000,0.000000,0.000000,0.000000,0.000000,0.000000,0.000000,0,0.000000,0.000000,0.000000
90644,28.272240,100419.398438,0.030000,4,1,1175,1210,1185,1229,1200.000000,1,1,1,1,0.746296,0.687852,0.347547,-0.125293,0.288832,0.288833,1.236831,1.236832,106,0.468000,0.964000,0.128000,0.219024,0.929296,0.016384,1,1,1.500000,-0.001334,0.116909,-0.003772,-0.000294,0.016821,0.734099,0.699441,5.488086,0.001000,0.010000,0.007000,1.205889,3.400421,-108.333008,-106.929092,-107.288361,-0.359268,-0.808285,0.000005,0.000092,-0.000012,-0.007127,-0.019512,-0.002116,0,0.345375,0.032496,1,0,0,0.000000,0.000000,0.000000,0.000000,0.000000,0.000000,0.000000,0.000000,0,0.000000,0.000000,0.000000,0.000000,0,0,0,0,0,0.000000,0.000000,0.000000,0.000000,0.000000,0.000000,0.000000,0.000000,0.000000,0,0.000000,0.000000,0.000000
90740,28.276987,100419.601563,0.030000,14,1,1175,1210,1185,1229,1200.000000,1,1,1,1,0.747172,0.686683,0.368419,-0.046860,0.282878,0.282878,1.158073,1.158073,76,0.468000,0.965000,0.133000,0.219024,0.931225,0.017689,1,1,1.500000,-0.001383,0.116939,-0.003982,-0.000465,0.016899,0.734121,0.690600,5.494087,0.014000,-0.007000,0.008000,1.207185,3.396495,-108.336098,-106.929092,-107.288361,-0.359268,-0.808285,-0.012610,-0.000130,0.000000,-0.007170,-0.019606,-0.002116,0,0.364807,0.036646,1,0,0,0.000000,0.000000,0.000000,0.000000,0.000000,0.000000,0.000000,0.000000,0,0.000000,0.000000,0.000000,0.000000,0,0,0,0,0,0.000000,0.000000,0.000000,0.000000,0.000000,0.000000,0.000000,0.000000,0.000000,0,0.000000,0.000000,0.000000
90844,28.279930,100419.601563,0.020000,32,1,1175,1210,1185,1229,1200.000000,1,1,1,1,0.747333,0.687109,0.390008,0.007054,0.277536,0.277536,1.023173,1.023173,55,0.468000,0.965000,0.134000,0.219024,0.931225,0.017956,1,1,1.500000,-0.001427,0.116944,-0.004195,-0.000527,0.016495,0.734099,0.690603,5.491088,0.011000,0.000000,0.009000,1.207638,3.396673,-108.339264,-106.937988,-107.288361,-0.350375,-0.785502,0.060254,0.000000,0.000000,-0.007284,-0.019737,-0.002056,0,0.374759,0.038838,1,0,0,0.000000,0.000000,0.000000,0.000000,0.000000,0.000000,0.000000,0.000000,0,0.000000,0.000000,0.000000,0.000000,0,0,0,0,0,0.000000,0.000000,0.000000,0.000000,0.000000,0.000000,0.000000,0.000000,0.000000,0,0.000000,0.000000,0.000000
90950,28.275585,100419.101563,0.010000,9,1,1175,1210,1185,1229,1200.000000,1,1,1,1,0.746763,0.689619,0.390165,0.009262,0.274779,0.274779,0.882576,0.882576,36,0.468000,0.966000,0.127000,0.219024,0.933156,0.016129,1,1,1.500000,-0.001465,0.116959,-0.004394,-0.000525,0.016481,0.734093,0.699436,5.494105,0.004000,0.017000,0.003000,1.205948,3.398505,-108.341148,-106.937988,-107.288361,-0.350375,-0.833228,0.024380,-0.000027,0.000054,-0.007312,-0.019887,-0.002182,0,0.364456,0.036729,1,0,0,0.000000,0.000000,0.000000,0.000000,0.000000,0.000000,0.000000,0.000000,0,0.000000,0.000000,0.000000,0.000000,0,0,0,0,0,0.000000,0.000000,0.000000,0.000000,0.000000,0.000000,0.000000,0.000000,0.000000,0,0.000000,0.000000,0.000000
91048,28.275831,100420.398438,0.000000,21,1,1175,1211,1185,1229,1200.000000,1,1,1,1,0.746248,0.689469,0.414057,0.024496,0.271527,0.271527,0.469669,0.469669,9,0.468000,0.966000,0.113000,0.219024,0.933156,0.012769,1,1,1.500000,-0.001496,0.116972,-0.004585,-0.000361,0.016334,0.734099,0.690603,5.491088,0.005000,-0.008000,-0.003000,1.206771,3.395586,-108.343185,-106.937988,-107.288361,-0.350375,-0.786121,-0.018035,-0.000001,0.000003,-0.007352,-0.020006,-0.002058,0,0.305159,0.025372,1,0,0,0.000000,0.000000,0.000000,0.000000,0.000000,0.000000,0.000000,0.000000,0,0.000000,0.000000,0.000000,0.000000,0,0,0,0,0,0.000000,0.000000,0.000000,0.000000,0.000000,0.000000,0.000000,0.000000,0.000000,0,0.000000,0.000000,0.000000
91145,28.277338,100419.203125,-0.010000,32,1,1175,1211,1185,1230,1200.000000,1,1,1,1,0.746799,0.688763,0.368845,-0.040137,0.291068,0.291068,1.255907,1.255907,106,0.468000,0.966000,0.113000,0.219024,0.933156,0.012769,1,1,1.500000,-0.001496,0.116972,-0.004585,-0.000361,0.016334,0.734099,0.690603,5.491088,0.005000,-0.008000,-0.003000,1.207262,3.395066,-108.346367,-106.937988,-107.288361,-0.350375,-0.786091,0.000049,0.000000,0.000000,-0.007429,-0.020105,-0.002058,0,0.322606,0.028680,1,0,0,0.000000,0.000000,0.000000,0.000000,0.000000,0.000000,0.000000,0.000000,0,0.000000,0.000000,0.000000,0.000000,0,0,0,0,0,0.000000,0.000000,0.000000,0.000000,0.000000,0.000000,0.000000,0.000000,0.000000,0,0.000000,0.000000,0.000000
91252,28.271154,100419.703125,0.000000,10,1,1174,1211,1185,1230,1200.000000,1,1,1,1,0.745110,0.688993,0.371286,-0.038143,0.284910,0.284910,1.155884,1.155885,81,0.468000,0.967000,0.107000,0.219024,0.935089,0.011449,1,1,1.500000,-0.001540,0.116980,-0.004793,-0.000557,0.016503,0.734093,0.690599,5.494105,-0.004000,-0.001000,0.001000,1.206867,3.394966,-108.349892,-106.938316,-107.288361,-0.350047,-0.785335,0.000000,0.000000,-0.000061,-0.007480,-0.020250,-0.002056,0,0.334861,0.030904,1,0,0,0.000000,0.000000,0.000000,0.000000,0.000000,0.000000,0.000000,0.000000,0,0.000000,0.000000,0.000000,0.000000,0,0,0,0,0,0.000000,0.000000,0.000000,0.000000,0.000000,0.000000,0.000000,0.000000,0.000000,0,0.000000,0.000000,0.000000
91339,28.273396,100419.304688,0.010000,11,1,1174,1211,1185,1230,1200.000000,1,1,1,1,0.744444,0.689851,0.392988,-0.003300,0.276473,0.276473,0.882592,0.882592,41,0.468000,0.967000,0.117000,0.219024,0.935089,0.013689,1,1,1.500000,-0.001592,0.116972,-0.005027,-0.000546,0.016496,0.734087,0.690599,5.488105,0.001000,0.007000,-0.010000,1.206969,3.395875,-108.353142,-106.944824,-107.288361,-0.343538,-0.768994,-0.012188,-0.003735,0.004796,-0.007525,-0.020358,-0.002026,0,0.367672,0.037369,1,0,0,0.000000,0.000000,0.000000,0.000000,0.000000,0.000000,0.000000,0.000000,0,0.000000,0.000000,0.000000,0.000000,0,0,0,0,0,0.000000,0.000000,0.000000,0.000000,0.000000,0.000000,0.000000,0.000000,0.000000,0,0.000000,0.000000,0.000000
91448,28.276339,100419.203125,0.020000,20,1,1174,1211,1185,1230,1200.000000,1,1,1,1,0.743195,0.690356,0.409590,0.002720,0.274105,0.274105,0.958543,0.958543,34,0.468000,0.968000,0.109000,0.219024,0.937024,0.011881,1,1,1.500000,-0.001639,0.116971,-0.005249,-0.000546,0.016491,0.722984,0.690605,5.489086,0.004000,0.004000,-0.001000,1.209646,3.395843,-108.355782,-106.945160,-107.288361,-0.343203,-0.735198,-0.039453,-0.001356,0.003873,-0.007586,-0.020495,-0.001935,0,0.396344,0.043397,1,0,0,0.000000,0.000000,0.000000,0.000000,0.000000,0.000000,0.000000,0.000000,0,0.000000,0.000000,0.000000,0.000000,0,0,0,0,0,0.000000,0.000000,0.000000,0.000000,0.000000,0.000000,0.000000,0.000000,0.000000,0,0.000000,0.000000,0.000000
91538,28.277409,100421.203125,0.020000,23,1,1174,1211,1185,1230,1200.000000,1,1,1,1,0.743431,0.690682,0.348240,-0.150799,0.299753,0.299753,1.372622,1.372623,0,0.468000,0.968000,0.104000,0.219024,0.937024,0.010816,1,1,1.500000,-0.001675,0.117006,-0.005424,-0.000589,0.016621,0.722984,0.690605,5.489086,0.000000,-0.001000,0.004000,1.209481,3.396225,-108.359413,-106.944832,-107.288361,-0.343524,-0.768815,-0.000319,0.000029,-0.000038,-0.007655,-0.020607,-0.002013,0,0.339562,0.031376,1,0,0,0.000000,0.000000,0.000000,0.000000,0.000000,0.000000,0.000000,0.000000,0,0.000000,0.000000,0.000000,0.000000,0,0,0,0,0,0.000000,0.000000,0.000000,0.000000,0.000000,0.000000,0.000000,0.000000,0.000000,0,0.000000,0.000000,0.000000
91648,28.275919,100420.500000,0.000000,5,1,1174,1211,1185,1230,1200.000000,1,1,1,1,0.741753,0.690241,0.349183,-0.125988,0.289373,0.289373,1.237187,1.237187,110,0.468000,0.968000,0.104000,0.219024,0.937024,0.010816,1,1,1.500000,-0.001675,0.117006,-0.005424,-0.000589,0.016621,0.722984,0.690605,5.492088,0.000000,-0.001000,0.004000,1.212343,3.395309,-108.363274,-106.944824,-107.288361,-0.343538,-0.768627,0.000003,0.001089,-0.003267,-0.007726,-0.020750,-0.002004,0,0.314080,0.026912,1,0,0,0.000000,0.000000,0.000000,0.000000,0.000000,0.000000,0.000000,0.000000,0,0.000000,0.000000,0.000000,0.000000,0,0,0,0,0,0.000000,0.000000,0.000000,0.000000,0.000000,0.000000,0.000000,0.000000,0.000000,0,0.000000,0.000000,0.000000
91740,28.280701,100421.304688,0.010000,11,1,1173,1211,1185,1231,1200.000000,1,1,1,1,0.739592,0.692930,0.370880,-0.053160,0.283353,0.283353,1.158373,1.158374,76,0.468000,0.969000,0.131000,0.219024,0.938961,0.017161,1,1,1.500000,-0.001710,0.117020,-0.005618,-0.000534,0.016460,0.722984,0.690605,5.483089,-0.006000,0.020000,-0.003000,1.211552,3.397432,-108.366791,-106.944626,-107.288361,-0.343736,-0.769139,0.001363,0.000000,-0.007356,-0.007788,-0.020853,-0.001994,0,0.345451,0.032893,1,0,0,0.000000,0.000000,0.000000,0.000000,0.000000,0.000000,0.000000,0.000000,0,0.000000,0.000000,0.000000,0.000000,0,0,0,0,0,0.000000,0.000000,0.000000,0.000000,0.000000,0.000000,0.000000,0.000000,0.000000,0,0.000000,0.000000,0.000000
91844,28.278231,100419.601563,0.010000,29,1,1173,1211,1185,1231,1200.000000,1,1,1,1,0.741078,0.691318,0.393056,0.000678,0.278300,0.278300,1.008825,1.008825,56,0.468000,0.969000,0.112000,0.219024,0.938961,0.012544,1,1,1.500000,-0.001744,0.117031,-0.005812,-0.000534,0.016447,0.722984,0.690605,5.485088,0.023000,-0.011000,-0.003000,1.217003,3.395616,-108.370018,-106.944626,-107.288361,-0.343736,-0.768772,0.001700,0.004431,-0.009189,-0.007853,-0.020992,-0.001989,0,0.367486,0.037351,1,0,0,0.000000,0.000000,0.000000,0.000000,0.000000,0.000000,0.000000,0.000000,0,0.000000,0.000000,0.000000,0.000000,0,0,0,0,0,0.000000,0.000000,0.000000,0.000000,0.000000,0.000000,0.000000,0.000000,0.000000,0,0.000000,0.000000,0.000000
91932,28.275078,100419.398438,-0.010000,20,1,1173,1211,1185,1231,1200.000000,1,1,1,1,0.738881,0.692322,0.415893,0.011603,0.272733,0.272733,0.696326,0.696326,19,0.468000,0.970000,0.139000,0.219024,0.940900,0.019321,1,1,1.500000,-0.001774,0.117072,-0.005968,-0.000575,0.016568,0.722988,0.690599,5.483108,-0.011000,0.013000,-0.012000,1.212940,3.396739,-108.373161,-106.944626,-107.288361,-0.343736,-0.769579,0.000000,0.000000,0.000000,-0.007915,-0.021076,-0.002015,0,0.298360,0.023967,1,0,0,0.000000,0.000000,0.000000,0.000000,0.000000,0.000000,0.000000,0.000000,0,0.000000,0.000000,0.000000,0.000000,0,0,0,0,0,0.000000,0.000000,0.000000,0.000000,0.000000,0.000000,0.000000,0.000000,0.000000,0,0.000000,0.000000,0.000000
92055,28.277304,100420.203125,0.000000,1,1,1173,1211,1185,1231,1200.000000,1,1,1,1,0.737494,0.692480,0.436191,0.017624,0.272144,0.272144,0.713283,0.713283,17,0.468000,0.970000,0.119000,0.219024,0.940900,0.014161,1,1,1.500000,-0.001813,0.117095,-0.006140,-0.000588,0.016586,0.722990,0.690610,5.480068,0.001000,-0.001000,-0.015000,1.215673,3.395546,-108.377335,-106.944511,-107.288361,-0.343845,-0.768601,0.000000,0.000092,-0.000277,-0.007990,-0.021230,-0.002011,0,0.330798,0.030025,1,0,0,0.000000,0.000000,0.000000,0.000000,0.000000,0.000000,0.000000,0.000000,0,0.000000,0.000000,0.000000,0.000000,0,0,0,0,0,0.000000,0.000000,0.000000,0.000000,0.000000,0.000000,0.000000,0.000000,0.000000,0,0.000000,0.000000,0.000000
92194,28.279037,100421.101563,-0.010000,9,1,1173,1211,1185,1232,1200.000000,1,1,1,1,0.737789,0.692973,0.409480,0.018954,0.274878,0.274878,0.715678,0.715679,21,0.468000,0.970000,0.121000,0.219024,0.940900,0.014641,1,1,1.500000,-0.001846,0.117120,-0.006310,-0.000435,0.016689,0.722988,0.690599,5.481105,0.016000,0.007000,0.005000,1.218960,3.396983,-108.381195,-106.944626,-107.288361,-0.343736,-0.768618,0.000000,0.000000,0.000000,-0.008060,-0.021430,-0.002012,0,0.364472,0.036653,1,0,0,0.000000,0.000000,0.000000,0.000000,0.000000,0.000000,0.000000,0.000000,0,0.000000,0.000000,0.000000,0.000000,0,0,0,0,0,0.000000,0.000000,0.000000,0.000000,0.000000,0.000000,0.000000,0.000000,0.000000,0,0.000000,0.000000,0.000000
92239,28.277828,100420.101563,-0.010000,11,1,1172,1211,1185,1232,1200.000000,1,1,1,1,0.738458,0.693248,0.386535,-0.012406,0.281169,0.281170,1.035142,1.035142,66,0.468000,0.970000,0.121000,0.219024,0.940900,0.014641,1,1,1.500000,-0.001846,0.117120,-0.006310,-0.000435,0.016689,0.722988,0.690599,5.481105,0.016000,0.007000,0.005000,1.219396,3.396762,-108.382629,-106.944527,-107.288361,-0.343832,-0.768815,0.000000,0.000000,0.000000,-0.008087,-0.021485,-0.002013,0,0.340199,0.031919,1,0,0,0.000000,0.000000,0.000000,0.000000,0.000000,0.000000,0.000000,0.000000,0,0.000000,0.000000,0.000000,0.000000,0,0,0,0,0,0.000000,0.000000,0.000000,0.000000,0.000000,0.000000,0.000000,0.000000,0.000000,0,0.000000,0.000000,0.000000
92348,28.276041,100419.304688,0.010000,30,1,1172,1211,1184,1232,1200.000000,1,1,1,1,0.735506,0.695301,0.405881,0.002667,0.278885,0.278885,1.071953,1.071953,56,0.468000,0.971000,0.126000,0.219024,0.942841,0.015876,1,1,1.500000,-0.001881,0.117136,-0.006466,-0.000575,0.016505,0.711889,0.699437,5.478107,-0.009000,0.016000,0.000000,1.216680,3.396692,-108.386002,-106.944626,-107.288361,-0.343736,-0.799000,0.000000,0.000000,0.000000,-0.008142,-0.021622,-0.002092,0,0.381287,0.040197,1,0,0,0.000000,0.000000,0.000000,0.000000,0.000000,0.000000,0.000000,0.000000,0,0.000000,0.000000,0.000000,0.000000,0,0,0,0,0,0.000000,0.000000,0.000000,0.000000,0.000000,0.000000,0.000000,0.000000,0.000000,0,0.000000,0.000000,0.000000
92434,28.275953,100419.000000,0.020000,30,1,1172,1212,1185,1232,1200.000000,1,1,1,1,0.734760,0.693508,0.426801,0.023575,0.273500,0.273500,0.697836,0.697836,20,0.468000,0.971000,0.123000,0.219024,0.942841,0.015129,1,1,1.500000,-0.001920,0.117156,-0.006620,-0.000610,0.016494,0.711891,0.690610,5.473068,0.012000,-0.018000,-0.002000,1.221442,3.392899,-108.388351,-106.944824,-107.288361,-0.343538,-0.723454,0.000000,0.000000,0.000000,-0.008209,-0.021714,-0.001894,0,0.338711,0.031211,1,0,0,0.000000,0.000000,0.000000,0.000000,0.000000,0.000000,0.000000,0.000000,0,0.000000,0.000000,0.000000,0.000000,0,0,0,0,0,0.000000,0.000000,0.000000,0.000000,0.000000,0.000000,0.000000,0.000000,0.000000,0,0.000000,0.000000,0.000000
92543,28.279388,100421.601563,0.010000,9,1,1172,1212,1184,1232,1200.000000,1,1,1,1,0.735813,0.691832,0.345512,-0.135956,0.301919,0.301920,1.377441,1.377442,0,0.468000,0.972000,0.135000,0.219024,0.944784,0.018225,1,1,1.500000,-0.001956,0.117173,-0.006762,-0.000606,0.016459,0.711891,0.690610,5.473068,-0.005000,0.008000,-0.007000,1.222417,3.392413,-108.391556,-106.944626,-107.288361,-0.343736,-0.768465,0.000000,0.000000,0.000000,-0.008273,-0.021848,-0.002012,0,0.322165,0.028260,1,0,0,0.000000,0.000000,0.000000,0.000000,0.000000,0.000000,0.000000,0.000000,0,0.000000,0.000000,0.000000,0.000000,0,0,0,0,0,0.000000,0.000000,0.000000,0.000000,0.000000,0.000000,0.000000,0.000000,0.000000,0,0.000000,0.000000,0.000000
92639,28.276146,100419.804688,0.000000,19,1,1172,1212,1184,1232,1200.000000,1,1,1,1,0.732742,0.693672,0.372251,-0.047762,0.285333,0.285334,1.156291,1.156291,96,0.468000,0.972000,0.135000,0.219024,0.944784,0.018225,1,1,1.500000,-0.001956,0.117173,-0.006762,-0.000606,0.016459,0.711889,0.690599,5.474105,-0.005000,0.008000,-0.007000,1.220036,3.394666,-108.394104,-106.944626,-107.288361,-0.343736,-0.768593,0.000000,0.000000,0.000434,-0.008324,-0.021972,-0.002013,0,0.336803,0.031246,1,0,0,0.000000,0.000000,0.000000,0.000000,0.000000,0.000000,0.000000,0.000000,0,0.000000,0.000000,0.000000,0.000000,0,0,0,0,0,0.000000,0.000000,0.000000,0.000000,0.000000,0.000000,0.000000,0.000000,0.000000,0,0.000000,0.000000,0.000000
92734,28.278231,100419.304688,0.000000,19,1,1172,1212,1184,1232,1200.000000,1,1,1,1,0.731389,0.692788,0.397494,-0.005222,0.279784,0.279785,0.983624,0.983624,68,0.468000,0.972000,0.117000,0.219024,0.944784,0.013689,1,1,1.500000,-0.001986,0.117177,-0.006910,-0.000539,0.016304,0.711889,0.690599,5.471107,0.001000,-0.004000,0.001000,1.221957,3.393288,-108.396942,-106.944618,-107.288361,-0.343743,-0.768473,0.000000,0.000000,0.000000,-0.008393,-0.022080,-0.002012,0,0.363034,0.036314,1,0,0,0.000000,0.000000,0.000000,0.000000,0.000000,0.000000,0.000000,0.000000,0,0.000000,0.000000,0.000000,0.000000,0,0,0,0,0,0.000000,0.000000,0.000000,0.000000,0.000000,0.000000,0.000000,0.000000,0.000000,0,0.000000,0.000000,0.000000
92849,28.280981,100421.601563,-0.020000,1,1,1171,1212,1184,1233,1200.000000,1,1,1,1,0.731970,0.692898,0.417912,0.017698,0.275660,0.275660,0.865604,0.865604,56,0.468000,0.972000,0.112000,0.219024,0.944784,0.012544,1,1,1.500000,-0.002007,0.117187,-0.007028,-0.000530,0.016249,0.711891,0.690610,5.469070,0.018000,0.002000,0.001000,1.225518,3.394896,-108.400040,-106.944313,-107.288361,-0.344043,-0.768934,0.000000,0.000000,0.000000,-0.008463,-0.022235,-0.002013,0,0.383059,0.040539,1,0,0,0.000000,0.000000,0.000000,0.000000,0.000000,0.000000,0.000000,0.000000,0,0.000000,0.000000,0.000000,0.000000,0,0,0,0,0,0.000000,0.000000,0.000000,0.000000,0.000000,0.000000,0.000000,0.000000,0.000000,0,0.000000,0.000000,0.000000
92944,28.277092,100421.101563,-0.030000,10,1,1171,1212,1184,1233,1200.000000,1,1,2,1,0.728515,0.691736,0.416086,0.000885,0.273176,0.273176,0.896370,0.896370,33,0.468000,0.973000,0.120000,0.219024,0.946729,0.014400,1,1,1.500000,-0.002025,0.117194,-0.007136,-0.000529,0.016200,0.700790,0.690599,5.461105,-0.015000,-0.012000,-0.005000,1.222307,3.391112,-108.403252,-106.944313,-107.288361,-0.344050,-0.769284,0.000000,0.000000,0.000000,-0.008506,-0.022344,-0.002014,0,0.348974,0.033717,1,0,0,0.000000,0.000000,0.000000,0.000000,0.000000,0.000000,0.000000,0.000000,0,0.000000,0.000000,0.000000,0.000000,1,0,0,1,192,2.000000,-0.416085,-0.000886,0.000000,0.000000,0.000000,0.000000,0.000000,0.000000,0,1200.000000,1200.000000,1200.000000
93053,28.274885,100419.304688,-0.020000,33,1,1171,1212,1184,1233,1200.000000,1,1,2,1,0.726984,0.693594,0.438820,0.025841,0.271692,0.271692,0.733874,0.733874,14,0.468000,0.973000,0.124000,0.219024,0.946729,0.015376,1,1,1.500000,-0.002046,0.117190,-0.007237,-0.000528,0.016133,0.700796,0.690604,5.461086,0.011000,0.030000,0.000000,1.224582,3.398399,-108.406052,-106.944313,-107.288361,-0.344043,-0.768909,0.000000,0.000000,0.000000,-0.008576,-0.022504,-0.002013,0,0.312060,0.026589,1,0,0,0.000000,0.000000,0.000000,0.000000,0.000000,0.000000,0.000000,0.000000,0,0.000000,0.000000,0.000000,0.000000,1,0,0,1,192,2.000000,-0.438562,-0.025825,0.000000,0.000000,0.000000,0.000000,0.000000,0.000000,0,1200.000000,1200.000000,1200.000000
93138,28.277075,100419.601563,-0.020000,32,1,1171,1212,1184,1233,1200.000000,1,1,2,1,0.727693,0.695733,0.391248,-0.041493,0.290212,0.290212,1.267432,1.267432,99,0.468000,0.973000,0.124000,0.219024,0.946729,0.015376,1,1,1.500000,-0.002046,0.117190,-0.007237,-0.000528,0.016133,0.700796,0.690604,5.461086,0.011000,0.030000,0.000000,1.225374,3.398014,-108.408707,-106.944527,-107.288361,-0.343832,-0.768336,0.000000,0.000000,0.000000,-0.008638,-0.022600,-0.002012,0,0.335643,0.031081,1,0,0,0.000000,0.000000,0.000000,0.000000,0.000000,0.000000,0.000000,0.000000,0,0.000000,0.000000,0.000000,0.000000,1,0,0,1,192,2.000000,-0.391248,0.041493,0.000000,0.000000,0.000000,0.000000,0.000000,0.000000,0,1200.000000,1200.000000,1200.000000
93245,28.279388,100420.601563,-0.010000,9,1,1171,1212,1184,1233,1200.000000,1,1,2,1,0.725490,0.694588,0.387428,-0.051443,0.284330,0.284330,1.162179,1.162180,74,0.468000,0.973000,0.108000,0.219024,0.946729,0.011664,1,1,1.500000,-0.002063,0.117182,-0.007315,-0.000526,0.016047,0.700796,0.690604,5.448089,0.000000,-0.001000,-0.001000,1.226289,3.393310,-108.411995,-106.944511,-107.288361,-0.343845,-0.768388,0.000000,0.000000,0.000000,-0.008693,-0.022725,-0.002012,0,0.341679,0.032157,1,0,0,0.000000,0.000000,0.000000,0.000000,0.000000,0.000000,0.000000,0.000000,0,0.000000,0.000000,0.000000,0.000000,1,0,0,1,192,2.000000,-0.411687,0.000773,0.000000,0.000000,0.000000,0.000000,0.000000,0.000000,0,1200.000000,1200.000000,1200.000000
93357,28.275673,100419.898438,0.000000,35,1,1170,1212,1184,1234,1200.000000,1,1,2,1,0.723618,0.692505,0.407516,0.002281,0.280364,0.280364,1.068246,1.068247,57,0.468000,0.973000,0.128000,0.219024,0.946729,0.016384,1,1,1.500000,-0.002081,0.117174,-0.007375,-0.000508,0.015922,0.700790,0.690599,5.451107,0.000000,-0.015000,0.004000,1.228037,3.390222,-108.415550,-106.944626,-107.288361,-0.343736,-0.767598,0.000000,0.000000,0.000000,-0.008774,-0.022843,-0.002010,0,0.372664,0.038363,1,0,0,0.000000,0.000000,0.000000,0.000000,0.000000,0.000000,0.000000,0.000000,0,0.000000,0.000000,0.000000,0.000000,1,0,0,1,192,2.000000,-0.407514,-0.002292,0.000000,0.000000,0.000000,0.000000,0.000000,0.000000,0,1200.000000,1200.000000,1200.000000
93454,28.278038,100418.398438,0.020000,4,1,1170,1212,1184,1234,1200.000000,1,1,2,1,0.720581,0.694296,0.402260,-0.006623,0.274043,0.274043,0.679216,0.679216,42,0.468000,0.973000,0.133000,0.219024,0.946729,0.017689,1,1,1.500000,-0.002092,0.117159,-0.007406,-0.000505,0.015811,0.689694,0.690610,5.440067,-0.005000,0.017000,-0.010000,1.226370,3.394869,-108.418434,-106.944618,-107.288361,-0.343743,-0.768089,0.000000,0.000000,0.000000,-0.008816,-0.022992,-0.002011,0,0.388356,0.041685,1,0,0,0.000000,0.000000,0.000000,0.000000,0.000000,0.000000,0.000000,0.000000,0,0.000000,0.000000,0.000000,0.000000,1,0,0,1,192,2.000000,-0.428261,-0.015911,0.000000,0.000000,0.000000,0.000000,0.000000,0.000000,0,1200.000000,1200.000000,1200.000000
93554,28.281105,100420.500000,0.010000,18,1,1170,1212,1184,1234,1200.000000,1,1,2,1,0.718414,0.693621,0.422582,0.012329,0.273135,0.273135,0.469722,0.469722,14,0.468000,0.973000,0.117000,0.219024,0.946729,0.013689,1,1,1.500000,-0.002101,0.117141,-0.007418,-0.000499,0.015720,0.689691,0.690599,5.434108,0.003000,-0.009000,-0.013000,1.229844,3.391347,-108.421486,-106.944626,-107.288361,-0.343736,-0.768063,0.000000,0.000000,0.000000,-0.008877,-0.023115,-0.002011,0,0.324142,0.028628,1,0,0,0.000000,0.000000,0.000000,0.000000,0.000000,0.000000,0.000000,0.000000,0,0.000000,0.000000,0.000000,0.000000,1,0,0,1,192,2.000000,-0.348082,0.140681,0.000000,0.000000,0.000000,0.000000,0.000000,0.000000,0,1200.000000,1200.000000,1200.000000
93642,28.281034,100421.804688,-0.020000,20,1,1170,1212,1184,1234,1200.000000,1,1,2,1,0.718549,0.692935,0.374768,-0.051249,0.285892,0.285892,1.156607,1.156607,102,0.468000,0.973000,0.117000,0.219024,0.946729,0.013689,1,1,1.500000,-0.002101,0.117141,-0.007418,-0.000499,0.015720,0.689691,0.690599,5.434108,0.003000,-0.009000,-0.013000,1.230624,3.390938,-108.424118,-106.944626,-107.288361,-0.343736,-0.767901,0.000000,0.000000,0.000000,-0.008942,-0.023209,-0.002010,0,0.318078,0.027877,1,0,0,0.000000,0.000000,0.000000,0.000000,0.000000,0.000000,0.000000,0.000000,0,0.000000,0.000000,0.000000,0.000000,1,0,0,1,192,2.000000,-0.398078,0.008944,0.000000,0.000000,0.000000,0.000000,0.000000,0.000000,0,1200.000000,1200.000000,1200.000000
93732,28.279615,100419.601563,-0.020000,24,1,1170,1212,1184,1234,1200.000000,1,1,2,1,0.715336,0.692880,0.401193,-0.002387,0.277336,0.277336,0.882915,0.882915,62,0.468000,0.973000,0.133000,0.219024,0.946729,0.017689,1,1,1.500000,-0.002112,0.117121,-0.007425,-0.000510,0.015685,0.689697,0.690604,5.435089,-0.008000,-0.001000,-0.009000,1.229309,3.391223,-108.426964,-106.944626,-107.288361,-0.343736,-0.767986,0.000000,0.000000,0.000000,-0.008990,-0.023322,-0.002011,0,0.344397,0.032781,1,0,0,0.000000,0.000000,0.000000,0.000000,0.000000,0.000000,0.000000,0.000000,0,0.000000,0.000000,0.000000,0.000000,1,0,0,1,192,2.000000,-0.401212,0.002316,0.000000,0.000000,0.000000,0.000000,0.000000,0.000000,0,1200.000000,1200.000000,1200.000000
93848,28.283749,100420.500000,-0.030000,0,1,1169,1212,1184,1235,1200.000000,1,1,2,1,0.716645,0.691847,0.424371,0.016626,0.276943,0.276943,0.993790,0.993790,60,0.468000,0.973000,0.117000,0.219024,0.946729,0.013689,1,1,1.500000,-0.002109,0.117148,-0.007379,-0.000321,0.016598,0.689697,0.681766,5.442089,0.030000,-0.002000,0.007000,1.236794,3.393206,-108.429718,-106.944519,-107.288361,-0.343839,-0.767619,0.000000,0.000000,0.000000,-0.009081,-0.023474,-0.002010,0,0.357660,0.035360,1,0,0,0.000000,0.000000,0.000000,0.000000,0.000000,0.000000,0.000000,0.000000,0,0.000000,0.000000,0.000000,0.000000,1,0,0,1,192,2.000000,-0.424338,-0.016633,0.000000,0.000000,0.000000,0.000000,0.000000,0.000000,0,1200.000000,1200.000000,1200.000000
93939,28.279318,100420.601563,-0.020000,6,1,1168,1213,1184,1234,1200.000000,1,1,2,1,0.712318,0.692733,0.420275,-0.000248,0.271036,0.271036,0.713380,0.713381,28,0.468000,0.973000,0.123000,0.219024,0.946729,0.015129,1,1,1.500000,-0.002110,0.117156,-0.007347,-0.000528,0.015831,0.678632,0.690604,5.429070,-0.018000,0.011000,-0.005000,1.226452,3.391989,-108.430702,-106.944633,-107.288361,-0.343729,-0.768738,0.123468,0.051371,-0.292572,-0.009147,-0.023612,-0.001247,0,0.364130,0.036713,1,0,0,0.000000,0.000000,0.000000,0.000000,0.000000,0.000000,0.000000,0.000000,0,0.000000,0.000000,0.000000,0.000000,1,0,0,1,192,2.000000,-0.443943,-0.020879,0.000000,0.000000,0.000000,0.000000,0.000000,0.000000,0,1200.000000,1200.000000,1200.000000
94052,28.279230,100421.398438,-0.050000,33,1,1169,1213,1183,1235,1200.000000,1,1,2,1,0.710046,0.692497,0.443523,0.018675,0.271509,0.271509,0.752186,0.752187,14,0.468000,0.973000,0.108000,0.219024,0.946729,0.011664,1,1,1.500000,-0.002105,0.117152,-0.007326,-0.000486,0.015681,0.678593,0.690599,5.426105,0.008000,-0.004000,-0.007000,1.232649,3.395382,-108.433563,-106.944313,-107.288361,-0.344050,-0.768388,-0.001631,0.011593,-0.009063,-0.009184,-0.023745,-0.001988,0,0.286620,0.022452,1,0,0,0.000000,0.000000,0.000000,0.000000,0.000000,0.000000,0.000000,0.000000,0,0.000000,0.000000,0.000000,0.000000,1,0,0,1,192,2.000000,-0.372337,0.113400,0.000000,0.000000,0.000000,0.000000,0.000000,0.000000,0,1200.000000,1200.000000,1200.000000
94137,28.283995,100421.398438,-0.060000,31,1,1169,1213,1183,1235,1200.000000,1,1,2,1,0.710422,0.692150,0.399650,-0.045385,0.289694,0.289694,1.258101,1.258102,99,0.468000,0.973000,0.108000,0.219024,0.946729,0.011664,1,1,1.500000,-0.002105,0.117152,-0.007326,-0.000486,0.015681,0.678593,0.690599,5.426105,0.008000,-0.004000,-0.007000,1.232688,3.395059,-108.436867,-106.944321,-107.288361,-0.344037,-0.768900,-0.049021,0.046015,-0.099546,-0.009159,-0.023980,-0.001752,0,0.301721,0.025120,1,0,0,0.000000,0.000000,0.000000,0.000000,0.000000,0.000000,0.000000,0.000000,0,0.000000,0.000000,0.000000,0.000000,1,0,0,1,192,2.000000,-0.400191,0.044829,0.000000,0.000000,0.000000,0.000000,0.000000,0.000000,0,1200.000000,1200.000000,1200.000000
94244,28.276882,100420.203125,-0.070000,10,1,1169,1213,1184,1235,1200.000000,1,1,2,1,0.707496,0.692512,0.405802,-0.044178,0.284542,0.284542,1.173080,1.173081,74,0.468000,0.973000,0.123000,0.219024,0.946729,0.015129,1,1,1.500000,-0.002103,0.117173,-0.007294,-0.000524,0.015863,0.678579,0.690618,5.435050,-0.004000,0.002000,-0.004000,1.231533,3.393032,-108.441788,-106.953743,-107.288361,-0.334618,-0.744986,0.038044,-0.012047,-0.038405,-0.009312,-0.023961,-0.001850,0,0.297001,0.024294,1,0,0,0.000000,0.000000,0.000000,0.000000,0.000000,0.000000,0.000000,0.000000,0,0.000000,0.000000,0.000000,0.000000,1,0,0,1,192,2.000000,-0.426996,-0.000477,0.000000,0.000000,0.000000,0.000000,0.000000,0.000000,0,1200.000000,1200.000000,1200.000000
94350,28.279369,100418.500000,-0.030000,30,1,1169,1213,1183,1235,1200.000000,1,1,2,1,0.704624,0.690840,0.427260,-0.008564,0.279080,0.279081,1.022710,1.022711,58,0.468000,0.973000,0.132000,0.219024,0.946729,0.017424,1,1,1.500000,-0.002102,0.117194,-0.007260,-0.000507,0.015866,0.678575,0.690597,5.419124,-0.007000,-0.013000,-0.016000,1.229889,3.388601,-108.441948,-106.953751,-107.288361,-0.334611,-0.778010,0.029970,-0.082014,0.000865,-0.009365,-0.024036,-0.002039,0,0.361578,0.036156,1,0,0,0.000000,0.000000,0.000000,0.000000,0.000000,0.000000,0.000000,0.000000,0,0.000000,0.000000,0.000000,0.000000,1,0,0,1,192,2.000000,-0.427277,0.008532,0.000000,0.000000,0.000000,0.000000,0.000000,0.000000,0,1200.000000,1200.000000,1200.000000
94458,28.278318,100417.203125,0.000000,9,1,1167,1214,1184,1235,1200.000000,1,1,2,1,0.702255,0.693118,0.423170,-0.010757,0.276140,0.276141,0.881677,0.881677,47,0.468000,0.973000,0.126000,0.219024,0.946729,0.015876,1,1,1.500000,-0.002098,0.117242,-0.007207,-0.000413,0.016193,0.667447,0.690606,5.414107,0.005000,0.022000,-0.012000,1.227153,3.392179,-108.441147,-106.969803,-107.288361,-0.318560,-0.749827,0.345532,-0.194655,-0.367618,-0.009555,-0.024116,-0.001001,0,0.389299,0.041896,1,0,0,0.000000,0.000000,0.000000,0.000000,0.000000,0.000000,0.000000,0.000000,0,0.000000,0.000000,0.000000,0.000000,1,0,0,1,192,2.000000,-0.449227,-0.012072,0.000000,0.000000,0.000000,0.000000,0.000000,0.000000,0,1200.000000,1200.000000,1200.000000
94553,28.276936,100419.304688,0.010000,18,1,1169,1212,1182,1237,1200.000000,1,1,2,1,0.701941,0.691585,0.442561,0.026578,0.272713,0.272714,0.469706,0.469706,13,0.468000,0.973000,0.126000,0.219024,0.946729,0.015876,1,1,1.500000,-0.002093,0.117289,-0.007153,-0.000389,0.016192,0.678565,0.690603,5.426105,0.019000,-0.025000,0.005000,1.234366,3.384345,-108.442924,-106.954063,-107.288361,-0.334297,-0.744414,0.077601,0.096784,0.356092,-0.009502,-0.024406,-0.002881,0,0.344868,0.032401,1,0,0,0.000000,0.000000,0.000000,0.000000,0.000000,0.000000,0.000000,0.000000,0,0.000000,0.000000,0.000000,0.000000,1,0,0,1,192,2.000000,-0.367088,0.149836,0.000000,0.000000,0.000000,0.000000,0.000000,0.000000,0,1200.000000,1200.000000,1200.000000
94641,28.276287,100418.703125,0.030000,20,1,1168,1213,1183,1236,1200.000000,1,1,2,1,0.703761,0.689485,0.388632,-0.049339,0.285460,0.285460,1.156900,1.156901,101,0.468000,0.973000,0.126000,0.219024,0.946729,0.015876,1,1,1.500000,-0.002093,0.117289,-0.007153,-0.000389,0.016192,0.678565,0.690603,5.426105,0.019000,-0.025000,0.005000,1.246702,3.384322,-108.453835,-106.953651,-107.288361,-0.334707,-0.696683,-0.172854,0.016593,0.025045,-0.009489,-0.024393,-0.001889,0,0.386602,0.041183,1,0,0,0.000000,0.000000,0.000000,0.000000,0.000000,0.000000,0.000000,0.000000,0,0.000000,0.000000,0.000000,0.000000,1,0,0,1,192,2.000000,-0.389524,0.049853,0.000000,0.000000,0.000000,0.000000,0.000000,0.000000,0,1200.000000,1200.000000,1200.000000
94741,28.279633,100420.000000,0.030000,19,1,1172,1210,1179,1239,1200.000000,1,1,2,1,0.699238,0.690438,0.397824,-0.063207,0.283375,0.283375,1.184611,1.184612,77,0.468000,0.973000,0.125000,0.219024,0.946729,0.015625,1,1,1.500000,-0.002080,0.117313,-0.007098,-0.000405,0.015904,0.667453,0.690611,5.419086,-0.010000,0.003000,-0.006000,1.235242,3.387051,-108.457497,-106.944626,-107.288361,-0.343736,-2.076471,-0.264122,-0.024441,0.091310,-0.009304,-0.024508,-0.005675,0,0.397196,0.043422,1,0,0,0.000000,0.000000,0.000000,0.000000,0.000000,0.000000,0.000000,0.000000,0,0.000000,0.000000,0.000000,0.000000,1,0,0,1,192,2.000000,-0.398959,0.063171,0.000000,0.000000,0.000000,0.000000,0.000000,0.000000,0,1200.000000,1200.000000,1200.000000
94854,28.283749,100419.601563,0.040000,4,1,1167,1213,1183,1236,1200.000000,1,1,2,1,0.696857,0.689981,0.382188,-0.066207,0.277800,0.277801,1.024412,1.024413,65,0.468000,0.973000,0.109000,0.219024,0.946729,0.011881,1,1,1.500000,-0.002076,0.117332,-0.007061,-0.000445,0.015838,0.667449,0.690617,5.414069,0.001000,-0.004000,-0.008000,1.232039,3.387985,-108.456764,-106.961174,-107.288361,-0.327187,-0.726519,0.056137,0.097232,-0.007381,-0.009680,-0.024768,-0.001883,0,0.389395,0.041788,1,0,0,0.000000,0.000000,0.000000,0.000000,0.000000,0.000000,0.000000,0.000000,0,0.000000,0.000000,0.000000,0.000000,1,0,0,1,192,2.000000,-0.409466,0.011883,0.000000,0.000000,0.000000,0.000000,0.000000,0.000000,0,1200.000000,1200.000000,1200.000000
94952,28.278896,100420.000000,0.030000,4,1,1167,1214,1183,1236,1200.000000,1,1,2,1,0.694787,0.691544,0.396488,-0.021353,0.274166,0.274166,0.895959,0.895960,41,0.468000,0.973000,0.131000,0.219024,0.946729,0.017161,1,1,1.500000,-0.002060,0.117377,-0.007002,-0.000231,0.016642,0.667469,0.690609,5.411086,-0.001000,0.015000,-0.006000,1.232937,3.394394,-108.461090,-106.954353,-107.288361,-0.334003,-0.743312,0.036462,0.091797,-0.147836,-0.009731,-0.024910,-0.001559,0,0.393667,0.042748,1,0,0,0.000000,0.000000,0.000000,0.000000,0.000000,0.000000,0.000000,0.000000,0,0.000000,0.000000,0.000000,0.000000,1,0,0,1,192,2.000000,-0.423536,-0.016253,0.000000,0.000000,0.000000,0.000000,0.000000,0.000000,0,1200.000000,1200.000000,1200.000000
95039,28.279213,100420.203125,0.020000,5,1,1167,1213,1183,1237,1200.000000,1,1,2,1,0.694759,0.692620,0.336005,-0.195258,0.297688,0.297688,1.331020,1.331022,1,0.468000,0.973000,0.111000,0.219024,0.946729,0.012321,1,1,1.500000,-0.002053,0.117404,-0.006957,-0.000275,0.016601,0.667469,0.690609,5.411086,0.013000,0.009000,-0.011000,1.231883,3.393018,-108.462639,-106.954155,-107.288361,-0.334208,-0.698878,-0.462244,0.042427,0.071256,-0.009563,-0.024981,-0.002016,0,0.324422,0.028454,1,0,0,0.000000,0.000000,0.000000,0.000000,0.000000,0.000000,0.000000,0.000000,0,0.000000,0.000000,0.000000,0.000000,1,0,0,1,192,2.000000,-0.365698,0.090953,0.000000,0.000000,0.000000,0.000000,0.000000,0.000000,0,1200.000000,1200.000000,1200.000000
95142,28.280439,100420.000000,0.020000,22,1,1167,1213,1182,1237,1200.000000,1,1,2,1,0.694856,0.693074,0.355811,-0.103008,0.290411,0.290411,1.262003,1.262004,104,0.468000,0.973000,0.111000,0.219024,0.946729,0.012321,1,1,1.500000,-0.002053,0.117404,-0.006957,-0.000275,0.016601,0.667466,0.690598,5.406123,0.013000,0.009000,-0.011000,1.234383,3.395429,-108.465462,-106.945160,-107.288361,-0.343203,-0.767718,-0.099223,0.032975,0.130178,-0.009765,-0.025144,-0.002351,0,0.343509,0.032353,1,0,0,0.000000,0.000000,0.000000,0.000000,0.000000,0.000000,0.000000,0.000000,0,0.000000,0.000000,0.000000,0.000000,1,0,0,1,192,2.000000,-0.357354,0.102637,0.000000,0.000000,0.000000,0.000000,0.000000,0.000000,0,1200.000000,1200.000000,1200.000000
95254,28.276917,100418.000000,0.040000,5,1,1166,1213,1183,1237,1200.000000,1,1,2,1,0.692458,0.690681,0.356537,-0.048536,0.281593,0.281594,1.023889,1.023890,81,0.468000,0.973000,0.129000,0.219024,0.946729,0.016641,1,1,1.500000,-0.002033,0.117459,-0.006887,-0.000222,0.016666,0.667486,0.690611,5.412067,0.000000,-0.013000,0.002000,1.242737,3.394591,-108.470451,-106.960587,-107.288361,-0.327774,-0.755705,0.150002,-0.089533,-0.116093,-0.010062,-0.025152,-0.001675,0,0.362492,0.036146,1,0,0,0.000000,0.000000,0.000000,0.000000,0.000000,0.000000,0.000000,0.000000,0,0.000000,0.000000,0.000000,0.000000,1,0,0,1,192,2.000000,-0.382479,-0.002119,0.000000,0.000000,0.000000,0.000000,0.000000,0.000000,0,1200.000000,1200.000000,1200.000000
95349,28.280788,100419.703125,0.030000,0,1,1167,1213,1183,1237,1200.000000,1,1,2,1,0.689066,0.692358,0.397919,0.001466,0.278663,0.278664,1.051201,1.051201,58,0.468000,0.973000,0.126000,0.219024,0.946729,0.015876,1,1,1.500000,-0.002016,0.117521,-0.006802,-0.000614,0.016485,0.656361,0.699437,5.410125,-0.006000,0.007000,-0.005000,1.243894,3.397711,-108.472946,-106.944740,-107.288361,-0.343620,-0.765942,0.056061,0.023279,-0.030520,-0.010024,-0.025375,-0.001925,0,0.394991,0.043053,1,0,0,0.000000,0.000000,0.000000,0.000000,0.000000,0.000000,0.000000,0.000000,0,0.000000,0.000000,0.000000,0.000000,1,0,0,1,192,2.000000,-0.397914,-0.001518,0.000000,0.000000,0.000000,0.000000,0.000000,0.000000,0,1200.000000,1200.000000,1200.000000
95439,28.281279,100419.398438,0.030000,4,1,1167,1213,1182,1238,1200.000000,1,1,2,1,0.686427,0.693093,0.388306,-0.008372,0.272210,0.272210,0.678466,0.678466,28,0.468000,0.973000,0.134000,0.219024,0.946729,0.017956,1,1,1.500000,-0.002004,0.117579,-0.006733,-0.000539,0.016516,0.656425,0.699443,5.399067,-0.002000,0.003000,-0.013000,1.238664,3.398584,-108.472916,-106.912636,-107.288361,-0.375722,-0.863421,0.101555,-0.019298,0.048582,-0.010021,-0.025427,-0.002388,0,0.383987,0.040766,1,0,0,0.000000,0.000000,0.000000,0.000000,0.000000,0.000000,0.000000,0.000000,0,0.000000,0.000000,0.000000,0.000000,1,0,0,1,192,2.000000,-0.413855,-0.013114,0.000000,0.000000,0.000000,0.000000,0.000000,0.000000,0,1200.000000,1200.000000,1200.000000
95534,28.279650,100419.898438,0.030000,13,1,1167,1213,1182,1238,1200.000000,1,1,2,1,0.686159,0.693129,0.333608,-0.133924,0.298504,0.298504,1.350479,1.350480,123,0.468000,0.973000,0.134000,0.219024,0.946729,0.017956,1,1,1.500000,-0.002004,0.117579,-0.006733,-0.000539,0.016516,0.656425,0.699443,5.399067,-0.002000,0.003000,-0.013000,1.233408,3.396232,-108.472015,-106.912735,-107.288361,-0.375626,-0.847251,-0.035215,-0.022874,0.149699,-0.010038,-0.025567,-0.002610,0,0.331000,0.029907,1,0,0,0.000000,0.000000,0.000000,0.000000,0.000000,0.000000,0.000000,0.000000,0,0.000000,0.000000,0.000000,0.000000,1,0,0,1,192,2.000000,-0.334948,0.133981,0.000000,0.000000,0.000000,0.000000,0.000000,0.000000,0,1200.000000,1200.000000,1200.000000
95638,28.281490,100419.898438,0.040000,31,1,1167,1213,1182,1237,1200.000000,1,1,2,1,0.685146,0.693404,0.352612,-0.061737,0.291077,0.291077,1.260121,1.260121,96,0.468000,0.973000,0.110000,0.219024,0.946729,0.012100,1,1,1.500000,-0.001975,0.117647,-0.006660,-0.000078,0.016841,0.656469,0.699443,5.403050,0.007000,-0.001000,-0.010000,1.232716,3.395108,-108.474220,-106.919777,-107.288361,-0.368584,-0.792823,-0.103233,-0.116494,0.017796,-0.009857,-0.025338,-0.002122,0,0.359739,0.035652,1,0,0,0.000000,0.000000,0.000000,0.000000,0.000000,0.000000,0.000000,0.000000,0,0.000000,0.000000,0.000000,0.000000,1,0,0,1,192,2.000000,-0.353107,0.062087,0.000000,0.000000,0.000000,0.000000,0.000000,0.000000,0,1200.000000,1200.000000,1200.000000
95748,28.279879,100420.101563,0.020000,1,1,1166,1214,1182,1238,1200.000000,1,1,2,1,0.681902,0.693001,0.374701,-0.007391,0.283756,0.283756,1.123167,1.123168,85,0.468000,0.973000,0.134000,0.219024,0.946729,0.017956,1,1,1.500000,-0.001951,0.117704,-0.006599,-0.000066,0.016838,0.656429,0.699437,5.399086,-0.006000,-0.007000,-0.013000,1.233579,3.394047,-108.479050,-106.929100,-107.288361,-0.359261,-0.808447,-0.013559,0.003679,0.022586,-0.010117,-0.025828,-0.002176,0,0.359133,0.035659,1,0,0,0.000000,0.000000,0.000000,0.000000,0.000000,0.000000,0.000000,0.000000,0,0.000000,0.000000,0.000000,0.000000,1,0,0,1,192,2.000000,-0.374804,0.007365,0.000000,0.000000,0.000000,0.000000,0.000000,0.000000,0,1200.000000,1200.000000,1200.000000
95847,28.282417,100420.703125,0.010000,1,1,1165,1214,1183,1238,1200.000000,1,1,2,1,0.682495,0.692576,0.395763,0.017343,0.277706,0.277706,0.970499,0.970500,59,0.468000,0.973000,0.124000,0.219024,0.946729,0.015376,1,1,1.500000,-0.001918,0.117775,-0.006527,0.000092,0.016955,0.656435,0.699442,5.420067,0.021000,-0.009000,0.009000,1.240519,3.396970,-108.482414,-106.928780,-107.288361,-0.359582,-0.852280,0.585397,0.062178,-0.327660,-0.010586,-0.026035,-0.001373,0,0.381577,0.040139,1,0,0,0.000000,0.000000,0.000000,0.000000,0.000000,0.000000,0.000000,0.000000,0,0.000000,0.000000,0.000000,0.000000,1,0,0,1,192,2.000000,-0.395589,-0.017519,0.000000,0.000000,0.000000,0.000000,0.000000,0.000000,0,1200.000000,1200.000000,1200.000000
95947,28.282629,100420.398438,-0.010000,0,1,1166,1213,1182,1239,1200.000000,1,1,2,1,0.680210,0.693083,0.416941,0.029368,0.273865,0.273866,0.865775,0.865775,36,0.468000,0.974000,0.105000,0.219024,0.948676,0.011025,1,1,1.500000,-0.001904,0.117870,-0.006586,0.000143,0.017611,0.656438,0.699436,5.411087,-0.006000,0.000000,0.004000,1.244098,3.398868,-108.490562,-106.929298,-107.288361,-0.359063,-0.884881,0.249838,0.026241,0.015791,-0.010405,-0.026126,-0.002358,0,0.310013,0.026230,1,0,0,0.000000,0.000000,0.000000,0.000000,0.000000,0.000000,0.000000,0.000000,0,0.000000,0.000000,0.000000,0.000000,1,0,0,1,192,2.000000,-0.416706,-0.029307,0.000000,0.000000,0.000000,0.000000,0.000000,0.000000,0,1200.000000,1200.000000,1200.000000
96037,28.284187,100420.601563,-0.020000,4,1,1165,1214,1182,1238,1200.000000,1,1,2,1,0.679828,0.692965,0.342078,-0.144540,0.296032,0.296032,1.311234,1.311235,126,0.468000,0.974000,0.105000,0.219024,0.948676,0.011025,1,1,1.500000,-0.001904,0.117870,-0.006586,0.000143,0.017611,0.656438,0.699436,5.411087,-0.006000,0.000000,0.004000,1.250461,3.396659,-108.494804,-106.944939,-107.288361,-0.343422,-0.765562,0.009739,0.127904,-0.106026,-0.010408,-0.026290,-0.001727,0,0.286897,0.022278,1,0,0,0.000000,0.000000,0.000000,0.000000,0.000000,0.000000,0.000000,0.000000,0,0.000000,0.000000,0.000000,0.000000,1,0,0,1,192,2.000000,-0.367815,0.057772,0.000000,0.000000,0.000000,0.000000,0.000000,0.000000,0,1200.000000,1200.000000,1200.000000
96142,28.289635,100421.000000,-0.030000,23,1,1164,1215,1183,1239,1200.000000,1,1,2,1,0.678439,0.692362,0.366015,-0.086610,0.291294,0.291294,1.287647,1.287648,104,0.469000,0.974000,0.120000,0.219961,0.948676,0.014400,1,1,1.500000,-0.001896,0.117962,-0.006648,-0.000041,0.017507,0.656402,0.699436,5.407107,0.001000,-0.008000,0.000000,1.280884,3.395867,-108.507515,-106.937271,-107.288361,-0.351085,-0.824895,0.206513,0.316326,-0.396472,-0.010721,-0.026695,-0.001122,0,0.300558,0.024735,1,0,0,0.000000,0.000000,0.000000,0.000000,0.000000,0.000000,0.000000,0.000000,0,0.000000,0.000000,0.000000,0.000000,1,0,0,1,192,2.000000,-0.366189,0.086632,0.000000,0.000000,0.000000,0.000000,0.000000,0.000000,0,1200.000000,1200.000000,1200.000000
96252,28.283224,100419.304688,-0.030000,4,1,1164,1215,1183,1238,1200.000000,1,1,2,1,0.675481,0.692182,0.377047,-0.029740,0.281365,0.281365,0.998833,0.998834,79,0.469000,0.974000,0.115000,0.219961,0.948676,0.013225,1,1,1.500000,-0.001894,0.118053,-0.006709,-0.000159,0.017448,0.645304,0.699452,5.404048,-0.005000,-0.007000,0.002000,1.287819,3.396318,-108.515572,-106.930969,-107.288361,-0.357390,-0.797604,-0.445138,-0.020695,-0.542511,-0.010456,-0.026469,-0.000668,0,0.309217,0.026299,1,0,0,0.000000,0.000000,0.000000,0.000000,0.000000,0.000000,0.000000,0.000000,0,0.000000,0.000000,0.000000,0.000000,1,0,0,1,192,2.000000,-0.399102,-0.011421,0.000000,0.000000,0.000000,0.000000,0.000000,0.000000,0,1200.000000,1200.000000,1200.000000
96346,28.278740,100417.804688,0.010000,4,1,1165,1213,1181,1240,1200.000000,1,1,2,1,0.673872,0.695124,0.395498,-0.021497,0.276053,0.276054,0.999189,0.999197,54,0.469000,0.975000,0.130000,0.219961,0.950625,0.016900,1,1,1.500000,-0.001879,0.118176,-0.006739,-0.000052,0.017954,0.645367,0.699432,5.404087,0.011000,0.022000,0.002000,1.274199,3.378924,-108.511787,-106.899048,-107.288361,-0.389314,-0.878926,-0.206342,0.141807,0.149107,-0.010573,-0.026625,-0.002691,0,0.371033,0.037983,1,0,0,0.000000,0.000000,0.000000,0.000000,0.000000,0.000000,0.000000,0.000000,0,0.000000,0.000000,0.000000,0.000000,1,0,0,1,192,2.000000,-0.420951,-0.020391,0.000000,0.000000,0.000000,0.000000,0.000000,0.000000,0,1200.000000,1200.000000,1200.000000
96443,28.281822,100420.500000,0.000000,15,1,1165,1213,1182,1239,1200.000000,1,1,2,1,0.672784,0.695894,0.418184,0.037607,0.274669,0.274670,0.735894,0.735894,28,0.469000,0.975000,0.139000,0.219961,0.950625,0.019321,1,1,1.500000,-0.001872,0.118296,-0.006771,-0.000219,0.017842,0.645345,0.699430,5.414108,0.012000,0.005000,0.024000,1.283738,3.369168,-108.515160,-106.905991,-107.288361,-0.382368,-0.859058,-0.289258,-0.337214,0.033452,-0.010714,-0.026271,-0.002337,0,0.383948,0.040688,1,0,0,0.000000,0.000000,0.000000,0.000000,0.000000,0.000000,0.000000,0.000000,0,0.000000,0.000000,0.000000,0.000000,1,0,0,1,192,2.000000,-0.418034,-0.037769,0.000000,0.000000,0.000000,0.000000,0.000000,0.000000,0,1200.000000,1200.000000,1200.000000
96562,28.277355,100417.804688,0.030000,4,1,1165,1214,1182,1239,1200.000000,1,1,2,1,0.671691,0.696884,0.413014,0.030888,0.273726,0.273726,0.470152,0.470152,16,0.469000,0.976000,0.135000,0.219961,0.952576,0.018225,1,1,1.500000,-0.001870,0.118411,-0.006818,-0.000219,0.017870,0.645281,0.699461,5.409029,0.006000,0.006000,0.012000,1.277161,3.371642,-108.525734,-106.931274,-107.288361,-0.357082,-0.805510,-0.327467,-0.207809,0.042246,-0.010398,-0.026656,-0.002219,0,0.411236,0.046669,1,0,0,0.000000,0.000000,0.000000,0.000000,0.000000,0.000000,0.000000,0.000000,0,0.000000,0.000000,0.000000,0.000000,1,0,0,1,192,2.000000,-0.441140,-0.047987,0.000000,0.000000,0.000000,0.000000,0.000000,0.000000,0,1200.000000,1200.000000,1200.000000
96678,28.285553,100420.898438,0.020000,35,1,1164,1214,1182,1240,1200.000000,1,1,2,1,0.669990,0.696608,0.430174,0.035206,0.272750,0.272751,0.769792,0.769778,14,0.469000,0.976000,0.117000,0.219961,0.952576,0.013689,1,1,1.500000,-0.001865,0.118534,-0.006862,-0.000226,0.017924,0.645287,0.699466,5.406009,-0.006000,-0.006000,0.010000,1.266882,3.363223,-108.533081,-106.947319,-107.288361,-0.341038,-0.741315,0.278394,-0.244510,0.118216,-0.011099,-0.026879,-0.002250,0,0.347678,0.033113,1,0,0,0.000000,0.000000,0.000000,0.000000,0.000000,0.000000,0.000000,0.000000,0,0.000000,0.000000,0.000000,0.000000,1,0,0,1,192,2.000000,-0.360443,0.071113,0.000000,0.000000,0.000000,0.000000,0.000000,0.000000,0,1200.000000,1200.000000,1200.000000
96746,28.283434,100419.500000,0.010000,13,1,1164,1215,1182,1239,1200.000000,1,1,2,1,0.670140,0.695716,0.378262,-0.059914,0.283732,0.283732,1.158867,1.158852,82,0.469000,0.976000,0.117000,0.219961,0.952576,0.013689,1,1,1.500000,-0.001865,0.118534,-0.006862,-0.000226,0.017924,0.645287,0.699466,5.406009,-0.006000,-0.006000,0.010000,1.279063,3.363284,-108.542381,-106.947426,-107.288361,-0.340936,-0.724265,-0.164556,0.104196,-0.174117,-0.010798,-0.027053,-0.001440,0,0.355881,0.034676,1,0,0,0.000000,0.000000,0.000000,0.000000,0.000000,0.000000,0.000000,0.000000,0,0.000000,0.000000,0.000000,0.000000,1,0,0,1,192,2.000000,-0.405854,-0.013556,0.000000,0.000000,0.000000,0.000000,0.000000,0.000000,0,1200.000000,1200.000000,1200.000000
96845,28.282103,100419.804688,0.010000,19,1,1166,1212,1182,1239,1200.000000,1,1,2,1,0.669966,0.696682,0.395784,-0.015400,0.278442,0.278442,1.024432,1.024424,56,0.469000,0.977000,0.119000,0.219961,0.954529,0.014161,1,1,1.500000,-0.001859,0.118643,-0.006909,-0.000221,0.017873,0.645292,0.699443,5.401088,0.017000,0.007000,0.004000,1.299871,3.358165,-108.537277,-106.946594,-107.288361,-0.341769,-0.688513,-0.243578,-0.422916,0.280189,-0.010830,-0.025856,-0.002536,0,0.371475,0.038089,1,0,0,0.000000,0.000000,0.000000,0.000000,0.000000,0.000000,0.000000,0.000000,0,0.000000,0.000000,0.000000,0.000000,1,0,0,1,192,2.000000,-0.395906,0.015177,0.000000,0.000000,0.000000,0.000000,0.000000,0.000000,0,1200.000000,1200.000000,1200.000000
96938,28.282488,100420.203125,0.020000,27,1,1165,1214,1179,1242,1200.000000,1,1,2,1,0.669732,0.697021,0.412353,0.029862,0.272712,0.272712,0.810847,0.810840,22,0.470000,0.977000,0.140000,0.220900,0.954529,0.019600,1,1,1.500000,-0.001845,0.118764,-0.006935,-0.000223,0.017855,0.645251,0.699455,5.406065,0.018000,0.000000,0.026000,1.270788,3.368196,-108.529060,-106.930527,-107.288361,-0.357834,-0.805361,-0.387565,0.122322,0.527048,-0.010631,-0.027681,-0.003488,0,0.324683,0.028511,1,0,0,0.000000,0.000000,0.000000,0.000000,0.000000,0.000000,0.000000,0.000000,0,0.000000,0.000000,0.000000,0.000000,1,0,0,1,192,2.000000,-0.336366,0.187619,0.000000,0.000000,0.000000,0.000000,0.000000,0.000000,0,1200.000000,1200.000000,1200.000000
97054,28.282207,100418.398438,0.010000,0,1,1159,1213,1185,1243,1200.000000,1,1,2,1,0.667113,0.698352,0.434242,0.046998,0.272861,0.272861,0.715395,0.715382,15,0.470000,0.978000,0.121000,0.220900,0.956484,0.014641,1,1,1.500000,-0.001829,0.118890,-0.006963,-0.000217,0.017907,0.634122,0.708286,5.406103,-0.007000,0.003000,0.017000,1.275932,3.343992,-108.534279,-106.962944,-107.288361,-0.325418,-0.620693,-0.095319,-0.058779,-0.221667,-0.014335,-0.028118,-0.001045,0,0.327823,0.029444,1,0,0,0.000000,0.000000,0.000000,0.000000,0.000000,0.000000,0.000000,0.000000,0,0.000000,0.000000,0.000000,0.000000,1,0,0,1,192,2.000000,-0.360063,0.073011,0.000000,0.000000,0.000000,0.000000,0.000000,0.000000,0,1200.000000,1200.000000,1200.000000
97145,28.282207,100419.304688,0.020000,1,1,1166,1212,1181,1241,1200.000000,1,1,2,1,0.666526,0.699483,0.381308,-0.026086,0.289436,0.289436,1.216708,1.216702,106,0.470000,0.978000,0.121000,0.220900,0.956484,0.014641,1,1,1.500000,-0.001829,0.118890,-0.006963,-0.000217,0.017907,0.634122,0.708286,5.406103,-0.007000,0.003000,0.017000,1.276770,3.339512,-108.527885,-106.963028,-107.288361,-0.325336,-0.722899,-0.194348,-0.852562,0.498455,-0.011031,-0.026422,-0.003197,0,0.368723,0.037421,1,0,0,0.000000,0.000000,0.000000,0.000000,0.000000,0.000000,0.000000,0.000000,0,0.000000,0.000000,0.000000,0.000000,1,0,0,1,192,2.000000,-0.381461,0.024699,0.000000,0.000000,0.000000,0.000000,0.000000,0.000000,0,1200.000000,1200.000000,1200.000000
97243,28.283066,100420.703125,0.010000,13,1,1165,1211,1183,1240,1200.000000,1,1,2,1,0.666961,0.695948,0.380651,-0.004879,0.282430,0.282430,1.036542,1.036541,68,0.470000,0.978000,0.139000,0.220900,0.956484,0.019321,1,1,1.500000,-0.001812,0.119008,-0.006997,-0.000216,0.017910,0.634110,0.699439,5.397142,0.018000,-0.019000,0.019000,1.288408,3.307876,-108.535843,-106.979156,-107.288361,-0.309203,-0.729400,0.400761,-0.714092,0.243195,-0.011571,-0.025567,-0.002546,0,0.355546,0.034838,1,0,0,0.000000,0.000000,0.000000,0.000000,0.000000,0.000000,0.000000,0.000000,0,0.000000,0.000000,0.000000,0.000000,1,0,0,1,192,2.000000,-0.380681,0.003493,0.000000,0.000000,0.000000,0.000000,0.000000,0.000000,0,1200.000000,1200.000000,1200.000000
97349,28.281717,100418.703125,0.020000,33,1,1167,1212,1185,1236,1200.000000,1,1,2,1,0.663925,0.700529,0.402197,0.044704,0.278932,0.278932,1.021129,1.021143,57,0.470000,0.979000,0.133000,0.220900,0.958441,0.017689,1,1,1.500000,-0.001802,0.119110,-0.007043,-0.000214,0.017892,0.634008,0.708217,5.403408,-0.003000,0.030000,0.031000,1.279812,3.227732,-108.518120,-107.038170,-107.288361,-0.250190,-0.487356,-0.703598,-1.092701,0.088439,-0.010682,-0.024144,-0.001507,0,0.386810,0.041357,1,0,0,0.000000,0.000000,0.000000,0.000000,0.000000,0.000000,0.000000,0.000000,0,0.000000,0.000000,0.000000,0.000000,1,0,0,1,192,2.000000,-0.401758,-0.043106,0.000000,0.000000,0.000000,0.000000,0.000000,0.000000,0,1200.000000,1200.000000,1200.000000
97433,28.286535,100419.304688,0.010000,31,1,1163,1214,1184,1238,1200.000000,1,1,2,1,0.664802,0.702185,0.426875,0.081798,0.273629,0.273629,0.697144,0.697146,19,0.470000,0.979000,0.138000,0.220900,0.958441,0.019044,1,1,1.500000,-0.001786,0.119217,-0.007075,-0.000214,0.017872,0.633830,0.708147,5.398747,0.042000,0.012000,0.049000,1.265401,3.119229,-108.519669,-107.095848,-107.288361,-0.192516,-0.351138,-0.281727,-1.444695,-0.102352,-0.011217,-0.026107,-0.000651,0,0.328194,0.029376,1,0,0,0.000000,0.000000,0.000000,0.000000,0.000000,0.000000,0.000000,0.000000,0,0.000000,0.000000,0.000000,0.000000,1,0,0,1,192,2.000000,-0.351256,0.081820,0.000000,0.000000,0.000000,0.000000,0.000000,0.000000,0,1200.000000,1200.000000,1200.000000
97562,28.284801,100419.398438,0.020000,29,1,1160,1221,1189,1229,1200.000000,1,1,2,1,0.662366,0.703351,0.422759,0.050507,0.273638,0.273638,0.696738,0.696738,16,0.470000,0.979000,0.124000,0.220900,0.958441,0.015376,1,1,1.500000,-0.001767,0.119338,-0.007101,-0.000209,0.017912,0.622407,0.708090,5.388127,-0.017000,-0.007000,0.030000,1.141588,2.958348,-108.574432,-107.206497,-107.288361,-0.081860,1.294706,-2.373812,-0.853599,-0.712190,-0.009235,-0.025104,0.005254,0,0.340823,0.031271,1,0,0,0.000000,0.000000,0.000000,0.000000,0.000000,0.000000,0.000000,0.000000,0,0.000000,0.000000,0.000000,0.000000,1,0,0,1,192,2.000000,-0.422503,-0.052100,0.000000,0.000000,0.000000,0.000000,0.000000,0.000000,0,1200.000000,1200.000000,1200.000000
97648,28.286921,100421.500000,0.000000,24,1,1166,1230,1179,1225,1200.000000,1,1,2,1,0.660511,0.702850,0.369947,-0.095605,0.289979,0.289979,1.216499,1.216511,102,0.470000,0.979000,0.124000,0.220900,0.958441,0.015376,1,1,1.500000,-0.001767,0.119338,-0.007101,-0.000209,0.017912,0.622407,0.708090,5.388127,-0.017000,-0.007000,0.030000,0.607940,3.004652,-108.710831,-107.334846,-107.288361,0.046486,0.142555,-10.727663,0.496687,-1.580784,-0.001672,-0.027433,0.004512,0,0.337046,0.031165,1,0,0,0.000000,0.000000,0.000000,0.000000,0.000000,0.000000,0.000000,0.000000,0,0.000000,0.000000,0.000000,0.000000,1,0,0,1,192,2.000000,-0.371228,0.087577,0.000000,0.000000,0.000000,0.000000,0.000000,0.000000,0,1200.000000,1200.000000,1200.000000
97747,28.283609,100418.203125,0.030000,23,1,1184,1239,1166,1211,1200.000000,1,1,2,1,0.658420,0.703974,0.385352,-0.102658,0.282162,0.282162,1.088812,1.088925,83,0.470000,0.980000,0.135000,0.220900,0.960400,0.018225,1,1,1.500000,-0.001747,0.119458,-0.007124,-0.000205,0.017901,0.632726,0.717158,5.391718,0.013000,-0.005000,0.011000,-0.971643,2.989375,-108.925316,-107.491989,-107.288361,0.203628,-0.921999,-21.929213,-1.594104,-1.894506,0.011386,-0.024807,0.002546,0,0.384459,0.040712,1,0,0,0.000000,0.000000,0.000000,0.000000,0.000000,0.000000,0.000000,0.000000,0,0.000000,0.000000,0.000000,0.000000,1,0,0,1,192,2.000000,-0.386520,0.092061,0.000000,0.000000,0.000000,0.000000,0.000000,0.000000,0,1200.000000,1200.000000,1200.000000
97866,28.286167,100418.101563,0.040000,14,1,1203,1235,1149,1212,1200.000000,1,1,2,1,0.651492,0.703997,0.374020,-0.074969,0.281768,0.281769,1.111256,1.111630,77,0.471000,0.980000,0.134000,0.221841,0.960400,0.017956,1,1,1.500000,-0.001724,0.119583,-0.007150,-0.000030,0.018034,0.619919,0.717512,5.376433,-0.007000,-0.008000,-0.006000,-3.982400,2.594394,-109.076050,-107.499329,-107.288361,0.210971,-2.043593,-25.034784,-1.959160,0.913662,0.019278,-0.023761,-0.007742,0,0.381251,0.040108,1,0,0,0.000000,0.000000,0.000000,0.000000,0.000000,0.000000,0.000000,0.000000,0,0.000000,0.000000,0.000000,0.000000,1,0,0,1,192,2.000000,-0.374689,0.073558,0.000000,0.000000,0.000000,0.000000,0.000000,0.000000,0,1200.000000,1200.000000,1200.000000
97932,28.281858,100416.398438,0.070000,37,1,1209,1235,1131,1225,1200.000000,1,1,2,1,0.645542,0.699715,0.409741,-0.026492,0.271732,0.271733,0.732927,0.733007,18,0.471000,0.981000,0.132000,0.221841,0.962361,0.017424,1,1,1.500000,-0.001687,0.119727,-0.007138,0.000264,0.018779,0.607784,0.709012,5.349867,-0.072000,-0.067000,-0.036000,-5.338749,2.683828,-108.909920,-107.265724,-107.288361,-0.022635,-2.765306,-18.138105,3.260176,3.804017,0.021866,-0.029859,-0.017198,0,0.381703,0.039834,1,0,0,0.000000,0.000000,0.000000,0.000000,0.000000,0.000000,0.000000,0.000000,0,0.000000,0.000000,0.000000,0.000000,1,0,0,1,192,2.000000,-0.339487,0.169336,0.000000,0.000000,0.000000,0.000000,0.000000,0.000000,0,1200.000000,1200.000000,1200.000000
98041,28.284502,100412.000000,0.200000,5,1,1203,1215,1130,1251,1200.000000,1,1,2,1,0.630797,0.694881,0.293913,-0.275607,0.297526,0.297534,1.332160,1.333058,1,0.471000,0.981000,0.119000,0.221841,0.962361,0.014161,1,1,1.500000,-0.001667,0.119831,-0.007127,-0.000096,0.018200,0.607784,0.709012,5.349867,-0.122000,-0.051000,-0.031000,-6.134658,3.278460,-108.384102,-106.540077,-107.288361,-0.748281,-3.621325,5.934702,8.833790,6.736330,0.009252,-0.033240,-0.027116,0,0.475399,0.061121,1,0,0,0.000000,0.000000,0.000000,0.000000,0.000000,0.000000,0.000000,0.000000,0,0.000000,0.000000,0.000000,0.000000,1,0,0,1,192,2.000000,-0.335399,0.123592,0.000000,0.000000,0.000000,0.000000,0.000000,0.000000,0,1200.000000,1200.000000,1200.000000
98142,28.284887,100415.703125,0.240000,20,1,1194,1173,1143,1291,1200.000000,1,1,2,1,0.617403,0.690875,0.286260,-0.163575,0.290347,0.290352,1.262940,1.263598,102,0.471000,0.981000,0.119000,0.221841,0.962361,0.014161,1,1,1.500000,-0.001667,0.119831,-0.007127,-0.000096,0.018200,0.587171,0.709347,5.336824,-0.122000,-0.051000,-0.031000,-4.205574,3.881629,-107.550568,-105.578812,-107.288361,-1.709549,-7.035486,31.379303,0.927866,9.104404,-0.016890,-0.031708,-0.042254,0,0.507465,0.070621,1,0,0,0.000000,0.000000,0.000000,0.000000,0.000000,0.000000,0.000000,0.000000,0,0.000000,0.000000,0.000000,0.000000,1,0,0,1,192,2.000000,-0.286921,0.166678,0.000000,0.000000,0.000000,0.000000,0.000000,0.000000,0,1200.000000,1200.000000,1200.000000
98232,28.281034,100414.703125,0.290000,24,1,1179,1152,1154,1315,1200.000000,1,1,2,1,0.595901,0.686349,0.298894,0.075506,0.277858,0.277858,0.884659,0.884782,57,0.471000,0.980000,0.100000,0.221841,0.960400,0.010000,1,1,1.500000,-0.001720,0.119833,-0.007289,0.000091,0.016198,0.558677,0.699851,5.363695,-0.232000,-0.048000,0.075000,-0.821569,3.846866,-106.751709,-104.702232,-107.288361,-2.586128,-8.997224,41.575691,2.330992,8.919298,-0.034602,-0.033600,-0.046905,0,0.565831,0.088393,1,0,0,0.000000,0.000000,0.000000,0.000000,0.000000,0.000000,0.000000,0.000000,0,0.000000,0.000000,0.000000,0.000000,1,0,0,1,192,2.000000,-0.297891,-0.067964,0.000000,0.000000,0.000000,0.000000,0.000000,0.000000,0,1200.000000,1200.000000,1200.000000
98353,28.279562,100418.398438,0.260000,3,1,1188,1147,1138,1327,1200.000000,1,1,2,1,0.539656,0.650434,0.259080,-0.043147,0.277986,0.277986,1.020952,1.020978,63,0.470000,0.980000,0.105000,0.220900,0.960400,0.011025,1,1,1.500000,-0.001874,0.119729,-0.007748,-0.001053,0.015291,0.486081,0.654654,5.293260,-0.469000,-0.301000,-0.001000,3.927174,4.164012,-105.590096,-103.551552,-107.288361,-3.736810,-13.060855,32.946026,7.898826,8.949163,-0.032266,-0.036891,-0.057622,0,0.494000,0.067196,1,0,0,0.000000,0.000000,0.000000,0.000000,0.000000,0.000000,0.000000,0.000000,0,0.000000,0.000000,0.000000,0.000000,1,0,0,1,192,2.000000,-0.293743,-0.020057,0.000000,0.000000,0.000000,0.000000,0.000000,0.000000,0,1200.000000,1200.000000,1200.000000
98442,28.282331,100416.304688,0.260000,7,1,1165,1159,1141,1335,1200.000000,1,1,2,1,0.509967,0.627661,0.262767,-0.002045,0.271977,0.271977,0.732970,0.732971,28,0.470000,0.980000,0.103000,0.220900,0.960400,0.010609,1,1,1.500000,-0.002092,0.119625,-0.008368,-0.002260,0.015064,0.457259,0.627907,5.328974,-0.300000,-0.244000,0.025000,6.159463,4.917003,-104.851654,-102.867767,-107.288361,-4.420594,-12.468028,10.735336,6.483264,6.642428,-0.037597,-0.047014,-0.050031,0,0.495837,0.067989,1,0,0,0.000000,0.000000,0.000000,0.000000,0.000000,0.000000,0.000000,0.000000,0,0.000000,0.000000,0.000000,0.000000,1,0,0,1,192,2.000000,-0.262779,0.002304,0.000000,0.000000,0.000000,0.000000,0.000000,0.000000,0,1200.000000,1200.000000,1200.000000
98534,28.281944,100412.898438,0.310000,13,1,1181,1162,1144,1313,1200.000000,1,1,2,1,0.486625,0.605248,0.184869,-0.240381,0.298775,0.298777,1.352033,1.352347,120,0.470000,0.980000,0.103000,0.220900,0.960400,0.010609,1,1,1.500000,-0.002092,0.119625,-0.008368,-0.002260,0.015064,0.457259,0.627907,5.328974,-0.300000,-0.244000,0.025000,6.741951,5.333801,-104.356689,-102.373840,-107.288361,-4.914519,-13.839765,2.208120,1.025876,4.149880,-0.028490,-0.037673,-0.047097,0,0.474630,0.061490,1,0,0,0.000000,0.000000,0.000000,0.000000,0.000000,0.000000,0.000000,0.000000,0,0.000000,0.000000,0.000000,0.000000,1,0,0,1,192,2.000000,-0.225088,0.113248,0.000000,0.000000,0.000000,0.000000,0.000000,0.000000,0,1200.000000,1200.000000,1200.000000
98638,28.286972,100414.203125,0.370000,31,1,1191,1162,1165,1282,1200.000000,1,1,2,1,0.439079,0.606667,0.184198,-0.126995,0.290850,0.290855,1.261448,1.262094,96,0.470000,0.980000,0.104000,0.220900,0.960400,0.010816,1,1,1.500000,-0.002345,0.119472,-0.009074,-0.002455,0.013126,0.414944,0.628062,5.341114,-0.384000,-0.071000,-0.009000,6.897157,5.224575,-103.994659,-102.092682,-107.288361,-5.195677,-12.362907,-4.010411,-4.976335,1.713165,-0.023540,-0.021987,-0.036851,0,0.535403,0.078990,1,0,0,0.000000,0.000000,0.000000,0.000000,0.000000,0.000000,0.000000,0.000000,0,0.000000,0.000000,0.000000,0.000000,1,0,0,1,192,2.000000,-0.186688,0.123917,0.000000,0.000000,0.000000,0.000000,0.000000,0.000000,0,1200.000000,1200.000000,1200.000000
98749,28.278250,100413.804688,0.420000,1,1,1206,1190,1144,1260,1200.000000,1,1,2,1,0.408490,0.587397,0.184219,-0.072904,0.283516,0.283515,1.124505,1.124614,85,0.469000,0.980000,0.098000,0.219961,0.960400,0.009604,1,1,1.500000,-0.002547,0.119277,-0.009789,-0.001765,0.013270,0.393247,0.601221,5.359176,-0.252000,-0.158000,0.006000,5.019030,4.158004,-104.092628,-102.177620,-107.288361,-5.110744,-13.512001,-29.127441,-5.674977,-0.900351,-0.002134,-0.024909,-0.033017,0,0.575697,0.091649,1,0,0,0.000000,0.000000,0.000000,0.000000,0.000000,0.000000,0.000000,0.000000,0,0.000000,0.000000,0.000000,0.000000,1,0,0,1,192,2.000000,-0.185076,0.069300,0.000000,0.000000,0.000000,0.000000,0.000000,0.000000,0,1200.000000,1200.000000,1200.000000
98847,28.283346,100417.304688,0.390000,0,1,1187,1198,1147,1268,1200.000000,1,1,2,1,0.390557,0.579732,0.140229,-0.103185,0.277489,0.277488,0.971104,0.971262,61,0.469000,0.980000,0.105000,0.219961,0.960400,0.011025,1,1,1.500000,-0.002677,0.119230,-0.010230,-0.001624,0.016454,0.369233,0.592164,5.330215,-0.160000,-0.100000,-0.015000,2.588274,4.133945,-104.257561,-102.286034,-107.288361,-5.002328,-12.053385,-17.572472,2.097968,-1.535599,-0.007686,-0.032971,-0.027535,0,0.506265,0.070536,1,0,0,0.000000,0.000000,0.000000,0.000000,0.000000,0.000000,0.000000,0.000000,0,0.000000,0.000000,0.000000,0.000000,1,0,0,1,192,2.000000,-0.176659,0.038141,0.000000,0.000000,0.000000,0.000000,0.000000,0.000000,0,1200.000000,1200.000000,1200.000000
98980,28.283924,100417.000000,0.360000,30,1,1181,1201,1146,1272,1200.000000,1,1,2,1,0.359783,0.568767,0.140172,-0.079540,0.277951,0.277951,1.050013,1.050021,66,0.469000,0.980000,0.115000,0.219961,0.960400,0.013225,1,1,1.500000,-0.002783,0.119404,-0.010460,-0.002026,0.021146,0.334805,0.583748,5.333942,-0.199000,-0.087000,-0.010000,1.333624,4.330308,-104.483078,-102.307022,-107.288361,-4.981339,-12.376120,-2.645416,3.765615,-2.279585,-0.009224,-0.036625,-0.026433,0,0.475757,0.062343,1,0,0,0.000000,0.000000,0.000000,0.000000,0.000000,0.000000,0.000000,0.000000,0,0.000000,0.000000,0.000000,0.000000,1,0,0,1,192,2.000000,-0.140330,0.078281,0.000000,0.000000,0.000000,0.000000,0.000000,0.000000,0,1200.000000,1200.000000,1200.000000
99050,28.280088,100415.898438,0.340000,14,1,1188,1190,1152,1270,1200.000000,1,1,2,1,0.339936,0.565415,0.148478,-0.034293,0.272121,0.272121,0.791676,0.791677,9,0.470000,0.980000,0.121000,0.220900,0.960400,0.014641,1,1,1.500000,-0.002898,0.119649,-0.010603,-0.001781,0.022668,0.301314,0.583940,5.304324,-0.233000,-0.071000,-0.037000,1.112892,4.377071,-104.615967,-102.273430,-107.288361,-5.014930,-12.486200,-0.158662,-3.973933,-1.501319,-0.010867,-0.029969,-0.028758,0,0.379532,0.038847,1,0,0,0.000000,0.000000,0.000000,0.000000,0.000000,0.000000,0.000000,0.000000,0,0.000000,0.000000,0.000000,0.000000,1,0,0,1,192,2.000000,-0.099532,0.192069,0.000000,0.000000,0.000000,0.000000,0.000000,0.000000,0,1200.000000,1200.000000,1200.000000
99142,28.281017,100417.000000,0.310000,20,1,1177,1192,1155,1277,1200.000000,1,1,2,1,0.318075,0.558326,0.082595,-0.213554,0.290718,0.290718,1.264456,1.264481,101,0.470000,0.980000,0.121000,0.220900,0.960400,0.014641,1,1,1.500000,-0.002898,0.119649,-0.010603,-0.001781,0.022668,0.301314,0.583940,5.304324,-0.233000,-0.071000,-0.037000,1.332940,4.226965,-104.780792,-102.184517,-107.288361,-5.103845,-12.680200,5.985944,2.104369,-2.440499,-0.015825,-0.034303,-0.026807,0,0.364292,0.036351,1,0,0,0.000000,0.000000,0.000000,0.000000,0.000000,0.000000,0.000000,0.000000,0,0.000000,0.000000,0.000000,0.000000,1,0,0,1,192,2.000000,-0.083446,0.211872,0.000000,0.000000,0.000000,0.000000,0.000000,0.000000,0,1200.000000,1200.000000,1200.000000
99232,28.277933,100416.804688,0.310000,24,1,1172,1179,1166,1283,1200.000000,1,1,2,1,0.299988,0.552965,0.106226,-0.089488,0.278136,0.278135,0.884974,0.884975,62,0.470000,0.981000,0.122000,0.220900,0.962361,0.014884,1,1,1.500000,-0.003023,0.119777,-0.010903,-0.001770,0.020380,0.279718,0.574906,5.256880,-0.195000,-0.074000,-0.082000,2.302624,4.283340,-104.943993,-102.105042,-107.288361,-5.183321,-12.507790,12.198682,-1.930707,-2.069628,-0.024584,-0.031155,-0.027327,0,0.384827,0.040852,1,0,0,0.000000,0.000000,0.000000,0.000000,0.000000,0.000000,0.000000,0.000000,0,0.000000,0.000000,0.000000,0.000000,1,0,0,1,192,2.000000,-0.107442,0.084912,0.000000,0.000000,0.000000,0.000000,0.000000,0.000000,0,1200.000000,1200.000000,1200.000000
99353,28.282068,100417.703125,0.260000,3,1,1165,1190,1166,1279,1200.000000,1,1,2,1,0.268660,0.541475,0.097387,-0.153335,0.277271,0.277271,0.969930,0.969951,67,0.470000,0.980000,0.116000,0.220900,0.960400,0.013456,1,1,1.500000,-0.003151,0.119822,-0.011197,-0.001617,0.019532,0.246901,0.556990,5.250628,-0.245000,-0.102000,-0.084000,3.618516,4.303683,-105.224632,-102.331367,-107.288361,-4.956996,-10.784732,8.043400,3.343633,-2.331347,-0.022394,-0.034383,-0.022131,0,0.319782,0.028177,1,0,0,0.000000,0.000000,0.000000,0.000000,0.000000,0.000000,0.000000,0.000000,0,0.000000,0.000000,0.000000,0.000000,1,0,0,1,192,2.000000,-0.121481,0.096692,0.000000,0.000000,0.000000,0.000000,0.000000,0.000000,0,1200.000000,1200.000000,1200.000000
99442,28.283609,100418.101563,0.260000,7,1,1142,1207,1146,1305,1200.000000,1,1,2,1,0.252117,0.534634,0.109926,-0.150771,0.271925,0.271925,0.790333,0.790355,28,0.469000,0.980000,0.130000,0.219961,0.960400,0.016900,1,1,1.500000,-0.003292,0.119821,-0.011551,-0.001517,0.018807,0.224655,0.548420,5.191711,-0.144000,-0.086000,-0.126000,4.153298,4.998531,-105.381798,-102.489212,-107.288361,-4.799150,-11.206700,4.548114,11.150485,-2.201602,-0.025480,-0.056036,-0.023575,0,0.333073,0.030674,1,0,0,0.000000,0.000000,0.000000,0.000000,0.000000,0.000000,0.000000,0.000000,0,0.000000,0.000000,0.000000,0.000000,1,0,0,1,192,2.000000,-0.110817,0.146433,0.000000,0.000000,0.000000,0.000000,0.000000,0.000000,0,1200.000000,1200.000000,1200.000000
99534,28.284222,100417.500000,0.250000,13,1,1160,1200,1160,1280,1200.000000,1,1,2,1,0.240302,0.528043,0.048803,-0.314065,0.300839,0.300842,1.384670,1.384809,120,0.469000,0.980000,0.130000,0.219961,0.960400,0.016900,1,1,1.500000,-0.003292,0.119821,-0.011551,-0.001517,0.018807,0.224655,0.548420,5.191711,-0.144000,-0.086000,-0.126000,4.282018,5.695453,-105.590263,-102.718353,-107.288361,-4.570004,-10.728281,-1.981082,2.498557,-3.158765,-0.020107,-0.039918,-0.019817,0,0.263119,0.018860,1,0,0,0.000000,0.000000,0.000000,0.000000,0.000000,0.000000,0.000000,0.000000,0,0.000000,0.000000,0.000000,0.000000,1,0,0,1,192,2.000000,-0.074064,0.235341,0.000000,0.000000,0.000000,0.000000,0.000000,0.000000,0,1200.000000,1200.000000,1200.000000
99638,28.273939,100414.304688,0.280000,31,1,1173,1212,1151,1264,1200.000000,1,1,2,1,0.207524,0.525557,0.053646,-0.304287,0.291289,0.291290,1.262641,1.262742,96,0.469000,0.980000,0.133000,0.219961,0.960400,0.017689,1,1,1.500000,-0.003478,0.119671,-0.012126,-0.000995,0.016280,0.179763,0.549050,5.097702,-0.221000,-0.053000,-0.191000,3.574830,5.970208,-105.874146,-103.014885,-107.288361,-4.273472,-9.543319,-7.201385,-0.037547,-2.551474,-0.007307,-0.038037,-0.018305,0,0.303967,0.025446,1,0,0,0.000000,0.000000,0.000000,0.000000,0.000000,0.000000,0.000000,0.000000,0,0.000000,0.000000,0.000000,0.000000,1,0,0,1,192,2.000000,-0.059634,0.293150,0.000000,0.000000,0.000000,0.000000,0.000000,0.000000,0,1200.000000,1200.000000,1200.000000
99749,28.281893,100416.304688,0.280000,1,1,1174,1197,1164,1266,1200.000000,1,1,2,1,0.184894,0.526197,0.055244,-0.267182,0.283825,0.283825,1.124473,1.124519,87,0.469000,0.980000,0.138000,0.219961,0.960400,0.019044,1,1,1.500000,-0.003614,0.119503,-0.012581,-0.001158,0.013924,0.156346,0.549295,5.020144,-0.175000,-0.024000,-0.241000,2.858874,5.727159,-106.146248,-103.316048,-107.288361,-3.972315,-9.556579,-3.244082,-5.050154,-2.007783,-0.014882,-0.031299,-0.019763,0,0.310146,0.026589,1,0,0,0.000000,0.000000,0.000000,0.000000,0.000000,0.000000,0.000000,0.000000,0,0.000000,0.000000,0.000000,0.000000,1,0,0,1,192,2.000000,-0.058429,0.263528,0.000000,0.000000,0.000000,0.000000,0.000000,0.000000,0,1200.000000,1200.000000,1200.000000
99848,28.283451,100414.398438,0.330000,1,1,1163,1202,1165,1271,1200.000000,1,1,2,1,0.170219,0.529104,0.053083,-0.281018,0.277757,0.277757,0.971385,0.971378,60,0.469000,0.980000,0.143000,0.219961,0.960400,0.020449,1,1,1.500000,-0.003770,0.119308,-0.013044,-0.001191,0.014068,0.132930,0.557935,4.957052,-0.116000,0.001000,-0.278000,2.698514,5.517338,-106.349335,-103.526184,-107.288361,-3.762177,-8.029420,1.016010,-0.274210,-1.638221,-0.017677,-0.036428,-0.016732,0,0.338152,0.031517,1,0,0,0.000000,0.000000,0.000000,0.000000,0.000000,0.000000,0.000000,0.000000,0,0.000000,0.000000,0.000000,0.000000,1,0,0,1,192,2.000000,-0.055868,0.276250,0.000000,0.000000,0.000000,0.000000,0.000000,0.000000,0,1200.000000,1200.000000,1200.000000
99950,28.285326,100413.703125,0.370000,0,1,1165,1168,1190,1276,1200.000000,1,1,2,1,0.152508,0.530421,0.043459,-0.260415,0.274545,0.274545,0.927295,0.927322,37,0.468000,0.980000,0.143000,0.219024,0.960400,0.020449,1,1,1.500000,-0.003940,0.119094,-0.013497,-0.001507,0.012609,0.110274,0.557893,4.901300,-0.132000,-0.004000,-0.303000,3.254205,5.373373,-106.486794,-103.670410,-107.288361,-3.617951,-8.353292,9.161355,-5.458574,-0.458731,-0.033178,-0.022181,-0.020668,0,0.305975,0.025548,1,0,0,0.000000,0.000000,0.000000,0.000000,0.000000,0.000000,0.000000,0.000000,0,0.000000,0.000000,0.000000,0.000000,1,0,0,1,192,2.000000,-0.046585,0.261054,0.000000,0.000000,0.000000,0.000000,0.000000,0.000000,0,1200.000000,1200.000000,1200.000000
100041,28.281193,100414.000000,0.410000,5,1,1166,1177,1174,1283,1200.000000,1,1,2,1,0.143373,0.529771,-0.064186,-0.459001,0.299160,0.299162,1.354081,1.354200,1,0.468000,0.979000,0.142000,0.219024,0.958441,0.020164,1,1,1.500000,-0.004056,0.118899,-0.013800,-0.000817,0.014350,0.110274,0.557893,4.901300,-0.122000,0.164000,-0.345000,4.322766,4.840975,-106.518425,-103.691757,-107.288361,-3.596600,-8.539897,14.097273,-6.813221,0.856606,-0.028372,-0.030095,-0.024600,0,0.314058,0.026596,1,0,0,0.000000,0.000000,0.000000,0.000000,0.000000,0.000000,0.000000,0.000000,0,0.000000,0.000000,0.000000,0.000000,1,0,0,1,192,2.000000,0.035942,0.354348,0.000000,0.000000,0.000000,0.000000,0.000000,0.000000,0,1200.000000,1200.000000,1200.000000
100169,28.280439,100410.703125,0.500000,4,1,1165,1171,1181,1284,1200.000000,1,1,2,1,0.126858,0.560746,-0.121510,-0.515568,0.299916,0.299922,1.357092,1.357323,129,0.468000,0.979000,0.142000,0.219024,0.958441,0.020164,1,1,1.500000,-0.004056,0.118899,-0.013800,-0.000817,0.014350,0.088450,0.583745,4.816445,-0.122000,0.164000,-0.345000,6.085472,3.895089,-106.435219,-103.645042,-107.288361,-3.643319,-8.543900,9.629115,-6.699475,0.752586,-0.032151,-0.027084,-0.024338,0,0.349756,0.033006,1,0,0,0.000000,0.000000,0.000000,0.000000,0.000000,0.000000,0.000000,0.000000,0,0.000000,0.000000,0.000000,0.000000,1,0,0,1,192,2.000000,0.087068,0.395636,0.000000,0.000000,0.000000,0.000000,0.000000,0.000000,0,1200.000000,1200.000000,1200.000000
100251,28.281734,100411.398438,0.550000,0,1,1173,1182,1173,1272,1200.000000,1,1,2,1,0.113684,0.557747,-0.104962,-0.389434,0.281976,0.281976,1.024933,1.024985,76,0.467000,0.979000,0.142000,0.218089,0.958441,0.020164,1,1,1.500000,-0.004165,0.118770,-0.014082,-0.000838,0.014400,0.078062,0.591747,4.743300,-0.100000,0.017000,-0.371000,6.098355,3.463654,-106.467644,-103.648964,-107.288361,-3.639398,-8.763035,-7.891931,-1.626578,-0.161886,-0.022114,-0.027081,-0.022518,0,0.409455,0.046245,1,0,0,0.000000,0.000000,0.000000,0.000000,0.000000,0.000000,0.000000,0.000000,0,0.000000,0.000000,0.000000,0.000000,1,0,0,1,192,2.000000,0.100697,0.385959,0.000000,0.000000,0.000000,0.000000,0.000000,0.000000,0,1200.000000,1200.000000,1200.000000
100349,28.278687,100407.898438,0.610000,0,1,1192,1211,1148,1249,1200.000000,1,1,2,1,0.097762,0.567985,-0.138387,-0.445002,0.277416,0.277416,0.970013,0.970015,63,0.467000,0.979000,0.142000,0.218089,0.958441,0.020164,1,1,1.500000,-0.004256,0.118616,-0.014362,-0.001287,0.010998,0.055435,0.609357,4.642662,-0.099000,0.057000,-0.422000,3.884033,3.449307,-106.502052,-103.680122,-107.288361,-3.608239,-8.846321,-32.031120,1.136250,-0.994844,0.001609,-0.030001,-0.020555,0,0.420510,0.048802,1,0,0,0.000000,0.000000,0.000000,0.000000,0.000000,0.000000,0.000000,0.000000,0,0.000000,0.000000,0.000000,0.000000,1,0,0,1,192,2.000000,0.132204,0.438565,0.000000,0.000000,0.000000,0.000000,0.000000,0.000000,0,1200.000000,1200.000000,1200.000000
100442,28.282558,100408.601563,0.670000,7,1,1219,1235,1119,1228,1200.000000,1,1,2,1,0.099707,0.592236,-0.204173,-0.474274,0.272051,0.272052,0.790336,0.790349,29,0.467000,0.979000,0.134000,0.218089,0.958441,0.017956,1,1,1.500000,-0.004262,0.118305,-0.014742,0.000934,0.010520,0.064326,0.636625,4.565507,0.073000,0.214000,-0.446000,0.360824,3.697515,-106.563133,-103.737610,-107.288361,-3.550749,-9.244636,-36.504501,1.682299,-0.336319,0.026692,-0.031472,-0.023322,0,0.437949,0.053030,1,0,0,0.000000,0.000000,0.000000,0.000000,0.000000,0.000000,0.000000,0.000000,0,0.000000,0.000000,0.000000,0.000000,1,0,0,1,192,2.000000,0.201329,0.473775,0.000000,0.000000,0.000000,0.000000,0.000000,0.000000,0,1200.000000,1200.000000,1200.000000
100534,28.284485,100409.703125,0.720000,13,1,1205,1212,1137,1246,1200.000000,1,1,2,1,0.099885,0.610465,-0.312026,-0.646140,0.300949,0.300951,1.384391,1.384618,121,0.467000,0.979000,0.134000,0.218089,0.958441,0.017956,1,1,1.500000,-0.004262,0.118305,-0.014742,0.000934,0.010520,0.064326,0.636625,4.565507,0.073000,0.214000,-0.446000,-2.198060,3.738788,-106.563759,-103.711479,-107.288361,-3.576881,-9.085347,-20.240185,-0.368530,0.601162,0.008805,-0.028970,-0.025359,0,0.385486,0.040481,1,0,0,0.000000,0.000000,0.000000,0.000000,0.000000,0.000000,0.000000,0.000000,0,0.000000,0.000000,0.000000,0.000000,1,0,0,1,192,2.000000,0.272356,0.539118,0.000000,0.000000,0.000000,0.000000,0.000000,0.000000,0,1200.000000,1200.000000,1200.000000
100638,28.282278,100409.804688,0.750000,31,1,1207,1196,1149,1248,1200.000000,1,1,2,1,0.085970,0.605020,-0.356094,-0.562913,0.291385,0.291388,1.262228,1.262766,96,0.466000,0.978000,0.138000,0.217156,0.956484,0.019044,1,1,1.500000,-0.004210,0.118081,-0.014834,0.001541,0.014411,0.040484,0.646066,4.473933,-0.044000,0.004000,-0.479000,-3.168016,3.486928,-106.413803,-103.583038,-107.288361,-3.705323,-9.526560,-0.759155,-2.331061,1.013799,0.001232,-0.021981,-0.027595,0,0.384000,0.049881,1,0,0,0.000000,0.000000,0.000000,0.000000,0.000000,0.000000,0.000000,0.000000,0,0.000000,0.000000,0.000000,0.000000,1,0,0,1,192,2.000000,0.344867,0.560103,0.000000,0.000000,0.000000,0.000000,0.000000,0.000000,0,1200.000000,1200.000000,1200.000000
100749,28.286413,100409.000000,0.800000,1,1,1197,1190,1144,1268,1200.000000,1,1,2,1,0.073336,0.618594,-0.407512,-0.537820,0.283914,0.283915,1.124620,1.125324,86,0.466000,0.978000,0.138000,0.217156,0.956484,0.019044,1,1,1.500000,-0.004108,0.117984,-0.014888,0.002043,0.016585,0.029611,0.654787,4.392261,-0.074000,0.079000,-0.503000,-2.686358,3.400266,-106.356773,-103.483704,-107.288361,-3.804654,-12.053436,6.107764,0.356982,0.481275,-0.006482,-0.029171,-0.032816,0,0.381751,0.049645,1,0,0,0.000000,0.000000,0.000000,0.000000,0.000000,0.000000,0.000000,0.000000,0,0.000000,0.000000,0.000000,0.000000,1,0,0,1,192,2.000000,0.401065,0.536374,0.000000,0.000000,0.000000,0.000000,0.000000,0.000000,0,1200.000000,1200.000000,1200.000000
100847,28.282349,100406.203125,0.850000,1,1,1187,1199,1153,1260,1200.000000,1,1,2,1,0.056930,0.639353,-0.452995,-0.535175,0.277834,0.277834,0.971432,0.971933,61,0.466000,0.977000,0.136000,0.217156,0.954529,0.018496,1,1,1.500000,-0.004035,0.117784,-0.014887,0.001235,0.013724,0.008172,0.681161,4.309489,-0.129000,0.155000,-0.529000,-2.017619,3.513367,-106.436234,-103.495232,-107.288361,-3.793125,-9.600262,4.853933,0.254690,-0.593457,-0.006659,-0.029599,-0.023580,0,0.358558,0.043719,1,0,0,0.000000,0.000000,0.000000,0.000000,0.000000,0.000000,0.000000,0.000000,0,0.000000,0.000000,0.000000,0.000000,1,0,0,1,192,2.000000,0.447659,0.532054,0.000000,0.000000,0.000000,0.000000,0.000000,0.000000,0,1200.000000,1200.000000,1200.000000
100950,28.282349,100405.898438,0.920000,0,1,1174,1204,1158,1263,1200.000000,1,1,2,1,0.028520,0.648549,-0.506801,-0.545667,0.274612,0.274612,0.927469,0.927807,36,0.465000,0.976000,0.138000,0.216225,0.952576,0.019044,1,1,1.500000,-0.004002,0.117553,-0.015282,0.001623,0.014470,-0.024753,0.689999,4.211372,-0.239000,0.051000,-0.562000,-1.438191,3.618637,-106.505249,-103.644867,-107.288361,-3.643496,-9.081446,3.510714,1.254184,-1.980707,-0.010606,-0.033517,-0.018590,0,0.322956,0.035092,1,0,0,0.000000,0.000000,0.000000,0.000000,0.000000,0.000000,0.000000,0.000000,0,0.000000,0.000000,0.000000,0.000000,1,0,0,1,192,2.000000,0.500275,0.543036,0.000000,0.000000,0.000000,0.000000,0.000000,0.000000,0,1200.000000,1200.000000,1200.000000
101041,28.281944,100403.398438,0.990000,5,1,1171,1217,1167,1245,1200.000000,1,1,2,1,0.002451,0.655063,-0.651308,-0.804863,0.299230,0.299243,1.354696,1.355698,1,0.465000,0.976000,0.136000,0.216225,0.952576,0.018496,1,1,1.500000,-0.004008,0.117342,-0.015826,0.001213,0.015086,-0.024753,0.689999,4.211372,-0.390000,-0.031000,-0.604000,-1.197267,3.771071,-106.735664,-103.875694,-107.288361,-3.412663,-6.246584,0.950603,1.804382,-3.135412,-0.006249,-0.031067,-0.008145,0,0.310837,0.032084,1,0,0,0.000000,0.000000,0.000000,0.000000,0.000000,0.000000,0.000000,0.000000,0,0.000000,0.000000,0.000000,0.000000,1,0,0,1,192,2.000000,0.619163,0.678912,0.000000,0.000000,0.000000,0.000000,0.000000,0.000000,0,1200.000000,1200.000000,1200.000000
101142,28.281927,100402.703125,1.070000,20,1,1171,1222,1167,1240,1200.000000,1,1,2,1,-0.052290,0.648273,-0.710269,-0.710710,0.290955,0.290959,1.264253,1.264844,102,0.465000,0.976000,0.136000,0.216225,0.952576,0.018496,1,1,1.500000,-0.004008,0.117342,-0.015826,0.001213,0.015086,-0.080543,0.672463,4.087982,-0.390000,-0.031000,-0.604000,-1.314519,3.833647,-107.007614,-104.199806,-107.288361,-3.088550,-5.306549,-2.339154,0.654468,-3.253499,-0.003765,-0.030914,-0.005375,0,0.343649,0.039975,1,0,0,0.000000,0.000000,0.000000,0.000000,0.000000,0.000000,0.000000,0.000000,0,0.000000,0.000000,0.000000,0.000000,1,0,0,1,192,2.000000,0.707421,0.712956,0.000000,0.000000,0.000000,0.000000,0.000000,0.000000,0,1200.000000,1200.000000,1200.000000
101232,28.277443,100401.101563,1.150000,24,1,1153,1218,1154,1276,1200.000000,1,1,2,1,-0.110528,0.644413,-0.772728,-0.647529,0.278352,0.278352,0.884918,0.884928,58,0.464000,0.975000,0.132000,0.215296,0.950625,0.017424,1,1,1.500000,-0.004048,0.117132,-0.016303,0.000361,0.015132,-0.159108,0.672701,3.965453,-0.541000,-0.053000,-0.650000,-1.036032,4.459240,-107.253212,-104.440811,-107.288361,-2.847547,-7.147879,11.382224,11.421507,-1.666712,-0.014800,-0.046853,-0.014350,0,0.366243,0.054211,1,0,0,0.000000,0.000000,0.000000,0.000000,0.000000,0.000000,0.000000,0.000000,0,0.000000,0.000000,0.000000,0.000000,1,0,0,1,192,2.000000,0.763587,0.658861,0.000000,0.000000,0.000000,0.000000,0.000000,0.000000,0,1200.000000,1200.000000,1200.000000
101393,28.279930,100399.703125,1.310000,1,1,1084,1190,1173,1352,1200.000000,1,1,2,1,-0.200750,0.653571,-0.924378,-0.716585,0.287519,0.287520,1.194600,1.194735,107,0.464000,0.974000,0.131000,0.215296,0.948676,0.017161,1,1,1.500000,-0.004127,0.116881,-0.016839,-0.000509,0.014344,-0.236313,0.682322,3.891743,-0.549000,0.027000,-0.650000,4.973289,7.600218,-107.370270,-104.460510,-107.288361,-2.827849,-7.263555,52.161018,21.833626,-0.330697,-0.062668,-0.071250,-0.018150,0,0.346609,0.048632,1,0,0,0.000000,0.000000,0.000000,0.000000,0.000000,0.000000,0.000000,0.000000,0,0.000000,0.000000,0.000000,0.000000,1,0,0,1,192,2.000000,0.911487,0.716021,0.000000,0.000000,0.000000,0.000000,0.000000,0.000000,0,1200.000000,1200.000000,1200.000000
101448,28.275814,100397.898438,1.360000,13,1,1101,1194,1175,1331,1200.000000,1,1,2,1,-0.237507,0.652487,-0.971225,-0.762534,0.274670,0.274670,0.944207,0.944364,34,0.463000,0.973000,0.132000,0.214369,0.946729,0.017424,1,1,1.500000,-0.004245,0.116523,-0.017473,-0.000225,0.011968,-0.310504,0.692087,3.740084,-0.561000,-0.023000,-0.722000,7.589123,8.715468,-107.270134,-104.308762,-107.288361,-2.979602,-6.453523,47.541325,23.213453,-0.434778,-0.052704,-0.062070,-0.015757,0,0.365445,0.054390,1,0,0,0.000000,0.000000,0.000000,0.000000,0.000000,0.000000,0.000000,0.000000,0,0.000000,0.000000,0.000000,0.000000,1,0,0,1,192,2.000000,0.965128,0.761864,0.000000,0.000000,0.000000,0.000000,0.000000,0.000000,0,1200.000000,1200.000000,1200.000000
101534,28.281876,100398.601563,1.440000,13,1,1071,1208,1171,1350,1202.000000,1,1,2,1,-0.276138,0.656154,-1.106680,-0.977297,0.300996,0.301015,1.385502,1.386562,120,0.463000,0.973000,0.132000,0.214369,0.946729,0.017424,1,1,1.500000,-0.004245,0.116523,-0.017473,-0.000225,0.011968,-0.310504,0.692087,3.740084,-0.561000,-0.023000,-0.722000,11.092364,10.830416,-107.008797,-104.005020,-107.288361,-3.283340,-6.243758,30.350191,25.151468,-2.254926,-0.060323,-0.078967,-0.010443,0,0.315222,0.039661,1,0,0,0.000000,0.000000,0.000000,0.000000,0.000000,0.000000,0.000000,0.000000,0,0.000000,0.000000,0.000000,0.000000,1,0,0,1,192,2.000000,1.061362,0.853802,0.000000,0.000000,0.000000,0.000000,0.000000,0.000000,0,1200.000000,1200.000000,1200.000000
101638,28.283592,100398.398438,1.500000,31,1,1090,1220,1171,1320,1200.000000,1,1,2,1,-0.347924,0.665587,-1.179520,-0.826866,0.291423,0.291446,1.262997,1.265288,96,0.462000,0.972000,0.129000,0.213444,0.944784,0.016641,1,1,1.500000,-0.004395,0.116019,-0.018286,-0.000511,0.008936,-0.373355,0.711227,3.689519,-0.607000,0.027000,-0.693000,12.535568,12.331034,-106.884705,-103.955345,-107.288361,-3.333016,-4.313896,-2.207541,2.173379,-2.477685,-0.045200,-0.069648,-0.004807,0,0.312757,0.039667,1,0,0,0.000000,0.000000,0.000000,0.000000,0.000000,0.000000,0.000000,0.000000,0,0.000000,0.000000,0.000000,0.000000,1,0,0,1,192,2.000000,1.162956,0.831073,0.000000,0.000000,0.000000,0.000000,0.000000,0.000000,0,1200.000000,1200.000000,1200.000000
101749,28.283014,100400.101563,1.590000,0,1,1118,1215,1184,1282,1200.000000,1,1,2,1,-0.394314,0.701338,-1.248213,-0.606313,0.283937,0.283944,1.123936,1.125775,85,0.461000,0.971000,0.136000,0.212521,0.942841,0.018496,1,1,1.500000,-0.004543,0.115591,-0.019155,-0.000079,0.010246,-0.428417,0.747388,3.591428,-0.393000,0.227000,-0.714000,11.233917,11.858552,-107.167603,-104.426064,-107.288361,-2.862300,-3.113403,-15.025397,-8.303579,-3.086361,-0.033184,-0.048699,-0.000071,0,0.334136,0.045529,1,0,0,0.000000,0.000000,0.000000,0.000000,0.000000,0.000000,0.000000,0.000000,0,0.000000,0.000000,0.000000,0.000000,1,0,0,1,192,2.000000,1.240825,0.625086,0.000000,0.000000,0.000000,0.000000,0.000000,0.000000,0,1200.000000,1200.000000,1200.000000
101849,28.285870,100398.898438,1.630000,1,1,1127,1195,1189,1288,1200.000000,1,1,2,1,-0.426998,0.747070,-1.310050,-0.549742,0.277856,0.277858,0.970711,0.972744,63,0.461000,0.970000,0.137000,0.212521,0.940900,0.018769,1,1,1.500000,-0.004681,0.115195,-0.020024,-0.000671,0.011172,-0.452786,0.800029,3.534649,-0.282000,0.373000,-0.685000,10.018615,10.920186,-107.420815,-104.835846,-107.288361,-2.452516,-3.643752,-4.050815,-11.848303,-0.612010,-0.038820,-0.041641,-0.007937,0,0.294533,0.035235,1,0,0,0.000000,0.000000,0.000000,0.000000,0.000000,0.000000,0.000000,0.000000,0,0.000000,0.000000,0.000000,0.000000,1,0,0,1,192,2.000000,1.303348,0.567100,0.000000,0.000000,0.000000,0.000000,0.000000,0.000000,0,1200.000000,1200.000000,1200.000000
101952,28.278547,100395.203125,1.700000,3,1,1108,1191,1203,1298,1200.000000,1,1,2,1,-0.451894,0.808207,-1.386604,-0.582776,0.274315,0.274315,0.897460,0.899155,40,0.460000,0.969000,0.130000,0.211600,0.938961,0.016900,1,1,1.500000,-0.004823,0.114756,-0.020948,-0.000262,0.009885,-0.476372,0.878506,3.489653,-0.195000,0.556000,-0.643000,10.527102,9.786479,-107.417809,-105.113617,-107.288361,-2.174746,-0.986313,14.833855,-11.084904,0.050515,-0.050539,-0.044512,-0.002714,0,0.277341,0.031234,1,0,0,0.000000,0.000000,0.000000,0.000000,0.000000,0.000000,0.000000,0.000000,0,0.000000,0.000000,0.000000,0.000000,1,0,0,1,192,2.000000,1.357192,0.549904,0.000000,0.000000,0.000000,0.000000,0.000000,0.000000,0,1200.000000,1200.000000,1200.000000
102039,28.285448,100396.601563,1.760000,5,1,1109,1171,1217,1303,1200.000000,1,1,2,1,-0.453466,0.854185,-1.488786,-0.709544,0.297738,0.297830,1.333553,1.339493,1,0.459000,0.968000,0.126000,0.210681,0.937024,0.015876,1,1,1.500000,-0.004899,0.114383,-0.021820,0.000442,0.011196,-0.476372,0.878506,3.489653,0.075000,0.697000,-0.572000,12.166597,8.721065,-107.609131,-105.333290,-107.288361,-1.955067,-1.031034,23.794516,-17.250090,1.159970,-0.059961,-0.037104,-0.005736,0,0.237576,0.022302,1,0,0,0.000000,0.000000,0.000000,0.000000,0.000000,0.000000,0.000000,0.000000,0,0.000000,0.000000,0.000000,0.000000,1,0,0,1,192,2.000000,1.452727,0.610502,0.000000,0.000000,0.000000,0.000000,0.000000,0.000000,0,1200.000000,1200.000000,1200.000000
102143,28.283258,100395.601563,1.810000,22,1,1116,1111,1266,1308,1200.000000,1,1,2,1,-0.434055,0.940381,-1.530257,-0.593931,0.290516,0.290569,1.264083,1.269632,105,0.459000,0.968000,0.126000,0.210681,0.937024,0.015876,1,1,1.500000,-0.004899,0.114383,-0.021820,0.000442,0.011196,-0.454346,0.965287,3.494264,0.075000,0.697000,-0.572000,15.363027,6.305886,-107.734810,-105.736481,-107.288361,-1.551880,-1.415376,37.687080,-24.554955,3.126908,-0.086942,-0.009384,-0.011892,0,0.256687,0.026560,1,0,0,0.000000,0.000000,0.000000,0.000000,0.000000,0.000000,0.000000,0.000000,0,0.000000,0.000000,0.000000,0.000000,1,0,0,1,192,2.000000,1.527881,0.594157,0.000000,0.000000,0.000000,0.000000,0.000000,0.000000,0,1200.000000,1200.000000,1200.000000
102253,28.281298,100395.703125,1.870000,4,1,1106,1129,1241,1324,1200.000000,1,1,2,1,-0.410315,1.030097,-1.588131,-0.575337,0.281677,0.281680,1.025446,1.029163,80,0.458000,0.968000,0.120000,0.209764,0.937024,0.014400,1,1,1.500000,-0.005064,0.114001,-0.022589,-0.000463,0.010508,-0.421145,1.068645,3.452537,0.208000,0.739000,-0.562000,19.048962,4.312560,-107.777649,-105.948837,-107.288361,-1.339523,-2.108727,23.996370,-10.768031,3.642543,-0.082497,-0.026217,-0.015057,0,0.243334,0.023995,1,0,0,0.000000,0.000000,0.000000,0.000000,0.000000,0.000000,0.000000,0.000000,0,0.000000,0.000000,0.000000,0.000000,1,0,0,1,192,2.000000,1.560395,0.519145,0.000000,0.000000,0.000000,0.000000,0.000000,0.000000,0,1200.000000,1200.000000,1200.000000
102353,28.283995,100395.203125,1.900000,3,1,1121,1154,1230,1294,1200.000000,1,1,2,1,-0.353844,1.129859,-1.622527,-0.577306,0.278110,0.278112,1.022515,1.024859,66,0.457000,0.967000,0.112000,0.208849,0.935089,0.012544,1,1,1.500000,-0.005209,0.113614,-0.023441,-0.000490,0.011304,-0.354019,1.182271,3.444809,0.515000,0.890000,-0.509000,19.158527,3.440031,-107.400223,-106.050499,-107.288361,-1.237862,-1.176355,-26.008312,-8.347958,1.750720,-0.062322,-0.024244,-0.007663,0,0.238215,0.023025,1,0,0,0.000000,0.000000,0.000000,0.000000,0.000000,0.000000,0.000000,0.000000,0,0.000000,0.000000,0.000000,0.000000,1,0,0,1,192,2.000000,1.594415,0.522018,0.000000,0.000000,0.000000,0.000000,0.000000,0.000000,0,1200.000000,1200.000000,1200.000000
102442,28.282331,100395.000000,1.930000,7,1,1185,1230,1150,1234,1200.000000,1,1,2,1,-0.263203,1.224752,-1.654028,-0.550155,0.272274,0.272274,0.771818,0.772160,29,0.456000,0.966000,0.105000,0.207936,0.933156,0.011025,1,1,1.500000,-0.005319,0.113230,-0.024228,0.000360,0.010238,-0.222497,1.306109,3.403810,0.971000,0.915000,-0.509000,14.990916,3.319912,-107.069809,-106.085327,-107.288361,-1.203035,-4.062717,-68.610664,1.734101,-0.380341,0.007806,-0.032299,-0.009640,0,0.238762,0.023268,1,0,0,0.000000,0.000000,0.000000,0.000000,0.000000,0.000000,0.000000,0.000000,0,0.000000,0.000000,0.000000,0.000000,1,0,0,1,192,2.000000,1.650736,0.547404,0.000000,0.000000,0.000000,0.000000,0.000000,0.000000,0,1200.000000,1200.000000,1200.000000
102580,28.282768,100392.000000,2.030000,16,1,1193,1244,1137,1226,1200.000000,1,1,2,1,-0.107759,1.363059,-1.730541,-0.537615,0.275539,0.275539,0.929553,0.929545,38,0.456000,0.966000,0.107000,0.207936,0.933156,0.011449,1,1,1.500000,-0.005393,0.112921,-0.024966,0.000076,0.011299,-0.071183,1.431531,3.383145,1.158000,0.941000,-0.472000,3.905005,3.920817,-106.921745,-106.072617,-107.288361,-1.215746,-3.755350,-80.774933,4.615244,0.012236,0.018522,-0.034944,-0.009864,0,0.270152,0.029783,1,0,0,0.000000,0.000000,0.000000,0.000000,0.000000,0.000000,0.000000,0.000000,0,0.000000,0.000000,0.000000,0.000000,1,0,0,1,192,2.000000,1.729466,0.537446,0.000000,0.000000,0.000000,0.000000,0.000000,0.000000,0,1200.000000,1200.000000,1200.000000
102651,28.286711,100393.203125,2.090000,1,1,1212,1251,1114,1223,1200.000000,1,1,2,1,-0.030403,1.428365,-1.793421,-0.595814,0.291471,0.291471,1.262998,1.262946,109,0.456000,0.966000,0.107000,0.207936,0.933156,0.011449,1,1,1.500000,-0.005393,0.112921,-0.024966,0.000076,0.011299,-0.071183,1.431531,3.383145,1.158000,0.941000,-0.472000,-1.112363,4.260494,-106.842567,-105.975220,-107.288361,-1.313138,-4.830190,-60.875599,4.865184,1.907681,0.031685,-0.037050,-0.017640,0,0.264408,0.028384,1,0,0,0.000000,0.000000,0.000000,0.000000,0.000000,0.000000,0.000000,0.000000,0,0.000000,0.000000,0.000000,0.000000,1,0,0,1,192,2.000000,1.786276,0.595131,0.000000,0.000000,0.000000,0.000000,0.000000,0.000000,0,1200.000000,1200.000000,1200.000000
102752,28.282207,100392.804688,2.130000,3,1,1206,1208,1128,1258,1200.000000,1,1,2,1,0.123044,1.521132,-1.843772,-0.549437,0.284000,0.284001,1.124796,1.125254,89,0.455000,0.965000,0.105000,0.207025,0.931225,0.011025,1,1,1.500000,-0.005417,0.112720,-0.025364,-0.000058,0.014022,0.091591,1.548241,3.346187,1.389000,0.870000,-0.445000,-4.957188,4.519817,-106.406052,-105.555077,-107.288361,-1.733284,-7.049526,-18.756596,1.036867,5.211141,0.006918,-0.032825,-0.032098,0,0.249698,0.025106,1,0,0,0.000000,0.000000,0.000000,0.000000,0.000000,0.000000,0.000000,0.000000,0,0.000000,0.000000,0.000000,0.000000,1,0,0,1,192,2.000000,1.814532,0.480736,0.000000,0.000000,0.000000,0.000000,0.000000,0.000000,0,1200.000000,1200.000000,1200.000000
102848,28.284170,100391.000000,2.190000,1,1,1203,1186,1136,1275,1200.000000,1,1,2,1,0.243721,1.607383,-1.853171,-0.444034,0.277910,0.277910,0.971469,0.972404,60,0.455000,0.964000,0.116000,0.207025,0.929296,0.013456,1,1,1.500000,-0.005393,0.112623,-0.025705,0.001148,0.016612,0.235701,1.654865,3.267397,1.189000,0.817000,-0.460000,-5.426674,4.504747,-105.756195,-104.950783,-107.288361,-2.337578,-8.828353,8.380665,-1.149387,6.040207,-0.005568,-0.030847,-0.038926,0,0.290650,0.034331,1,0,0,0.000000,0.000000,0.000000,0.000000,0.000000,0.000000,0.000000,0.000000,0,0.000000,0.000000,0.000000,0.000000,1,0,0,1,192,2.000000,1.848707,0.448341,0.000000,0.000000,0.000000,0.000000,0.000000,0.000000,0,1200.000000,1200.000000,1200.000000
102949,28.284241,100391.601563,2.230000,1,1,1199,1180,1140,1280,1200.000000,1,1,2,1,0.364598,1.679991,-1.884684,-0.378956,0.274677,0.274678,0.927414,0.928181,35,0.454000,0.963000,0.108000,0.206116,0.927369,0.011664,1,1,1.500000,-0.005395,0.112438,-0.026017,0.000588,0.015270,0.382547,1.742731,3.260005,1.147000,0.675000,-0.425000,-4.069366,4.316624,-104.919861,-104.302010,-107.288361,-2.986350,-9.442054,16.306379,-2.107664,5.805573,-0.010397,-0.030178,-0.039918,0,0.251468,0.025346,1,0,0,0.000000,0.000000,0.000000,0.000000,0.000000,0.000000,0.000000,0.000000,0,0.000000,0.000000,0.000000,0.000000,1,0,0,1,192,2.000000,1.882401,0.382413,0.000000,0.000000,0.000000,0.000000,0.000000,0.000000,0,1200.000000,1200.000000,1200.000000
103038,28.288235,100392.804688,2.240000,4,1,1193,1181,1146,1280,1200.000000,1,1,2,1,0.460347,1.744041,-1.994868,-0.545658,0.299287,0.299321,1.354501,1.357372,124,0.454000,0.963000,0.108000,0.206116,0.927369,0.011664,1,1,1.500000,-0.005395,0.112438,-0.026017,0.000588,0.015270,0.382547,1.742731,3.260005,1.147000,0.675000,-0.425000,-2.740829,4.183517,-104.458817,-103.846100,-107.288361,-3.442258,-10.071333,12.743342,-1.046302,3.896286,-0.012805,-0.030488,-0.036567,0,0.208719,0.017174,1,0,0,0.000000,0.000000,0.000000,0.000000,0.000000,0.000000,0.000000,0.000000,0,0.000000,0.000000,0.000000,0.000000,1,0,0,1,192,2.000000,1.964101,0.451843,0.000000,0.000000,0.000000,0.000000,0.000000,0.000000,0,1200.000000,1200.000000,1200.000000
103143,28.290442,100392.398438,2.240000,23,1,1179,1174,1157,1289,1200.000000,1,1,2,1,0.548685,1.835351,-2.007326,-0.426536,0.289733,0.289744,1.240650,1.242478,104,0.454000,0.962000,0.112000,0.206116,0.925444,0.012544,1,1,1.500000,-0.005351,0.112253,-0.026260,0.001283,0.015076,0.496100,1.839355,3.272053,0.886000,0.762000,-0.366000,-1.589785,4.086610,-104.101395,-103.475128,-107.288361,-3.813233,-9.710984,17.726154,0.673537,3.394825,-0.023285,-0.031752,-0.034311,0,0.200486,0.016222,1,0,0,0.000000,0.000000,0.000000,0.000000,0.000000,0.000000,0.000000,0.000000,0,0.000000,0.000000,0.000000,0.000000,1,0,0,1,192,2.000000,2.005619,0.426531,0.000000,0.000000,0.000000,0.000000,0.000000,0.000000,0,1200.000000,1200.000000,1200.000000
103253,28.282576,100391.203125,2.270000,4,1,1176,1165,1158,1301,1200.000000,1,1,2,1,0.631702,1.922059,-2.033853,-0.374958,0.281488,0.281489,1.024724,1.025172,80,0.454000,0.962000,0.112000,0.206116,0.925444,0.012544,1,1,1.500000,-0.005343,0.112145,-0.026401,0.000782,0.014712,0.587142,1.936200,3.214637,0.757000,0.756000,-0.378000,1.174908,4.260788,-103.724945,-103.072472,-107.288361,-4.215887,-11.859513,24.943649,1.519332,2.823339,-0.029685,-0.032839,-0.038440,0,0.193084,0.015116,1,0,0,0.000000,0.000000,0.000000,0.000000,0.000000,0.000000,0.000000,0.000000,0,0.000000,0.000000,0.000000,0.000000,1,0,0,1,192,2.000000,2.012844,0.342219,0.000000,0.000000,0.000000,0.000000,0.000000,0.000000,0,1200.000000,1200.000000,1200.000000
103353,28.284328,100391.101563,2.280000,3,1,1175,1181,1160,1284,1200.000000,1,1,2,1,0.705334,1.980665,-2.041705,-0.310378,0.278012,0.278013,1.023141,1.023538,65,0.453000,0.962000,0.111000,0.205209,0.925444,0.012321,1,1,1.500000,-0.005367,0.112006,-0.026618,0.000325,0.014487,0.678361,2.006599,3.219094,0.713000,0.568000,-0.333000,2.484398,4.305806,-103.416229,-102.904640,-107.288361,-4.383718,-10.704853,-1.999184,0.379899,0.501827,-0.022201,-0.032467,-0.029339,0,0.195245,0.015472,1,0,0,0.000000,0.000000,0.000000,0.000000,0.000000,0.000000,0.000000,0.000000,0,0.000000,0.000000,0.000000,0.000000,1,0,0,1,192,2.000000,2.020858,0.284418,0.000000,0.000000,0.000000,0.000000,0.000000,0.000000,0,1200.000000,1200.000000,1200.000000
103441,28.284029,100389.304688,2.330000,6,1,1193,1203,1141,1263,1200.000000,1,1,2,1,0.749649,2.048316,-2.049882,-0.260130,0.272085,0.272086,0.752051,0.752168,28,0.453000,0.962000,0.113000,0.205209,0.925444,0.012769,1,1,1.500000,-0.005378,0.111848,-0.026867,-0.000269,0.014208,0.744935,2.095080,3.209737,0.492000,0.688000,-0.309000,1.145863,4.383169,-103.535789,-102.956909,-107.288361,-4.331453,-11.870074,-24.262596,0.959939,-1.199111,-0.002082,-0.033211,-0.027937,0,0.240743,0.023664,1,0,0,0.000000,0.000000,0.000000,0.000000,0.000000,0.000000,0.000000,0.000000,0,0.000000,0.000000,0.000000,0.000000,1,0,0,1,192,2.000000,2.048831,0.265394,0.000000,0.000000,0.000000,0.000000,0.000000,0.000000,0,1200.000000,1200.000000,1200.000000
103534,28.284502,100391.601563,2.330000,13,1,1195,1210,1143,1251,1200.000000,1,1,2,1,0.792788,2.113243,-2.109975,-0.289287,0.300033,0.300044,1.371491,1.372371,121,0.453000,0.962000,0.113000,0.205209,0.925444,0.012769,1,1,1.500000,-0.005378,0.111848,-0.026867,-0.000269,0.014208,0.744935,2.095080,3.209737,0.492000,0.688000,-0.309000,-1.412586,4.367093,-103.685478,-103.112289,-107.288361,-4.176074,-10.564992,-23.447287,-0.785995,-1.740674,0.002879,-0.030523,-0.023102,0,0.182241,0.013292,1,0,0,0.000000,0.000000,0.000000,0.000000,0.000000,0.000000,0.000000,0.000000,0,0.000000,0.000000,0.000000,0.000000,1,0,0,1,192,2.000000,2.086851,0.228066,0.000000,0.000000,0.000000,0.000000,0.000000,0.000000,0,1200.000000,1200.000000,1200.000000
103639,28.285168,100388.601563,2.380000,32,1,1220,1199,1152,1229,1200.000000,1,1,2,1,0.850826,2.185091,-2.121227,-0.331341,0.291472,0.291480,1.265264,1.266408,97,0.453000,0.962000,0.120000,0.205209,0.925444,0.014400,1,1,1.500000,-0.005351,0.111849,-0.026873,0.000394,0.016548,0.809520,2.184009,3.199345,0.549000,0.656000,-0.278000,-3.121313,4.027884,-103.792297,-103.252975,-107.288361,-4.035385,-10.456960,-10.211913,-5.935088,-1.037416,0.009497,-0.014324,-0.024660,0,0.228349,0.021171,1,0,0,0.000000,0.000000,0.000000,0.000000,0.000000,0.000000,0.000000,0.000000,0,0.000000,0.000000,0.000000,0.000000,1,0,0,1,192,2.000000,2.114656,0.326936,0.000000,0.000000,0.000000,0.000000,0.000000,0.000000,0,1200.000000,1200.000000,1200.000000
103752,28.283873,100390.398438,2.410000,3,1,1183,1173,1165,1279,1200.000000,1,1,2,1,0.883696,2.246416,-2.140746,-0.286755,0.283944,0.283946,1.125226,1.125961,88,0.453000,0.961000,0.119000,0.205209,0.923521,0.014161,1,1,1.500000,-0.005345,0.111729,-0.027008,0.000083,0.015475,0.852783,2.254661,3.242809,0.352000,0.558000,-0.212000,-2.426858,3.307093,-103.709618,-103.274185,-107.288361,-4.014177,-10.604728,31.774057,-3.459448,1.307169,-0.021851,-0.025973,-0.031185,0,0.230959,0.021480,1,0,0,0.000000,0.000000,0.000000,0.000000,0.000000,0.000000,0.000000,0.000000,0,0.000000,0.000000,0.000000,0.000000,1,0,0,1,192,2.000000,2.116332,0.227972,0.000000,0.000000,0.000000,0.000000,0.000000,0.000000,0,1200.000000,1200.000000,1200.000000
103847,28.286465,100393.500000,2.380000,0,1,1160,1136,1190,1314,1200.000000,1,1,2,1,0.912183,2.289398,-2.118143,-0.186296,0.277856,0.277857,0.971783,0.972093,58,0.453000,0.961000,0.115000,0.205209,0.923521,0.013225,1,1,1.500000,-0.005347,0.111542,-0.027260,0.000094,0.013867,0.887543,2.315752,3.218068,0.271000,0.437000,-0.224000,1.996040,2.918005,-103.397995,-103.041901,-107.288361,-4.246459,-10.815042,53.053020,-2.536532,3.207173,-0.052024,-0.025030,-0.036710,0,0.251369,0.025679,1,0,0,0.000000,0.000000,0.000000,0.000000,0.000000,0.000000,0.000000,0.000000,0,0.000000,0.000000,0.000000,0.000000,1,0,0,1,192,2.000000,2.116274,0.187641,0.000000,0.000000,0.000000,0.000000,0.000000,0.000000,0,1200.000000,1200.000000,1200.000000
103949,28.291037,100392.804688,2.350000,1,1,1177,1120,1173,1329,1200.000000,1,1,2,1,0.934042,2.353784,-2.106133,-0.122663,0.274630,0.274631,0.927787,0.927840,35,0.452000,0.961000,0.126000,0.204304,0.923521,0.015876,1,1,1.500000,-0.005345,0.111537,-0.027261,0.000268,0.016123,0.924763,2.394221,3.257196,0.187000,0.618000,-0.188000,6.663018,2.628550,-103.100670,-102.603065,-107.288361,-4.685291,-13.739161,35.747124,-3.916780,6.594051,-0.051241,-0.024873,-0.053232,0,0.154548,0.009574,1,0,0,0.000000,0.000000,0.000000,0.000000,0.000000,0.000000,0.000000,0.000000,0,0.000000,0.000000,0.000000,0.000000,1,0,0,1,192,2.000000,2.105388,0.125098,0.000000,0.000000,0.000000,0.000000,0.000000,0.000000,0,1200.000000,1200.000000,1200.000000
104039,28.291037,100392.601563,2.340000,5,1,1204,1105,1149,1342,1200.000000,1,1,2,1,0.952430,2.401548,-2.165295,-0.242160,0.299273,0.299274,1.356084,1.355635,1,0.452000,0.960000,0.110000,0.204304,0.921600,0.012100,1,1,1.500000,-0.005385,0.111443,-0.027211,-0.000613,0.013549,0.924763,2.394221,3.257196,0.241000,0.292000,-0.139000,8.704222,2.156020,-102.370720,-101.844612,-107.288361,-5.443749,-16.729021,6.897041,-5.116725,11.126344,-0.045426,-0.023208,-0.072925,0,0.129319,0.006593,1,0,0,0.000000,0.000000,0.000000,0.000000,0.000000,0.000000,0.000000,0.000000,0,0.000000,0.000000,0.000000,0.000000,1,0,0,1,192,2.000000,2.147784,0.181693,0.000000,0.000000,0.000000,0.000000,0.000000,0.000000,0,1200.000000,1200.000000,1200.000000
104143,28.287533,100392.601563,2.340000,23,1,1279,1067,1147,1307,1200.000000,1,1,2,1,0.984485,2.417719,-2.141897,-0.135221,0.289708,0.289700,1.242366,1.240850,105,0.452000,0.960000,0.110000,0.204304,0.921600,0.012100,1,1,1.500000,-0.005385,0.111443,-0.027211,-0.000613,0.013549,0.961533,2.420046,3.298551,0.241000,0.292000,-0.139000,7.852322,0.272142,-101.049118,-100.741379,-107.288361,-6.546982,-19.818750,-19.235992,-25.352072,15.710311,-0.026697,0.012820,-0.093015,0,0.155457,0.009753,1,0,0,0.000000,0.000000,0.000000,0.000000,0.000000,0.000000,0.000000,0.000000,0,0.000000,0.000000,0.000000,0.000000,1,0,0,1,192,2.000000,2.141353,0.136628,0.000000,0.000000,0.000000,0.000000,0.000000,0.000000,0,1200.000000,1200.000000,1200.000000
104253,28.288759,100391.101563,2.340000,4,1,1290,1045,1127,1338,1200.000000,1,1,2,1,1.022894,2.472008,-2.122634,-0.056260,0.281457,0.281457,1.026301,1.024929,80,0.452000,0.960000,0.109000,0.204304,0.921600,0.011881,1,1,1.500000,-0.005423,0.111314,-0.027354,-0.000461,0.013132,1.008352,2.480623,3.318430,0.301000,0.421000,-0.115000,6.014051,-2.882062,-99.484818,-99.302902,-107.288361,-7.985461,-24.476284,-8.775489,-27.983351,19.075762,-0.032305,0.008267,-0.114019,0,0.172497,0.012065,1,0,0,0.000000,0.000000,0.000000,0.000000,0.000000,0.000000,0.000000,0.000000,0,0.000000,0.000000,0.000000,0.000000,1,0,0,1,192,2.000000,2.107222,0.025377,0.000000,0.000000,0.000000,0.000000,0.000000,0.000000,0,1200.000000,1200.000000,1200.000000
104353,28.294470,100394.804688,2.320000,3,1,1312,1016,1124,1348,1200.000000,1,1,2,1,1.053282,2.495239,-2.089803,0.050241,0.277984,0.277985,1.025062,1.023250,65,0.452000,0.959000,0.102000,0.204304,0.919681,0.010404,1,1,1.500000,-0.005439,0.111188,-0.027420,-0.000813,0.012902,1.055836,2.505916,3.410080,0.257000,0.241000,-0.033000,5.618461,-5.809611,-97.802284,-97.695007,-107.288361,-9.593356,-28.798126,0.438420,-27.179276,20.830452,-0.036292,0.017985,-0.129927,0,0.186378,0.014098,1,0,0,0.000000,0.000000,0.000000,0.000000,0.000000,0.000000,0.000000,0.000000,0,0.000000,0.000000,0.000000,0.000000,1,0,0,1,192,2.000000,2.074806,-0.081286,0.000000,0.000000,0.000000,0.000000,0.000000,0.000000,0,1200.000000,1200.000000,1200.000000
104441,28.286623,100392.898438,2.310000,6,1,1313,1000,1157,1330,1200.000000,1,1,2,1,1.098808,2.502209,-2.057880,0.112658,0.272065,0.272060,0.753067,0.752059,28,0.452000,0.960000,0.103000,0.204304,0.921600,0.010609,1,1,1.500000,-0.005406,0.111047,-0.027503,0.001229,0.013592,1.116137,2.505215,3.435588,0.437000,0.038000,-0.016000,6.040132,-8.116759,-96.059471,-96.362007,-107.288361,-10.926350,-32.920517,6.882082,-19.992743,16.884241,-0.043619,0.034759,-0.130389,0,0.208644,0.017775,1,0,0,0.000000,0.000000,0.000000,0.000000,0.000000,0.000000,0.000000,0.000000,0,0.000000,0.000000,0.000000,0.000000,1,0,0,1,192,2.000000,2.058320,-0.107467,0.000000,0.000000,0.000000,0.000000,0.000000,0.000000,0,1200.000000,1200.000000,1200.000000
104534,28.288094,100394.304688,2.280000,13,1,1278,1047,1139,1335,1200.000000,1,1,2,1,1.143301,2.490486,-2.077169,0.076447,0.300094,0.300016,1.377608,1.371910,121,0.452000,0.960000,0.103000,0.204304,0.921600,0.010609,1,1,1.500000,-0.005406,0.111047,-0.027503,0.001229,0.013592,1.116137,2.505215,3.435588,0.437000,0.038000,-0.016000,6.124391,-8.940293,-94.960915,-95.359711,-107.288361,-11.928653,-33.349117,-3.113986,5.140697,7.427104,-0.037216,0.008856,-0.106752,0,0.157476,0.009925,1,0,0,0.000000,0.000000,0.000000,0.000000,0.000000,0.000000,0.000000,0.000000,0,0.000000,0.000000,0.000000,0.000000,1,0,0,1,192,2.000000,2.063038,-0.127870,0.000000,0.000000,0.000000,0.000000,0.000000,0.000000,0,1200.000000,1200.000000,1200.000000
104639,28.292351,100394.101563,2.260000,32,1,1216,1199,1062,1323,1200.000000,1,1,2,1,1.197417,2.457995,-2.044258,0.053112,0.291471,0.291443,1.268447,1.264874,97,0.451000,0.959000,0.098000,0.203401,0.919681,0.009604,1,1,1.500000,-0.005360,0.110889,-0.027600,0.002041,0.013804,1.186280,2.478755,3.518675,0.479000,-0.231000,0.045000,4.488577,-7.276509,-94.583801,-95.011467,-107.288361,-12.276890,-29.807049,-26.351225,27.711027,-3.387351,0.007448,-0.060933,-0.069167,0,0.168868,0.011578,1,0,0,0.000000,0.000000,0.000000,0.000000,0.000000,0.000000,0.000000,0.000000,0,0.000000,0.000000,0.000000,0.000000,1,0,0,1,192,2.000000,2.045262,-0.047828,0.000000,0.000000,0.000000,0.000000,0.000000,0.000000,0,1200.000000,1200.000000,1200.000000
104749,28.291739,100394.000000,2.220000,0,1,1162,1258,1074,1306,1200.000000,1,1,2,1,1.257901,2.429944,-2.021969,-0.070622,0.283925,0.283927,1.126132,1.125939,88,0.451000,0.959000,0.112000,0.203401,0.919681,0.012544,1,1,1.500000,-0.005362,0.110827,-0.027721,-0.000116,0.015869,1.252343,2.452764,3.503423,0.548000,-0.288000,0.017000,0.975179,-1.962208,-95.305397,-95.606766,-107.288361,-11.681591,-25.922794,-41.107445,62.350101,-12.916850,0.009820,-0.081880,-0.034049,0,0.164947,0.011104,1,0,0,0.000000,0.000000,0.000000,0.000000,0.000000,0.000000,0.000000,0.000000,0,0.000000,0.000000,0.000000,0.000000,1,0,0,1,192,2.000000,2.021140,0.067679,0.000000,0.000000,0.000000,0.000000,0.000000,0.000000,0,1200.000000,1200.000000,1200.000000
104874,28.288532,100393.703125,2.240000,27,1,1173,1261,1101,1265,1200.000000,1,1,2,1,1.324689,2.353413,-2.013358,-0.128192,0.282203,0.282205,1.090896,1.091249,86,0.451000,0.959000,0.116000,0.203401,0.919681,0.013456,1,1,1.500000,-0.005365,0.110715,-0.027813,0.000004,0.014973,1.325610,2.376322,3.560186,0.563000,-0.585000,0.078000,-3.922196,4.274333,-97.069374,-97.302223,-107.288361,-9.986139,-21.487469,-29.170321,28.413755,-14.126563,0.017024,-0.062957,-0.019271,0,0.186107,0.014043,1,0,0,0.000000,0.000000,0.000000,0.000000,0.000000,0.000000,0.000000,0.000000,0,0.000000,0.000000,0.000000,0.000000,1,0,0,1,192,2.000000,2.011144,0.117976,0.000000,0.000000,0.000000,0.000000,0.000000,0.000000,0,1200.000000,1200.000000,1200.000000
104949,28.292212,100393.804688,2.230000,0,1,1192,1241,1115,1251,1200.000000,1,1,2,1,1.367616,2.299586,-1.964391,-0.012931,0.274299,0.274299,0.898378,0.898844,37,0.451000,0.959000,0.115000,0.203401,0.919681,0.013225,1,1,1.500000,-0.005350,0.110679,-0.027883,0.000701,0.015563,1.386522,2.291326,3.518257,0.536000,-0.684000,0.030000,-5.397045,5.260902,-97.977013,-98.268600,-107.288361,-9.019756,-20.039639,-9.983029,5.552849,-11.755303,0.016689,-0.046370,-0.021688,0,0.154531,0.009571,1,0,0,0.000000,0.000000,0.000000,0.000000,0.000000,0.000000,0.000000,0.000000,0,0.000000,0.000000,0.000000,0.000000,1,0,0,1,192,2.000000,1.964292,0.006857,0.000000,0.000000,0.000000,0.000000,0.000000,0.000000,0,1200.000000,1200.000000,1200.000000
105039,28.292648,100394.601563,2.210000,4,1,1192,1199,1153,1257,1200.000000,1,1,2,1,1.401636,2.240938,-2.022622,-0.220442,0.297767,0.297799,1.336510,1.338681,0,0.451000,0.959000,0.123000,0.203401,0.919681,0.015129,1,1,1.500000,-0.005329,0.110707,-0.027949,0.000765,0.017020,1.386522,2.291326,3.518257,0.427000,-0.760000,0.074000,-5.362475,5.043094,-98.890274,-99.187935,-107.288361,-8.100427,-18.781549,9.946342,-7.537429,-9.467160,-0.004870,-0.027951,-0.024385,0,0.143249,0.008110,1,0,0,0.000000,0.000000,0.000000,0.000000,0.000000,0.000000,0.000000,0.000000,0,0.000000,0.000000,0.000000,0.000000,1,0,0,1,192,2.000000,2.022622,0.220442,0.000000,0.000000,0.000000,0.000000,0.000000,0.000000,0,1200.000000,1200.000000,1200.000000
105143,28.288988,100395.000000,2.170000,22,1,1170,1184,1174,1272,1200.000000,1,1,2,1,1.445738,2.153959,-1.975322,-0.094987,0.291733,0.291751,1.289058,1.290619,104,0.451000,0.959000,0.123000,0.203401,0.919681,0.015129,1,1,1.500000,-0.005329,0.110707,-0.027949,0.000765,0.017020,1.438776,2.194113,3.577309,0.427000,-0.760000,0.074000,-3.551215,4.374949,-99.586479,-99.997353,-107.288361,-7.291008,-14.954196,22.887602,-2.302274,-6.918677,-0.022768,-0.028210,-0.021037,0,0.150549,0.009123,1,0,0,0.000000,0.000000,0.000000,0.000000,0.000000,0.000000,0.000000,0.000000,0,0.000000,0.000000,0.000000,0.000000,1,0,0,1,192,2.000000,1.974951,0.090712,0.000000,0.000000,0.000000,0.000000,0.000000,0.000000,0,1200.000000,1200.000000,1200.000000
105254,28.289320,100396.898438,2.110000,4,1,1180,1180,1160,1280,1200.000000,1,1,2,1,1.470613,2.049123,-1.939535,-0.040142,0.285334,0.285339,1.193632,1.194676,86,0.451000,0.959000,0.129000,0.203401,0.919681,0.016641,1,1,1.500000,-0.005259,0.110689,-0.027956,0.001672,0.017953,1.459930,2.087308,3.590626,0.253000,-0.883000,0.072000,-1.319932,4.129716,-99.969147,-100.584396,-107.288361,-6.703960,-15.779367,16.726080,-1.082618,-4.360223,-0.020101,-0.029899,-0.029895,0,0.121988,0.005989,1,0,0,0.000000,0.000000,0.000000,0.000000,0.000000,0.000000,0.000000,0.000000,0,0.000000,0.000000,0.000000,0.000000,1,0,0,1,192,2.000000,1.928052,-0.007421,0.000000,0.000000,0.000000,0.000000,0.000000,0.000000,0,1200.000000,1200.000000,1200.000000
105353,28.286360,100393.500000,2.120000,3,1,1185,1177,1151,1286,1200.000000,1,1,2,1,1.475627,1.970877,-1.894690,0.041468,0.278151,0.278151,0.973310,0.973689,64,0.450000,0.958000,0.131000,0.202500,0.917764,0.017161,1,1,1.500000,-0.005216,0.110636,-0.028084,0.001262,0.017373,1.470843,1.998578,3.637740,0.080000,-0.782000,0.078000,-0.205335,4.093588,-100.338890,-100.891235,-107.288361,-6.397121,-15.993778,5.557884,1.291239,-2.403032,-0.018546,-0.031553,-0.035580,0,0.181095,0.013305,1,0,0,0.000000,0.000000,0.000000,0.000000,0.000000,0.000000,0.000000,0.000000,0,0.000000,0.000000,0.000000,0.000000,1,0,0,1,192,2.000000,1.880003,-0.082384,0.000000,0.000000,0.000000,0.000000,0.000000,0.000000,0,1200.000000,1200.000000,1200.000000
105442,28.291439,100397.101563,2.100000,7,1,1179,1190,1134,1297,1200.000000,1,1,2,1,1.477426,1.889289,-1.859552,0.055557,0.272367,0.272367,0.770776,0.770864,28,0.450000,0.958000,0.129000,0.202500,0.917764,0.016641,1,1,1.500000,-0.005235,0.110507,-0.028383,0.000790,0.016437,1.470600,1.892542,3.650715,0.015000,-0.867000,0.064000,0.036637,4.427261,-100.443794,-101.024117,-107.288361,-6.264240,-15.611591,-1.427766,6.206224,-1.124690,-0.015358,-0.043643,-0.037927,0,0.196142,0.015701,1,0,0,0.000000,0.000000,0.000000,0.000000,0.000000,0.000000,0.000000,0.000000,0,0.000000,0.000000,0.000000,0.000000,1,0,0,1,192,2.000000,1.859892,-0.057883,0.000000,0.000000,0.000000,0.000000,0.000000,0.000000,0,1200.000000,1200.000000,1200.000000
105534,28.292999,100395.804688,2.080000,13,1,1189,1188,1145,1279,1200.000000,1,1,2,1,1.474696,1.810449,-1.888659,-0.072484,0.300541,0.300548,1.375378,1.375814,120,0.450000,0.958000,0.129000,0.202500,0.917764,0.016641,1,1,1.500000,-0.005235,0.110507,-0.028383,0.000790,0.016437,1.470600,1.892542,3.650715,0.015000,-0.867000,0.064000,-0.294040,4.898901,-100.522354,-101.093666,-107.288361,-6.194695,-14.390415,-5.535188,-0.358221,-1.477824,-0.011556,-0.033212,-0.033805,0,0.147026,0.008648,1,0,0,0.000000,0.000000,0.000000,0.000000,0.000000,0.000000,0.000000,0.000000,0,0.000000,0.000000,0.000000,0.000000,1,0,0,1,192,2.000000,1.872920,0.012991,0.000000,0.000000,0.000000,0.000000,0.000000,0.000000,0,1200.000000,1200.000000,1200.000000
105640,28.294943,100395.203125,2.080000,33,1,1185,1199,1145,1271,1200.000000,1,1,2,1,1.462256,1.706772,-1.844786,0.043785,0.291642,0.291646,1.265864,1.266223,97,0.450000,0.958000,0.125000,0.202500,0.917764,0.015625,1,1,1.500000,-0.005275,0.110335,-0.028611,0.000248,0.015427,1.459125,1.778028,3.695582,-0.066000,-0.935000,0.078000,-1.077987,4.831277,-100.766075,-101.387886,-107.288361,-5.900477,-14.549438,-9.727196,1.325228,-3.890687,-0.008161,-0.035083,-0.027905,0,0.190177,0.014683,1,0,0,0.000000,0.000000,0.000000,0.000000,0.000000,0.000000,0.000000,0.000000,0,0.000000,0.000000,0.000000,0.000000,1,0,0,1,192,2.000000,1.844874,-0.044196,0.000000,0.000000,0.000000,0.000000,0.000000,0.000000,0,1200.000000,1200.000000,1200.000000
105752,28.293051,100395.000000,2.090000,3,1,1172,1207,1153,1269,1200.000000,1,1,2,1,1.452141,1.585888,-1.838617,-0.046459,0.284077,0.284077,1.125549,1.125659,92,0.450000,0.957000,0.117000,0.202500,0.915849,0.013689,1,1,1.500000,-0.005327,0.110131,-0.029043,0.000373,0.013732,1.446690,1.654293,3.640756,-0.071000,-1.055000,-0.001000,-1.660596,4.977746,-101.236099,-101.951729,-107.288361,-5.336632,-13.374313,-2.167698,6.281524,-5.655253,-0.010611,-0.037828,-0.020208,0,0.211249,0.017969,1,0,0,0.000000,0.000000,0.000000,0.000000,0.000000,0.000000,0.000000,0.000000,0,0.000000,0.000000,0.000000,0.000000,1,0,0,1,192,2.000000,1.818889,-0.011119,0.000000,0.000000,0.000000,0.000000,0.000000,0.000000,0,1200.000000,1200.000000,1200.000000
105847,28.295294,100396.203125,2.060000,0,1,1146,1226,1158,1270,1200.000000,1,1,2,1,1.414983,1.497776,-1.798242,0.027465,0.277974,0.277974,0.971685,0.971712,59,0.449000,0.957000,0.111000,0.201601,0.915849,0.012321,1,1,1.500000,-0.005372,0.109876,-0.029482,0.000380,0.012330,1.400530,1.548567,3.620027,-0.298000,-0.922000,-0.026000,-1.590785,5.923523,-101.853043,-102.533142,-107.288361,-4.755219,-9.903595,4.735981,12.071874,-6.874386,-0.013916,-0.047945,-0.007930,0,0.231023,0.021689,1,0,0,0.000000,0.000000,0.000000,0.000000,0.000000,0.000000,0.000000,0.000000,0,0.000000,0.000000,0.000000,0.000000,1,0,0,1,192,2.000000,1.798472,-0.018810,0.000000,0.000000,0.000000,0.000000,0.000000,0.000000,0,1200.000000,1200.000000,1200.000000
105981,28.292000,100392.000000,2.090000,32,1,1110,1257,1137,1297,1200.000000,1,1,2,1,1.366850,1.382160,-1.806464,-0.088317,0.277847,0.277847,1.025058,1.024574,68,0.449000,0.957000,0.116000,0.201601,0.915849,0.013456,1,1,1.500000,-0.005385,0.109724,-0.029672,0.000119,0.013893,1.343601,1.443486,3.588444,-0.320000,-0.887000,-0.071000,-1.005140,8.197166,-102.883118,-103.437393,-107.288361,-3.850963,-8.637939,5.244056,25.723673,-7.432168,-0.016694,-0.076673,-0.003157,0,0.247415,0.024864,1,0,0,0.000000,0.000000,0.000000,0.000000,0.000000,0.000000,0.000000,0.000000,0,0.000000,0.000000,0.000000,0.000000,1,0,0,1,192,2.000000,1.806288,0.088276,0.000000,0.000000,0.000000,0.000000,0.000000,0.000000,0,1200.000000,1200.000000,1200.000000
106039,28.293577,100394.398438,2.100000,4,1,1117,1248,1149,1286,1200.000000,1,1,2,1,1.346132,1.339072,-1.858372,-0.240718,0.297868,0.297853,1.337105,1.335682,0,0.449000,0.956000,0.103000,0.201601,0.913936,0.010609,1,1,1.500000,-0.005412,0.109520,-0.029871,-0.000370,0.011448,1.343601,1.443486,3.588444,-0.487000,-0.871000,-0.034000,-0.705632,9.735766,-103.337982,-103.827614,-107.288361,-3.460748,-7.807679,7.378305,26.448143,-7.223242,-0.017333,-0.066864,-0.001530,0,0.204260,0.016489,1,0,0,0.000000,0.000000,0.000000,0.000000,0.000000,0.000000,0.000000,0.000000,0,0.000000,0.000000,0.000000,0.000000,1,0,0,1,192,2.000000,1.833098,0.146400,0.000000,0.000000,0.000000,0.000000,0.000000,0.000000,0,1200.000000,1200.000000,1200.000000
106143,28.293577,100393.304688,2.130000,22,1,1108,1242,1164,1286,1200.000000,1,1,2,1,1.282803,1.249570,-1.852599,-0.219312,0.291821,0.291811,1.289182,1.287951,104,0.449000,0.956000,0.103000,0.201601,0.913936,0.010609,1,1,1.500000,-0.005412,0.109520,-0.029871,-0.000370,0.011448,1.287060,1.339861,3.630255,-0.487000,-0.871000,-0.034000,0.181329,11.527181,-103.956284,-104.445473,-107.288361,-2.842889,-4.543524,11.685680,5.335447,-5.700224,-0.024983,-0.064363,0.003028,0,0.244849,0.024132,1,0,0,0.000000,0.000000,0.000000,0.000000,0.000000,0.000000,0.000000,0.000000,0,0.000000,0.000000,0.000000,0.000000,1,0,0,1,192,2.000000,1.851723,0.218850,0.000000,0.000000,0.000000,0.000000,0.000000,0.000000,0,1200.000000,1200.000000,1200.000000
106254,28.297869,100394.203125,2.150000,4,1,1117,1223,1173,1287,1200.000000,1,1,2,1,1.221551,1.176305,-1.855965,-0.128455,0.281848,0.281847,1.001210,1.000408,79,0.448000,0.956000,0.102000,0.200704,0.913936,0.010404,1,1,1.500000,-0.005434,0.109301,-0.030234,0.000118,0.011065,1.219567,1.261416,3.630815,-0.528000,-0.720000,-0.055000,1.701522,11.365376,-104.454620,-104.991341,-107.288361,-2.297020,-4.675194,19.072691,-3.341854,-3.851741,-0.029965,-0.054709,-0.002156,0,0.256623,0.026693,1,0,0,0.000000,0.000000,0.000000,0.000000,0.000000,0.000000,0.000000,0.000000,0,0.000000,0.000000,0.000000,0.000000,1,0,0,1,192,2.000000,1.832430,0.079139,0.000000,0.000000,0.000000,0.000000,0.000000,0.000000,0,1200.000000,1200.000000,1200.000000
106350,28.294786,100394.000000,2.160000,0,1,1107,1179,1211,1304,1200.000000,1,1,2,1,1.149554,1.111100,-1.823217,-0.053680,0.278184,0.278184,0.996974,0.996792,62,0.448000,0.955000,0.099000,0.200704,0.912025,0.009801,1,1,1.500000,-0.005461,0.109057,-0.030666,0.000263,0.010099,1.130404,1.181076,3.633791,-0.664000,-0.666000,-0.059000,4.271063,10.734480,-104.600517,-105.279381,-107.288361,-2.008977,-2.687517,37.948612,-11.151011,-0.599042,-0.057301,-0.041274,-0.005468,0,0.304619,0.037767,1,0,0,0.000000,0.000000,0.000000,0.000000,0.000000,0.000000,0.000000,0.000000,0,0.000000,0.000000,0.000000,0.000000,1,0,0,1,192,2.000000,1.822485,0.050595,0.000000,0.000000,0.000000,0.000000,0.000000,0.000000,0,1200.000000,1200.000000,1200.000000
106442,28.295609,100394.500000,2.180000,6,1,1082,1128,1252,1337,1200.000000,1,1,2,1,1.078769,1.068851,-1.838609,-0.041590,0.272393,0.272394,0.771449,0.771516,29,0.447000,0.955000,0.107000,0.199809,0.912025,0.011449,1,1,1.500000,-0.005516,0.108876,-0.031221,0.000180,0.013130,1.042717,1.125997,3.641836,-0.718000,-0.470000,-0.067000,8.157226,9.586717,-104.507652,-105.398842,-107.288361,-1.889517,-2.565888,45.295418,-8.854104,1.148859,-0.094764,-0.032834,-0.009725,0,0.306609,0.038379,1,0,0,0.000000,0.000000,0.000000,0.000000,0.000000,0.000000,0.000000,0.000000,0,0.000000,0.000000,0.000000,0.000000,1,0,0,1,192,2.000000,1.813391,0.012814,0.000000,0.000000,0.000000,0.000000,0.000000,0.000000,0,1200.000000,1200.000000,1200.000000
106534,28.295662,100394.203125,2.190000,12,1,1081,1165,1214,1340,1200.000000,1,1,2,1,1.023840,1.027841,-1.898658,-0.214876,0.301116,0.301135,1.386279,1.387977,121,0.447000,0.955000,0.107000,0.199809,0.912025,0.011449,1,1,1.500000,-0.005516,0.108876,-0.031221,0.000180,0.013130,1.042717,1.125997,3.641836,-0.718000,-0.470000,-0.067000,11.909964,9.296472,-104.407471,-105.296516,-107.288361,-1.991847,-2.348739,32.154442,2.676531,1.686135,-0.077126,-0.052655,-0.010563,0,0.260272,0.027106,1,0,0,0.000000,0.000000,0.000000,0.000000,0.000000,0.000000,0.000000,0.000000,0,0.000000,0.000000,0.000000,0.000000,1,0,0,1,192,2.000000,1.869279,0.111997,0.000000,0.000000,0.000000,0.000000,0.000000,0.000000,0,1200.000000,1200.000000,1200.000000
106640,28.299025,100395.601563,2.170000,32,1,1083,1180,1196,1342,1200.000000,1,1,2,1,0.965627,1.004795,-1.882525,-0.102725,0.292073,0.292098,1.273773,1.276938,97,0.447000,0.955000,0.097000,0.199809,0.912025,0.009409,1,1,1.500000,-0.005615,0.108610,-0.031857,-0.000559,0.010750,0.978275,1.098137,3.656241,-0.590000,-0.325000,-0.059000,13.820271,9.684763,-103.973495,-104.954781,-107.288361,-2.333582,-2.169266,5.190290,3.946309,2.482534,-0.068739,-0.060896,-0.012178,0,0.252645,0.025921,1,0,0,0.000000,0.000000,0.000000,0.000000,0.000000,0.000000,0.000000,0.000000,0,0.000000,0.000000,0.000000,0.000000,1,0,0,1,192,2.000000,1.882422,0.102933,0.000000,0.000000,0.000000,0.000000,0.000000,0.000000,0,1200.000000,1200.000000,1200.000000
106751,28.299709,100392.601563,2.210000,4,1,1123,1177,1178,1322,1200.000000,1,1,2,1,0.919114,0.990251,-1.897025,-0.128204,0.284446,0.284457,1.137322,1.140175,90,0.446000,0.955000,0.094000,0.198916,0.912025,0.008836,1,1,1.500000,-0.005730,0.108356,-0.032493,-0.001472,0.010166,0.924433,1.080407,3.664146,-0.447000,-0.222000,-0.072000,13.053926,9.698209,-103.506470,-104.583504,-107.288361,-2.704857,-4.549621,-19.117496,-4.107142,4.030763,-0.049927,-0.049345,-0.022463,0,0.279377,0.031411,1,0,0,0.000000,0.000000,0.000000,0.000000,0.000000,0.000000,0.000000,0.000000,0,0.000000,0.000000,0.000000,0.000000,1,0,0,1,192,2.000000,1.870106,0.053051,0.000000,0.000000,0.000000,0.000000,0.000000,0.000000,0,1200.000000,1200.000000,1200.000000
106842,28.296766,100393.804688,2.200000,9,1,1162,1171,1158,1310,1200.000000,1,1,2,1,0.893173,0.994208,-1.885207,-0.056317,0.275759,0.275759,0.896919,0.898313,51,0.446000,0.955000,0.103000,0.198916,0.912025,0.010609,1,1,1.500000,-0.005839,0.108063,-0.033133,-0.000977,0.010180,0.891289,1.080380,3.689200,-0.261000,-0.059000,-0.063000,10.864111,9.060503,-102.989708,-104.296532,-107.288361,-2.991828,-7.897519,-25.073774,-6.942676,5.798728,-0.033702,-0.040135,-0.035857,0,0.278651,0.031611,1,0,0,0.000000,0.000000,0.000000,0.000000,0.000000,0.000000,0.000000,0.000000,0,0.000000,0.000000,0.000000,0.000000,1,0,0,1,192,2.000000,1.884980,0.056860,0.000000,0.000000,0.000000,0.000000,0.000000,0.000000,0,1200.000000,1200.000000,1200.000000
106953,28.296381,100392.804688,2.210000,0,1,1169,1158,1147,1326,1200.000000,1,1,2,1,0.885515,1.001590,-1.848450,-0.007593,0.274796,0.274796,0.838026,0.838742,40,0.445000,0.955000,0.125000,0.198025,0.912025,0.015625,1,1,1.500000,-0.005914,0.107770,-0.033740,-0.000488,0.010392,0.891325,1.088918,3.709096,-0.056000,0.013000,-0.049000,8.775011,8.364390,-102.258064,-103.651375,-107.288361,-3.636987,-9.908743,-15.148623,-4.899396,8.237587,-0.036925,-0.042045,-0.047507,0,0.253061,0.025851,1,0,0,0.000000,0.000000,0.000000,0.000000,0.000000,0.000000,0.000000,0.000000,0,0.000000,0.000000,0.000000,0.000000,1,0,0,1,192,2.000000,1.848330,0.009655,0.000000,0.000000,0.000000,0.000000,0.000000,0.000000,0,1200.000000,1200.000000,1200.000000
107052,28.294874,100393.203125,2.220000,0,1,1180,1140,1136,1344,1200.000000,1,1,2,1,0.893537,1.022486,-1.840244,-0.012151,0.272026,0.272026,0.751332,0.751721,14,0.445000,0.955000,0.108000,0.198025,0.912025,0.011664,1,1,1.500000,-0.005979,0.107501,-0.034307,-0.000355,0.011065,0.914953,1.123760,3.716488,0.092000,0.171000,-0.059000,7.729248,7.746981,-101.303055,-102.809593,-107.288361,-4.478767,-13.180367,-7.499739,-5.371777,10.512548,-0.040025,-0.042417,-0.062028,0,0.283317,0.032345,1,0,0,0.000000,0.000000,0.000000,0.000000,0.000000,0.000000,0.000000,0.000000,0,0.000000,0.000000,0.000000,0.000000,1,0,0,1,192,2.000000,1.907806,0.109172,0.000000,0.000000,0.000000,0.000000,0.000000,0.000000,0,1200.000000,1200.000000,1200.000000
107181,28.293753,100391.398438,2.250000,29,1,1189,1127,1125,1358,1200.000000,1,1,2,1,0.913568,1.050168,-1.858906,-0.012043,0.273352,0.273352,0.471422,0.471495,14,0.444000,0.954000,0.100000,0.197136,0.910116,0.010000,1,1,1.500000,-0.006053,0.107261,-0.034729,-0.000818,0.010959,0.939829,1.149731,3.748012,0.163000,0.177000,-0.049000,7.318667,7.079082,-100.039749,-101.499710,-107.288361,-5.788654,-17.007423,-0.579736,-1.262644,11.168545,-0.041821,-0.042596,-0.073765,0,0.288411,0.032671,1,0,0,0.000000,0.000000,0.000000,0.000000,0.000000,0.000000,0.000000,0.000000,0,0.000000,0.000000,0.000000,0.000000,1,0,0,1,192,2.000000,1.938120,0.230541,0.000000,0.000000,0.000000,0.000000,0.000000,0.000000,0,1200.000000,1200.000000,1200.000000
107245,28.296118,100392.398438,2.260000,7,1,1196,1123,1120,1361,1200.000000,1,1,2,1,0.930567,1.064220,-1.919280,-0.091659,0.280300,0.280301,0.973887,0.974321,78,0.444000,0.954000,0.100000,0.197136,0.910116,0.010000,1,1,1.500000,-0.006053,0.107261,-0.034729,-0.000818,0.010959,0.939829,1.149731,3.748012,0.163000,0.177000,-0.049000,7.348172,6.959684,-99.187904,-100.788162,-107.288361,-6.500196,-18.871395,-2.862464,0.034582,11.208867,-0.040650,-0.041981,-0.078750,0,0.309123,0.038642,1,0,0,0.000000,0.000000,0.000000,0.000000,0.000000,0.000000,0.000000,0.000000,0,0.000000,0.000000,0.000000,0.000000,1,0,0,1,192,2.000000,1.890877,0.033638,0.000000,0.000000,0.000000,0.000000,0.000000,0.000000,0,1200.000000,1200.000000,1200.000000
107347,28.293858,100391.804688,2.250000,23,1,1209,1119,1112,1360,1200.000000,1,1,2,1,0.962550,1.102694,-1.905853,-0.036967,0.275933,0.275933,0.851776,0.851912,55,0.444000,0.955000,0.113000,0.197136,0.912025,0.012769,1,1,1.500000,-0.006175,0.107204,-0.035309,-0.001454,0.015219,0.976081,1.193767,3.771478,0.267000,0.283000,-0.036000,6.966297,6.825852,-98.017677,-99.708961,-107.288361,-7.579400,-21.410028,-8.703465,-2.104390,10.871885,-0.035808,-0.039763,-0.084514,0,0.310742,0.039354,1,0,0,0.000000,0.000000,0.000000,0.000000,0.000000,0.000000,0.000000,0.000000,0,0.000000,0.000000,0.000000,0.000000,1,0,0,1,192,2.000000,1.905558,0.036761,0.000000,0.000000,0.000000,0.000000,0.000000,0.000000,0,1200.000000,1200.000000,1200.000000
107448,28.298359,100392.101563,2.280000,38,1,1245,1107,1113,1335,1200.000000,1,1,2,1,1.000002,1.153755,-1.892218,0.001515,0.273889,0.273889,0.697175,0.697218,34,0.444000,0.955000,0.121000,0.197136,0.912025,0.014641,1,1,1.500000,-0.006282,0.107231,-0.035933,-0.001092,0.016179,1.022536,1.246556,3.792381,0.335000,0.428000,-0.031000,5.706775,5.970044,-96.962761,-98.798920,-107.288361,-8.489440,-24.140108,-19.398508,-13.963003,10.167442,-0.023952,-0.021099,-0.089817,0,0.282191,0.031901,1,0,0,0.000000,0.000000,0.000000,0.000000,0.000000,0.000000,0.000000,0.000000,0,0.000000,0.000000,0.000000,0.000000,1,0,0,1,192,2.000000,1.892252,-0.004068,0.000000,0.000000,0.000000,0.000000,0.000000,0.000000,0,1200.000000,1200.000000,1200.000000
107558,28.298693,100392.304688,2.310000,0,1,1323,1136,1088,1253,1200.000000,1,1,2,1,1.042314,1.192583,-1.880299,0.030507,0.272343,0.272344,0.469153,0.469157,12,0.444000,0.955000,0.113000,0.197136,0.912025,0.012769,1,1,1.500000,-0.006399,0.107082,-0.036677,-0.000333,0.013857,1.078532,1.272246,3.839336,0.350000,0.257000,0.000000,2.733360,4.314083,-96.106918,-98.014664,-107.288361,-9.273696,-25.816860,-34.425941,-9.370244,7.738862,0.029723,0.005447,-0.087849,0,0.328013,0.043730,1,0,0,0.000000,0.000000,0.000000,0.000000,0.000000,0.000000,0.000000,0.000000,0,0.000000,0.000000,0.000000,0.000000,1,0,0,1,192,2.000000,1.954572,0.112207,0.000000,0.000000,0.000000,0.000000,0.000000,0.000000,0,1200.000000,1200.000000,1200.000000
107653,28.299112,100392.703125,2.300000,9,1,1247,1136,1091,1325,1200.000000,1,1,2,1,1.072121,1.218184,-1.969511,-0.126111,0.292166,0.292166,1.270479,1.270727,107,0.444000,0.955000,0.113000,0.197136,0.912025,0.012769,1,1,1.500000,-0.006399,0.107082,-0.036677,-0.000333,0.013857,1.078532,1.272246,3.839336,0.350000,0.257000,0.000000,-0.228415,3.979593,-95.501472,-97.396278,-107.288361,-9.892081,-26.899933,-28.471043,0.267910,6.035143,-0.008157,-0.030815,-0.086224,0,0.298802,0.036005,1,0,0,0.000000,0.000000,0.000000,0.000000,0.000000,0.000000,0.000000,0.000000,0,0.000000,0.000000,0.000000,0.000000,1,0,0,1,192,2.000000,1.940922,0.046380,0.000000,0.000000,0.000000,0.000000,0.000000,0.000000,0,1200.000000,1200.000000,1200.000000
107747,28.298851,100390.703125,2.320000,0,1,1254,1139,1079,1328,1200.000000,1,1,2,1,1.120913,1.261199,-1.931176,0.001726,0.281081,0.281081,1.123040,1.123336,86,0.444000,0.955000,0.116000,0.197136,0.912025,0.013456,1,1,1.500000,-0.006463,0.106961,-0.037344,0.000745,0.014726,1.133908,1.325427,3.840757,0.434000,0.343000,-0.015000,-2.332709,4.200902,-94.924431,-96.829758,-107.288361,-10.458605,-28.712416,-14.492169,2.450398,6.130853,-0.003429,-0.033362,-0.091219,0,0.336016,0.046130,1,0,0,0.000000,0.000000,0.000000,0.000000,0.000000,0.000000,0.000000,0.000000,0,0.000000,0.000000,0.000000,0.000000,1,0,0,1,192,2.000000,1.931191,-0.001493,0.000000,0.000000,0.000000,0.000000,0.000000,0.000000,0,1200.000000,1200.000000,1200.000000
107848,28.296713,100391.203125,2.330000,15,1,1252,1120,1086,1342,1200.000000,1,1,2,1,1.157733,1.313132,-1.948001,-0.002533,0.277173,0.277173,0.883917,0.884154,54,0.444000,0.955000,0.121000,0.197136,0.912025,0.014641,1,1,1.500000,-0.006510,0.106920,-0.037858,0.000720,0.015774,1.179354,1.378990,3.857971,0.319000,0.420000,-0.009000,-2.769705,4.373914,-94.296539,-96.151550,-107.288361,-11.136808,-30.543028,2.990137,-0.048257,6.537601,-0.013905,-0.031117,-0.097077,0,0.352062,0.050391,1,0,0,0.000000,0.000000,0.000000,0.000000,0.000000,0.000000,0.000000,0.000000,0,0.000000,0.000000,0.000000,0.000000,1,0,0,1,192,2.000000,1.947953,0.004748,0.000000,0.000000,0.000000,0.000000,0.000000,0.000000,0,1200.000000,1200.000000,1200.000000
107953,28.303177,100394.601563,2.290000,0,1,1251,1104,1090,1354,1200.000000,1,1,2,1,1.181909,1.350440,-1.906419,0.044631,0.273950,0.273951,0.865425,0.865654,40,0.444000,0.955000,0.115000,0.197136,0.912025,0.013225,1,1,1.500000,-0.006578,0.106737,-0.038451,0.000434,0.013752,1.203848,1.414414,3.879050,0.174000,0.292000,-0.003000,-2.035176,4.188093,-93.503632,-95.435616,-107.288361,-11.852741,-32.190380,14.003333,-2.260713,7.056590,-0.022421,-0.029216,-0.102748,0,0.302034,0.036945,1,0,0,0.000000,0.000000,0.000000,0.000000,0.000000,0.000000,0.000000,0.000000,0,0.000000,0.000000,0.000000,0.000000,1,0,0,1,192,2.000000,1.907032,-0.043109,0.000000,0.000000,0.000000,0.000000,0.000000,0.000000,0,1200.000000,1200.000000,1200.000000
108053,28.298132,100393.000000,2.280000,1,1,1242,1086,1095,1377,1200.000000,1,1,2,1,1.196802,1.377908,-1.891500,0.051750,0.271308,0.271308,0.751889,0.751944,14,0.443000,0.954000,0.117000,0.196249,0.910116,0.013689,1,1,1.500000,-0.006606,0.106589,-0.038882,0.000506,0.013985,1.218401,1.440810,3.899229,0.088000,0.217000,0.004000,0.448102,4.091558,-92.755692,-94.693291,-107.288361,-12.595067,-34.135853,35.945374,1.047408,7.760655,-0.035957,-0.031631,-0.109685,0,0.285056,0.032704,1,0,0,0.000000,0.000000,0.000000,0.000000,0.000000,0.000000,0.000000,0.000000,0,0.000000,0.000000,0.000000,0.000000,1,0,0,1,192,2.000000,1.964907,0.069080,0.000000,0.000000,0.000000,0.000000,0.000000,0.000000,0,1200.000000,1200.000000,1200.000000
108153,28.298395,100394.601563,2.250000,0,1,1216,1074,1110,1400,1200.000000,1,1,2,1,1.209981,1.401727,-1.975747,-0.167436,0.297201,0.297203,1.336563,1.336674,114,0.443000,0.954000,0.117000,0.196249,0.910116,0.013689,1,1,1.500000,-0.006606,0.106589,-0.038882,0.000506,0.013985,1.218401,1.440810,3.899229,0.088000,0.217000,0.004000,5.104072,4.463849,-91.958237,-93.905312,-107.288361,-13.383045,-34.608448,46.359879,4.120500,6.659142,-0.055024,-0.036951,-0.108038,0,0.242584,0.023100,1,0,0,0.000000,0.000000,0.000000,0.000000,0.000000,0.000000,0.000000,0.000000,0,0.000000,0.000000,0.000000,0.000000,1,0,0,1,192,2.000000,1.946623,0.051506,0.000000,0.000000,0.000000,0.000000,0.000000,0.000000,0,1200.000000,1200.000000,1200.000000
108266,28.305840,100395.898438,2.230000,27,1,1196,1062,1137,1405,1200.000000,1,1,2,1,1.214616,1.430195,-1.943216,-0.026044,0.284245,0.284246,1.092189,1.092312,93,0.443000,0.954000,0.111000,0.196249,0.910116,0.012321,1,1,1.500000,-0.006655,0.106393,-0.039350,0.000077,0.012486,1.223498,1.467475,3.929447,0.018000,0.220000,0.010000,9.431253,4.355376,-91.336945,-93.352432,-107.288361,-13.935929,-34.773300,29.534954,-3.612342,3.658341,-0.070859,-0.033498,-0.100614,0,0.250038,0.025273,1,0,0,0.000000,0.000000,0.000000,0.000000,0.000000,0.000000,0.000000,0.000000,0,0.000000,0.000000,0.000000,0.000000,1,0,0,1,192,2.000000,1.943015,0.024378,0.000000,0.000000,0.000000,0.000000,0.000000,0.000000,0,1200.000000,1200.000000,1200.000000
108344,28.300514,100395.000000,2.210000,19,1,1207,1079,1134,1380,1200.000000,1,1,2,1,1.216397,1.450318,-1.913174,0.034185,0.275561,0.275561,0.866968,0.867183,51,0.443000,0.953000,0.102000,0.196249,0.908209,0.010404,1,1,1.500000,-0.006749,0.106105,-0.039922,0.000253,0.010315,1.237454,1.502578,3.937746,0.019000,0.195000,-0.007000,10.699996,3.914586,-91.247124,-93.278427,-107.288361,-14.009933,-34.778534,4.109357,-5.582933,1.005865,-0.056878,-0.029396,-0.093683,0,0.257534,0.027024,1,0,0,0.000000,0.000000,0.000000,0.000000,0.000000,0.000000,0.000000,0.000000,0,0.000000,0.000000,0.000000,0.000000,1,0,0,1,192,2.000000,1.913512,-0.033202,0.000000,0.000000,0.000000,0.000000,0.000000,0.000000,0,1200.000000,1200.000000,1200.000000
108448,28.301146,100394.304688,2.200000,37,1,1216,1109,1123,1352,1200.000000,1,1,2,1,1.227105,1.482689,-1.883435,0.019416,0.273503,0.273503,0.679519,0.679661,33,0.442000,0.953000,0.100000,0.195364,0.908209,0.010000,1,1,1.500000,-0.006841,0.105828,-0.040426,0.000155,0.009850,1.248356,1.537599,3.954962,0.112000,0.273000,-0.002000,9.803721,3.598437,-91.293030,-93.444458,-107.288361,-13.843899,-33.638199,-17.372236,-1.660413,-1.522257,-0.037708,-0.030362,-0.084079,0,0.206717,0.017088,1,0,0,0.000000,0.000000,0.000000,0.000000,0.000000,0.000000,0.000000,0.000000,0,0.000000,0.000000,0.000000,0.000000,1,0,0,1,192,2.000000,1.883728,-0.022775,0.000000,0.000000,0.000000,0.000000,0.000000,0.000000,0,1200.000000,1200.000000,1200.000000
108559,28.298639,100394.000000,2.180000,0,1,1207,1129,1124,1340,1200.000000,1,1,2,1,1.252648,1.514990,-1.879944,-0.013512,0.270967,0.270967,0.789547,0.789676,20,0.442000,0.952000,0.095000,0.195364,0.906304,0.009025,1,1,1.500000,-0.006896,0.105530,-0.040867,0.000409,0.008743,1.290760,1.564231,3.976480,0.253000,0.250000,0.006000,7.399946,3.734444,-91.584007,-93.786293,-107.288361,-13.502069,-31.907475,-25.581697,2.401916,-3.883657,-0.031962,-0.034181,-0.073366,0,0.261709,0.027922,1,0,0,0.000000,0.000000,0.000000,0.000000,0.000000,0.000000,0.000000,0.000000,0,0.000000,0.000000,0.000000,0.000000,1,0,0,1,192,2.000000,1.858291,-0.010527,0.000000,0.000000,0.000000,0.000000,0.000000,0.000000,0,1200.000000,1200.000000,1200.000000
108648,28.296135,100392.101563,2.200000,4,1,1214,1146,1119,1320,1200.000000,1,1,2,1,1.274749,1.535887,-1.928864,-0.170879,0.288946,0.288949,1.264606,1.264833,109,0.442000,0.952000,0.095000,0.195364,0.906304,0.009025,1,1,1.500000,-0.006896,0.105530,-0.040867,0.000409,0.008743,1.290760,1.564231,3.976480,0.253000,0.250000,0.006000,4.730597,3.938416,-91.960884,-94.173599,-107.288361,-13.114762,-30.891371,-35.244427,1.773138,-5.162868,-0.019651,-0.033402,-0.067357,0,0.234662,0.022020,1,0,0,0.000000,0.000000,0.000000,0.000000,0.000000,0.000000,0.000000,0.000000,0,0.000000,0.000000,0.000000,0.000000,1,0,0,1,192,2.000000,1.904849,0.082091,0.000000,0.000000,0.000000,0.000000,0.000000,0.000000,0,1200.000000,1200.000000,1200.000000
108752,28.302687,100394.398438,2.210000,8,1,1234,1174,1101,1291,1200.000000,1,1,2,1,1.318508,1.562871,-1.910332,-0.062595,0.282458,0.282459,1.149276,1.149328,89,0.441000,0.952000,0.095000,0.194481,0.906304,0.009025,1,1,1.500000,-0.006962,0.105226,-0.041352,0.000769,0.008603,1.331894,1.599901,3.983962,0.377000,0.216000,-0.003000,0.684542,4.180593,-92.576668,-94.781242,-107.288361,-12.507114,-30.081020,-36.057518,2.884381,-6.224533,0.004337,-0.032525,-0.062456,0,0.265369,0.028327,1,0,0,0.000000,0.000000,0.000000,0.000000,0.000000,0.000000,0.000000,0.000000,0,0.000000,0.000000,0.000000,0.000000,1,0,0,1,192,2.000000,1.884696,-0.013272,0.000000,0.000000,0.000000,0.000000,0.000000,0.000000,0,1200.000000,1200.000000,1200.000000
108844,28.299673,100392.500000,2.220000,15,1,1223,1169,1112,1296,1200.000000,1,1,2,1,1.347562,1.601850,-1.893084,-0.028901,0.277897,0.277898,1.054683,1.054965,54,0.441000,0.951000,0.104000,0.194481,0.904401,0.010816,1,1,1.500000,-0.007000,0.105006,-0.041896,0.000770,0.011352,1.372212,1.644500,4.005373,0.329000,0.346000,0.006000,-2.095776,4.440682,-93.144012,-95.339714,-107.288361,-11.948645,-28.431849,-23.740332,1.627385,-5.803651,-0.004025,-0.032613,-0.059240,0,0.291930,0.034669,1,0,0,0.000000,0.000000,0.000000,0.000000,0.000000,0.000000,0.000000,0.000000,0,0.000000,0.000000,0.000000,0.000000,1,0,0,1,192,2.000000,1.893026,0.029092,0.000000,0.000000,0.000000,0.000000,0.000000,0.000000,0,1200.000000,1200.000000,1200.000000
108933,28.303213,100393.804688,2.210000,0,1,1220,1166,1117,1298,1200.000000,1,1,2,1,1.372648,1.632176,-1.849918,0.023356,0.271827,0.271828,0.753091,0.753280,19,0.440000,0.950000,0.113000,0.193600,0.902500,0.012769,1,1,1.500000,-0.007006,0.104850,-0.042388,0.001039,0.013350,1.402739,1.680109,4.006009,0.236000,0.281000,-0.004000,-3.426989,4.511395,-93.631989,-95.820992,-107.288361,-11.467369,-27.806452,-4.702588,0.692924,-5.383045,-0.007133,-0.031904,-0.058704,0,0.255945,0.026394,1,0,0,0.000000,0.000000,0.000000,0.000000,0.000000,0.000000,0.000000,0.000000,0,0.000000,0.000000,0.000000,0.000000,1,0,0,1,192,2.000000,1.922276,0.097922,0.000000,0.000000,0.000000,0.000000,0.000000,0.000000,0,1200.000000,1200.000000,1200.000000
109047,28.303738,100393.601563,2.210000,29,1,1209,1162,1130,1300,1200.000000,1,1,2,1,1.396278,1.657727,-1.855728,0.041517,0.270000,0.270004,0.468016,0.468085,8,0.440000,0.950000,0.120000,0.193600,0.902500,0.014400,1,1,1.500000,-0.006959,0.104798,-0.042613,0.001847,0.014584,1.423944,1.706542,4.016140,0.181000,0.167000,0.007000,-3.080117,4.429717,-94.036301,-96.348251,-107.288361,-10.940112,-25.276917,8.797137,-1.279467,-4.535557,-0.014754,-0.030800,-0.054301,0,0.247916,0.024554,1,0,0,0.000000,0.000000,0.000000,0.000000,0.000000,0.000000,0.000000,0.000000,0,0.000000,0.000000,0.000000,0.000000,1,0,0,1,192,2.000000,1.930050,0.147272,0.000000,0.000000,0.000000,0.000000,0.000000,0.000000,0,1200.000000,1200.000000,1200.000000
109148,28.305717,100393.601563,2.220000,44,1,1201,1155,1138,1306,1200.000000,1,1,2,1,1.408811,1.677310,-1.904907,-0.035852,0.290049,0.290058,1.261134,1.262573,109,0.440000,0.950000,0.120000,0.193600,0.902500,0.014400,1,1,1.500000,-0.006959,0.104798,-0.042613,0.001847,0.014584,1.423944,1.706542,4.016140,0.181000,0.167000,0.007000,-1.949746,4.269097,-94.526855,-96.798615,-107.288361,-10.489743,-25.140032,10.660284,-0.954329,-4.745620,-0.022144,-0.030488,-0.053392,0,0.280876,0.032037,1,0,0,0.000000,0.000000,0.000000,0.000000,0.000000,0.000000,0.000000,0.000000,0,0.000000,0.000000,0.000000,0.000000,1,0,0,1,192,2.000000,1.904553,0.034941,0.000000,0.000000,0.000000,0.000000,0.000000,0.000000,0,1200.000000,1200.000000,1200.000000
109240,28.302546,100394.898438,2.210000,6,1,1187,1160,1149,1304,1200.000000,1,1,2,1,1.415221,1.702719,-1.907741,-0.064257,0.280104,0.280104,1.097290,1.097992,68,0.440000,0.950000,0.121000,0.193600,0.902500,0.014641,1,1,1.500000,-0.006925,0.104743,-0.042797,0.001556,0.014178,1.434554,1.732777,4.047004,0.067000,0.219000,0.013000,-1.110055,4.229583,-95.014206,-97.249535,-107.288361,-10.038828,-22.740850,8.365654,-0.219890,-5.244538,-0.026514,-0.032161,-0.045805,0,0.266342,0.028723,1,0,0,0.000000,0.000000,0.000000,0.000000,0.000000,0.000000,0.000000,0.000000,0,0.000000,0.000000,0.000000,0.000000,1,0,0,1,192,2.000000,1.907677,0.064340,0.000000,0.000000,0.000000,0.000000,0.000000,0.000000,0,1200.000000,1200.000000,1200.000000
109378,28.304579,100394.000000,2.190000,15,1,1193,1171,1147,1289,1200.000000,1,1,2,1,1.397487,1.711373,-1.901906,-0.031235,0.284797,0.284799,1.159889,1.160605,90,0.440000,0.949000,0.100000,0.193600,0.900601,0.010000,1,1,1.500000,-0.006919,0.104639,-0.043139,0.001740,0.013165,1.411466,1.741457,4.063447,-0.096000,0.063000,0.007000,-0.813004,4.024289,-95.599167,-97.956413,-107.288361,-9.331944,-20.938297,0.036459,-0.353688,-5.271580,-0.017971,-0.030212,-0.041015,0,0.250092,0.025402,1,0,0,0.000000,0.000000,0.000000,0.000000,0.000000,0.000000,0.000000,0.000000,0,0.000000,0.000000,0.000000,0.000000,1,0,0,1,192,2.000000,1.880021,-0.019030,0.000000,0.000000,0.000000,0.000000,0.000000,0.000000,0,1200.000000,1200.000000,1200.000000
109444,28.306646,100395.804688,2.170000,38,1,1198,1166,1140,1296,1200.000000,1,1,2,1,1.386042,1.718456,-1.850405,0.028611,0.273951,0.273951,0.697806,0.697919,28,0.439000,0.949000,0.102000,0.192721,0.900601,0.010404,1,1,1.500000,-0.006956,0.104473,-0.043699,0.001412,0.013170,1.398956,1.750227,4.073578,-0.176000,0.068000,0.018000,-0.890878,3.986006,-95.922470,-98.273125,-107.288361,-9.015235,-22.678558,1.415994,0.874923,-4.795148,-0.017987,-0.031042,-0.046819,0,0.207166,0.017163,1,0,0,0.000000,0.000000,0.000000,0.000000,0.000000,0.000000,0.000000,0.000000,0,0.000000,0.000000,0.000000,0.000000,1,0,0,1,192,2.000000,1.850581,-0.030499,0.000000,0.000000,0.000000,0.000000,0.000000,0.000000,0,1200.000000,1200.000000,1200.000000
109557,28.302021,100392.000000,2.190000,0,1,1181,1163,1151,1305,1200.000000,1,1,2,1,1.358655,1.725445,-1.819216,0.067074,0.272451,0.272452,0.469167,0.469188,14,0.439000,0.948000,0.103000,0.192721,0.898704,0.010609,1,1,1.500000,-0.007040,0.104291,-0.044308,0.000342,0.013486,1.364677,1.750289,4.068323,-0.264000,0.036000,0.017000,-0.229249,4.144282,-96.372833,-98.744865,-107.288361,-8.543494,-20.137566,12.362573,2.027178,-3.645247,-0.028025,-0.034243,-0.043177,0,0.239397,0.023286,1,0,0,0.000000,0.000000,0.000000,0.000000,0.000000,0.000000,0.000000,0.000000,0,0.000000,0.000000,0.000000,0.000000,1,0,0,1,192,2.000000,1.892971,0.039341,0.000000,0.000000,0.000000,0.000000,0.000000,0.000000,0,1200.000000,1200.000000,1200.000000
109652,28.309729,100394.000000,2.180000,4,1,1182,1160,1152,1307,1200.000000,1,1,2,1,1.332360,1.728902,-1.893310,-0.077578,0.289324,0.289326,1.197952,1.198190,109,0.439000,0.948000,0.103000,0.192721,0.898704,0.010609,1,1,1.500000,-0.007040,0.104291,-0.044308,0.000342,0.013486,1.364677,1.750289,4.068323,-0.264000,0.036000,0.017000,0.987143,4.322345,-96.634468,-99.025131,-107.288361,-8.263231,-19.334284,13.922117,1.848070,-2.431412,-0.029371,-0.033301,-0.044252,0,0.251799,0.025369,1,0,0,0.000000,0.000000,0.000000,0.000000,0.000000,0.000000,0.000000,0.000000,0,0.000000,0.000000,0.000000,0.000000,1,0,0,1,192,2.000000,1.868294,-0.009919,0.000000,0.000000,0.000000,0.000000,0.000000,0.000000,0,1200.000000,1200.000000,1200.000000
109743,28.305525,100393.898438,2.180000,0,1,1181,1148,1151,1320,1200.000000,1,1,2,1,1.304229,1.727543,-1.850794,-0.025962,0.282025,0.282026,1.090089,1.090166,79,0.439000,0.947000,0.103000,0.192721,0.896809,0.010609,1,1,1.500000,-0.007119,0.104093,-0.044871,0.000413,0.012867,1.320218,1.750318,4.046224,-0.309000,-0.013000,-0.013000,2.432208,4.455746,-96.782707,-99.185196,-107.288361,-8.103166,-20.217310,18.032038,1.981069,-1.015363,-0.035445,-0.034199,-0.050271,0,0.294334,0.035324,1,0,0,0.000000,0.000000,0.000000,0.000000,0.000000,0.000000,0.000000,0.000000,0,0.000000,0.000000,0.000000,0.000000,1,0,0,1,192,2.000000,1.850743,0.025187,0.000000,0.000000,0.000000,0.000000,0.000000,0.000000,0,1200.000000,1200.000000,1200.000000
109839,28.307049,100394.398438,2.180000,10,1,1167,1140,1159,1333,1200.000000,1,1,2,1,1.261599,1.722616,-1.856735,-0.029047,0.273855,0.273855,0.866930,0.866963,49,0.438000,0.946000,0.103000,0.191844,0.894916,0.010609,1,1,1.500000,-0.007212,0.103871,-0.045351,0.000021,0.011575,1.276408,1.750270,4.078410,-0.420000,-0.063000,-0.004000,4.270699,4.630973,-96.836502,-99.252342,-107.288361,-8.036018,-19.643257,18.411953,2.135628,-0.459807,-0.046128,-0.036728,-0.050222,0,0.287275,0.033642,1,0,0,0.000000,0.000000,0.000000,0.000000,0.000000,0.000000,0.000000,0.000000,0,0.000000,0.000000,0.000000,0.000000,1,0,0,1,192,2.000000,1.832851,-0.012197,0.000000,0.000000,0.000000,0.000000,0.000000,0.000000,0,1200.000000,1200.000000,1200.000000
109933,28.307505,100393.898438,2.180000,0,1,1172,1141,1157,1330,1200.000000,1,1,2,1,1.227644,1.729143,-1.814564,0.011887,0.271296,0.271296,0.751980,0.752017,19,0.438000,0.945000,0.101000,0.191844,0.893025,0.010201,1,1,1.500000,-0.007300,0.103655,-0.045764,-0.000703,0.010493,1.232639,1.759014,4.085763,-0.354000,0.055000,-0.019000,5.586876,4.788317,-96.830826,-99.293251,-107.288361,-7.995105,-19.416147,10.118700,0.220635,-0.095497,-0.043539,-0.035498,-0.050581,0,0.262192,0.027809,1,0,0,0.000000,0.000000,0.000000,0.000000,0.000000,0.000000,0.000000,0.000000,0,0.000000,0.000000,0.000000,0.000000,1,0,0,1,192,2.000000,1.886078,0.116491,0.000000,0.000000,0.000000,0.000000,0.000000,0.000000,0,1200.000000,1200.000000,1200.000000
110047,28.304157,100393.601563,2.180000,29,1,1175,1146,1155,1325,1200.000000,1,1,2,1,1.195412,1.731531,-1.826790,-0.030653,0.269454,0.269455,0.468012,0.468028,9,0.438000,0.945000,0.106000,0.191844,0.893025,0.011236,1,1,1.500000,-0.007361,0.103477,-0.046177,-0.000561,0.010904,1.199344,1.758929,4.055052,-0.278000,-0.016000,-0.058000,6.215124,4.779414,-96.864113,-99.347099,-107.288361,-7.941263,-19.018688,0.133465,0.091496,-0.036224,-0.039831,-0.035152,-0.049696,0,0.251098,0.025233,1,0,0,0.000000,0.000000,0.000000,0.000000,0.000000,0.000000,0.000000,0.000000,0,0.000000,0.000000,0.000000,0.000000,1,0,0,1,192,2.000000,1.897593,0.184047,0.000000,0.000000,0.000000,0.000000,0.000000,0.000000,0,1200.000000,1200.000000,1200.000000
110151,28.305454,100393.304688,2.190000,47,1,1182,1144,1147,1328,1200.000000,1,1,2,1,1.167483,1.730801,-1.908329,-0.216441,0.289511,0.289515,1.261487,1.261900,113,0.438000,0.945000,0.106000,0.191844,0.893025,0.011236,1,1,1.500000,-0.007361,0.103477,-0.046177,-0.000561,0.010904,1.199344,1.758929,4.055052,-0.278000,-0.016000,-0.058000,6.015155,4.842432,-96.846848,-99.349045,-107.288361,-7.939316,-20.280949,-4.640444,0.759929,0.547504,-0.037243,-0.035780,-0.054529,0,0.257292,0.026492,1,0,0,0.000000,0.000000,0.000000,0.000000,0.000000,0.000000,0.000000,0.000000,0,0.000000,0.000000,0.000000,0.000000,1,0,0,1,192,2.000000,1.881511,0.119966,0.000000,0.000000,0.000000,0.000000,0.000000,0.000000,0,1200.000000,1200.000000,1200.000000
110244,28.310516,100394.398438,2.190000,11,1,1183,1146,1146,1325,1200.000000,1,1,2,1,1.135027,1.733718,-1.888714,-0.092580,0.284754,0.284755,1.192768,1.193059,73,0.437000,0.944000,0.108000,0.190969,0.891136,0.011664,1,1,1.500000,-0.007415,0.103314,-0.046543,-0.000507,0.011566,1.154568,1.759016,4.076733,-0.315000,0.005000,-0.041000,5.534343,4.909669,-96.758492,-99.284203,-107.288361,-8.004155,-19.241367,-5.233732,-0.085012,1.391256,-0.035548,-0.035269,-0.054016,0,0.265064,0.028491,1,0,0,0.000000,0.000000,0.000000,0.000000,0.000000,0.000000,0.000000,0.000000,0,0.000000,0.000000,0.000000,0.000000,1,0,0,1,192,2.000000,1.888528,0.092999,0.000000,0.000000,0.000000,0.000000,0.000000,0.000000,0,1200.000000,1200.000000,1200.000000
110344,28.306417,100393.601563,2.190000,25,1,1191,1137,1139,1333,1200.000000,1,1,2,1,1.111033,1.750151,-1.869190,-0.026926,0.278603,0.278603,1.011411,1.011651,55,0.437000,0.944000,0.114000,0.190969,0.891136,0.012996,1,1,1.500000,-0.007489,0.103201,-0.046848,-0.001192,0.012133,1.132190,1.785597,4.081492,-0.243000,0.108000,-0.046000,5.161243,4.912874,-96.524605,-99.110710,-107.288361,-8.177649,-21.136814,-0.758582,-0.540032,2.493519,-0.036250,-0.035066,-0.061864,0,0.284719,0.033091,1,0,0,0.000000,0.000000,0.000000,0.000000,0.000000,0.000000,0.000000,0.000000,0,0.000000,0.000000,0.000000,0.000000,1,0,0,1,192,2.000000,1.869026,0.027576,0.000000,0.000000,0.000000,0.000000,0.000000,0.000000,0,1200.000000,1200.000000,1200.000000
110434,28.308958,100394.304688,2.200000,29,1,1193,1124,1136,1347,1200.000000,1,1,2,1,1.099939,1.761318,-1.849543,-0.007549,0.273360,0.273361,0.679724,0.679821,19,0.437000,0.943000,0.115000,0.190969,0.889249,0.013225,1,1,1.500000,-0.007557,0.103088,-0.047170,-0.000797,0.011868,1.121631,1.794401,4.093634,-0.143000,0.100000,-0.045000,5.472475,4.888465,-96.264626,-98.848442,-107.288361,-8.439915,-22.870806,8.978222,-0.015733,3.904423,-0.041300,-0.035517,-0.070097,0,0.243708,0.023741,1,0,0,0.000000,0.000000,0.000000,0.000000,0.000000,0.000000,0.000000,0.000000,0,0.000000,0.000000,0.000000,0.000000,1,0,0,1,192,2.000000,1.921505,0.173002,0.000000,0.000000,0.000000,0.000000,0.000000,0.000000,0,1200.000000,1200.000000,1200.000000
110561,28.312059,100393.601563,2.190000,12,1,1190,1108,1139,1362,1200.000000,1,1,2,1,1.084865,1.777752,-1.854823,-0.026272,0.271805,0.271806,0.468778,0.468816,12,0.437000,0.943000,0.115000,0.190969,0.889249,0.013225,1,1,1.500000,-0.007599,0.102999,-0.047562,-0.000298,0.011699,1.101535,1.820667,4.105669,-0.153000,0.117000,-0.060000,7.361297,4.839771,-95.725510,-98.301720,-107.288361,-8.986637,-24.097166,17.430393,-1.112354,4.958580,-0.050835,-0.035365,-0.076068,0,0.229473,0.020709,1,0,0,0.000000,0.000000,0.000000,0.000000,0.000000,0.000000,0.000000,0.000000,0,0.000000,0.000000,0.000000,0.000000,1,0,0,1,192,2.000000,1.900527,0.082875,0.000000,0.000000,0.000000,0.000000,0.000000,0.000000,0,1200.000000,1200.000000,1200.000000
110635,28.309765,100393.703125,2.190000,1,1,1181,1105,1149,1365,1200.000000,1,1,2,1,1.077592,1.787462,-1.881789,-0.063807,0.285093,0.285096,1.162343,1.163016,86,0.437000,0.943000,0.115000,0.190969,0.889249,0.013225,1,1,1.500000,-0.007599,0.102999,-0.047562,-0.000298,0.011699,1.101535,1.820667,4.105669,-0.153000,0.117000,-0.060000,8.740926,4.682564,-95.314201,-97.983017,-107.288361,-9.305341,-23.196791,12.399295,-1.077115,4.641261,-0.056839,-0.034899,-0.072880,0,0.274321,0.030583,1,0,0,0.000000,0.000000,0.000000,0.000000,0.000000,0.000000,0.000000,0.000000,0,0.000000,0.000000,0.000000,0.000000,1,0,0,1,192,2.000000,1.880776,0.063153,0.000000,0.000000,0.000000,0.000000,0.000000,0.000000,0,1200.000000,1200.000000,1200.000000
110735,28.306927,100392.601563,2.210000,13,1,1186,1110,1143,1361,1200.000000,1,1,2,1,1.069700,1.806509,-1.889265,-0.106115,0.279528,0.279528,1.037083,1.037651,68,0.437000,0.943000,0.114000,0.190969,0.889249,0.012996,1,1,1.500000,-0.007611,0.102896,-0.047968,0.000496,0.011067,1.092279,1.838119,4.118728,-0.105000,0.146000,-0.069000,9.614501,4.640595,-94.893364,-97.601044,-107.288361,-9.687319,-24.368092,2.066596,0.442330,3.709518,-0.052205,-0.035665,-0.073507,0,0.285680,0.033266,1,0,0,0.000000,0.000000,0.000000,0.000000,0.000000,0.000000,0.000000,0.000000,0,0.000000,0.000000,0.000000,0.000000,1,0,0,1,192,2.000000,1.864049,0.067440,0.000000,0.000000,0.000000,0.000000,0.000000,0.000000,0,1200.000000,1200.000000,1200.000000
110838,28.305962,100392.804688,2.220000,30,1,1188,1122,1140,1350,1200.000000,1,1,2,1,1.074775,1.824012,-1.875224,-0.051314,0.276219,0.276219,0.897954,0.898274,43,0.436000,0.943000,0.116000,0.190096,0.889249,0.013456,1,1,1.500000,-0.007656,0.102719,-0.048478,0.000397,0.010521,1.104358,1.855851,4.102704,0.032000,0.145000,-0.081000,9.333412,4.658194,-94.570213,-97.305229,-107.288361,-9.983128,-23.628410,-9.800720,-0.102548,2.715158,-0.044899,-0.035795,-0.068967,0,0.311756,0.039654,1,0,0,0.000000,0.000000,0.000000,0.000000,0.000000,0.000000,0.000000,0.000000,0,0.000000,0.000000,0.000000,0.000000,1,0,0,1,192,2.000000,1.874375,0.055002,0.000000,0.000000,0.000000,0.000000,0.000000,0.000000,0,1200.000000,1200.000000,1200.000000
110955,28.302109,100390.703125,2.250000,0,1,1202,1123,1128,1347,1200.000000,1,1,2,1,1.090231,1.848693,-1.865117,-0.048805,0.273816,0.273816,0.914427,0.914760,41,0.436000,0.942000,0.102000,0.190096,0.887364,0.010404,1,1,1.500000,-0.007743,0.102462,-0.048995,-0.000086,0.009450,1.126546,1.882506,4.102190,0.114000,0.187000,-0.080000,8.071641,4.646173,-94.238731,-97.038200,-107.288361,-10.250160,-26.017155,-10.420698,-0.104040,2.435917,-0.037426,-0.035028,-0.074490,0,0.266392,0.028637,1,0,0,0.000000,0.000000,0.000000,0.000000,0.000000,0.000000,0.000000,0.000000,0,0.000000,0.000000,0.000000,0.000000,1,0,0,1,192,2.000000,1.864331,0.049507,0.000000,0.000000,0.000000,0.000000,0.000000,0.000000,0,1200.000000,1200.000000,1200.000000
111053,28.307924,100392.898438,2.260000,0,1,1236,1131,1112,1322,1200.000000,1,1,2,1,1.114227,1.868646,-1.857777,-0.029885,0.271223,0.271223,0.714960,0.715060,17,0.435000,0.941000,0.089000,0.189225,0.885481,0.007921,1,1,1.500000,-0.007854,0.102163,-0.049444,-0.001004,0.008452,1.159892,1.909161,4.114696,0.231000,0.167000,-0.072000,7.143261,4.595804,-94.019646,-96.710335,-107.288361,-10.578023,-27.694189,-10.181885,-1.073596,2.351447,-0.016834,-0.026308,-0.078659,0,0.303542,0.037172,1,0,0,0.000000,0.000000,0.000000,0.000000,0.000000,0.000000,0.000000,0.000000,0,0.000000,0.000000,0.000000,0.000000,1,0,0,1,192,2.000000,1.931197,0.177445,0.000000,0.000000,0.000000,0.000000,0.000000,0.000000,0,1200.000000,1200.000000,1200.000000
111152,28.306978,100391.804688,2.270000,0,1,1223,1121,1112,1344,1200.000000,1,1,2,1,1.140718,1.885311,-1.922771,-0.115644,0.295923,0.295932,1.315838,1.316460,116,0.435000,0.941000,0.089000,0.189225,0.885481,0.007921,1,1,1.500000,-0.007854,0.102163,-0.049444,-0.001004,0.008452,1.159892,1.909161,4.114696,0.231000,0.167000,-0.072000,6.361642,4.559301,-93.810211,-96.217941,-107.288361,-11.070418,-29.554638,-7.831346,-0.284409,2.202258,-0.028007,-0.032631,-0.083139,0,0.310828,0.039193,1,0,0,0.000000,0.000000,0.000000,0.000000,0.000000,0.000000,0.000000,0.000000,0,0.000000,0.000000,0.000000,0.000000,1,0,0,1,192,2.000000,1.921153,0.115474,0.000000,0.000000,0.000000,0.000000,0.000000,0.000000,0,1200.000000,1200.000000,1200.000000
111242,28.310675,100391.898438,2.280000,4,1,1213,1115,1116,1356,1200.000000,1,1,2,1,1.179969,1.912981,-1.937979,-0.110878,0.279346,0.279346,0.973694,0.973891,71,0.435000,0.940000,0.092000,0.189225,0.883600,0.008464,1,1,1.500000,-0.007937,0.101908,-0.049882,-0.000887,0.008579,1.216300,1.944688,4.119260,0.353000,0.237000,-0.069000,5.843690,4.603994,-93.589607,-95.815521,-107.288361,-11.472839,-30.212872,-5.528917,0.760529,1.988850,-0.035823,-0.035592,-0.084304,0,0.309488,0.038792,1,0,0,0.000000,0.000000,0.000000,0.000000,0.000000,0.000000,0.000000,0.000000,0,0.000000,0.000000,0.000000,0.000000,1,0,0,1,192,2.000000,1.910512,0.054590,0.000000,0.000000,0.000000,0.000000,0.000000,0.000000,0,1200.000000,1200.000000,1200.000000
111342,28.311550,100392.398438,2.290000,18,1,1220,1112,1114,1354,1200.000000,1,1,2,1,1.213323,1.949828,-1.927222,-0.033912,0.275366,0.275366,0.882273,0.882346,51,0.435000,0.939000,0.092000,0.189225,0.881721,0.008464,1,1,1.500000,-0.008006,0.101682,-0.050240,-0.000818,0.009559,1.250476,1.980237,4.138772,0.277000,0.302000,-0.055000,5.375696,4.653795,-93.373528,-95.406250,-107.288361,-11.882112,-31.566757,-3.285361,-0.877112,1.593916,-0.033828,-0.033109,-0.086814,0,0.330700,0.044617,1,0,0,0.000000,0.000000,0.000000,0.000000,0.000000,0.000000,0.000000,0.000000,0,0.000000,0.000000,0.000000,0.000000,1,0,0,1,192,2.000000,1.926944,0.035264,0.000000,0.000000,0.000000,0.000000,0.000000,0.000000,0,1200.000000,1200.000000,1200.000000
111448,28.312077,100392.703125,2.290000,38,1,1217,1113,1119,1351,1200.000000,1,1,2,1,1.255396,1.980887,-1.914341,-0.029141,0.273531,0.273531,0.697608,0.697638,34,0.434000,0.938000,0.095000,0.188356,0.879844,0.009025,1,1,1.500000,-0.008068,0.101507,-0.050551,-0.000794,0.010285,1.295650,2.015629,4.115820,0.374000,0.270000,-0.076000,5.047361,4.486235,-93.236847,-95.111488,-107.288361,-12.176875,-31.170473,-1.336716,-1.679139,0.959240,-0.034684,-0.032003,-0.084115,0,0.272692,0.029755,1,0,0,0.000000,0.000000,0.000000,0.000000,0.000000,0.000000,0.000000,0.000000,0,0.000000,0.000000,0.000000,0.000000,1,0,0,1,192,2.000000,1.913922,0.030936,0.000000,0.000000,0.000000,0.000000,0.000000,0.000000,0,1200.000000,1200.000000,1200.000000
111559,28.311306,100392.101563,2.290000,0,1,1219,1112,1117,1353,1200.000000,1,1,2,1,1.300103,2.019110,-1.927302,-0.011462,0.271139,0.271139,0.789717,0.789738,20,0.434000,0.937000,0.099000,0.188356,0.877969,0.009801,1,1,1.500000,-0.008124,0.101376,-0.050704,-0.000704,0.011296,1.351789,2.059748,4.176224,0.358000,0.330000,-0.014000,4.842275,4.276134,-93.122421,-94.829811,-107.288361,-12.458552,-31.742706,-1.408970,-2.023121,0.927936,-0.034611,-0.032412,-0.085532,0,0.330072,0.044405,1,0,0,0.000000,0.000000,0.000000,0.000000,0.000000,0.000000,0.000000,0.000000,0,0.000000,0.000000,0.000000,0.000000,1,0,0,1,192,2.000000,1.899928,-0.018926,0.000000,0.000000,0.000000,0.000000,0.000000,0.000000,0,1200.000000,1200.000000,1200.000000
111654,28.318014,100391.500000,2.310000,10,1,1227,1114,1109,1350,1200.000000,1,1,2,1,1.335962,2.050051,-1.988845,-0.174406,0.298528,0.298530,1.367357,1.367452,115,0.434000,0.937000,0.099000,0.188356,0.877969,0.009801,1,1,1.500000,-0.008124,0.101376,-0.050704,-0.000704,0.011296,1.351789,2.059748,4.176224,0.358000,0.330000,-0.014000,4.538981,4.152435,-93.029465,-94.613083,-107.288361,-12.675281,-32.517536,-6.302103,-0.323131,1.256560,-0.029187,-0.032009,-0.088420,0,0.292249,0.034148,1,0,0,0.000000,0.000000,0.000000,0.000000,0.000000,0.000000,0.000000,0.000000,0,0.000000,0.000000,0.000000,0.000000,1,0,0,1,192,2.000000,1.957368,0.063850,0.000000,0.000000,0.000000,0.000000,0.000000,0.000000,0,1200.000000,1200.000000,1200.000000
111743,28.305471,100389.500000,2.350000,0,1,1231,1115,1102,1352,1200.000000,1,1,2,1,1.381397,2.075777,-1.945932,-0.020646,0.282603,0.282603,1.149746,1.149826,80,0.434000,0.937000,0.103000,0.188356,0.877969,0.010609,1,1,1.500000,-0.008197,0.101281,-0.051019,-0.000886,0.011459,1.407787,2.095100,4.178364,0.433000,0.278000,-0.025000,3.970601,4.184095,-92.912964,-94.355057,-107.288361,-12.933305,-33.066910,-10.415236,0.695736,1.898338,-0.026765,-0.033524,-0.091539,0,0.354309,0.051234,1,0,0,0.000000,0.000000,0.000000,0.000000,0.000000,0.000000,0.000000,0.000000,0,0.000000,0.000000,0.000000,0.000000,1,0,0,1,192,2.000000,1.945869,0.021410,0.000000,0.000000,0.000000,0.000000,0.000000,0.000000,0,1200.000000,1200.000000,1200.000000
111839,28.309151,100391.500000,2.360000,11,1,1259,1114,1086,1341,1200.000000,1,1,2,1,1.423797,2.099863,-1.970681,-0.023000,0.274271,0.274271,0.932175,0.932267,48,0.434000,0.937000,0.100000,0.188356,0.877969,0.010000,1,1,1.500000,-0.008240,0.101155,-0.051203,-0.000649,0.011262,1.463689,2.130682,4.192683,0.398000,0.228000,-0.006000,2.447250,4.067752,-92.620300,-93.974686,-107.288361,-13.313678,-34.270184,-20.273426,-2.672359,3.902500,-0.013472,-0.027484,-0.099936,0,0.360076,0.052740,1,0,0,0.000000,0.000000,0.000000,0.000000,0.000000,0.000000,0.000000,0.000000,0,0.000000,0.000000,0.000000,0.000000,1,0,0,1,192,2.000000,1.940201,-0.026026,0.000000,0.000000,0.000000,0.000000,0.000000,0.000000,0,1200.000000,1200.000000,1200.000000
111935,28.311655,100391.804688,2.370000,20,1,1298,1106,1069,1327,1200.000000,1,1,2,1,1.474149,2.131335,-1.965660,-0.003059,0.272242,0.272243,0.811773,0.811921,21,0.433000,0.936000,0.104000,0.187489,0.876096,0.010816,1,1,1.500000,-0.008257,0.101027,-0.051401,-0.000022,0.011943,1.519489,2.174942,4.181528,0.463000,0.286000,-0.035000,0.546127,3.733147,-92.167206,-93.450111,-107.288361,-13.838250,-37.228413,-19.324615,-3.184252,5.722471,0.001835,-0.016332,-0.112445,0,0.302639,0.036137,1,0,0,0.000000,0.000000,0.000000,0.000000,0.000000,0.000000,0.000000,0.000000,0,0.000000,0.000000,0.000000,0.000000,1,0,0,1,192,2.000000,2.007361,0.092886,0.000000,0.000000,0.000000,0.000000,0.000000,0.000000,0,1200.000000,1200.000000,1200.000000
112054,28.316771,100392.601563,2.340000,0,1,1280,1107,1058,1355,1200.000000,1,1,2,1,1.518777,2.171010,-1.948698,0.053346,0.272318,0.272320,0.679626,0.679822,17,0.433000,0.936000,0.110000,0.187489,0.876096,0.012100,1,1,1.500000,-0.008244,0.100917,-0.051522,0.000463,0.012601,1.564809,2.210546,4.239957,0.274000,0.302000,0.025000,-1.222904,3.658537,-91.525169,-92.710426,-107.288361,-14.577932,-39.058094,-6.931480,1.699237,5.849272,-0.006427,-0.031267,-0.117567,0,0.294997,0.035040,1,0,0,0.000000,0.000000,0.000000,0.000000,0.000000,0.000000,0.000000,0.000000,0,0.000000,0.000000,0.000000,0.000000,1,0,0,1,192,2.000000,2.026413,0.091321,0.000000,0.000000,0.000000,0.000000,0.000000,0.000000,0,1200.000000,1200.000000,1200.000000
112153,28.315668,100392.804688,2.330000,0,1,1268,1087,1065,1379,1200.000000,1,1,2,1,1.541535,2.197829,-2.002572,-0.003609,0.295934,0.295944,1.296580,1.297791,116,0.433000,0.936000,0.110000,0.187489,0.876096,0.012100,1,1,1.500000,-0.008244,0.100917,-0.051522,0.000463,0.012601,1.564809,2.210546,4.239957,0.274000,0.302000,0.025000,-1.030501,3.995723,-90.926514,-92.019714,-107.288361,-15.268642,-40.000000,11.654582,4.980167,7.248533,-0.022071,-0.033160,-0.123696,0,0.304517,0.037629,1,0,0,0.000000,0.000000,0.000000,0.000000,0.000000,0.000000,0.000000,0.000000,0,0.000000,0.000000,0.000000,0.000000,1,0,0,1,192,2.000000,2.002520,0.006934,0.000000,0.000000,0.000000,0.000000,0.000000,0.000000,0,1200.000000,1200.000000,1200.000000
112242,28.316473,100391.304688,2.330000,4,1,1259,1076,1075,1390,1200.000000,1,1,2,1,1.559162,2.211217,-2.004712,-0.013546,0.280000,0.280000,0.973292,0.973648,69,0.433000,0.935000,0.106000,0.187489,0.874225,0.011236,1,1,1.500000,-0.008280,0.100838,-0.051716,-0.000294,0.012624,1.578616,2.228816,4.229938,0.156000,0.167000,0.013000,0.582123,4.265035,-90.178612,-91.285439,-107.288361,-16.002922,-40.000000,25.192402,1.804423,7.454677,-0.032661,-0.033015,-0.124236,0,0.291022,0.034313,1,0,0,0.000000,0.000000,0.000000,0.000000,0.000000,0.000000,0.000000,0.000000,0,0.000000,0.000000,0.000000,0.000000,1,0,0,1,192,2.000000,1.978978,-0.039120,0.000000,0.000000,0.000000,0.000000,0.000000,0.000000,0,1200.000000,1200.000000,1200.000000
112337,28.311270,100389.804688,2.370000,12,1,1209,1044,1115,1432,1200.000000,1,1,2,1,1.574677,2.225133,-1.983863,0.071055,0.275677,0.275678,0.851667,0.851732,44,0.433000,0.935000,0.107000,0.187489,0.874225,0.011449,1,1,1.500000,-0.008335,0.100734,-0.051904,-0.000602,0.012691,1.593640,2.246856,4.251416,0.100000,0.122000,0.029000,3.670271,4.251864,-89.464432,-90.551727,-107.288361,-16.736635,-40.000000,34.854137,-1.774055,6.045147,-0.073471,-0.037803,-0.120546,0,0.354295,0.051223,1,0,0,0.000000,0.000000,0.000000,0.000000,0.000000,0.000000,0.000000,0.000000,0,0.000000,0.000000,0.000000,0.000000,1,0,0,1,192,2.000000,1.956272,-0.092589,0.000000,0.000000,0.000000,0.000000,0.000000,0.000000,0,1200.000000,1200.000000,1200.000000
112448,28.313459,100393.304688,2.360000,38,1,1221,1055,1118,1407,1200.000000,1,1,2,1,1.576634,2.236808,-1.957525,0.096145,0.273663,0.273663,0.697179,0.697166,34,0.433000,0.935000,0.108000,0.187489,0.874225,0.011664,1,1,1.500000,-0.008366,0.100620,-0.052051,-0.000287,0.012543,1.597543,2.255629,4.277740,-0.042000,0.085000,0.054000,7.169739,3.823376,-88.993340,-89.956413,-107.288361,-17.331947,-40.000000,27.007362,-4.790748,3.442207,-0.062253,-0.030960,-0.113731,0,0.292144,0.034220,1,0,0,0.000000,0.000000,0.000000,0.000000,0.000000,0.000000,0.000000,0.000000,0,0.000000,0.000000,0.000000,0.000000,1,0,0,1,192,2.000000,1.958911,-0.101333,0.000000,0.000000,0.000000,0.000000,0.000000,0.000000,0,1200.000000,1200.000000,1200.000000
112559,28.310728,100391.398438,2.340000,0,1,1221,1077,1122,1380,1200.000000,1,1,2,1,1.575285,2.241744,-1.929556,0.137346,0.271224,0.271224,0.789627,0.789648,20,0.432000,0.935000,0.115000,0.186624,0.874225,0.013225,1,1,1.500000,-0.008399,0.100425,-0.052287,0.000414,0.011138,1.599267,2.255225,4.311315,-0.035000,0.024000,0.082000,8.998900,3.245174,-88.983727,-89.836533,-107.288361,-17.451830,-40.000000,4.500729,-3.541485,-1.612522,-0.050725,-0.028497,-0.100498,0,0.299277,0.036425,1,0,0,0.000000,0.000000,0.000000,0.000000,0.000000,0.000000,0.000000,0.000000,0,0.000000,0.000000,0.000000,0.000000,1,0,0,1,192,2.000000,2.006354,0.009725,0.000000,0.000000,0.000000,0.000000,0.000000,0.000000,0,1200.000000,1200.000000,1200.000000
112649,28.315668,100395.101563,2.310000,4,1,1227,1107,1109,1357,1200.000000,1,1,2,1,1.574866,2.242555,-2.007936,-0.087944,0.289168,0.289170,1.264681,1.264844,110,0.432000,0.935000,0.115000,0.186624,0.874225,0.013225,1,1,1.500000,-0.008399,0.100425,-0.052287,0.000414,0.011138,1.599267,2.255225,4.311315,-0.035000,0.024000,0.082000,7.955739,3.145663,-89.298431,-90.140465,-107.288361,-17.147894,-40.000000,-26.424141,0.429602,-4.807306,-0.033256,-0.031922,-0.092134,0,0.268980,0.028938,1,0,0,0.000000,0.000000,0.000000,0.000000,0.000000,0.000000,0.000000,0.000000,0,0.000000,0.000000,0.000000,0.000000,1,0,0,1,192,2.000000,1.981150,-0.017922,0.000000,0.000000,0.000000,0.000000,0.000000,0.000000,0,1200.000000,1200.000000,1200.000000
112773,28.312969,100395.601563,2.270000,30,1,1247,1156,1088,1309,1200.000000,1,1,2,1,1.579772,2.250323,-1.980500,-0.103450,0.289083,0.289084,1.242081,1.242175,109,0.432000,0.935000,0.123000,0.186624,0.874225,0.015129,1,1,1.500000,-0.008440,0.100240,-0.052596,0.000594,0.010245,1.608624,2.263880,4.349826,0.043000,0.045000,0.090000,3.322702,3.640586,-90.109787,-90.956207,-107.288361,-16.332150,-37.948799,-43.246098,4.236828,-8.287095,0.001606,-0.032511,-0.077654,0,0.256378,0.026457,1,0,0,0.000000,0.000000,0.000000,0.000000,0.000000,0.000000,0.000000,0.000000,0,0.000000,0.000000,0.000000,0.000000,1,0,0,1,192,2.000000,1.979227,0.091513,0.000000,0.000000,0.000000,0.000000,0.000000,0.000000,0,1200.000000,1200.000000,1200.000000
112848,28.316105,100393.203125,2.250000,19,1,1240,1163,1091,1306,1200.000000,1,1,2,1,1.588625,2.255795,-1.945198,-0.015403,0.278035,0.278035,1.055341,1.055458,57,0.432000,0.935000,0.116000,0.186624,0.874225,0.013456,1,1,1.500000,-0.008494,0.100118,-0.052877,-0.000143,0.011500,1.615283,2.272909,4.366684,0.107000,0.040000,0.081000,0.138170,4.062380,-90.732941,-91.571091,-107.288361,-15.717270,-36.435200,-37.848789,6.415052,-8.595860,0.001644,-0.034728,-0.072883,0,0.267627,0.029143,1,0,0,0.000000,0.000000,0.000000,0.000000,0.000000,0.000000,0.000000,0.000000,0,0.000000,0.000000,0.000000,0.000000,1,0,0,1,192,2.000000,1.945069,0.010711,0.000000,0.000000,0.000000,0.000000,0.000000,0.000000,0,1200.000000,1200.000000,1200.000000
112935,28.316280,100392.398438,2.260000,20,1,1260,1171,1078,1290,1200.000000,1,1,2,1,1.597752,2.260230,-1.916927,0.038035,0.272258,0.272259,0.812109,0.812182,21,0.432000,0.934000,0.116000,0.186624,0.872356,0.013456,1,1,1.500000,-0.008541,0.100047,-0.053121,0.000032,0.013402,1.621797,2.282153,4.353518,0.099000,0.026000,0.051000,-2.539463,4.438345,-91.454735,-92.283592,-107.288361,-15.004765,-36.774349,-20.862387,3.704391,-7.996584,0.015699,-0.030696,-0.075340,0,0.227020,0.020340,1,0,0,0.000000,0.000000,0.000000,0.000000,0.000000,0.000000,0.000000,0.000000,0,0.000000,0.000000,0.000000,0.000000,1,0,0,1,192,2.000000,1.972980,0.116989,0.000000,0.000000,0.000000,0.000000,0.000000,0.000000,0,1200.000000,1200.000000,1200.000000
113055,28.314564,100392.000000,2.270000,0,1,1220,1137,1127,1316,1200.000000,1,1,2,1,1.601835,2.262159,-1.886048,0.069940,0.272329,0.272332,0.679733,0.679922,16,0.431000,0.934000,0.134000,0.185761,0.872356,0.017956,1,1,1.500000,-0.008589,0.099962,-0.053430,0.000291,0.013356,1.619289,2.291023,4.361663,0.006000,-0.014000,0.039000,-3.369132,4.544598,-92.345840,-93.116722,-107.288361,-14.171638,-32.908527,4.181190,-0.756525,-7.076547,-0.021517,-0.026499,-0.067628,0,0.259822,0.027186,1,0,0,0.000000,0.000000,0.000000,0.000000,0.000000,0.000000,0.000000,0.000000,0,0.000000,0.000000,0.000000,0.000000,1,0,0,1,192,2.000000,1.969340,0.137091,0.000000,0.000000,0.000000,0.000000,0.000000,0.000000,0,1200.000000,1200.000000,1200.000000
113153,28.313776,100392.000000,2.280000,0,1,1218,1146,1122,1314,1200.000000,1,1,2,1,1.594458,2.261097,-1.938813,-0.026798,0.295952,0.295965,1.297412,1.299118,114,0.431000,0.934000,0.134000,0.185761,0.872356,0.017956,1,1,1.500000,-0.008589,0.099962,-0.053430,0.000291,0.013356,1.619289,2.291023,4.361663,0.006000,-0.014000,0.039000,-2.436931,4.379256,-93.024971,-93.671761,-107.288361,-13.616597,-31.925961,12.671899,-1.701663,-6.735646,-0.017926,-0.030154,-0.065948,0,0.298366,0.036128,1,0,0,0.000000,0.000000,0.000000,0.000000,0.000000,0.000000,0.000000,0.000000,0,0.000000,0.000000,0.000000,0.000000,1,0,0,1,192,2.000000,1.938420,0.024883,0.000000,0.000000,0.000000,0.000000,0.000000,0.000000,0,1200.000000,1200.000000,1200.000000
113243,28.315300,100391.398438,2.290000,4,1,1209,1144,1129,1318,1200.000000,1,1,2,1,1.580563,2.260549,-1.941413,-0.020734,0.280009,0.280009,0.973603,0.974262,70,0.431000,0.933000,0.099000,0.185761,0.870489,0.009801,1,1,1.500000,-0.008644,0.099878,-0.053736,0.000070,0.013374,1.596192,2.290610,4.364710,-0.133000,-0.022000,0.032000,-1.203433,4.275111,-93.583740,-94.179443,-107.288361,-13.108916,-30.634697,16.570490,-0.206980,-6.324980,-0.023509,-0.031160,-0.063643,0,0.316562,0.040603,1,0,0,0.000000,0.000000,0.000000,0.000000,0.000000,0.000000,0.000000,0.000000,0,0.000000,0.000000,0.000000,0.000000,1,0,0,1,192,2.000000,1.913511,-0.036845,0.000000,0.000000,0.000000,0.000000,0.000000,0.000000,0,1200.000000,1200.000000,1200.000000
113338,28.314774,100390.898438,2.310000,13,1,1154,1126,1158,1362,1200.000000,1,1,2,1,1.554152,2.262107,-1.925399,-0.008831,0.275814,0.275814,0.867166,0.867364,45,0.431000,0.933000,0.097000,0.185761,0.870489,0.009409,1,1,1.500000,-0.008647,0.099786,-0.053855,0.000292,0.013287,1.551453,2.299133,4.345627,-0.246000,-0.013000,0.004000,0.738499,4.345751,-94.237801,-94.634270,-107.288361,-12.654087,-28.406710,22.466169,1.627387,-6.265391,-0.060109,-0.043744,-0.057966,0,0.353647,0.051038,1,0,0,0.000000,0.000000,0.000000,0.000000,0.000000,0.000000,0.000000,0.000000,0,0.000000,0.000000,0.000000,0.000000,1,0,0,1,192,2.000000,1.925365,0.008249,0.000000,0.000000,0.000000,0.000000,0.000000,0.000000,0,1200.000000,1200.000000,1200.000000
113448,28.316771,100392.203125,2.330000,37,1,1184,1129,1144,1343,1200.000000,1,1,2,1,1.524069,2.254574,-1.912238,0.003206,0.273718,0.273718,0.679526,0.679561,33,0.431000,0.932000,0.106000,0.185761,0.868624,0.011236,1,1,1.500000,-0.008631,0.099708,-0.054057,0.000706,0.013526,1.518287,2.290089,4.302334,-0.273000,-0.100000,-0.030000,3.034235,4.477530,-94.842262,-95.102913,-107.288361,-12.185447,-30.042000,19.877619,0.809531,-5.830678,-0.043660,-0.036099,-0.063385,0,0.311993,0.038966,1,0,0,0.000000,0.000000,0.000000,0.000000,0.000000,0.000000,0.000000,0.000000,0,0.000000,0.000000,0.000000,0.000000,1,0,0,1,192,2.000000,1.912289,-0.004090,0.000000,0.000000,0.000000,0.000000,0.000000,0.000000,0,1200.000000,1200.000000,1200.000000
113562,28.314598,100393.000000,2.320000,3,1,1187,1131,1144,1337,1200.000000,1,1,2,1,1.481100,2.241346,-1.933670,-0.037900,0.271152,0.271152,0.789371,0.789387,23,0.430000,0.932000,0.104000,0.184900,0.868624,0.010816,1,1,1.500000,-0.008652,0.099575,-0.054170,-0.000073,0.012057,1.462758,2.281078,4.268901,-0.399000,-0.166000,-0.060000,4.896895,4.563319,-95.459801,-95.506287,-107.288361,-11.782077,-28.984732,13.486778,-0.273273,-5.246605,-0.040975,-0.034329,-0.062146,0,0.355548,0.051567,1,0,0,0.000000,0.000000,0.000000,0.000000,0.000000,0.000000,0.000000,0.000000,0,0.000000,0.000000,0.000000,0.000000,1,0,0,1,192,2.000000,1.904452,0.005208,0.000000,0.000000,0.000000,0.000000,0.000000,0.000000,0,1200.000000,1200.000000,1200.000000
113652,28.316719,100391.500000,2.330000,3,1,1182,1132,1148,1338,1200.000000,1,1,2,1,1.447225,2.227132,-1.997881,-0.216356,0.289934,0.289936,1.284247,1.284381,113,0.430000,0.932000,0.104000,0.184900,0.868624,0.010816,1,1,1.500000,-0.008652,0.099575,-0.054170,-0.000073,0.012057,1.462758,2.281078,4.268901,-0.399000,-0.166000,-0.060000,5.999556,4.593656,-95.926743,-95.830910,-107.288361,-11.457451,-27.925024,10.169385,-0.456619,-5.001934,-0.043131,-0.034648,-0.060013,0,0.302809,0.036622,1,0,0,0.000000,0.000000,0.000000,0.000000,0.000000,0.000000,0.000000,0.000000,0,0.000000,0.000000,0.000000,0.000000,1,0,0,1,192,2.000000,1.966221,0.096628,0.000000,0.000000,0.000000,0.000000,0.000000,0.000000,0,1200.000000,1200.000000,1200.000000
113749,28.319136,100392.304688,2.330000,0,1,1174,1132,1153,1341,1200.000000,1,1,2,1,1.421080,2.220591,-1.959885,-0.091107,0.282548,0.282549,1.126236,1.126534,85,0.430000,0.931000,0.104000,0.184900,0.866761,0.010816,1,1,1.500000,-0.008647,0.099390,-0.054251,0.000061,0.011123,1.417868,2.272069,4.223346,-0.282000,-0.118000,-0.078000,6.792622,4.614841,-96.352936,-96.108635,-107.288361,-11.179722,-26.003035,7.921694,0.717736,-3.996776,-0.046980,-0.036652,-0.057612,0,0.343257,0.048064,1,0,0,0.000000,0.000000,0.000000,0.000000,0.000000,0.000000,0.000000,0.000000,0,0.000000,0.000000,0.000000,0.000000,1,0,0,1,192,2.000000,1.958623,0.089010,0.000000,0.000000,0.000000,0.000000,0.000000,0.000000,0,1200.000000,1200.000000,1200.000000
113891,28.323690,100392.398438,2.340000,0,1,1177,1133,1146,1344,1200.000000,1,1,2,1,1.373219,2.212791,-1.987236,-0.109903,0.289130,0.289136,1.239634,1.240291,102,0.430000,0.930000,0.102000,0.184900,0.864900,0.010404,1,1,1.500000,-0.008651,0.099177,-0.054300,0.000089,0.010201,1.372950,2.263108,4.215637,-0.324000,-0.083000,-0.072000,7.275513,4.804955,-96.743698,-96.292366,-107.288361,-10.995996,-25.543882,4.117908,2.069731,-2.422925,-0.045005,-0.038192,-0.060531,0,0.326700,0.043184,1,0,0,0.000000,0.000000,0.000000,0.000000,0.000000,0.000000,0.000000,0.000000,0,0.000000,0.000000,0.000000,0.000000,1,0,0,1,192,2.000000,1.985923,0.109416,0.000000,0.000000,0.000000,0.000000,0.000000,0.000000,0,1200.000000,1200.000000,1200.000000
113954,28.317980,100391.500000,2.340000,0,1,1185,1129,1139,1347,1200.000000,1,1,2,1,1.353893,2.209251,-1.949368,-0.085455,0.274017,0.274017,0.897540,0.897787,41,0.429000,0.929000,0.107000,0.184041,0.863041,0.011449,1,1,1.500000,-0.008690,0.099031,-0.054455,0.000007,0.011127,1.339427,2.254335,4.197366,-0.260000,-0.101000,-0.087000,7.429001,4.917874,-96.860252,-96.293015,-107.288361,-10.995348,-26.410711,-0.379525,1.015143,-1.324058,-0.043116,-0.037964,-0.065677,0,0.292543,0.034169,1,0,0,0.000000,0.000000,0.000000,0.000000,0.000000,0.000000,0.000000,0.000000,0,0.000000,0.000000,0.000000,0.000000,1,0,0,1,192,2.000000,1.948017,0.081607,0.000000,0.000000,0.000000,0.000000,0.000000,0.000000,0,1200.000000,1200.000000,1200.000000
114053,28.318506,100392.304688,2.340000,0,1,1190,1137,1125,1348,1200.000000,1,1,2,1,1.335140,2.211696,-1.943814,-0.064322,0.271396,0.271396,0.714710,0.714828,17,0.429000,0.929000,0.118000,0.184041,0.863041,0.013924,1,1,1.500000,-0.008738,0.098872,-0.054630,-0.000157,0.011246,1.328268,2.263278,4.156998,-0.154000,-0.002000,-0.106000,7.316195,5.070718,-96.875343,-96.225906,-107.288361,-11.062454,-26.463457,-3.614976,0.302959,-0.126035,-0.036494,-0.042848,-0.068951,0,0.295772,0.035201,1,0,0,0.000000,0.000000,0.000000,0.000000,0.000000,0.000000,0.000000,0.000000,0,0.000000,0.000000,0.000000,0.000000,1,0,0,1,192,2.000000,2.020700,0.222048,0.000000,0.000000,0.000000,0.000000,0.000000,0.000000,0,1200.000000,1200.000000,1200.000000
114152,28.319084,100391.601563,2.350000,0,1,1196,1127,1122,1355,1200.000000,1,1,2,1,1.322892,2.210282,-2.013485,-0.156371,0.296078,0.296089,1.316022,1.316831,116,0.429000,0.929000,0.118000,0.184041,0.863041,0.013924,1,1,1.500000,-0.008738,0.098872,-0.054630,-0.000157,0.011246,1.328268,2.263278,4.156998,-0.154000,-0.002000,-0.106000,6.992604,5.145293,-96.842262,-96.103378,-107.288361,-11.184981,-28.323830,-2.228957,1.363126,0.526662,-0.038493,-0.041157,-0.075530,0,0.313048,0.039680,1,0,0,0.000000,0.000000,0.000000,0.000000,0.000000,0.000000,0.000000,0.000000,0,0.000000,0.000000,0.000000,0.000000,1,0,0,1,192,2.000000,2.011301,0.155836,0.000000,0.000000,0.000000,0.000000,0.000000,0.000000,0,1200.000000,1200.000000,1200.000000
114242,28.319241,100391.898438,2.340000,3,1,1201,1121,1125,1354,1200.000000,1,1,2,1,1.313832,2.216145,-2.025000,-0.143302,0.279486,0.279486,0.973818,0.974060,71,0.429000,0.928000,0.126000,0.184041,0.861184,0.015876,1,1,1.500000,-0.008781,0.098778,-0.054769,-0.000467,0.012580,1.317177,2.263387,4.154636,-0.103000,0.008000,-0.101000,6.722025,5.203356,-96.710175,-95.916153,-107.288361,-11.372204,-27.426752,-3.630652,0.134353,2.047931,-0.039250,-0.037354,-0.077165,0,0.280120,0.031747,1,0,0,0.000000,0.000000,0.000000,0.000000,0.000000,0.000000,0.000000,0.000000,0,0.000000,0.000000,0.000000,0.000000,1,0,0,1,192,2.000000,1.999880,0.092480,0.000000,0.000000,0.000000,0.000000,0.000000,0.000000,0,1200.000000,1200.000000,1200.000000
114342,28.324339,100392.804688,2.330000,17,1,1221,1109,1108,1362,1200.000000,1,1,2,1,1.311313,2.227342,-2.012190,-0.100841,0.275487,0.275487,0.882500,0.882596,51,0.429000,0.928000,0.130000,0.184041,0.861184,0.016900,1,1,1.500000,-0.008825,0.098677,-0.054910,-0.000464,0.012341,1.306490,2.281130,4.136508,-0.027000,0.057000,-0.112000,6.232344,5.135452,-96.358307,-95.564987,-107.288361,-11.723371,-30.873377,-6.151714,-1.075528,4.133201,-0.035158,-0.035643,-0.091647,0,0.283526,0.032773,1,0,0,0.000000,0.000000,0.000000,0.000000,0.000000,0.000000,0.000000,0.000000,0,0.000000,0.000000,0.000000,0.000000,1,0,0,1,192,2.000000,2.011376,0.102609,0.000000,0.000000,0.000000,0.000000,0.000000,0.000000,0,1200.000000,1200.000000,1200.000000
114447,28.321571,100389.898438,2.360000,36,1,1234,1103,1097,1366,1200.000000,1,1,2,1,1.314314,2.238323,-1.997462,-0.075449,0.273634,0.273634,0.697680,0.697708,33,0.429000,0.928000,0.126000,0.184041,0.861184,0.015876,1,1,1.500000,-0.008820,0.098621,-0.055024,0.000091,0.013116,1.318590,2.290025,4.131567,0.021000,0.067000,-0.112000,5.518147,4.943317,-95.786743,-94.945137,-107.288361,-12.343225,-31.553762,-7.401162,-0.503052,6.628513,-0.031397,-0.034183,-0.099961,0,0.256616,0.026339,1,0,0,0.000000,0.000000,0.000000,0.000000,0.000000,0.000000,0.000000,0.000000,0,0.000000,0.000000,0.000000,0.000000,1,0,0,1,192,2.000000,1.996557,0.075209,0.000000,0.000000,0.000000,0.000000,0.000000,0.000000,0,1200.000000,1200.000000,1200.000000
114559,28.322342,100390.601563,2.370000,0,1,1252,1091,1080,1377,1200.000000,1,1,2,1,1.322489,2.253135,-1.987605,-0.056855,0.271229,0.271229,0.789742,0.789746,20,0.428000,0.927000,0.119000,0.183184,0.859329,0.014161,1,1,1.500000,-0.008824,0.098582,-0.055102,-0.000414,0.013726,1.331399,2.307852,4.138550,0.059000,0.102000,-0.095000,4.653062,4.814641,-94.890617,-94.056519,-107.288361,-13.231839,-35.012516,-7.513463,-0.305214,8.802402,-0.028697,-0.033995,-0.114707,0,0.273089,0.030298,1,0,0,0.000000,0.000000,0.000000,0.000000,0.000000,0.000000,0.000000,0.000000,0,0.000000,0.000000,0.000000,0.000000,1,0,0,1,192,2.000000,2.056274,0.138713,0.000000,0.000000,0.000000,0.000000,0.000000,0.000000,0,1200.000000,1200.000000,1200.000000
114649,28.321449,100390.898438,2.380000,4,1,1259,1078,1070,1393,1200.000000,1,1,2,1,1.328320,2.261361,-2.076570,-0.230273,0.289195,0.289196,1.264475,1.264547,110,0.428000,0.927000,0.119000,0.183184,0.859329,0.014161,1,1,1.500000,-0.008824,0.098582,-0.055102,-0.000414,0.013726,1.331399,2.307852,4.138550,0.059000,0.102000,-0.095000,4.247984,4.744489,-94.063652,-93.244316,-107.288361,-14.044044,-38.292686,-2.731745,0.186332,9.870841,-0.031745,-0.035515,-0.126092,0,0.270650,0.029282,1,0,0,0.000000,0.000000,0.000000,0.000000,0.000000,0.000000,0.000000,0.000000,0,0.000000,0.000000,0.000000,0.000000,1,0,0,1,192,2.000000,2.048325,0.128611,0.000000,0.000000,0.000000,0.000000,0.000000,0.000000,0,1200.000000,1200.000000,1200.000000
114743,28.321274,100389.898438,2.400000,0,1,1263,1070,1069,1397,1200.000000,1,1,2,1,1.339294,2.274808,-2.035393,-0.068170,0.282564,0.282564,1.139131,1.139192,78,0.428000,0.927000,0.114000,0.183184,0.859329,0.012996,1,1,1.500000,-0.008817,0.098539,-0.055148,-0.000271,0.013784,1.333789,2.325774,4.131534,0.077000,0.093000,-0.075000,4.233962,4.631592,-93.087654,-92.315666,-107.288361,-14.972690,-39.289757,0.752883,-0.940541,10.463130,-0.033110,-0.033806,-0.130253,0,0.324921,0.043062,1,0,0,0.000000,0.000000,0.000000,0.000000,0.000000,0.000000,0.000000,0.000000,0,0.000000,0.000000,0.000000,0.000000,1,0,0,1,192,2.000000,2.035188,0.068462,0.000000,0.000000,0.000000,0.000000,0.000000,0.000000,0,1200.000000,1200.000000,1200.000000
114838,28.319172,100390.804688,2.410000,9,1,1263,1064,1070,1403,1200.000000,1,1,2,1,1.344290,2.284489,-2.054513,-0.095802,0.274331,0.274331,0.929107,0.929145,49,0.428000,0.926000,0.121000,0.183184,0.857476,0.014641,1,1,1.500000,-0.008832,0.098476,-0.055312,-0.000237,0.013745,1.347989,2.334888,4.137870,0.028000,0.056000,-0.060000,4.548003,4.502109,-92.070457,-91.369019,-107.288361,-15.919341,-40.000000,2.530565,-1.294412,10.761219,-0.036255,-0.033457,-0.132893,0,0.323889,0.042673,1,0,0,0.000000,0.000000,0.000000,0.000000,0.000000,0.000000,0.000000,0.000000,0,0.000000,0.000000,0.000000,0.000000,1,0,0,1,192,2.000000,2.025645,0.046066,0.000000,0.000000,0.000000,0.000000,0.000000,0.000000,0,1200.000000,1200.000000,1200.000000
114932,28.322079,100392.398438,2.400000,0,1,1263,1063,1076,1398,1200.000000,1,1,2,1,1.350778,2.294665,-2.042881,-0.020490,0.271875,0.271875,0.733887,0.733896,18,0.428000,0.926000,0.119000,0.183184,0.857476,0.014161,1,1,1.500000,-0.008856,0.098400,-0.055473,-0.000423,0.013339,1.362114,2.343979,4.139496,0.028000,0.060000,-0.052000,4.923929,4.312254,-91.038269,-90.449181,-107.288361,-16.839176,-40.000000,3.842414,-0.587675,9.806619,-0.037046,-0.030174,-0.130393,0,0.324882,0.042921,1,0,0,0.000000,0.000000,0.000000,0.000000,0.000000,0.000000,0.000000,0.000000,0,0.000000,0.000000,0.000000,0.000000,1,0,0,1,192,2.000000,2.091886,0.164798,0.000000,0.000000,0.000000,0.000000,0.000000,0.000000,0,1200.000000,1200.000000,1200.000000
115074,28.324059,100391.500000,2.400000,13,1,1235,1065,1091,1409,1200.000000,1,1,2,1,1.354324,2.304678,-2.052329,-0.005726,0.274202,0.274202,0.899146,0.899163,35,0.428000,0.925000,0.128000,0.183184,0.855625,0.016384,1,1,1.500000,-0.008896,0.098346,-0.055618,-0.000610,0.013631,1.364712,2.353105,4.147986,-0.007000,0.037000,-0.032000,5.716937,4.208223,-89.926178,-89.459160,-107.288361,-17.829199,-40.000000,7.181940,0.453426,6.642220,-0.050228,-0.036851,-0.122109,0,0.313693,0.040126,1,0,0,0.000000,0.000000,0.000000,0.000000,0.000000,0.000000,0.000000,0.000000,0,0.000000,0.000000,0.000000,0.000000,1,0,0,1,192,2.000000,2.026338,-0.015563,0.000000,0.000000,0.000000,0.000000,0.000000,0.000000,0,1200.000000,1200.000000,1200.000000
115141,28.321606,100390.804688,2.400000,38,1,1243,1074,1089,1394,1200.000000,1,1,2,1,1.356429,2.306608,-2.078876,-0.045908,0.289310,0.289311,1.241326,1.241394,102,0.428000,0.925000,0.128000,0.183184,0.855625,0.016384,1,1,1.500000,-0.008896,0.098346,-0.055618,-0.000610,0.013631,1.364712,2.353105,4.147986,-0.007000,0.037000,-0.032000,6.093628,4.122924,-89.532417,-89.124130,-107.288361,-18.164232,-40.000000,4.132575,-0.567162,5.288966,-0.041419,-0.033720,-0.118566,0,0.287700,0.033615,1,0,0,0.000000,0.000000,0.000000,0.000000,0.000000,0.000000,0.000000,0.000000,0,0.000000,0.000000,0.000000,0.000000,1,0,0,1,192,2.000000,2.078784,0.046149,0.000000,0.000000,0.000000,0.000000,0.000000,0.000000,0,1200.000000,1200.000000,1200.000000
115243,28.327633,100393.898438,2.390000,4,1,1238,1083,1093,1386,1200.000000,1,1,2,1,1.358215,2.314879,-2.080737,-0.040757,0.280275,0.280275,0.974178,0.974233,70,0.428000,0.925000,0.118000,0.183184,0.855625,0.013924,1,1,1.500000,-0.008936,0.098266,-0.055808,-0.000340,0.013218,1.377711,2.362125,4.160561,0.000000,0.037000,-0.009000,6.497357,4.037986,-89.172768,-88.868797,-107.288361,-18.419565,-40.000000,-0.464220,-0.481603,2.756710,-0.039291,-0.034364,-0.111937,0,0.273420,0.030290,1,0,0,0.000000,0.000000,0.000000,0.000000,0.000000,0.000000,0.000000,0.000000,0,0.000000,0.000000,0.000000,0.000000,1,0,0,1,192,2.000000,2.056599,-0.009938,0.000000,0.000000,0.000000,0.000000,0.000000,0.000000,0,1200.000000,1200.000000,1200.000000
115338,28.323147,100391.203125,2.400000,13,1,1241,1099,1095,1366,1200.000000,1,1,2,1,1.363540,2.320982,-2.058307,-0.012185,0.276038,0.276038,0.867109,0.867142,45,0.428000,0.924000,0.106000,0.183184,0.853776,0.011236,1,1,1.500000,-0.008991,0.098226,-0.056104,-0.000211,0.013768,1.378125,2.362135,4.161804,0.042000,0.027000,0.001000,6.312067,3.978654,-89.110313,-88.904968,-107.288361,-18.383392,-40.000000,-5.990802,0.007588,-0.527466,-0.030317,-0.032220,-0.103339,0,0.306955,0.038451,1,0,0,0.000000,0.000000,0.000000,0.000000,0.000000,0.000000,0.000000,0.000000,0,0.000000,0.000000,0.000000,0.000000,1,0,0,1,192,2.000000,2.033191,-0.019746,0.000000,0.000000,0.000000,0.000000,0.000000,0.000000,0,1200.000000,1200.000000,1200.000000
115448,28.324305,100390.304688,2.410000,37,1,1228,1106,1104,1363,1200.000000,1,1,2,1,1.372962,2.326966,-2.034323,0.019250,0.273916,0.273916,0.679569,0.679587,33,0.427000,0.924000,0.103000,0.182329,0.853776,0.010609,1,1,1.500000,-0.009044,0.098172,-0.056405,-0.000252,0.013064,1.399316,2.370903,4.163383,0.081000,0.019000,0.004000,5.678812,4.059615,-89.339005,-89.292137,-107.288361,-17.996223,-40.000000,-4.884488,0.977367,-3.679320,-0.033212,-0.034349,-0.095087,0,0.264443,0.027993,1,0,0,0.000000,0.000000,0.000000,0.000000,0.000000,0.000000,0.000000,0.000000,0,0.000000,0.000000,0.000000,0.000000,1,0,0,1,192,2.000000,2.034598,-0.020494,0.000000,0.000000,0.000000,0.000000,0.000000,0.000000,0,1200.000000,1200.000000,1200.000000
115562,28.325197,100391.601563,2.420000,3,1,1225,1107,1108,1360,1200.000000,1,1,2,1,1.384830,2.331012,-2.047572,-0.017707,0.271325,0.271325,0.789574,0.789572,23,0.427000,0.924000,0.100000,0.182329,0.853776,0.010000,1,1,1.500000,-0.009108,0.098117,-0.056809,-0.000252,0.012567,1.408749,2.370762,4.161836,0.104000,0.001000,-0.006000,5.131722,4.159033,-89.773323,-89.859291,-107.288361,-17.429071,-40.000000,-3.948404,-0.256612,-4.605561,-0.033935,-0.033610,-0.092662,0,0.340402,0.047267,1,0,0,0.000000,0.000000,0.000000,0.000000,0.000000,0.000000,0.000000,0.000000,0,0.000000,0.000000,0.000000,0.000000,1,0,0,1,192,2.000000,2.019598,-0.013593,0.000000,0.000000,0.000000,0.000000,0.000000,0.000000,0,1200.000000,1200.000000,1200.000000
115648,28.320274,100389.500000,2.430000,3,1,1224,1110,1108,1358,1200.000000,1,1,2,1,1.392789,2.329982,-2.108239,-0.201496,0.289268,0.289268,1.264780,1.264769,109,0.427000,0.924000,0.100000,0.182329,0.853776,0.010000,1,1,1.500000,-0.009108,0.098117,-0.056809,-0.000252,0.012567,1.408749,2.370762,4.161836,0.104000,0.001000,-0.006000,4.772571,4.205438,-90.153961,-90.283882,-107.288361,-17.004480,-39.355488,-3.531020,0.208510,-4.579127,-0.033077,-0.033808,-0.091044,0,0.290811,0.033832,1,0,0,0.000000,0.000000,0.000000,0.000000,0.000000,0.000000,0.000000,0.000000,0,0.000000,0.000000,0.000000,0.000000,1,0,0,1,192,2.000000,2.078642,0.090762,0.000000,0.000000,0.000000,0.000000,0.000000,0.000000,0,1200.000000,1200.000000,1200.000000
115743,28.319626,100390.804688,2.420000,0,1,1226,1108,1106,1360,1200.000000,1,1,2,1,1.404437,2.333392,-2.061043,-0.017812,0.282847,0.282847,1.152235,1.152282,79,0.427000,0.924000,0.100000,0.182329,0.853776,0.010000,1,1,1.500000,-0.009174,0.098050,-0.057261,-0.000332,0.012068,1.418167,2.370581,4.155498,0.114000,0.002000,-0.012000,4.530877,4.288027,-90.592041,-90.742332,-107.288361,-16.546024,-40.000000,-0.794046,0.671036,-4.535091,-0.033010,-0.034178,-0.092847,0,0.326766,0.043591,1,0,0,0.000000,0.000000,0.000000,0.000000,0.000000,0.000000,0.000000,0.000000,0,0.000000,0.000000,0.000000,0.000000,1,0,0,1,192,2.000000,2.060988,0.018884,0.000000,0.000000,0.000000,0.000000,0.000000,0.000000,0,1200.000000,1200.000000,1200.000000
115839,28.322062,100390.203125,2.420000,10,1,1221,1111,1113,1355,1200.000000,1,1,2,1,1.412864,2.333264,-2.070753,-0.009739,0.274444,0.274444,0.932344,0.932386,49,0.427000,0.924000,0.102000,0.182329,0.853776,0.010404,1,1,1.500000,-0.009257,0.097978,-0.057711,-0.000700,0.011758,1.427776,2.370463,4.164114,0.088000,-0.023000,-0.004000,4.457318,4.277215,-91.044846,-91.217537,-107.288361,-16.070820,-38.393471,0.117638,-0.769107,-4.852633,-0.033708,-0.033010,-0.087810,0,0.316087,0.040650,1,0,0,0.000000,0.000000,0.000000,0.000000,0.000000,0.000000,0.000000,0.000000,0,0.000000,0.000000,0.000000,0.000000,1,0,0,1,192,2.000000,2.044247,-0.032052,0.000000,0.000000,0.000000,0.000000,0.000000,0.000000,0,1200.000000,1200.000000,1200.000000
115935,28.324514,100391.000000,2.420000,20,1,1222,1108,1122,1347,1200.000000,1,1,2,1,1.417522,2.330339,-2.051407,0.045008,0.272393,0.272393,0.811856,0.811857,21,0.427000,0.924000,0.117000,0.182329,0.853776,0.013689,1,1,1.500000,-0.009332,0.097929,-0.058174,-0.000351,0.012396,1.437548,2.361420,4.185159,0.036000,-0.062000,0.016000,4.459130,4.178539,-91.536087,-91.688828,-107.288361,-15.599531,-37.367401,2.717785,-0.890423,-4.955471,-0.034585,-0.027923,-0.084854,0,0.258248,0.026316,1,0,0,0.000000,0.000000,0.000000,0.000000,0.000000,0.000000,0.000000,0.000000,0,0.000000,0.000000,0.000000,0.000000,1,0,0,1,192,2.000000,2.101752,0.090979,0.000000,0.000000,0.000000,0.000000,0.000000,0.000000,0,1200.000000,1200.000000,1200.000000
116057,28.327194,100391.203125,2.420000,1,1,1208,1119,1121,1351,1200.000000,1,1,2,1,1.425130,2.324269,-2.027660,0.047754,0.272537,0.272538,0.697644,0.697652,18,0.427000,0.924000,0.112000,0.182329,0.853776,0.012544,1,1,1.500000,-0.009413,0.097867,-0.058614,-0.000606,0.011950,1.447532,2.352449,4.189102,0.063000,-0.072000,0.012000,4.689497,4.240309,-92.152664,-92.222641,-107.288361,-15.065718,-35.822582,1.660579,0.741060,-5.371687,-0.036135,-0.035273,-0.079720,0,0.284672,0.032633,1,0,0,0.000000,0.000000,0.000000,0.000000,0.000000,0.000000,0.000000,0.000000,0,0.000000,0.000000,0.000000,0.000000,1,0,0,1,192,2.000000,2.105636,0.100033,0.000000,0.000000,0.000000,0.000000,0.000000,0.000000,0,1200.000000,1200.000000,1200.000000
116185,28.322308,100390.500000,2.430000,38,1,1205,1127,1126,1342,1200.000000,1,1,2,1,1.430037,2.315043,-2.030518,0.051844,0.274154,0.274154,0.471435,0.471438,14,0.427000,0.924000,0.114000,0.182329,0.853776,0.012996,1,1,1.500000,-0.009486,0.097811,-0.059031,-0.000511,0.012023,1.446043,2.343563,4.194639,0.030000,-0.094000,0.015000,4.593022,4.396871,-92.804573,-92.855766,-107.288361,-14.432592,-32.964443,-1.501972,0.584313,-4.960399,-0.033869,-0.034343,-0.073314,0,0.285116,0.032543,1,0,0,0.000000,0.000000,0.000000,0.000000,0.000000,0.000000,0.000000,0.000000,0,0.000000,0.000000,0.000000,0.000000,1,0,0,1,192,2.000000,2.116566,0.155938,0.000000,0.000000,0.000000,0.000000,0.000000,0.000000,0,1200.000000,1200.000000,1200.000000
116243,28.328455,100392.000000,2.420000,10,1,1211,1122,1120,1348,1200.000000,1,1,2,1,1.430947,2.309670,-2.083818,-0.008149,0.282475,0.282475,1.050045,1.050078,72,0.427000,0.924000,0.114000,0.182329,0.853776,0.012996,1,1,1.500000,-0.009486,0.097811,-0.059031,-0.000511,0.012023,1.446043,2.343563,4.194639,0.030000,-0.094000,0.015000,4.532990,4.463258,-93.054367,-93.090385,-107.288361,-14.197976,-34.808308,-0.801414,0.708041,-4.473882,-0.033710,-0.034716,-0.079415,0,0.302227,0.037102,1,0,0,0.000000,0.000000,0.000000,0.000000,0.000000,0.000000,0.000000,0.000000,0,0.000000,0.000000,0.000000,0.000000,1,0,0,1,192,2.000000,2.083785,0.008087,0.000000,0.000000,0.000000,0.000000,0.000000,0.000000,0,1200.000000,1200.000000,1200.000000
116334,28.329208,100391.898438,2.400000,15,1,1208,1126,1124,1342,1200.000000,1,1,2,1,1.434770,2.305467,-2.061258,0.001376,0.275458,0.275458,0.881006,0.881017,42,0.426000,0.923000,0.109000,0.181476,0.851929,0.011881,1,1,1.500000,-0.009526,0.097754,-0.059303,-0.000180,0.011976,1.455981,2.334699,4.195288,0.029000,-0.070000,0.002000,4.402664,4.520017,-93.460266,-93.433556,-107.288361,-13.854807,-32.736343,-1.318886,-0.201317,-4.041941,-0.032884,-0.034143,-0.075122,0,0.303493,0.037593,1,0,0,0.000000,0.000000,0.000000,0.000000,0.000000,0.000000,0.000000,0.000000,0,0.000000,0.000000,0.000000,0.000000,1,0,0,1,192,2.000000,2.036563,-0.028316,0.000000,0.000000,0.000000,0.000000,0.000000,0.000000,0,1200.000000,1200.000000,1200.000000
116435,28.329718,100393.203125,2.380000,30,1,1209,1126,1124,1342,1200.000000,1,1,2,1,1.438437,2.298870,-2.036590,0.009386,0.273424,0.273424,0.679764,0.679772,19,0.426000,0.923000,0.103000,0.181476,0.851929,0.010609,1,1,1.500000,-0.009549,0.097654,-0.059493,-0.000165,0.011231,1.455007,2.325768,4.179248,0.027000,-0.093000,-0.017000,4.300879,4.520793,-93.820747,-93.745094,-107.288361,-13.543268,-32.024212,-1.596049,-0.623527,-3.228612,-0.032774,-0.033870,-0.075387,0,0.233335,0.021787,1,0,0,0.000000,0.000000,0.000000,0.000000,0.000000,0.000000,0.000000,0.000000,0,0.000000,0.000000,0.000000,0.000000,1,0,0,1,192,2.000000,2.111359,0.143294,0.000000,0.000000,0.000000,0.000000,0.000000,0.000000,0,1200.000000,1200.000000,1200.000000
116561,28.327421,100391.398438,2.390000,0,1,1209,1126,1124,1342,1200.000000,1,1,2,1,1.440905,2.288162,-2.011017,0.027326,0.273229,0.273229,0.679053,0.679065,17,0.426000,0.922000,0.103000,0.181476,0.850084,0.010609,1,1,1.500000,-0.009576,0.097552,-0.059664,-0.000291,0.011095,1.454319,2.308029,4.174226,0.007000,-0.098000,-0.018000,4.177973,4.536527,-94.175194,-93.993851,-107.288361,-13.294513,-31.422443,-0.934039,-0.761711,-2.650859,-0.032714,-0.033762,-0.075324,0,0.269928,0.029615,1,0,0,0.000000,0.000000,0.000000,0.000000,0.000000,0.000000,0.000000,0.000000,0,0.000000,0.000000,0.000000,0.000000,1,0,0,1,192,2.000000,2.011072,-0.027676,0.000000,0.000000,0.000000,0.000000,0.000000,0.000000,0,1200.000000,1200.000000,1200.000000
116651,28.330015,100391.703125,2.390000,4,1,1209,1126,1122,1343,1200.000000,1,1,2,1,1.440854,2.278702,-2.093143,-0.150842,0.288706,0.288706,1.198467,1.198527,107,0.426000,0.922000,0.103000,0.181476,0.850084,0.010609,1,1,1.500000,-0.009576,0.097552,-0.059664,-0.000291,0.011095,1.454319,2.308029,4.174226,0.007000,-0.098000,-0.018000,4.076043,4.557003,-94.384659,-94.142845,-107.288361,-13.145512,-31.090666,-0.987025,0.403128,-2.039799,-0.032397,-0.034485,-0.076055,0,0.262907,0.027676,1,0,0,0.000000,0.000000,0.000000,0.000000,0.000000,0.000000,0.000000,0.000000,0,0.000000,0.000000,0.000000,0.000000,1,0,0,1,192,2.000000,2.066197,0.063614,0.000000,0.000000,0.000000,0.000000,0.000000,0.000000,0,1200.000000,1200.000000,1200.000000
116746,28.329664,100391.203125,2.390000,12,1,1216,1121,1118,1345,1200.000000,1,1,2,1,1.444628,2.270192,-2.071126,-0.063462,0.282009,0.282010,1.113142,1.113190,80,0.426000,0.922000,0.104000,0.181476,0.850084,0.010816,1,1,1.500000,-0.009628,0.097453,-0.059948,-0.000362,0.011459,1.464906,2.299149,4.165207,0.019000,-0.107000,-0.022000,4.052706,4.577701,-94.531380,-94.257957,-107.288361,-13.030403,-32.012089,-0.889215,-0.467597,-1.090174,-0.031485,-0.032997,-0.080953,0,0.283454,0.032693,1,0,0,0.000000,0.000000,0.000000,0.000000,0.000000,0.000000,0.000000,0.000000,0,0.000000,0.000000,0.000000,0.000000,1,0,0,1,192,2.000000,2.070489,0.064455,0.000000,0.000000,0.000000,0.000000,0.000000,0.000000,0,1200.000000,1200.000000,1200.000000
116839,28.320784,100389.804688,2.410000,20,1,1214,1119,1118,1348,1200.000000,1,1,2,1,1.448302,2.261629,-2.052722,-0.023420,0.274452,0.274452,0.882298,0.882314,49,0.426000,0.922000,0.106000,0.181476,0.850084,0.011236,1,1,1.500000,-0.009695,0.097365,-0.060329,-0.000529,0.011730,1.464616,2.290265,4.169271,0.024000,-0.113000,-0.018000,4.060574,4.525390,-94.626564,-94.322289,-107.288361,-12.966069,-31.889067,0.328714,-0.630739,-0.882006,-0.033277,-0.033744,-0.081176,0,0.323862,0.042848,1,0,0,0.000000,0.000000,0.000000,0.000000,0.000000,0.000000,0.000000,0.000000,0,0.000000,0.000000,0.000000,0.000000,1,0,0,1,192,2.000000,2.026149,-0.005547,0.000000,0.000000,0.000000,0.000000,0.000000,0.000000,0,1200.000000,1200.000000,1200.000000
116935,28.326950,100391.804688,2.420000,30,1,1214,1120,1118,1348,1200.000000,1,1,2,1,1.449160,2.253444,-2.036387,-0.003367,0.272620,0.272620,0.679802,0.679812,20,0.425000,0.921000,0.108000,0.180625,0.848241,0.011664,1,1,1.500000,-0.009748,0.097294,-0.060703,-0.000200,0.012376,1.464480,2.281362,4.159442,-0.008000,-0.113000,-0.030000,4.124866,4.525163,-94.694199,-94.371269,-107.288361,-12.917090,-31.683760,0.053026,-0.393527,-0.702204,-0.032976,-0.033958,-0.081110,0,0.276175,0.030523,1,0,0,0.000000,0.000000,0.000000,0.000000,0.000000,0.000000,0.000000,0.000000,0,0.000000,0.000000,0.000000,0.000000,1,0,0,1,192,2.000000,2.112085,0.189648,0.000000,0.000000,0.000000,0.000000,0.000000,0.000000,0,1200.000000,1200.000000,1200.000000
117057,28.329840,100390.703125,2.440000,0,1,1217,1123,1114,1346,1200.000000,1,1,2,1,1.449774,2.240823,-2.024888,0.017114,0.271597,0.271597,0.677213,0.677224,18,0.425000,0.921000,0.111000,0.180625,0.848241,0.012321,1,1,1.500000,-0.009795,0.097236,-0.061075,0.000078,0.012980,1.464411,2.263697,4.156387,-0.001000,-0.113000,-0.031000,4.089790,4.579536,-94.763901,-94.402023,-107.288361,-12.886340,-31.903008,-0.894517,0.832870,-0.650582,-0.029922,-0.034457,-0.081819,0,0.313324,0.039663,1,0,0,0.000000,0.000000,0.000000,0.000000,0.000000,0.000000,0.000000,0.000000,0,0.000000,0.000000,0.000000,0.000000,1,0,0,1,192,2.000000,2.099859,0.122173,0.000000,0.000000,0.000000,0.000000,0.000000,0.000000,0,1200.000000,1200.000000,1200.000000
117147,28.328403,100391.500000,2.420000,0,1,1213,1123,1117,1347,1200.000000,1,1,2,1,1.449064,2.230215,-2.084936,-0.061788,0.286952,0.286952,1.197101,1.197146,108,0.425000,0.921000,0.111000,0.180625,0.848241,0.012321,1,1,1.500000,-0.009795,0.097236,-0.061075,0.000078,0.012980,1.464411,2.263697,4.156387,-0.001000,-0.113000,-0.031000,3.987663,4.629161,-94.817879,-94.435692,-107.288361,-12.852668,-31.525995,-0.826456,0.556032,-0.918803,-0.031789,-0.035062,-0.080129,0,0.315034,0.040309,1,0,0,0.000000,0.000000,0.000000,0.000000,0.000000,0.000000,0.000000,0.000000,0,0.000000,0.000000,0.000000,0.000000,1,0,0,1,192,2.000000,2.084444,0.061246,0.000000,0.000000,0.000000,0.000000,0.000000,0.000000,0,1200.000000,1200.000000,1200.000000
117263,28.324339,100389.203125,2.450000,30,1,1214,1123,1117,1346,1200.000000,1,1,2,1,1.447312,2.217974,-2.093918,-0.072051,0.286212,0.286213,1.160630,1.160672,92,0.425000,0.921000,0.111000,0.180625,0.848241,0.012321,1,1,1.500000,-0.009846,0.097166,-0.061472,0.000114,0.012942,1.464248,2.254910,4.154175,-0.016000,-0.127000,-0.030000,3.982814,4.699415,-94.901009,-94.504486,-107.288361,-12.783874,-31.327005,-1.687532,-0.420987,-0.723413,-0.031747,-0.034476,-0.080120,0,0.325452,0.043077,1,0,0,0.000000,0.000000,0.000000,0.000000,0.000000,0.000000,0.000000,0.000000,0,0.000000,0.000000,0.000000,0.000000,1,0,0,1,192,2.000000,2.093774,0.071969,0.000000,0.000000,0.000000,0.000000,0.000000,0.000000,0,1200.000000,1200.000000,1200.000000
117334,28.330820,100390.601563,2.460000,15,1,1213,1123,1118,1347,1200.000000,1,1,2,1,1.449650,2.209273,-2.080579,-0.030346,0.274206,0.274206,0.881022,0.881040,44,0.425000,0.920000,0.111000,0.180625,0.846400,0.012321,1,1,1.500000,-0.009890,0.097091,-0.061848,0.000148,0.012906,1.475104,2.237200,4.143216,-0.002000,-0.136000,-0.031000,3.937207,4.695494,-94.961815,-94.556625,-107.288361,-12.731732,-31.341389,-0.013171,0.160272,-0.895683,-0.032167,-0.034762,-0.079707,0,0.347918,0.049447,1,0,0,0.000000,0.000000,0.000000,0.000000,0.000000,0.000000,0.000000,0.000000,0,0.000000,0.000000,0.000000,0.000000,1,0,0,1,192,2.000000,2.052078,0.002121,0.000000,0.000000,0.000000,0.000000,0.000000,0.000000,0,1200.000000,1200.000000,1200.000000
117435,28.328157,100389.304688,2.460000,30,1,1212,1124,1119,1345,1200.000000,1,1,2,1,1.448610,2.199459,-2.065214,-0.019219,0.272336,0.272336,0.679836,0.679844,20,0.425000,0.920000,0.113000,0.180625,0.846400,0.012769,1,1,1.500000,-0.009888,0.097001,-0.062052,0.000565,0.012938,1.463747,2.228318,4.139286,-0.026000,-0.122000,-0.034000,3.869464,4.687692,-95.047241,-94.639709,-107.288361,-12.648650,-31.019753,-0.452450,-0.399701,-0.949568,-0.031966,-0.034398,-0.078724,0,0.288222,0.033262,1,0,0,0.000000,0.000000,0.000000,0.000000,0.000000,0.000000,0.000000,0.000000,0,0.000000,0.000000,0.000000,0.000000,1,0,0,1,192,2.000000,2.141176,0.208126,0.000000,0.000000,0.000000,0.000000,0.000000,0.000000,0,1200.000000,1200.000000,1200.000000
117561,28.326441,100391.000000,2.460000,0,1,1210,1125,1119,1346,1200.000000,1,1,2,1,1.446722,2.183435,-2.050589,-0.000115,0.272296,0.272296,0.679038,0.679048,17,0.424000,0.919000,0.110000,0.179776,0.844561,0.012100,1,1,1.500000,-0.009891,0.096900,-0.062291,0.000496,0.012443,1.463532,2.210620,4.142304,-0.026000,-0.154000,-0.044000,3.920268,4.709377,-95.174820,-94.743355,-107.288361,-12.545002,-30.953999,0.400431,0.617151,-1.147076,-0.032484,-0.035109,-0.078034,0,0.305286,0.037897,1,0,0,0.000000,0.000000,0.000000,0.000000,0.000000,0.000000,0.000000,0.000000,0,0.000000,0.000000,0.000000,0.000000,1,0,0,1,192,2.000000,2.050589,0.000160,0.000000,0.000000,0.000000,0.000000,0.000000,0.000000,0,1200.000000,1200.000000,1200.000000
117651,28.329140,100389.398438,2.470000,4,1,1211,1124,1119,1346,1200.000000,1,1,2,1,1.443955,2.169432,-2.142876,-0.176273,0.287850,0.287850,1.198243,1.198288,107,0.424000,0.919000,0.110000,0.179776,0.844561,0.012100,1,1,1.500000,-0.009891,0.096900,-0.062291,0.000496,0.012443,1.463532,2.210620,4.142304,-0.026000,-0.154000,-0.044000,3.934134,4.748033,-95.253891,-94.833809,-107.288361,-12.454550,-30.725859,0.479559,0.145699,-0.786844,-0.032571,-0.034960,-0.078380,0,0.296437,0.035193,1,0,0,0.000000,0.000000,0.000000,0.000000,0.000000,0.000000,0.000000,0.000000,0,0.000000,0.000000,0.000000,0.000000,1,0,0,1,192,2.000000,2.112459,0.079440,0.000000,0.000000,0.000000,0.000000,0.000000,0.000000,0,1200.000000,1200.000000,1200.000000
117746,28.330559,100391.000000,2.460000,12,1,1211,1125,1116,1348,1200.000000,1,1,2,1,1.442452,2.163291,-2.125952,-0.097586,0.281255,0.281256,1.113310,1.113345,82,0.424000,0.919000,0.108000,0.179776,0.844561,0.011664,1,1,1.500000,-0.009901,0.096757,-0.062535,0.000516,0.011587,1.463274,2.201765,4.152287,-0.028000,-0.109000,-0.039000,3.957986,4.784390,-95.295540,-94.852615,-107.288361,-12.435746,-30.427280,-0.778124,-0.099282,-0.168220,-0.032096,-0.036442,-0.079218,0,0.300335,0.036709,1,0,0,0.000000,0.000000,0.000000,0.000000,0.000000,0.000000,0.000000,0.000000,0,0.000000,0.000000,0.000000,0.000000,1,0,0,1,192,2.000000,2.124991,0.095640,0.000000,0.000000,0.000000,0.000000,0.000000,0.000000,0,1200.000000,1200.000000,1200.000000
117839,28.335709,100392.304688,2.450000,20,1,1216,1120,1113,1351,1200.000000,1,1,2,1,1.437004,2.154163,-2.108060,-0.047635,0.273776,0.273776,0.882300,0.882315,50,0.424000,0.919000,0.106000,0.179776,0.844561,0.011236,1,1,1.500000,-0.009924,0.096594,-0.062844,0.000521,0.010960,1.452126,2.192914,4.157319,-0.064000,-0.125000,-0.036000,3.955395,4.812545,-95.301666,-94.844925,-107.288361,-12.443437,-31.738613,-0.889925,-0.087618,0.121474,-0.031971,-0.035464,-0.083410,0,0.307621,0.038663,1,0,0,0.000000,0.000000,0.000000,0.000000,0.000000,0.000000,0.000000,0.000000,0,0.000000,0.000000,0.000000,0.000000,1,0,0,1,192,2.000000,2.082337,0.020988,0.000000,0.000000,0.000000,0.000000,0.000000,0.000000,0,1200.000000,1200.000000,1200.000000
117935,28.334324,100392.601563,2.440000,30,1,1214,1123,1116,1348,1200.000000,1,1,2,1,1.437213,2.146520,-2.086143,-0.006884,0.272034,0.272034,0.679833,0.679839,20,0.424000,0.918000,0.104000,0.179776,0.842724,0.010816,1,1,1.500000,-0.009943,0.096431,-0.063156,0.000563,0.010899,1.463281,2.184085,4.176306,-0.019000,-0.115000,-0.026000,3.949630,4.857547,-95.277336,-94.799355,-107.288361,-12.489008,-30.585409,-1.291733,0.184131,0.322566,-0.031807,-0.035353,-0.080917,0,0.241400,0.023322,1,0,0,0.000000,0.000000,0.000000,0.000000,0.000000,0.000000,0.000000,0.000000,0,0.000000,0.000000,0.000000,0.000000,1,0,0,1,192,2.000000,2.163447,0.205677,0.000000,0.000000,0.000000,0.000000,0.000000,0.000000,0,1200.000000,1200.000000,1200.000000
118057,28.329245,100389.703125,2.450000,0,1,1215,1122,1112,1352,1200.000000,1,1,2,1,1.433658,2.134812,-2.067228,0.003655,0.271093,0.271093,0.677287,0.677294,18,0.423000,0.918000,0.105000,0.178929,0.842724,0.011025,1,1,1.500000,-0.009974,0.096255,-0.063485,0.000527,0.010718,1.452351,2.166445,4.178236,-0.051000,-0.110000,-0.037000,3.905802,4.914362,-95.187927,-94.719246,-107.288361,-12.569113,-30.892912,-0.016933,0.589650,0.818591,-0.031868,-0.036612,-0.083021,0,0.266858,0.028773,1,0,0,0.000000,0.000000,0.000000,0.000000,0.000000,0.000000,0.000000,0.000000,0,0.000000,0.000000,0.000000,0.000000,1,0,0,1,192,2.000000,2.141708,0.113783,0.000000,0.000000,0.000000,0.000000,0.000000,0.000000,0,1200.000000,1200.000000,1200.000000
118147,28.331049,100389.601563,2.470000,0,1,1216,1118,1112,1354,1200.000000,1,1,2,1,1.429677,2.124712,-2.125329,-0.079772,0.286501,0.286501,1.197385,1.197422,108,0.423000,0.918000,0.105000,0.178929,0.842724,0.011025,1,1,1.500000,-0.009974,0.096255,-0.063485,0.000527,0.010718,1.452351,2.166445,4.178236,-0.051000,-0.110000,-0.037000,3.910685,4.929257,-95.078972,-94.629547,-107.288361,-12.658813,-31.206554,1.242953,0.517371,1.211963,-0.032951,-0.035900,-0.084871,0,0.304626,0.037691,1,0,0,0.000000,0.000000,0.000000,0.000000,0.000000,0.000000,0.000000,0.000000,0,0.000000,0.000000,0.000000,0.000000,1,0,0,1,192,2.000000,2.124688,0.080166,0.000000,0.000000,0.000000,0.000000,0.000000,0.000000,0,1200.000000,1200.000000,1200.000000
118245,28.332363,100391.101563,2.460000,12,1,1226,1108,1106,1360,1200.000000,1,1,2,1,1.428627,2.119713,-2.130197,-0.065195,0.280626,0.280626,1.049705,1.049725,68,0.423000,0.917000,0.103000,0.178929,0.840889,0.010609,1,1,1.500000,-0.010005,0.096056,-0.063807,0.000608,0.009954,1.452710,2.157608,4.176336,-0.038000,-0.088000,-0.042000,3.874704,4.853410,-94.910004,-94.476288,-107.288361,-12.812076,-33.799870,-0.200255,-0.696540,1.791633,-0.032972,-0.034156,-0.093178,0,0.295543,0.035524,1,0,0,0.000000,0.000000,0.000000,0.000000,0.000000,0.000000,0.000000,0.000000,0,0.000000,0.000000,0.000000,0.000000,1,0,0,1,192,2.000000,2.129554,0.064493,0.000000,0.000000,0.000000,0.000000,0.000000,0.000000,0,1200.000000,1200.000000,1200.000000
118396,28.334658,100391.398438,2.440000,33,1,1223,1112,1109,1356,1200.000000,1,1,2,1,1.424671,2.105890,-2.133816,-0.052258,0.289592,0.289593,1.269571,1.269606,107,0.422000,0.916000,0.101000,0.178084,0.839056,0.010201,1,1,1.500000,-0.010032,0.095859,-0.064094,0.000562,0.009870,1.453075,2.148724,4.189595,-0.043000,-0.109000,-0.032000,3.961888,4.682183,-94.613319,-94.248703,-107.288361,-13.039658,-32.092430,0.162078,-0.974581,2.106885,-0.032390,-0.033667,-0.089534,0,0.270813,0.029848,1,0,0,0.000000,0.000000,0.000000,0.000000,0.000000,0.000000,0.000000,0.000000,0,0.000000,0.000000,0.000000,0.000000,1,0,0,1,192,2.000000,2.132866,0.053205,0.000000,0.000000,0.000000,0.000000,0.000000,0.000000,0,1200.000000,1200.000000,1200.000000
118443,28.332100,100391.398438,2.440000,38,1,1224,1110,1110,1356,1200.000000,1,1,2,1,1.427361,2.105767,-2.084681,0.013323,0.272021,0.272021,0.679747,0.679753,28,0.422000,0.916000,0.099000,0.178084,0.839056,0.009801,1,1,1.500000,-0.010064,0.095656,-0.064364,0.000479,0.009817,1.453545,2.139793,4.196045,-0.019000,-0.080000,-0.027000,3.965481,4.629895,-94.514534,-94.169182,-107.288361,-13.119175,-32.395172,0.894093,-0.786220,1.993953,-0.032967,-0.033370,-0.090031,0,0.245663,0.024164,1,0,0,0.000000,0.000000,0.000000,0.000000,0.000000,0.000000,0.000000,0.000000,0,0.000000,0.000000,0.000000,0.000000,1,0,0,1,192,2.000000,2.084733,-0.012650,0.000000,0.000000,0.000000,0.000000,0.000000,0.000000,0,1200.000000,1200.000000,1200.000000
118561,28.335953,100390.500000,2.440000,0,1,1223,1110,1108,1358,1200.000000,1,1,2,1,1.426395,2.099288,-2.060149,0.025728,0.272027,0.272027,0.679015,0.679020,17,0.422000,0.915000,0.102000,0.178084,0.837225,0.010404,1,1,1.500000,-0.010065,0.095489,-0.064546,0.000475,0.010237,1.454060,2.130912,4.203356,-0.040000,-0.076000,-0.023000,4.073630,4.558902,-94.276154,-93.983673,-107.288361,-13.304689,-32.833702,1.176824,-0.072051,1.853437,-0.033233,-0.034310,-0.090811,0,0.270943,0.029850,1,0,0,0.000000,0.000000,0.000000,0.000000,0.000000,0.000000,0.000000,0.000000,0,0.000000,0.000000,0.000000,0.000000,1,0,0,1,192,2.000000,2.060201,-0.025505,0.000000,0.000000,0.000000,0.000000,0.000000,0.000000,0,1200.000000,1200.000000,1200.000000
118651,28.335043,100389.601563,2.430000,4,1,1224,1109,1108,1359,1200.000000,1,1,2,1,1.423812,2.091829,-2.139285,-0.133371,0.287609,0.287609,1.198294,1.198321,107,0.422000,0.915000,0.102000,0.178084,0.837225,0.010404,1,1,1.500000,-0.010065,0.095489,-0.064546,0.000475,0.010237,1.454060,2.130912,4.203356,-0.040000,-0.076000,-0.023000,4.158319,4.500222,-94.104431,-93.845802,-107.288361,-13.442557,-33.171482,0.902401,-0.252961,1.870931,-0.033390,-0.034054,-0.091741,0,0.256031,0.026253,1,0,0,0.000000,0.000000,0.000000,0.000000,0.000000,0.000000,0.000000,0.000000,0,0.000000,0.000000,0.000000,0.000000,1,0,0,1,192,2.000000,2.113285,0.049089,0.000000,0.000000,0.000000,0.000000,0.000000,0.000000,0,1200.000000,1200.000000,1200.000000
118746,28.334307,100390.804688,2.450000,12,1,1226,1106,1104,1364,1200.000000,1,1,2,1,1.425502,2.086220,-2.118651,-0.066202,0.281041,0.281041,1.113323,1.113346,82,0.421000,0.914000,0.102000,0.177241,0.835396,0.010404,1,1,1.500000,-0.010060,0.095347,-0.064641,0.000348,0.010520,1.454479,2.122068,4.205516,-0.017000,-0.084000,-0.016000,4.276212,4.482603,-93.935852,-93.715141,-107.288361,-13.573218,-34.437210,0.511866,0.538448,1.947585,-0.034009,-0.035045,-0.095255,0,0.297060,0.035913,1,0,0,0.000000,0.000000,0.000000,0.000000,0.000000,0.000000,0.000000,0.000000,0,0.000000,0.000000,0.000000,0.000000,1,0,0,1,192,2.000000,2.117989,0.066533,0.000000,0.000000,0.000000,0.000000,0.000000,0.000000,0,1200.000000,1200.000000,1200.000000
118843,28.332275,100390.601563,2.450000,24,1,1226,1106,1103,1365,1200.000000,1,1,2,1,1.425825,2.081166,-2.098759,0.002470,0.273561,0.273561,0.883561,0.883572,51,0.421000,0.914000,0.102000,0.177241,0.835396,0.010404,1,1,1.500000,-0.010060,0.095211,-0.064737,0.000271,0.010392,1.454904,2.113270,4.210528,-0.022000,-0.078000,-0.019000,4.409851,4.548588,-93.770737,-93.583504,-107.288361,-13.704857,-34.732986,0.139198,0.244764,1.730134,-0.034146,-0.035277,-0.095460,0,0.316761,0.041001,1,0,0,0.000000,0.000000,0.000000,0.000000,0.000000,0.000000,0.000000,0.000000,0,0.000000,0.000000,0.000000,0.000000,1,0,0,1,192,2.000000,2.098769,-0.002243,0.000000,0.000000,0.000000,0.000000,0.000000,0.000000,0,1200.000000,1200.000000,1200.000000
118935,28.334394,100390.500000,2.450000,30,1,1226,1109,1106,1359,1200.000000,1,1,2,1,1.425088,2.079769,-2.077291,0.010581,0.271836,0.271836,0.679807,0.679812,20,0.421000,0.913000,0.104000,0.177241,0.833569,0.010816,1,1,1.500000,-0.010058,0.095099,-0.064811,0.000282,0.010420,1.444134,2.113336,4.212419,-0.028000,-0.045000,-0.019000,4.367414,4.563189,-93.626839,-93.496208,-107.288361,-13.792153,-33.811172,-2.395972,-0.335124,1.479362,-0.032518,-0.034322,-0.092390,0,0.264555,0.028012,1,0,0,0.000000,0.000000,0.000000,0.000000,0.000000,0.000000,0.000000,0.000000,0,0.000000,0.000000,0.000000,0.000000,1,0,0,1,192,2.000000,2.152350,0.147321,0.000000,0.000000,0.000000,0.000000,0.000000,0.000000,0,1200.000000,1200.000000,1200.000000
119057,28.331556,100390.898438,2.460000,0,1,1229,1109,1100,1362,1200.000000,1,1,2,1,1.426633,2.073900,-2.089099,-0.006809,0.270920,0.270920,0.677259,0.677265,18,0.421000,0.913000,0.097000,0.177241,0.833569,0.009409,1,1,1.500000,-0.010064,0.094982,-0.064895,0.000032,0.009796,1.455382,2.104544,4.219319,-0.001000,-0.076000,-0.020000,4.259120,4.577114,-93.467171,-93.404022,-107.288361,-13.884340,-35.430511,-1.351829,0.367556,1.120829,-0.031270,-0.035474,-0.095691,0,0.339352,0.046891,1,0,0,0.000000,0.000000,0.000000,0.000000,0.000000,0.000000,0.000000,0.000000,0,0.000000,0.000000,0.000000,0.000000,1,0,0,1,192,2.000000,2.060648,-0.020823,0.000000,0.000000,0.000000,0.000000,0.000000,0.000000,0,1200.000000,1200.000000,1200.000000
119147,28.337004,100390.898438,2.460000,0,1,1225,1112,1104,1359,1200.000000,1,1,2,1,1.427014,2.067630,-2.118649,-0.063920,0.286343,0.286343,1.197306,1.197337,108,0.421000,0.913000,0.097000,0.177241,0.833569,0.009409,1,1,1.500000,-0.010064,0.094982,-0.064895,0.000032,0.009796,1.455382,2.104544,4.219319,-0.001000,-0.076000,-0.020000,4.169202,4.631717,-93.384331,-93.376060,-107.288361,-13.912296,-34.123283,-2.632729,0.176500,0.973426,-0.031510,-0.035269,-0.091883,0,0.310765,0.039226,1,0,0,0.000000,0.000000,0.000000,0.000000,0.000000,0.000000,0.000000,0.000000,0,0.000000,0.000000,0.000000,0.000000,1,0,0,1,192,2.000000,2.118146,0.061771,0.000000,0.000000,0.000000,0.000000,0.000000,0.000000,0,1200.000000,1200.000000,1200.000000
119244,28.336094,100391.203125,2.450000,11,1,1226,1114,1103,1357,1200.000000,1,1,2,1,1.429887,2.064212,-2.118727,-0.026633,0.280485,0.280485,1.049704,1.049721,73,0.420000,0.912000,0.096000,0.176400,0.831744,0.009216,1,1,1.500000,-0.010076,0.094865,-0.065030,0.000036,0.009683,1.455420,2.095763,4.231141,0.007000,-0.062000,-0.018000,4.093250,4.713753,-93.309654,-93.346977,-107.288361,-13.941386,-34.255653,-1.791044,0.321953,0.575639,-0.029991,-0.035670,-0.091188,0,0.296737,0.035812,1,0,0,0.000000,0.000000,0.000000,0.000000,0.000000,0.000000,0.000000,0.000000,0,0.000000,0.000000,0.000000,0.000000,1,0,0,1,192,2.000000,2.118459,0.027354,0.000000,0.000000,0.000000,0.000000,0.000000,0.000000,0,1200.000000,1200.000000,1200.000000
119334,28.335760,100389.601563,2.460000,15,1,1221,1114,1105,1359,1200.000000,1,1,2,1,1.431444,2.063246,-2.098885,0.008195,0.273718,0.273718,0.880952,0.880962,45,0.420000,0.912000,0.098000,0.176400,0.831744,0.009604,1,1,1.500000,-0.010090,0.094757,-0.065156,0.000074,0.009888,1.455344,2.095810,4.241955,-0.001000,-0.041000,-0.014000,3.982889,4.809434,-93.271614,-93.363365,-107.288361,-13.924994,-34.342949,0.083696,1.605552,0.038292,-0.032226,-0.036730,-0.090010,0,0.327518,0.043820,1,0,0,0.000000,0.000000,0.000000,0.000000,0.000000,0.000000,0.000000,0.000000,0,0.000000,0.000000,0.000000,0.000000,1,0,0,1,192,2.000000,2.072545,-0.030623,0.000000,0.000000,0.000000,0.000000,0.000000,0.000000,0,1200.000000,1200.000000,1200.000000
119435,28.336864,100390.898438,2.460000,30,1,1221,1115,1107,1357,1200.000000,1,1,2,1,1.432372,2.061178,-2.079128,0.008967,0.271913,0.271913,0.679746,0.679752,20,0.420000,0.911000,0.100000,0.176400,0.829921,0.010000,1,1,1.500000,-0.010124,0.094639,-0.065371,-0.000070,0.009762,1.455289,2.087059,4.252648,-0.010000,-0.042000,-0.021000,3.905478,4.886892,-93.241394,-93.379112,-107.288361,-13.909250,-34.133705,-0.025742,0.374139,-0.126233,-0.032016,-0.035703,-0.089031,0,0.274434,0.030156,1,0,0,0.000000,0.000000,0.000000,0.000000,0.000000,0.000000,0.000000,0.000000,0,0.000000,0.000000,0.000000,0.000000,1,0,0,1,192,2.000000,2.153298,0.133607,0.000000,0.000000,0.000000,0.000000,0.000000,0.000000,0,1200.000000,1200.000000,1200.000000
119561,28.334919,100389.398438,2.480000,0,1,1221,1115,1109,1355,1200.000000,1,1,2,1,1.434912,2.059488,-2.056985,0.043535,0.271933,0.271934,0.679031,0.679035,17,0.420000,0.910000,0.097000,0.176400,0.828100,0.009409,1,1,1.500000,-0.010157,0.094532,-0.065540,-0.000175,0.009848,1.466319,2.087026,4.272735,0.007000,-0.024000,-0.005000,3.929328,4.866951,-93.273132,-93.426498,-107.288361,-13.861862,-34.012150,-0.749273,-0.730636,-0.477310,-0.031791,-0.034975,-0.087794,0,0.303554,0.037468,1,0,0,0.000000,0.000000,0.000000,0.000000,0.000000,0.000000,0.000000,0.000000,0,0.000000,0.000000,0.000000,0.000000,1,0,0,1,192,2.000000,2.057072,-0.043420,0.000000,0.000000,0.000000,0.000000,0.000000,0.000000,0,1200.000000,1200.000000,1200.000000
119651,28.337547,100391.304688,2.460000,4,1,1215,1120,1114,1350,1200.000000,1,1,2,1,1.435379,2.057411,-2.146091,-0.140739,0.287525,0.287525,1.198337,1.198358,107,0.420000,0.910000,0.097000,0.176400,0.828100,0.009409,1,1,1.500000,-0.010157,0.094532,-0.065540,-0.000175,0.009848,1.466319,2.087026,4.272735,0.007000,-0.024000,-0.005000,3.900893,4.838696,-93.334785,-93.534607,-107.288361,-13.753754,-32.507660,0.161659,-0.200915,-0.904681,-0.032171,-0.035091,-0.082736,0,0.281770,0.031797,1,0,0,0.000000,0.000000,0.000000,0.000000,0.000000,0.000000,0.000000,0.000000,0,0.000000,0.000000,0.000000,0.000000,1,0,0,1,192,2.000000,2.117566,0.047153,0.000000,0.000000,0.000000,0.000000,0.000000,0.000000,0,1200.000000,1200.000000,1200.000000
119746,28.340332,100391.898438,2.450000,12,1,1214,1119,1112,1355,1200.000000,1,1,2,1,1.434135,2.060385,-2.123064,-0.050420,0.280964,0.280965,1.113314,1.113335,82,0.420000,0.910000,0.109000,0.176400,0.828100,0.011881,1,1,1.500000,-0.010184,0.094423,-0.065708,-0.000102,0.009823,1.454899,2.095790,4.284865,-0.020000,-0.005000,-0.010000,3.884459,4.851641,-93.414078,-93.662361,-107.288361,-13.626002,-33.542580,1.506806,0.713324,-1.248204,-0.033838,-0.037001,-0.084546,0,0.292092,0.034722,1,0,0,0.000000,0.000000,0.000000,0.000000,0.000000,0.000000,0.000000,0.000000,0,0.000000,0.000000,0.000000,0.000000,1,0,0,1,192,2.000000,2.122538,0.053386,0.000000,0.000000,0.000000,0.000000,0.000000,0.000000,0,1200.000000,1200.000000,1200.000000
119839,28.336864,100391.304688,2.440000,20,1,1212,1120,1114,1354,1200.000000,1,1,2,1,1.435931,2.061205,-2.100481,-0.011857,0.273515,0.273515,0.882289,0.882295,50,0.419000,0.909000,0.103000,0.175561,0.826281,0.010609,1,1,1.500000,-0.010209,0.094318,-0.065871,-0.000101,0.009822,1.465659,2.095774,4.299804,-0.003000,-0.019000,-0.013000,4.035322,4.937500,-93.528519,-93.801888,-107.288361,-13.486475,-33.201668,1.866010,0.762359,-1.402779,-0.033888,-0.037045,-0.083249,0,0.304289,0.037830,1,0,0,0.000000,0.000000,0.000000,0.000000,0.000000,0.000000,0.000000,0.000000,0,0.000000,0.000000,0.000000,0.000000,1,0,0,1,192,2.000000,2.075741,-0.014784,0.000000,0.000000,0.000000,0.000000,0.000000,0.000000,0,1200.000000,1200.000000,1200.000000
119935,28.339703,100390.898438,2.440000,30,1,1208,1125,1120,1348,1200.000000,1,1,2,1,1.436347,2.062288,-2.073094,0.053779,0.271807,0.271807,0.679742,0.679747,20,0.419000,0.909000,0.104000,0.175561,0.826281,0.010816,1,1,1.500000,-0.010235,0.094214,-0.066030,-0.000102,0.009823,1.465194,2.095748,4.328743,-0.015000,-0.014000,0.012000,4.142948,4.973541,-93.659409,-93.990829,-107.288361,-13.297531,-31.515894,2.115003,0.874536,-1.846074,-0.033777,-0.036281,-0.077675,0,0.252995,0.025616,1,0,0,0.000000,0.000000,0.000000,0.000000,0.000000,0.000000,0.000000,0.000000,0,0.000000,0.000000,0.000000,0.000000,1,0,0,1,192,2.000000,2.152805,0.155242,0.000000,0.000000,0.000000,0.000000,0.000000,0.000000,0,1200.000000,1200.000000,1200.000000
120057,28.335901,100389.000000,2.470000,0,1,1207,1126,1121,1346,1200.000000,1,1,2,1,1.437042,2.066115,-2.082103,0.009480,0.270897,0.270897,0.677358,0.677367,18,0.419000,0.908000,0.097000,0.175561,0.824464,0.009409,1,1,1.500000,-0.010258,0.094115,-0.066201,-0.000091,0.009825,1.464646,2.104555,4.336671,-0.004000,0.018000,0.004000,4.248760,5.061027,-93.877609,-94.247101,-107.288361,-13.041256,-30.957157,1.431780,-0.083388,-1.753056,-0.033800,-0.036017,-0.076456,0,0.357912,0.052159,1,0,0,0.000000,0.000000,0.000000,0.000000,0.000000,0.000000,0.000000,0.000000,0,0.000000,0.000000,0.000000,0.000000,1,0,0,1,192,2.000000,2.052088,-0.038623,0.000000,0.000000,0.000000,0.000000,0.000000,0.000000,0,1200.000000,1200.000000,1200.000000
120149,28.336304,100391.898438,2.450000,0,1,1209,1122,1120,1349,1200.000000,1,1,2,1,1.437157,2.067631,-2.137920,-0.125600,0.286330,0.286331,1.197410,1.197451,110,0.419000,0.908000,0.097000,0.175561,0.824464,0.009409,1,1,1.500000,-0.010258,0.094115,-0.066201,-0.000091,0.009825,1.464646,2.104555,4.336671,-0.004000,0.018000,0.004000,4.370074,5.049593,-94.019775,-94.384109,-107.288361,-12.904249,-31.766972,2.033001,-0.278607,-1.622810,-0.034399,-0.035966,-0.078917,0,0.279078,0.031267,1,0,0,0.000000,0.000000,0.000000,0.000000,0.000000,0.000000,0.000000,0.000000,0,0.000000,0.000000,0.000000,0.000000,1,0,0,1,192,2.000000,2.110571,0.036133,0.000000,0.000000,0.000000,0.000000,0.000000,0.000000,0,1200.000000,1200.000000,1200.000000
120247,28.338301,100391.804688,2.440000,12,1,1210,1121,1119,1350,1200.000000,1,1,2,1,1.436909,2.072900,-2.113289,-0.027846,0.283961,0.283962,1.202513,1.202537,76,0.419000,0.908000,0.092000,0.175561,0.824464,0.008464,1,1,1.500000,-0.010288,0.093973,-0.066332,-0.000735,0.008092,1.464166,2.104463,4.365831,-0.016000,0.026000,0.013000,4.541821,5.017288,-94.136574,-94.508202,-107.288361,-12.780158,-31.242317,0.574896,-1.009102,-0.762726,-0.034314,-0.035447,-0.079795,0,0.292732,0.034729,1,0,0,0.000000,0.000000,0.000000,0.000000,0.000000,0.000000,0.000000,0.000000,0,0.000000,0.000000,0.000000,0.000000,1,0,0,1,192,2.000000,2.113205,0.028229,0.000000,0.000000,0.000000,0.000000,0.000000,0.000000,0,1200.000000,1200.000000,1200.000000
120334,28.337074,100389.203125,2.450000,13,1,1205,1123,1122,1349,1200.000000,1,1,2,1,1.439447,2.080418,-2.089047,0.013902,0.274162,0.274163,0.884686,0.884693,41,0.418000,0.907000,0.093000,0.174724,0.822649,0.008649,1,1,1.500000,-0.010307,0.093839,-0.066450,-0.000532,0.008832,1.463835,2.113199,4.387073,0.007000,0.049000,0.017000,4.639645,5.004597,-94.196892,-94.598038,-107.288361,-12.690321,-29.996498,1.229611,-0.152994,-0.537246,-0.035761,-0.036170,-0.077124,0,0.327413,0.043770,1,0,0,0.000000,0.000000,0.000000,0.000000,0.000000,0.000000,0.000000,0.000000,0,0.000000,0.000000,0.000000,0.000000,1,0,0,1,192,2.000000,2.062672,-0.042919,0.000000,0.000000,0.000000,0.000000,0.000000,0.000000,0,1200.000000,1200.000000,1200.000000
120437,28.337496,100391.398438,2.440000,30,1,1211,1121,1117,1351,1200.000000,1,1,2,1,1.444355,2.089708,-2.063133,0.042735,0.272570,0.272571,0.697794,0.697793,21,0.418000,0.906000,0.092000,0.174724,0.820836,0.008464,1,1,1.500000,-0.010329,0.093703,-0.066556,-0.000710,0.008670,1.463650,2.130840,4.403134,0.042000,0.062000,0.020000,4.694966,5.027347,-94.215187,-94.643005,-107.288361,-12.645358,-30.864361,-1.707696,-0.283154,0.051197,-0.033796,-0.035954,-0.080937,0,0.263535,0.027785,1,0,0,0.000000,0.000000,0.000000,0.000000,0.000000,0.000000,0.000000,0.000000,0,0.000000,0.000000,0.000000,0.000000,1,0,0,1,192,2.000000,2.143498,0.143820,0.000000,0.000000,0.000000,0.000000,0.000000,0.000000,0,1200.000000,1200.000000,1200.000000
120558,28.341875,100390.101563,2.450000,1,1,1216,1118,1109,1357,1200.000000,1,1,2,1,1.448206,2.101953,-2.034486,0.069712,0.271259,0.271259,0.469175,0.469178,15,0.418000,0.906000,0.092000,0.174724,0.820836,0.008464,1,1,1.500000,-0.010345,0.093564,-0.066628,-0.000594,0.008784,1.463564,2.139702,4.418028,0.014000,0.077000,0.023000,4.541138,5.059099,-94.164749,-94.618553,-107.288361,-12.669809,-32.067039,-3.359511,0.005618,0.875896,-0.033013,-0.037487,-0.086244,0,0.292228,0.034708,1,0,0,0.000000,0.000000,0.000000,0.000000,0.000000,0.000000,0.000000,0.000000,0,0.000000,0.000000,0.000000,0.000000,1,0,0,1,192,2.000000,2.114634,0.040219,0.000000,0.000000,0.000000,0.000000,0.000000,0.000000,0,1200.000000,1200.000000,1200.000000
120655,28.338915,100391.304688,2.450000,7,1,1216,1115,1109,1360,1200.000000,1,1,2,1,1.451081,2.110238,-2.122091,-0.072198,0.288242,0.288242,1.198031,1.198084,112,0.418000,0.906000,0.092000,0.174724,0.820836,0.008464,1,1,1.500000,-0.010345,0.093564,-0.066628,-0.000594,0.008784,1.463564,2.139702,4.418028,0.014000,0.077000,0.023000,4.528672,5.161334,-94.058685,-94.524818,-107.288361,-12.763540,-32.269066,-0.940324,0.044196,1.399401,-0.034461,-0.037624,-0.088144,0,0.298016,0.035542,1,0,0,0.000000,0.000000,0.000000,0.000000,0.000000,0.000000,0.000000,0.000000,0,0.000000,0.000000,0.000000,0.000000,1,0,0,1,192,2.000000,2.092282,-0.022822,0.000000,0.000000,0.000000,0.000000,0.000000,0.000000,0,1200.000000,1200.000000,1200.000000
120752,28.336952,100390.304688,2.450000,9,1,1215,1114,1111,1359,1200.000000,1,1,2,1,1.460943,2.123204,-2.099779,-0.040945,0.281067,0.281067,1.090170,1.090225,88,0.418000,0.905000,0.096000,0.174724,0.819025,0.009216,1,1,1.500000,-0.010338,0.093439,-0.066678,-0.000281,0.009363,1.474831,2.148611,4.439840,0.063000,0.099000,0.035000,4.602876,5.158565,-93.916519,-94.404587,-107.288361,-12.883772,-31.676184,1.966680,0.145619,1.566415,-0.035066,-0.036570,-0.087029,0,0.320103,0.041330,1,0,0,0.000000,0.000000,0.000000,0.000000,0.000000,0.000000,0.000000,0.000000,0,0.000000,0.000000,0.000000,0.000000,1,0,0,1,192,2.000000,2.070176,-0.040244,0.000000,0.000000,0.000000,0.000000,0.000000,0.000000,0,1200.000000,1200.000000,1200.000000
120841,28.340263,100390.703125,2.440000,11,1,1222,1110,1105,1362,1200.000000,1,1,2,1,1.466667,2.136790,-2.077507,0.036932,0.273289,0.273289,0.896227,0.896250,50,0.417000,0.904000,0.098000,0.173889,0.817216,0.009604,1,1,1.500000,-0.010329,0.093322,-0.066680,-0.000622,0.009928,1.486356,2.166297,4.450925,0.047000,0.117000,0.038000,4.536554,5.106311,-93.720711,-94.259010,-107.288361,-13.029351,-33.226341,0.503686,0.015794,2.012932,-0.033969,-0.036224,-0.092256,0,0.329558,0.044252,1,0,0,0.000000,0.000000,0.000000,0.000000,0.000000,0.000000,0.000000,0.000000,0,0.000000,0.000000,0.000000,0.000000,1,0,0,1,192,2.000000,2.077580,-0.036745,0.000000,0.000000,0.000000,0.000000,0.000000,0.000000,0,1200.000000,1200.000000,1200.000000
120953,28.343031,100391.500000,2.420000,1,1,1225,1110,1104,1362,1200.000000,1,1,2,1,1.474301,2.154511,-2.022588,0.097965,0.272913,0.272914,0.867162,0.867188,40,0.417000,0.903000,0.102000,0.173889,0.815409,0.010404,1,1,1.500000,-0.010294,0.093203,-0.066678,0.000255,0.010156,1.486815,2.183992,4.474003,0.055000,0.137000,0.052000,4.476861,5.047048,-93.481773,-94.075073,-107.288361,-13.213288,-33.376225,-2.786090,-1.062826,2.281608,-0.032718,-0.035709,-0.093352,0,0.293787,0.034871,1,0,0,0.000000,0.000000,0.000000,0.000000,0.000000,0.000000,0.000000,0.000000,0,0.000000,0.000000,0.000000,0.000000,1,0,0,1,192,2.000000,2.023990,-0.100949,0.000000,0.000000,0.000000,0.000000,0.000000,0.000000,0,1200.000000,1200.000000,1200.000000
121043,28.334570,100390.304688,2.430000,5,1,1223,1112,1106,1360,1200.000000,1,1,2,1,1.480439,2.166463,-2.112303,-0.158339,0.295374,0.295374,1.315798,1.315844,0,0.417000,0.903000,0.106000,0.173889,0.815409,0.011236,1,1,1.500000,-0.010264,0.093093,-0.066748,0.000370,0.010244,1.486815,2.183992,4.474003,0.113000,0.125000,0.081000,4.436079,5.026208,-93.304756,-93.916725,-107.288361,-13.371633,-32.712029,-2.089749,-0.363761,2.140751,-0.032752,-0.035901,-0.091244,0,0.289563,0.033164,1,0,0,0.000000,0.000000,0.000000,0.000000,0.000000,0.000000,0.000000,0.000000,0,0.000000,0.000000,0.000000,0.000000,1,0,0,1,192,2.000000,2.080437,0.031214,0.000000,0.000000,0.000000,0.000000,0.000000,0.000000,0,1200.000000,1200.000000,1200.000000
121147,28.338739,100392.101563,2.430000,23,1,1228,1110,1101,1361,1200.000000,1,1,2,1,1.497632,2.181779,-2.084069,-0.030561,0.290626,0.290626,1.290882,1.290933,104,0.417000,0.903000,0.106000,0.173889,0.815409,0.011236,1,1,1.500000,-0.010264,0.093093,-0.066748,0.000370,0.010244,1.509474,2.201681,4.505101,0.113000,0.125000,0.081000,4.198421,5.004617,-93.036797,-93.696190,-107.288361,-13.592173,-33.454250,-2.131585,0.354077,2.682534,-0.030773,-0.035594,-0.094606,0,0.316680,0.040341,1,0,0,0.000000,0.000000,0.000000,0.000000,0.000000,0.000000,0.000000,0.000000,0,0.000000,0.000000,0.000000,0.000000,1,0,0,1,192,2.000000,2.083822,0.031025,0.000000,0.000000,0.000000,0.000000,0.000000,0.000000,0,1200.000000,1200.000000,1200.000000
121234,28.341297,100390.500000,2.420000,24,1,1231,1105,1097,1367,1200.000000,1,1,2,1,1.506957,2.193826,-2.044701,0.124931,0.277431,0.277431,0.885826,0.885832,62,0.417000,0.903000,0.108000,0.173889,0.815409,0.011664,1,1,1.500000,-0.010249,0.092984,-0.066975,0.000770,0.010292,1.521137,2.210608,4.531987,0.096000,0.121000,0.095000,4.044346,5.007074,-92.785408,-93.489052,-107.288361,-13.799312,-35.077805,-0.626434,0.277182,2.700024,-0.032021,-0.036298,-0.098902,0,0.341391,0.047403,1,0,0,0.000000,0.000000,0.000000,0.000000,0.000000,0.000000,0.000000,0.000000,0,0.000000,0.000000,0.000000,0.000000,1,0,0,1,192,2.000000,2.047001,-0.116750,0.000000,0.000000,0.000000,0.000000,0.000000,0.000000,0,1200.000000,1200.000000,1200.000000
121351,28.339842,100391.101563,2.430000,0,1,1227,1105,1099,1369,1200.000000,1,1,2,1,1.525026,2.210874,-2.018896,0.095530,0.276682,0.276682,0.970936,0.970948,62,0.416000,0.902000,0.109000,0.173056,0.813604,0.011881,1,1,1.500000,-0.010249,0.092903,-0.067218,0.000422,0.010986,1.543973,2.228360,4.553949,0.128000,0.129000,0.093000,4.030262,4.991381,-92.431824,-93.177467,-107.288361,-14.110891,-34.651699,1.986146,0.608227,2.775807,-0.033981,-0.036908,-0.097985,0,0.378576,0.058341,1,0,0,0.000000,0.000000,0.000000,0.000000,0.000000,0.000000,0.000000,0.000000,0,0.000000,0.000000,0.000000,0.000000,1,0,0,1,192,2.000000,2.020257,-0.098858,0.000000,0.000000,0.000000,0.000000,0.000000,0.000000,0,1200.000000,1200.000000,1200.000000
121449,28.340193,100391.101563,2.430000,12,1,1232,1102,1097,1369,1200.000000,1,1,2,1,1.534783,2.227159,-2.026637,0.085452,0.273640,0.273640,0.912402,0.912412,35,0.416000,0.902000,0.107000,0.173056,0.813604,0.011449,1,1,1.500000,-0.010260,0.092814,-0.067358,-0.000204,0.011504,1.555907,2.246112,4.568995,0.077000,0.155000,0.094000,4.032731,4.954967,-92.134361,-92.928963,-107.288361,-14.359394,-35.419670,0.977141,-0.443916,2.958083,-0.032734,-0.035559,-0.100473,0,0.373130,0.056856,1,0,0,0.000000,0.000000,0.000000,0.000000,0.000000,0.000000,0.000000,0.000000,0,0.000000,0.000000,0.000000,0.000000,1,0,0,1,192,2.000000,1.997110,-0.119952,0.000000,0.000000,0.000000,0.000000,0.000000,0.000000,0,1200.000000,1200.000000,1200.000000
121536,28.340071,100391.703125,2.410000,12,1,1240,1095,1103,1362,1200.000000,1,1,2,1,1.543853,2.241210,-2.082421,-0.101546,0.299767,0.299768,1.383453,1.383483,122,0.416000,0.902000,0.107000,0.173056,0.813604,0.011449,1,1,1.500000,-0.010260,0.092814,-0.067358,-0.000204,0.011504,1.555907,2.246112,4.568995,0.077000,0.155000,0.094000,4.056125,4.820647,-91.873428,-92.741776,-107.288361,-14.546582,-36.040173,0.538157,-1.322697,2.579559,-0.032327,-0.028572,-0.101106,0,0.298413,0.035624,1,0,0,0.000000,0.000000,0.000000,0.000000,0.000000,0.000000,0.000000,0.000000,0,0.000000,0.000000,0.000000,0.000000,1,0,0,1,192,2.000000,2.051666,-0.013875,0.000000,0.000000,0.000000,0.000000,0.000000,0.000000,0,1200.000000,1200.000000,1200.000000
121641,28.337408,100391.398438,2.410000,32,1,1245,1094,1089,1372,1200.000000,1,1,2,1,1.556728,2.262875,-2.047729,0.032060,0.290170,0.290170,1.260605,1.260623,100,0.416000,0.901000,0.107000,0.173056,0.811801,0.011449,1,1,1.500000,-0.010291,0.092716,-0.067499,-0.000261,0.011553,1.567726,2.272627,4.587261,0.096000,0.174000,0.094000,3.993301,4.707704,-91.605309,-92.511154,-107.288361,-14.777204,-38.786533,-1.712216,-0.436950,2.547881,-0.030404,-0.033036,-0.108213,0,0.329418,0.044111,1,0,0,0.000000,0.000000,0.000000,0.000000,0.000000,0.000000,0.000000,0.000000,0,0.000000,0.000000,0.000000,0.000000,1,0,0,1,192,2.000000,2.047761,-0.032201,0.000000,0.000000,0.000000,0.000000,0.000000,0.000000,0,1200.000000,1200.000000,1200.000000
121751,28.343662,100392.601563,2.390000,0,1,1240,1098,1087,1376,1200.000000,1,1,2,1,1.572201,2.286615,-2.010587,0.135449,0.283179,0.283179,1.125716,1.125729,86,0.416000,0.901000,0.113000,0.173056,0.811801,0.012769,1,1,1.500000,-0.010286,0.092647,-0.067534,0.000460,0.012287,1.590468,2.299149,4.629449,0.113000,0.190000,0.114000,3.922877,4.743038,-91.362625,-92.342369,-107.288361,-14.945991,-39.105736,-1.445320,0.755001,1.984749,-0.031399,-0.036568,-0.107575,0,0.350799,0.050234,1,0,0,0.000000,0.000000,0.000000,0.000000,0.000000,0.000000,0.000000,0.000000,0,0.000000,0.000000,0.000000,0.000000,1,0,0,1,192,2.000000,2.012201,-0.133928,0.000000,0.000000,0.000000,0.000000,0.000000,0.000000,0,1200.000000,1200.000000,1200.000000
121850,28.341034,100391.601563,2.380000,0,1,1234,1103,1096,1368,1200.000000,1,1,2,1,1.588414,2.304779,-2.009534,0.086709,0.277199,0.277199,0.972314,0.972329,60,0.416000,0.901000,0.122000,0.173056,0.811801,0.014884,1,1,1.500000,-0.010203,0.092653,-0.067414,0.001376,0.013757,1.613025,2.316939,4.667210,0.130000,0.168000,0.128000,3.978342,4.825328,-91.195793,-92.242645,-107.288361,-15.045712,-36.950878,-0.961775,0.075530,1.497811,-0.031693,-0.035456,-0.100658,0,0.340271,0.046952,1,0,0,0.000000,0.000000,0.000000,0.000000,0.000000,0.000000,0.000000,0.000000,0,0.000000,0.000000,0.000000,0.000000,1,0,0,1,192,2.000000,1.981483,-0.145124,0.000000,0.000000,0.000000,0.000000,0.000000,0.000000,0,1200.000000,1200.000000,1200.000000
121955,28.343189,100392.804688,2.360000,0,1,1232,1104,1097,1367,1200.000000,1,1,2,1,1.604117,2.323502,-1.948314,0.179324,0.273738,0.273738,0.898260,0.898266,41,0.416000,0.901000,0.120000,0.173056,0.811801,0.014400,1,1,1.500000,-0.010116,0.092659,-0.067240,0.001256,0.013433,1.624415,2.334689,4.695081,0.132000,0.168000,0.127000,4.030550,4.859539,-91.081940,-92.174698,-107.288361,-15.113658,-37.076130,-1.067460,-0.035632,0.891605,-0.032066,-0.035802,-0.099399,0,0.304235,0.037104,1,0,0,0.000000,0.000000,0.000000,0.000000,0.000000,0.000000,0.000000,0.000000,0,0.000000,0.000000,0.000000,0.000000,1,0,0,1,192,2.000000,1.951139,-0.174332,0.000000,0.000000,0.000000,0.000000,0.000000,0.000000,0,1200.000000,1200.000000,1200.000000
122058,28.344799,100393.500000,2.330000,3,1,1229,1107,1099,1366,1200.000000,1,1,2,1,1.614417,2.345780,-1.946617,0.146781,0.271321,0.271321,0.752419,0.752422,19,0.416000,0.901000,0.118000,0.173056,0.811801,0.013924,1,1,1.500000,-0.010055,0.092673,-0.067128,0.000825,0.013504,1.635588,2.370059,4.708046,0.079000,0.210000,0.122000,3.964649,4.888978,-91.032326,-92.165642,-107.288361,-15.122715,-37.308662,0.174499,0.776371,-0.093166,-0.032100,-0.036117,-0.097430,0,0.353737,0.050841,1,0,0,0.000000,0.000000,0.000000,0.000000,0.000000,0.000000,0.000000,0.000000,0,0.000000,0.000000,0.000000,0.000000,1,0,0,1,192,2.000000,1.998926,-0.059862,0.000000,0.000000,0.000000,0.000000,0.000000,0.000000,0,1200.000000,1200.000000,1200.000000
122157,28.346535,100393.000000,2.320000,4,1,1226,1112,1103,1359,1200.000000,1,1,2,1,1.623154,2.365857,-1.998565,-0.043420,0.297419,0.297420,1.336936,1.336954,118,0.416000,0.901000,0.118000,0.173056,0.811801,0.013924,1,1,1.500000,-0.010055,0.092673,-0.067128,0.000825,0.013504,1.635588,2.370059,4.708046,0.079000,0.210000,0.122000,3.908951,4.947263,-91.051598,-92.229347,-107.288361,-15.059010,-35.793453,-1.725362,0.014948,-0.500811,-0.031131,-0.035722,-0.092396,0,0.295805,0.034371,1,0,0,0.000000,0.000000,0.000000,0.000000,0.000000,0.000000,0.000000,0.000000,0,0.000000,0.000000,0.000000,0.000000,1,0,0,1,192,2.000000,1.965638,-0.096708,0.000000,0.000000,0.000000,0.000000,0.000000,0.000000,0,1200.000000,1200.000000,1200.000000
122244,28.340000,100393.398438,2.300000,4,1,1227,1110,1103,1360,1200.000000,1,1,2,1,1.628980,2.390236,-1.955511,0.104506,0.279824,0.279824,0.974126,0.974134,71,0.416000,0.901000,0.113000,0.173056,0.811801,0.012769,1,1,1.500000,-0.010029,0.092670,-0.067098,-0.000059,0.012513,1.646525,2.396599,4.751893,0.065000,0.240000,0.136000,3.862882,4.951545,-91.123161,-92.344795,-107.288361,-14.943566,-36.695862,-1.012493,-1.697181,-0.970993,-0.031278,-0.034754,-0.093527,0,0.312602,0.039525,1,0,0,0.000000,0.000000,0.000000,0.000000,0.000000,0.000000,0.000000,0.000000,0,0.000000,0.000000,0.000000,0.000000,1,0,0,1,192,2.000000,1.927721,-0.161766,0.000000,0.000000,0.000000,0.000000,0.000000,0.000000,0,1200.000000,1200.000000,1200.000000
122334,28.350580,100395.601563,2.250000,9,1,1228,1108,1109,1355,1200.000000,1,1,2,1,1.638093,2.410990,-1.912165,0.181768,0.273801,0.273801,0.770923,0.770927,31,0.416000,0.901000,0.112000,0.173056,0.811801,0.012544,1,1,1.500000,-0.010006,0.092615,-0.067105,-0.000068,0.011486,1.668263,2.422998,4.810083,0.075000,0.212000,0.181000,3.879404,4.805576,-91.236244,-92.477959,-107.288361,-14.810405,-36.614990,0.694209,-1.830528,-1.586734,-0.032048,-0.031523,-0.091704,0,0.302010,0.037147,1,0,0,0.000000,0.000000,0.000000,0.000000,0.000000,0.000000,0.000000,0.000000,0,0.000000,0.000000,0.000000,0.000000,1,0,0,1,192,2.000000,1.889669,-0.211586,0.000000,0.000000,0.000000,0.000000,0.000000,0.000000,0,1200.000000,1200.000000,1200.000000
122435,28.343382,100395.000000,2.220000,24,1,1224,1112,1110,1355,1200.000000,1,1,2,1,1.647080,2.428548,-1.862696,0.200819,0.272351,0.272351,0.469617,0.469618,19,0.416000,0.901000,0.114000,0.173056,0.811801,0.012996,1,1,1.500000,-0.009966,0.092553,-0.067074,-0.000009,0.011538,1.678829,2.440495,4.827464,0.066000,0.153000,0.164000,3.890834,4.637998,-91.406677,-92.691536,-107.288361,-14.596825,-36.069569,0.821765,-0.979371,-1.963944,-0.032288,-0.033343,-0.089288,0,0.235600,0.022176,1,0,0,0.000000,0.000000,0.000000,0.000000,0.000000,0.000000,0.000000,0.000000,0,0.000000,0.000000,0.000000,0.000000,1,0,0,1,192,2.000000,1.948220,-0.029348,0.000000,0.000000,0.000000,0.000000,0.000000,0.000000,0,1200.000000,1200.000000,1200.000000
122532,28.342978,100393.500000,2.200000,35,1,1217,1120,1114,1350,1200.000000,1,1,2,1,1.653011,2.444304,-1.892574,0.133280,0.291964,0.291965,1.261392,1.261419,116,0.416000,0.901000,0.114000,0.173056,0.811801,0.012996,1,1,1.500000,-0.009966,0.092553,-0.067074,-0.000009,0.011538,1.678829,2.440495,4.827464,0.066000,0.153000,0.164000,3.906855,4.621026,-91.617027,-92.919182,-107.288361,-14.369175,-34.116299,-1.108361,-0.315516,-2.293803,-0.031768,-0.034590,-0.083311,0,0.266179,0.028775,1,0,0,0.000000,0.000000,0.000000,0.000000,0.000000,0.000000,0.000000,0.000000,0,0.000000,0.000000,0.000000,0.000000,1,0,0,1,192,2.000000,1.894167,-0.132106,0.000000,0.000000,0.000000,0.000000,0.000000,0.000000,0,1200.000000,1200.000000,1200.000000
122653,28.344765,100395.601563,2.170000,8,1,1226,1103,1123,1348,1200.000000,1,1,2,1,1.667465,2.480067,-1.867744,0.109568,0.292026,0.292026,1.270993,1.270915,106,0.416000,0.901000,0.114000,0.173056,0.811801,0.012996,1,1,1.500000,-0.009948,0.092581,-0.067070,-0.000316,0.012913,1.689226,2.475756,4.854498,0.094000,0.262000,0.175000,4.084715,4.334956,-91.906555,-93.227257,-107.288361,-14.061106,-34.487598,6.900934,-13.672990,-1.236750,-0.035614,-0.025470,-0.087051,0,0.266360,0.028614,1,0,0,0.000000,0.000000,0.000000,0.000000,0.000000,0.000000,0.000000,0.000000,0,0.000000,0.000000,0.000000,0.000000,1,0,0,1,192,2.000000,1.844732,-0.181677,0.000000,0.000000,0.000000,0.000000,0.000000,0.000000,0,1200.000000,1200.000000,1200.000000
122747,28.350458,100397.304688,2.130000,13,1,1246,1043,1184,1327,1200.000000,1,1,2,1,1.678120,2.503115,-1.817903,0.175637,0.281884,0.281882,1.150992,1.150559,82,0.416000,0.901000,0.115000,0.173056,0.811801,0.013225,1,1,1.500000,-0.009927,0.092578,-0.067098,0.000119,0.012646,1.699802,2.501855,4.914725,0.082000,0.254000,0.208000,5.619110,1.847922,-92.186852,-93.500214,-107.288361,-13.788144,-32.913666,20.904726,-35.815243,0.203322,-0.055681,0.015038,-0.086700,0,0.275875,0.030655,1,0,0,0.000000,0.000000,0.000000,0.000000,0.000000,0.000000,0.000000,0.000000,0,0.000000,0.000000,0.000000,0.000000,1,0,0,1,192,2.000000,1.794623,-0.249019,0.000000,0.000000,0.000000,0.000000,0.000000,0.000000,0,1200.000000,1200.000000,1200.000000
122893,28.344099,100395.203125,2.130000,23,1,1231,1056,1176,1337,1200.000000,1,1,2,1,1.696584,2.520830,-1.785816,0.141532,0.288609,0.288604,1.243416,1.242673,104,0.416000,0.901000,0.121000,0.173056,0.811801,0.014641,1,1,1.500000,-0.009891,0.092553,-0.067045,0.000732,0.012871,1.710913,2.526056,4.967041,0.102000,0.152000,0.216000,8.267077,-2.233904,-92.770676,-94.123604,-107.288361,-13.164753,-33.164272,10.739029,-14.105481,-1.157336,-0.056477,0.003536,-0.083794,0,0.309136,0.038592,1,0,0,0.000000,0.000000,0.000000,0.000000,0.000000,0.000000,0.000000,0.000000,0,0.000000,0.000000,0.000000,0.000000,1,0,0,1,192,2.000000,1.788178,-0.153943,0.000000,0.000000,0.000000,0.000000,0.000000,0.000000,0,1200.000000,1200.000000,1200.000000
122946,28.344065,100394.101563,2.130000,33,1,1229,1077,1160,1334,1200.000000,1,1,2,1,1.698569,2.539002,-1.723150,0.258990,0.271501,0.271500,0.832014,0.831822,30,0.416000,0.902000,0.122000,0.173056,0.813604,0.014884,1,1,1.500000,-0.009880,0.092620,-0.067159,0.000505,0.014985,1.721454,2.551261,5.013748,0.070000,0.199000,0.233000,8.347872,-2.599661,-92.937813,-94.291397,-107.288361,-12.996963,-32.923138,-2.042379,-4.429703,-1.796137,-0.046999,-0.005514,-0.081490,0,0.286906,0.032590,1,0,0,0.000000,0.000000,0.000000,0.000000,0.000000,0.000000,0.000000,0.000000,0,0.000000,0.000000,0.000000,0.000000,1,0,0,1,192,2.000000,1.724710,-0.261297,0.000000,0.000000,0.000000,0.000000,0.000000,0.000000,0,1200.000000,1200.000000,1200.000000
123033,28.343538,100396.203125,2.110000,30,1,1224,1103,1144,1330,1200.000000,1,1,2,1,1.707897,2.548655,-1.765741,0.098262,0.301961,0.301938,1.404085,1.402377,117,0.416000,0.902000,0.122000,0.173056,0.813604,0.014884,1,1,1.500000,-0.009880,0.092620,-0.067159,0.000505,0.014985,1.721454,2.551261,5.013748,0.070000,0.199000,0.233000,7.342402,-2.387295,-93.099449,-94.514496,-107.288361,-12.773861,-32.413876,-19.660427,8.092495,-3.037799,-0.036621,-0.016188,-0.076906,0,0.310746,0.038912,1,0,0,0.000000,0.000000,0.000000,0.000000,0.000000,0.000000,0.000000,0.000000,0,0.000000,0.000000,0.000000,0.000000,1,0,0,1,192,2.000000,1.766719,-0.097282,0.000000,0.000000,0.000000,0.000000,0.000000,0.000000,0,1200.000000,1200.000000,1200.000000
123156,28.348286,100398.000000,2.060000,3,1,1234,1134,1122,1310,1200.000000,1,1,2,1,1.758816,2.549785,-1.749568,0.065557,0.295763,0.295741,1.298973,1.297101,117,0.416000,0.902000,0.122000,0.173056,0.813604,0.014884,1,1,1.500000,-0.009826,0.092701,-0.067171,0.001010,0.014438,1.775626,2.551413,5.043077,0.320000,0.055000,0.217000,3.511999,-0.967001,-93.218536,-94.880180,-107.288361,-12.408179,-31.153023,-40.517776,12.268627,-3.662593,-0.015868,-0.021917,-0.071970,0,0.281894,0.031376,1,0,0,0.000000,0.000000,0.000000,0.000000,0.000000,0.000000,0.000000,0.000000,0,0.000000,0.000000,0.000000,0.000000,1,0,0,1,192,2.000000,1.720925,-0.186540,0.000000,0.000000,0.000000,0.000000,0.000000,0.000000,0,1200.000000,1200.000000,1200.000000
123244,28.348286,100395.703125,2.050000,4,1,1237,1149,1119,1295,1200.000000,1,1,2,1,1.784350,2.532994,-1.705472,0.147353,0.279793,0.279792,0.974203,0.973678,71,0.416000,0.903000,0.122000,0.173056,0.815409,0.014884,1,1,1.500000,-0.009822,0.092743,-0.067221,0.000302,0.013748,1.805772,2.534686,5.081964,0.299000,-0.134000,0.217000,0.161722,0.015200,-93.519562,-95.185547,-107.288361,-12.102816,-28.838917,-35.665379,8.639949,-3.519161,-0.007160,-0.021996,-0.066287,0,0.312159,0.039475,1,0,0,0.000000,0.000000,0.000000,0.000000,0.000000,0.000000,0.000000,0.000000,0,0.000000,0.000000,0.000000,0.000000,1,0,0,1,192,2.000000,1.678248,-0.203333,0.000000,0.000000,0.000000,0.000000,0.000000,0.000000,0,1200.000000,1200.000000,1200.000000
123343,28.347481,100398.703125,2.010000,17,1,1263,1135,1120,1282,1200.000000,1,1,2,1,1.820499,2.519243,-1.657358,0.237353,0.275624,0.275624,0.867225,0.867122,56,0.416000,0.903000,0.121000,0.173056,0.815409,0.014641,1,1,1.500000,-0.009823,0.092757,-0.067221,-0.000019,0.014202,1.847263,2.517848,5.093693,0.330000,-0.137000,0.210000,-2.568115,0.204195,-93.742958,-95.421654,-107.288361,-11.866710,-29.544384,-18.270622,-6.178725,-1.882303,-0.000951,-0.008237,-0.072419,0,0.314672,0.040404,1,0,0,0.000000,0.000000,0.000000,0.000000,0.000000,0.000000,0.000000,0.000000,0,0.000000,0.000000,0.000000,0.000000,1,0,0,1,192,2.000000,1.658304,-0.235881,0.000000,0.000000,0.000000,0.000000,0.000000,0.000000,0,1200.000000,1200.000000,1200.000000
123449,28.346272,100396.398438,2.000000,37,1,1255,1114,1142,1289,1200.000000,1,1,2,1,1.856472,2.496241,-1.600510,0.293905,0.273554,0.273555,0.679769,0.679812,33,0.416000,0.903000,0.125000,0.173056,0.815409,0.015625,1,1,1.500000,-0.009791,0.092792,-0.067097,0.000630,0.015056,1.890447,2.490985,5.137892,0.296000,-0.215000,0.242000,-3.187854,-0.848174,-93.733231,-95.471672,-107.288361,-11.816685,-28.156618,4.371516,-9.352212,-0.646828,-0.015478,-0.001055,-0.072020,0,0.272723,0.029772,1,0,0,0.000000,0.000000,0.000000,0.000000,0.000000,0.000000,0.000000,0.000000,0,0.000000,0.000000,0.000000,0.000000,1,0,0,1,192,2.000000,1.604618,-0.293713,0.000000,0.000000,0.000000,0.000000,0.000000,0.000000,0,1200.000000,1200.000000,1200.000000
123532,28.348164,100396.101563,1.980000,34,1,1244,1116,1139,1301,1200.000000,1,1,2,1,1.874001,2.472992,-1.633013,0.206203,0.291630,0.291634,1.262446,1.263617,116,0.416000,0.903000,0.125000,0.173056,0.815409,0.015625,1,1,1.500000,-0.009791,0.092792,-0.067097,0.000630,0.015056,1.890447,2.490985,5.137892,0.296000,-0.215000,0.242000,-2.580196,-1.407260,-93.729820,-95.482277,-107.288361,-11.806085,-28.221884,10.314352,-2.223002,-0.457738,-0.019801,-0.008417,-0.072686,0,0.306695,0.038230,1,0,0,0.000000,0.000000,0.000000,0.000000,0.000000,0.000000,0.000000,0.000000,0,0.000000,0.000000,0.000000,0.000000,1,0,0,1,192,2.000000,1.635472,-0.203977,0.000000,0.000000,0.000000,0.000000,0.000000,0.000000,0,1200.000000,1200.000000,1200.000000
123653,28.350441,100399.804688,1.930000,8,1,1230,1129,1123,1318,1200.000000,1,1,2,1,1.892467,2.441180,-1.608335,0.139859,0.291795,0.291807,1.271767,1.273582,106,0.416000,0.903000,0.131000,0.173056,0.815409,0.017161,1,1,1.500000,-0.009769,0.092843,-0.067014,0.000408,0.015156,1.913189,2.455182,5.193913,0.166000,-0.257000,0.262000,-1.400206,-0.586297,-93.896286,-95.554428,-107.288361,-11.733931,-29.260332,7.972334,16.062147,-1.016833,-0.020898,-0.023514,-0.073941,0,0.287459,0.033341,1,0,0,0.000000,0.000000,0.000000,0.000000,0.000000,0.000000,0.000000,0.000000,0,0.000000,0.000000,0.000000,0.000000,1,0,0,1,192,2.000000,1.583852,-0.218735,0.000000,0.000000,0.000000,0.000000,0.000000,0.000000,0,1200.000000,1200.000000,1200.000000
123747,28.345343,100397.898438,1.900000,13,1,1198,1168,1085,1350,1200.000000,1,1,2,1,1.913797,2.384463,-1.570381,0.092244,0.281580,0.281585,1.148748,1.150144,84,0.416000,0.903000,0.138000,0.173056,0.815409,0.019044,1,1,1.500000,-0.009704,0.093079,-0.066712,0.000826,0.019602,1.936009,2.393936,5.212426,0.178000,-0.503000,0.229000,-1.007589,1.674413,-93.722939,-95.572929,-107.288361,-11.715434,-29.406878,1.361292,31.190285,-1.183016,-0.017142,-0.058644,-0.073890,0,0.296130,0.035338,1,0,0,0.000000,0.000000,0.000000,0.000000,0.000000,0.000000,0.000000,0.000000,0,0.000000,0.000000,0.000000,0.000000,1,0,0,1,192,2.000000,1.544229,-0.179944,0.000000,0.000000,0.000000,0.000000,0.000000,0.000000,0,1200.000000,1200.000000,1200.000000
123845,28.348093,100398.000000,1.890000,20,1,1212,1161,1087,1340,1200.000000,1,1,2,1,1.907363,2.315514,-1.532018,0.142266,0.276133,0.276133,0.998146,0.998844,59,0.417000,0.904000,0.140000,0.173889,0.817216,0.019600,1,1,1.500000,-0.009659,0.093309,-0.066512,0.000471,0.019745,1.925560,2.307779,5.247558,-0.045000,-0.651000,0.235000,-1.317416,4.311850,-93.701012,-95.433876,-107.288361,-11.854484,-29.633347,-3.994544,21.059870,-0.583810,-0.013498,-0.050368,-0.076052,0,0.321695,0.042199,1,0,0,0.000000,0.000000,0.000000,0.000000,0.000000,0.000000,0.000000,0.000000,0,0.000000,0.000000,0.000000,0.000000,1,0,0,1,192,2.000000,1.533436,-0.141550,0.000000,0.000000,0.000000,0.000000,0.000000,0.000000,0,1200.000000,1200.000000,1200.000000
123940,28.345203,100398.304688,1.880000,29,1,1231,1147,1090,1332,1200.000000,1,1,2,1,1.899233,2.250278,-1.492831,0.225029,0.270859,0.270859,0.831083,0.831402,26,0.417000,0.904000,0.133000,0.173889,0.817216,0.017689,1,1,1.500000,-0.009619,0.093440,-0.066394,0.000645,0.017346,1.915215,2.230032,5.261286,-0.116000,-0.673000,0.222000,-1.707599,5.393909,-93.670731,-95.180649,-107.288361,-12.107713,-30.521578,-3.983328,4.009484,0.665058,-0.011079,-0.039539,-0.081646,0,0.266786,0.028264,1,0,0,0.000000,0.000000,0.000000,0.000000,0.000000,0.000000,0.000000,0.000000,0,0.000000,0.000000,0.000000,0.000000,1,0,0,1,192,2.000000,1.581631,0.061391,0.000000,0.000000,0.000000,0.000000,0.000000,0.000000,0,1200.000000,1200.000000,1200.000000
124060,28.348602,100398.703125,1.840000,5,1,1244,1130,1093,1333,1200.000000,1,1,2,1,1.882245,2.168562,-1.466544,0.264529,0.271631,0.271631,0.716461,0.716726,21,0.417000,0.905000,0.134000,0.173889,0.819025,0.017956,1,1,1.500000,-0.009564,0.093642,-0.066223,0.000970,0.017853,1.893786,2.141492,5.325886,-0.175000,-0.658000,0.244000,-1.988930,5.182291,-93.509872,-94.814331,-107.288361,-12.474030,-32.483856,-0.926466,-4.486960,1.298329,-0.013008,-0.031360,-0.088442,0,0.342330,0.047691,1,0,0,0.000000,0.000000,0.000000,0.000000,0.000000,0.000000,0.000000,0.000000,0,0.000000,0.000000,0.000000,0.000000,1,0,0,1,192,2.000000,1.530740,-0.081095,0.000000,0.000000,0.000000,0.000000,0.000000,0.000000,0,1200.000000,1200.000000,1200.000000
124156,28.349863,100399.804688,1.820000,3,1,1244,1128,1094,1333,1200.000000,1,1,2,1,1.859793,2.106007,-1.505468,0.064478,0.296646,0.296668,1.317464,1.318938,117,0.417000,0.905000,0.134000,0.173889,0.819025,0.017956,1,1,1.500000,-0.009564,0.093642,-0.066223,0.000970,0.017853,1.893786,2.141492,5.325886,-0.175000,-0.658000,0.244000,-1.935565,4.792267,-93.320244,-94.522011,-107.288361,-12.766348,-31.961273,0.650685,-3.356704,1.875078,-0.013809,-0.030746,-0.088583,0,0.287127,0.032481,1,0,0,0.000000,0.000000,0.000000,0.000000,0.000000,0.000000,0.000000,0.000000,0,0.000000,0.000000,0.000000,0.000000,1,0,0,1,192,2.000000,1.475813,-0.197310,0.000000,0.000000,0.000000,0.000000,0.000000,0.000000,0,1200.000000,1200.000000,1200.000000
124244,28.348515,100399.000000,1.800000,4,1,1240,1128,1085,1348,1200.000000,1,1,2,1,1.841622,2.044469,-1.454639,0.178721,0.279824,0.279824,0.974183,0.974601,71,0.418000,0.906000,0.128000,0.174724,0.820836,0.016384,1,1,1.500000,-0.009526,0.093794,-0.065997,0.000693,0.016648,1.861496,2.061359,5.328832,-0.230000,-0.664000,0.216000,-1.674849,4.838453,-93.124046,-94.309731,-107.288361,-12.978630,-33.900150,4.574196,8.129401,1.905980,-0.016165,-0.037871,-0.093740,0,0.313208,0.039723,1,0,0,0.000000,0.000000,0.000000,0.000000,0.000000,0.000000,0.000000,0.000000,0,0.000000,0.000000,0.000000,0.000000,1,0,0,1,192,2.000000,1.427263,-0.235502,0.000000,0.000000,0.000000,0.000000,0.000000,0.000000,0,1200.000000,1200.000000,1200.000000
124344,28.348583,100399.500000,1.780000,18,1,1137,1192,1024,1447,1200.000000,1,1,2,1,1.800083,1.963759,-1.411505,0.204813,0.277632,0.277633,1.083016,1.082783,58,0.418000,0.906000,0.130000,0.174724,0.820836,0.016900,1,1,1.500000,-0.009484,0.093995,-0.065799,0.000545,0.018382,1.818116,1.955704,5.427887,-0.410000,-0.767000,0.273000,-0.671702,6.716940,-92.766090,-94.017616,-107.288361,-13.270743,-32.814678,15.540513,28.188038,2.325264,-0.035573,-0.119448,-0.091996,0,0.332915,0.045164,1,0,0,0.000000,0.000000,0.000000,0.000000,0.000000,0.000000,0.000000,0.000000,0,0.000000,0.000000,0.000000,0.000000,1,0,0,1,192,2.000000,1.413135,-0.203310,0.000000,0.000000,0.000000,0.000000,0.000000,0.000000,0,1200.000000,1200.000000,1200.000000
124435,28.348583,100399.898438,1.750000,23,1,1183,1160,1048,1409,1200.000000,1,1,2,1,1.762287,1.902985,-1.368807,0.176355,0.273232,0.273229,0.472962,0.472927,19,0.418000,0.906000,0.118000,0.174724,0.820836,0.013924,1,1,1.500000,-0.009502,0.094060,-0.065678,0.000129,0.016029,1.765043,1.887636,5.397354,-0.439000,-0.643000,0.196000,0.759705,9.408697,-92.535553,-93.563660,-107.288361,-13.724698,-34.116459,13.824269,28.044451,2.592564,-0.028466,-0.084474,-0.096104,0,0.261674,0.027010,1,0,0,0.000000,0.000000,0.000000,0.000000,0.000000,0.000000,0.000000,0.000000,0,0.000000,0.000000,0.000000,0.000000,1,0,0,1,192,2.000000,1.457754,0.017550,0.000000,0.000000,0.000000,0.000000,0.000000,0.000000,0,1200.000000,1200.000000,1200.000000
124532,28.349442,100400.101563,1.720000,34,1,1204,1152,1045,1399,1200.000000,1,1,2,1,1.719174,1.848990,-1.406527,0.072126,0.293692,0.293688,1.264542,1.263186,116,0.418000,0.906000,0.118000,0.174724,0.820836,0.013924,1,1,1.500000,-0.009502,0.094060,-0.065678,0.000129,0.016029,1.765043,1.887636,5.397354,-0.439000,-0.643000,0.196000,1.438049,11.551166,-92.227562,-93.072655,-107.288361,-14.215707,-36.545677,2.950683,19.826876,2.340703,-0.021917,-0.075449,-0.101804,0,0.275323,0.030729,1,0,0,0.000000,0.000000,0.000000,0.000000,0.000000,0.000000,0.000000,0.000000,0,0.000000,0.000000,0.000000,0.000000,1,0,0,1,192,2.000000,1.407391,-0.072234,0.000000,0.000000,0.000000,0.000000,0.000000,0.000000,0,1200.000000,1200.000000,1200.000000
124648,28.346920,100400.398438,1.690000,3,1,1209,1146,1043,1402,1200.000000,1,1,2,1,1.640461,1.761623,-1.392598,-0.013130,0.290355,0.290332,1.268409,1.264817,109,0.418000,0.907000,0.109000,0.174724,0.822649,0.011881,1,1,1.500000,-0.009485,0.094073,-0.065587,-0.000158,0.013687,1.678250,1.801608,5.421308,-0.627000,-0.753000,0.188000,1.627323,13.578065,-91.597076,-92.498428,-107.288361,-14.789935,-37.945541,5.465144,15.100906,2.384091,-0.022576,-0.073949,-0.105583,0,0.264129,0.027869,1,0,0,0.000000,0.000000,0.000000,0.000000,0.000000,0.000000,0.000000,0.000000,0,0.000000,0.000000,0.000000,0.000000,1,0,0,1,192,2.000000,1.366395,-0.087354,0.000000,0.000000,0.000000,0.000000,0.000000,0.000000,0,1200.000000,1200.000000,1200.000000
124747,28.351631,100401.304688,1.680000,13,1,1211,1118,1071,1400,1200.000000,1,1,2,1,1.584611,1.750685,-1.349538,0.082246,0.283744,0.283738,1.154745,1.152271,82,0.418000,0.907000,0.100000,0.174724,0.822649,0.010000,1,1,1.500000,-0.009536,0.094015,-0.065696,-0.000936,0.011105,1.613324,1.777345,5.454943,-0.568000,-0.272000,0.190000,2.727707,14.156343,-91.353348,-92.084488,-107.288361,-15.203872,-36.631962,15.600458,-8.456114,3.559754,-0.035445,-0.059134,-0.105222,0,0.298004,0.035693,1,0,0,0.000000,0.000000,0.000000,0.000000,0.000000,0.000000,0.000000,0.000000,0,0.000000,0.000000,0.000000,0.000000,1,0,0,1,192,2.000000,1.322330,-0.167378,0.000000,0.000000,0.000000,0.000000,0.000000,0.000000,0,1200.000000,1200.000000,1200.000000
124847,28.352701,100402.898438,1.640000,20,1,1216,1084,1101,1399,1200.000000,1,1,2,1,1.513187,1.700551,-1.298824,0.207007,0.278385,0.278385,1.027640,1.026380,58,0.418000,0.907000,0.102000,0.174724,0.822649,0.010404,1,1,1.500000,-0.009562,0.093947,-0.065796,-0.000522,0.012103,1.526439,1.723498,5.478225,-0.684000,-0.419000,0.188000,5.121176,12.230635,-90.930130,-91.838501,-107.288361,-15.449861,-36.941994,30.850552,-24.113060,4.205608,-0.050035,-0.041423,-0.107724,0,0.302584,0.037252,1,0,0,0.000000,0.000000,0.000000,0.000000,0.000000,0.000000,0.000000,0.000000,0,0.000000,0.000000,0.000000,0.000000,1,0,0,1,192,2.000000,1.300900,-0.208422,0.000000,0.000000,0.000000,0.000000,0.000000,0.000000,0,1200.000000,1200.000000,1200.000000
124941,28.349863,100400.703125,1.650000,28,1,1202,1061,1136,1401,1200.000000,1,1,2,1,1.434992,1.686216,-1.253431,0.275665,0.272765,0.272762,0.832290,0.831966,25,0.418000,0.907000,0.100000,0.174724,0.822649,0.010000,1,1,1.500000,-0.009581,0.093906,-0.065819,-0.000802,0.012860,1.428787,1.711435,5.534561,-0.815000,-0.118000,0.204000,8.254315,10.022005,-90.356499,-91.758774,-107.288361,-15.529583,-35.223804,35.033829,-21.873013,3.714177,-0.068471,-0.030999,-0.101939,0,0.273973,0.029692,1,0,0,0.000000,0.000000,0.000000,0.000000,0.000000,0.000000,0.000000,0.000000,0,0.000000,0.000000,0.000000,0.000000,1,0,0,1,192,2.000000,1.253983,-0.276064,0.000000,0.000000,0.000000,0.000000,0.000000,0.000000,0,1200.000000,1200.000000,1200.000000
125057,28.352736,100402.000000,1.620000,0,1,1215,1027,1170,1387,1200.000000,1,1,2,1,1.345981,1.678459,-1.198911,0.300173,0.273215,0.273216,0.698412,0.698590,18,0.418000,0.907000,0.099000,0.174724,0.822649,0.009801,1,1,1.500000,-0.009618,0.093806,-0.065985,-0.000391,0.010793,1.341044,1.708885,5.582171,-0.734000,-0.043000,0.208000,11.409392,7.539761,-90.326195,-92.008301,-107.288361,-15.280063,-36.318733,18.311975,-22.082085,2.403776,-0.078693,-0.007365,-0.101375,0,0.303492,0.037095,1,0,0,0.000000,0.000000,0.000000,0.000000,0.000000,0.000000,0.000000,0.000000,0,0.000000,0.000000,0.000000,0.000000,1,0,0,1,192,2.000000,1.290447,-0.125531,0.000000,0.000000,0.000000,0.000000,0.000000,0.000000,0,1200.000000,1200.000000,1200.000000
125185,28.354628,100404.500000,1.570000,36,1,1213,1097,1130,1359,1200.000000,1,1,2,1,1.272318,1.699248,-1.175100,0.278639,0.273891,0.273893,0.811840,0.812201,14,0.418000,0.908000,0.099000,0.174724,0.824464,0.009801,1,1,1.500000,-0.009639,0.093737,-0.066159,-0.000843,0.010702,1.283830,1.741994,5.625784,-0.496000,0.265000,0.207000,11.242369,4.941866,-90.374992,-92.718292,-107.288361,-14.570071,-32.644222,-22.785381,-17.810364,0.367599,-0.044745,-0.028261,-0.086425,0,0.273793,0.029944,1,0,0,0.000000,0.000000,0.000000,0.000000,0.000000,0.000000,0.000000,0.000000,0,0.000000,0.000000,0.000000,0.000000,1,0,0,1,192,2.000000,1.261935,-0.097406,0.000000,0.000000,0.000000,0.000000,0.000000,0.000000,0,1200.000000,1200.000000,1200.000000
125239,28.350931,100401.703125,1.560000,3,1,1224,1110,1120,1346,1200.000000,1,1,2,1,1.246258,1.711180,-1.216696,0.180713,0.280297,0.280297,1.070164,1.071020,68,0.418000,0.908000,0.099000,0.174724,0.824464,0.009801,1,1,1.500000,-0.009639,0.093737,-0.066159,-0.000843,0.010702,1.283830,1.741994,5.625784,-0.496000,0.265000,0.207000,9.605757,4.149425,-90.514832,-92.994286,-107.288361,-14.294077,-32.719276,-38.304276,-11.722754,-0.164071,-0.032869,-0.027933,-0.085229,0,0.310856,0.039141,1,0,0,0.000000,0.000000,0.000000,0.000000,0.000000,0.000000,0.000000,0.000000,0,0.000000,0.000000,0.000000,0.000000,1,0,0,1,192,2.000000,1.192890,-0.250542,0.000000,0.000000,0.000000,0.000000,0.000000,0.000000,0,1200.000000,1200.000000,1200.000000
125341,28.358271,100402.703125,1.550000,19,1,1262,1138,1083,1318,1200.000000,1,1,2,1,1.188786,1.729094,-1.173161,0.200795,0.276503,0.276504,0.884584,0.884752,53,0.418000,0.908000,0.101000,0.174724,0.824464,0.010201,1,1,1.500000,-0.009666,0.093673,-0.066347,-0.000292,0.011450,1.213982,1.758921,5.651897,-0.511000,0.150000,0.205000,4.893049,3.557212,-90.692169,-93.347794,-107.288361,-13.940566,-34.530426,-46.738525,0.289889,-0.301030,-0.000385,-0.027621,-0.089612,0,0.341475,0.047545,1,0,0,0.000000,0.000000,0.000000,0.000000,0.000000,0.000000,0.000000,0.000000,0,0.000000,0.000000,0.000000,0.000000,1,0,0,1,192,2.000000,1.173161,-0.200795,0.000000,0.000000,0.000000,0.000000,0.000000,0.000000,0,1200.000000,1200.000000,1200.000000
125437,28.351719,100401.804688,1.550000,29,1,1250,1135,1084,1330,1200.000000,1,1,2,1,1.165076,1.754826,-1.130276,0.230495,0.274582,0.274583,0.697780,0.697769,20,0.418000,0.908000,0.106000,0.174724,0.824464,0.011236,1,1,1.500000,-0.009709,0.093635,-0.066426,-0.000950,0.011655,1.188031,1.794637,5.690001,-0.225000,0.235000,0.219000,0.794340,3.820333,-90.573532,-93.567940,-107.288361,-13.720423,-33.835430,-37.045120,3.763439,0.651713,-0.007107,-0.032763,-0.090287,0,0.299562,0.035872,1,0,0,0.000000,0.000000,0.000000,0.000000,0.000000,0.000000,0.000000,0.000000,0,0.000000,0.000000,0.000000,0.000000,1,0,0,1,192,2.000000,1.220499,-0.013990,0.000000,0.000000,0.000000,0.000000,0.000000,0.000000,0,1200.000000,1200.000000,1200.000000
125564,28.351807,100402.703125,1.520000,0,1,1256,1127,1081,1336,1200.000000,1,1,2,1,1.123988,1.791580,-1.080808,0.237969,0.274391,0.274391,0.679412,0.679480,15,0.418000,0.908000,0.110000,0.174724,0.824464,0.012100,1,1,1.500000,-0.009744,0.093736,-0.066427,-0.000978,0.015551,1.141527,1.830501,5.708590,-0.380000,0.285000,0.203000,-2.383260,4.239055,-90.410057,-93.682877,-107.288361,-13.605484,-34.120979,-10.532755,1.652332,2.476693,-0.008592,-0.031599,-0.095812,0,0.322893,0.042349,1,0,0,0.000000,0.000000,0.000000,0.000000,0.000000,0.000000,0.000000,0.000000,0,0.000000,0.000000,0.000000,0.000000,1,0,0,1,192,2.000000,1.081046,-0.238611,0.000000,0.000000,0.000000,0.000000,0.000000,0.000000,0,1200.000000,1200.000000,1200.000000
125655,28.351229,100403.804688,1.490000,4,1,1256,1106,1083,1356,1200.000000,1,1,2,1,1.086768,1.816578,-1.159231,0.041160,0.289829,0.289834,1.198781,1.199193,106,0.418000,0.908000,0.110000,0.174724,0.824464,0.012100,1,1,1.500000,-0.009744,0.093736,-0.066427,-0.000978,0.015551,1.141527,1.830501,5.708590,-0.380000,0.285000,0.203000,-2.360907,4.301038,-90.083725,-93.547073,-107.288361,-13.741289,-35.722210,14.572560,0.009244,4.665052,-0.019255,-0.030717,-0.105734,0,0.300810,0.036200,1,0,0,0.000000,0.000000,0.000000,0.000000,0.000000,0.000000,0.000000,0.000000,0,0.000000,0.000000,0.000000,0.000000,1,0,0,1,192,2.000000,1.131142,-0.138971,0.000000,0.000000,0.000000,0.000000,0.000000,0.000000,0,1200.000000,1200.000000,1200.000000
125751,28.353174,100402.500000,1.480000,1,1,1223,1067,1104,1405,1200.000000,1,1,2,1,1.056380,1.855924,-1.085917,0.199530,0.282466,0.282467,1.090246,1.090326,86,0.418000,0.909000,0.111000,0.174724,0.826281,0.012321,1,1,1.500000,-0.009752,0.093876,-0.066541,-0.000234,0.016699,1.086666,1.874784,5.730457,-0.367000,0.334000,0.193000,0.661279,4.390786,-89.574860,-93.215195,-107.288361,-14.073168,-37.377159,44.207481,0.311002,6.213180,-0.054737,-0.036251,-0.114119,0,0.351935,0.050495,1,0,0,0.000000,0.000000,0.000000,0.000000,0.000000,0.000000,0.000000,0.000000,0,0.000000,0.000000,0.000000,0.000000,1,0,0,1,192,2.000000,1.088323,-0.201275,0.000000,0.000000,0.000000,0.000000,0.000000,0.000000,0,1200.000000,1200.000000,1200.000000
125851,28.353384,100404.304688,1.450000,3,1,1213,1058,1117,1412,1200.000000,1,1,2,1,1.023038,1.863416,-1.072530,0.206351,0.276968,0.276968,0.971718,0.971775,64,0.418000,0.909000,0.103000,0.174724,0.826281,0.010609,1,1,1.500000,-0.009724,0.093953,-0.066594,0.001037,0.015686,1.045721,1.874651,5.798076,-0.392000,0.109000,0.235000,5.997773,4.304147,-88.874496,-92.713005,-107.288361,-14.575357,-36.486214,60.147972,0.972386,6.464571,-0.064519,-0.035112,-0.112445,0,0.347841,0.049080,1,0,0,0.000000,0.000000,0.000000,0.000000,0.000000,0.000000,0.000000,0.000000,0,0.000000,0.000000,0.000000,0.000000,1,0,0,1,192,2.000000,1.044837,-0.267860,0.000000,0.000000,0.000000,0.000000,0.000000,0.000000,0,1200.000000,1200.000000,1200.000000
125955,28.354364,100406.000000,1.410000,1,1,1187,1044,1137,1432,1200.000000,1,1,2,1,0.979707,1.877785,-0.994389,0.301817,0.273859,0.273860,0.928338,0.928692,41,0.418000,0.909000,0.105000,0.174724,0.826281,0.011025,1,1,1.500000,-0.009788,0.093903,-0.066753,-0.001070,0.012413,1.006135,1.892113,5.863109,-0.450000,0.121000,0.263000,11.456159,4.172399,-88.276505,-92.212151,-107.288361,-15.076208,-37.078339,38.801006,-1.275393,4.707728,-0.084226,-0.038055,-0.109396,0,0.316093,0.040069,1,0,0,0.000000,0.000000,0.000000,0.000000,0.000000,0.000000,0.000000,0.000000,0,0.000000,0.000000,0.000000,0.000000,1,0,0,1,192,2.000000,0.998624,-0.304131,0.000000,0.000000,0.000000,0.000000,0.000000,0.000000,0,1200.000000,1200.000000,1200.000000
126054,28.356222,100405.601563,1.370000,0,1,1202,1072,1125,1401,1200.000000,1,1,2,1,0.935397,1.897554,-0.950320,0.281733,0.271528,0.271531,0.753132,0.753533,15,0.418000,0.910000,0.108000,0.174724,0.828100,0.011664,1,1,1.500000,-0.009834,0.093914,-0.066873,-0.001032,0.011148,0.941802,1.918437,5.876212,-0.458000,0.201000,0.234000,13.595700,4.071811,-87.899506,-92.015152,-107.288361,-15.273205,-36.398624,3.775251,-0.994813,2.364057,-0.062782,-0.036519,-0.101480,0,0.315624,0.040087,1,0,0,0.000000,0.000000,0.000000,0.000000,0.000000,0.000000,0.000000,0.000000,0,0.000000,0.000000,0.000000,0.000000,1,0,0,1,192,2.000000,1.038411,-0.132495,0.000000,0.000000,0.000000,0.000000,0.000000,0.000000,0,1200.000000,1200.000000,1200.000000
126147,28.348005,100403.601563,1.360000,0,1,1212,1094,1115,1379,1200.000000,1,1,2,1,0.901569,1.916108,-0.990270,0.180804,0.289089,0.289106,1.242276,1.245238,108,0.418000,0.910000,0.108000,0.174724,0.828100,0.011664,1,1,1.500000,-0.009834,0.093914,-0.066873,-0.001032,0.011148,0.941802,1.918437,5.876212,-0.458000,0.201000,0.234000,12.901581,4.017868,-87.770622,-91.985924,-107.288361,-15.302438,-35.827919,-16.077797,1.771541,0.582299,-0.047138,-0.036494,-0.095322,0,0.330662,0.044243,1,0,0,0.000000,0.000000,0.000000,0.000000,0.000000,0.000000,0.000000,0.000000,0,0.000000,0.000000,0.000000,0.000000,1,0,0,1,192,2.000000,0.991355,-0.181310,0.000000,0.000000,0.000000,0.000000,0.000000,0.000000,0,1200.000000,1200.000000,1200.000000
126244,28.352472,100403.703125,1.350000,11,1,1232,1120,1090,1357,1200.000000,1,1,2,1,0.886061,1.963604,-0.971627,0.199202,0.281960,0.281961,1.050358,1.052115,68,0.418000,0.910000,0.109000,0.174724,0.828100,0.011881,1,1,1.500000,-0.009871,0.093917,-0.067051,-0.000695,0.012289,0.919055,1.971567,5.909446,-0.205000,0.376000,0.235000,10.942048,4.314281,-87.375793,-92.018852,-107.288361,-15.269509,-35.925797,-23.550846,1.842614,0.338641,-0.023832,-0.038724,-0.094940,0,0.346625,0.048739,1,0,0,0.000000,0.000000,0.000000,0.000000,0.000000,0.000000,0.000000,0.000000,0,0.000000,0.000000,0.000000,0.000000,1,0,0,1,192,2.000000,0.973628,-0.200271,0.000000,0.000000,0.000000,0.000000,0.000000,0.000000,0,1200.000000,1200.000000,1200.000000
126372,28.357237,100405.203125,1.320000,10,1,1238,1114,1086,1362,1200.000000,1,1,2,1,0.899621,1.989913,-0.950737,0.190443,0.283641,0.283645,1.158263,1.160183,85,0.418000,0.910000,0.118000,0.174724,0.828100,0.013924,1,1,1.500000,-0.009888,0.093858,-0.067257,-0.000409,0.011390,0.939978,1.989498,5.958719,0.050000,0.201000,0.252000,8.647116,4.479711,-87.498283,-92.072937,-107.288361,-15.215422,-37.519485,-11.798137,1.500527,0.723142,-0.023737,-0.037976,-0.100119,0,0.336172,0.045924,1,0,0,0.000000,0.000000,0.000000,0.000000,0.000000,0.000000,0.000000,0.000000,0,0.000000,0.000000,0.000000,0.000000,1,0,0,1,192,2.000000,0.924330,-0.250647,0.000000,0.000000,0.000000,0.000000,0.000000,0.000000,0,1200.000000,1200.000000,1200.000000
126443,28.353436,100405.304688,1.310000,38,1,1222,1096,1105,1377,1200.000000,1,1,2,1,0.902276,2.009768,-0.882282,0.277283,0.273017,0.273018,0.679693,0.679989,28,0.418000,0.910000,0.116000,0.174724,0.828100,0.013456,1,1,1.500000,-0.009930,0.093856,-0.067321,-0.000877,0.011896,0.938951,2.025065,5.972381,0.043000,0.244000,0.238000,8.062376,4.556880,-87.402596,-92.074265,-107.288361,-15.214096,-36.771961,-5.433084,-0.072509,1.319906,-0.041084,-0.036402,-0.099724,0,0.305852,0.037410,1,0,0,0.000000,0.000000,0.000000,0.000000,0.000000,0.000000,0.000000,0.000000,0,0.000000,0.000000,0.000000,0.000000,1,0,0,1,192,2.000000,0.883392,-0.277356,0.000000,0.000000,0.000000,0.000000,0.000000,0.000000,0,1200.000000,1200.000000,1200.000000
126543,28.356888,100405.304688,1.290000,0,1,1228,1090,1110,1372,1200.000000,1,1,2,1,0.923377,2.054939,-0.864701,0.258964,0.272881,0.272881,0.679052,0.679180,0,0.418000,0.910000,0.102000,0.174724,0.828100,0.010404,1,1,1.500000,-0.009994,0.093791,-0.067321,-0.001374,0.009790,0.960769,2.078051,5.997330,0.187000,0.408000,0.230000,7.807637,4.498005,-87.108963,-92.090721,-107.288361,-15.197642,-37.238194,-1.514799,-1.613330,1.015059,-0.041145,-0.030974,-0.100147,0,0.310790,0.037988,1,0,0,0.000000,0.000000,0.000000,0.000000,0.000000,0.000000,0.000000,0.000000,0,0.000000,0.000000,0.000000,0.000000,1,0,0,1,192,2.000000,0.866262,-0.261313,0.000000,0.000000,0.000000,0.000000,0.000000,0.000000,0,1200.000000,1200.000000,1200.000000
126633,28.355171,100406.804688,1.260000,4,1,1221,1093,1109,1377,1200.000000,1,1,2,1,0.938083,2.081265,-0.908768,0.123382,0.282405,0.282406,1.091396,1.091910,90,0.418000,0.910000,0.102000,0.174724,0.828100,0.010404,1,1,1.500000,-0.009994,0.093791,-0.067321,-0.001374,0.009790,0.960769,2.078051,5.997330,0.187000,0.408000,0.230000,7.625669,4.354545,-87.050438,-92.118202,-107.288361,-15.170157,-37.109154,-0.832265,-1.163651,0.736926,-0.042961,-0.034780,-0.099081,0,0.320103,0.041433,1,0,0,0.000000,0.000000,0.000000,0.000000,0.000000,0.000000,0.000000,0.000000,0,0.000000,0.000000,0.000000,0.000000,1,0,0,1,192,2.000000,0.882753,-0.205744,0.000000,0.000000,0.000000,0.000000,0.000000,0.000000,0,1200.000000,1200.000000,1200.000000
126732,28.357361,100406.101563,1.250000,8,1,1229,1101,1102,1368,1200.000000,1,1,2,1,0.978161,2.121385,-0.863789,0.191864,0.276864,0.276864,0.971941,0.972131,68,0.418000,0.910000,0.112000,0.174724,0.828100,0.012544,1,1,1.500000,-0.010053,0.093768,-0.067465,-0.000738,0.012092,1.015914,2.122116,6.077589,0.322000,0.374000,0.267000,7.242430,4.235994,-86.986076,-92.151237,-107.288361,-15.137120,-36.870476,-8.632257,-1.404060,0.703444,-0.034953,-0.034366,-0.098368,0,0.355087,0.051238,1,0,0,0.000000,0.000000,0.000000,0.000000,0.000000,0.000000,0.000000,0.000000,0,0.000000,0.000000,0.000000,0.000000,1,0,0,1,192,2.000000,0.836967,-0.256844,0.000000,0.000000,0.000000,0.000000,0.000000,0.000000,0,1200.000000,1200.000000,1200.000000
126837,28.357273,100406.398438,1.230000,28,1,1245,1100,1102,1354,1200.000000,1,1,2,1,1.022923,2.153880,-0.823367,0.242303,0.273426,0.273425,0.896299,0.896314,48,0.418000,0.910000,0.110000,0.174724,0.828100,0.012100,1,1,1.500000,-0.010063,0.093688,-0.067595,-0.000127,0.010679,1.059623,2.157447,6.068326,0.385000,0.296000,0.222000,6.057832,4.038471,-86.954315,-92.196526,-107.288361,-15.091836,-37.123726,-15.388077,-4.529934,0.753047,-0.027544,-0.026846,-0.099161,0,0.369682,0.055857,1,0,0,0.000000,0.000000,0.000000,0.000000,0.000000,0.000000,0.000000,0.000000,0,0.000000,0.000000,0.000000,0.000000,1,0,0,1,192,2.000000,0.828162,-0.236711,0.000000,0.000000,0.000000,0.000000,0.000000,0.000000,0,1200.000000,1200.000000,1200.000000
126932,28.358412,100406.101563,1.220000,37,1,1306,1100,1101,1293,1200.000000,1,1,2,1,1.065616,2.190519,-0.783566,0.285533,0.271160,0.271160,0.733576,0.733555,18,0.417000,0.911000,0.106000,0.173889,0.829921,0.011236,1,1,1.500000,-0.010089,0.093688,-0.067592,-0.000993,0.011834,1.102694,2.210113,6.082003,0.436000,0.376000,0.219000,3.992146,3.230487,-86.940025,-92.305763,-107.288361,-14.982594,-37.874680,-28.140114,-11.635939,0.116242,0.002731,0.003600,-0.099460,0,0.318568,0.040721,1,0,0,0.000000,0.000000,0.000000,0.000000,0.000000,0.000000,0.000000,0.000000,0,0.000000,0.000000,0.000000,0.000000,1,0,0,1,192,2.000000,0.871068,-0.076080,0.000000,0.000000,0.000000,0.000000,0.000000,0.000000,0,1200.000000,1200.000000,1200.000000
127043,28.357500,100406.101563,1.200000,4,1,1262,1119,1092,1327,1200.000000,1,1,2,1,1.108426,2.227252,-0.858902,0.009428,0.296545,0.296544,1.326482,1.326643,0,0.418000,0.911000,0.118000,0.174724,0.829921,0.013924,1,1,1.500000,-0.010113,0.093776,-0.067694,-0.000050,0.014541,1.102694,2.210113,6.082003,0.364000,0.343000,0.248000,0.691064,2.329940,-87.034065,-92.505676,-107.288361,-14.782681,-36.621212,-31.576641,-3.697820,-0.488270,-0.009580,-0.023012,-0.094596,0,0.315382,0.039401,1,0,0,0.000000,0.000000,0.000000,0.000000,0.000000,0.000000,0.000000,0.000000,0,0.000000,0.000000,0.000000,0.000000,1,0,0,1,192,2.000000,0.824921,-0.151352,0.000000,0.000000,0.000000,0.000000,0.000000,0.000000,0,1200.000000,1200.000000,1200.000000
127147,28.356712,100406.203125,1.190000,22,1,1261,1128,1086,1324,1200.000000,1,1,2,1,1.143549,2.265139,-0.805437,0.155894,0.285881,0.285883,1.160748,1.161418,104,0.418000,0.911000,0.118000,0.174724,0.829921,0.013924,1,1,1.500000,-0.010113,0.093776,-0.067694,-0.000050,0.014541,1.155661,2.253757,6.137940,0.364000,0.343000,0.248000,-1.802609,2.349777,-87.129555,-92.699776,-107.288361,-14.588581,-36.497856,-13.456152,2.889456,-1.040124,-0.005006,-0.026326,-0.092828,0,0.352203,0.050308,1,0,0,0.000000,0.000000,0.000000,0.000000,0.000000,0.000000,0.000000,0.000000,0,0.000000,0.000000,0.000000,0.000000,1,0,0,1,192,2.000000,0.806376,-0.157430,0.000000,0.000000,0.000000,0.000000,0.000000,0.000000,0,1200.000000,1200.000000,1200.000000
127245,28.358814,100407.703125,1.170000,34,1,1249,1121,1092,1338,1200.000000,1,1,2,1,1.192818,2.300392,-0.756665,0.258978,0.280551,0.280551,1.011531,1.012249,74,0.418000,0.911000,0.120000,0.174724,0.829921,0.014400,1,1,1.500000,-0.010110,0.093892,-0.067706,0.000741,0.015751,1.209406,2.289294,6.185624,0.421000,0.334000,0.258000,-2.193736,2.726395,-87.176674,-92.818306,-107.288361,-14.470057,-36.195213,0.403594,2.987647,-0.505541,-0.015163,-0.029619,-0.093435,0,0.375804,0.057559,1,0,0,0.000000,0.000000,0.000000,0.000000,0.000000,0.000000,0.000000,0.000000,0,0.000000,0.000000,0.000000,0.000000,1,0,0,1,192,2.000000,0.759242,-0.256152,0.000000,0.000000,0.000000,0.000000,0.000000,0.000000,0,1200.000000,1200.000000,1200.000000
127352,28.355259,100407.101563,1.150000,0,1,1239,1116,1101,1344,1200.000000,1,1,2,1,1.220929,2.335413,-0.713324,0.242257,0.276612,0.276612,0.971188,0.971833,63,0.418000,0.910000,0.129000,0.174724,0.828100,0.016641,1,1,1.500000,-0.010017,0.094038,-0.067559,0.001163,0.017256,1.231589,2.333773,6.179586,0.254000,0.317000,0.225000,-1.535722,3.044061,-87.303368,-92.898842,-107.288361,-14.389515,-35.916737,8.014010,1.532708,-1.038878,-0.022451,-0.029846,-0.091310,0,0.404269,0.056298,1,0,0,0.000000,0.000000,0.000000,0.000000,0.000000,0.000000,0.000000,0.000000,0,0.000000,0.000000,0.000000,0.000000,1,0,0,1,192,2.000000,0.716719,-0.242757,0.000000,0.000000,0.000000,0.000000,0.000000,0.000000,0,1200.000000,1200.000000,1200.000000
127491,28.355871,100408.398438,1.110000,9,1,1236,1119,1105,1340,1200.000000,1,1,2,1,1.245278,2.362495,-0.711970,0.240584,0.282202,0.282204,1.159930,1.160822,78,0.418000,0.910000,0.128000,0.174724,0.828100,0.016384,1,1,1.500000,-0.010031,0.094171,-0.067426,-0.000606,0.017151,1.254359,2.351590,6.278280,0.172000,0.198000,0.297000,-0.563170,3.074504,-87.382820,-93.017899,-107.288361,-14.270458,-35.808041,7.976594,3.597645,-2.200771,-0.022159,-0.029419,-0.087984,0,0.363029,0.045287,1,0,0,0.000000,0.000000,0.000000,0.000000,0.000000,0.000000,0.000000,0.000000,0,0.000000,0.000000,0.000000,0.000000,1,0,0,1,192,2.000000,0.687577,-0.302889,0.000000,0.000000,0.000000,0.000000,0.000000,0.000000,0,1200.000000,1200.000000,1200.000000
127537,28.357868,100409.601563,1.090000,12,1,1217,1135,1099,1349,1200.000000,1,1,2,1,1.250235,2.371855,-0.735331,0.093374,0.299290,0.299310,1.383667,1.385326,124,0.418000,0.910000,0.128000,0.174724,0.828100,0.016384,1,1,1.500000,-0.010031,0.094171,-0.067426,-0.000606,0.017151,1.254359,2.351590,6.278280,0.172000,0.198000,0.297000,-0.301344,3.293694,-87.484314,-93.069878,-107.288361,-14.218480,-34.313293,5.263187,6.276879,-2.518598,-0.024127,-0.041912,-0.083238,0,0.326935,0.042679,1,0,0,0.000000,0.000000,0.000000,0.000000,0.000000,0.000000,0.000000,0.000000,0,0.000000,0.000000,0.000000,0.000000,1,0,0,1,192,2.000000,0.704401,-0.223214,0.000000,0.000000,0.000000,0.000000,0.000000,0.000000,0,1200.000000,1200.000000,1200.000000
127642,28.356449,100408.898438,1.050000,31,1,1197,1125,1099,1379,1200.000000,1,1,2,1,1.258155,2.374041,-0.673661,0.199947,0.290008,0.290014,1.260636,1.261329,100,0.418000,0.911000,0.129000,0.174724,0.829921,0.016641,1,1,1.500000,-0.010110,0.094245,-0.067409,-0.001256,0.015013,1.265701,2.360595,6.294785,0.090000,0.078000,0.266000,0.523838,4.010849,-87.598511,-93.129204,-107.288361,-14.159160,-35.007862,14.691993,7.803252,-1.482602,-0.038958,-0.052140,-0.087769,0,0.335130,0.038514,1,0,0,0.000000,0.000000,0.000000,0.000000,0.000000,0.000000,0.000000,0.000000,0,0.000000,0.000000,0.000000,0.000000,1,0,0,1,192,2.000000,0.674863,-0.200621,0.000000,0.000000,0.000000,0.000000,0.000000,0.000000,0,1200.000000,1200.000000,1200.000000
127751,28.356852,100408.804688,1.020000,0,1,1214,1098,1111,1377,1200.000000,1,1,2,1,1.257397,2.386147,-0.607497,0.309199,0.283058,0.283058,1.125731,1.125783,87,0.418000,0.911000,0.128000,0.174724,0.829921,0.016384,1,1,1.500000,-0.010200,0.094417,-0.067510,-0.001585,0.016873,1.266339,2.369991,6.346136,-0.008000,0.109000,0.287000,2.639435,4.450699,-87.674423,-92.986313,-107.288361,-14.302048,-36.603054,22.404243,2.144616,-0.073349,-0.044052,-0.037400,-0.095635,0,0.373577,0.047973,1,0,0,0.000000,0.000000,0.000000,0.000000,0.000000,0.000000,0.000000,0.000000,0,0.000000,0.000000,0.000000,0.000000,1,0,0,1,192,2.000000,0.610585,-0.308151,0.000000,0.000000,0.000000,0.000000,0.000000,0.000000,0,1200.000000,1200.000000,1200.000000
127853,28.354610,100407.101563,1.030000,3,1,1225,1096,1110,1368,1200.000000,1,1,2,1,1.254344,2.393875,-0.584237,0.252373,0.277096,0.277096,0.972483,0.972492,63,0.418000,0.911000,0.125000,0.174724,0.829921,0.015625,1,1,1.500000,-0.010256,0.094468,-0.067593,-0.001074,0.013397,1.268165,2.378895,6.373582,-0.043000,0.094000,0.294000,4.468824,4.300203,-87.672882,-92.812851,-107.288361,-14.475507,-36.796043,12.959435,-2.650610,0.146378,-0.039260,-0.032203,-0.096715,0,0.418525,0.059797,1,0,0,0.000000,0.000000,0.000000,0.000000,0.000000,0.000000,0.000000,0.000000,0,0.000000,0.000000,0.000000,0.000000,1,0,0,1,192,2.000000,0.554635,-0.316303,0.000000,0.000000,0.000000,0.000000,0.000000,0.000000,0,1200.000000,1200.000000,1200.000000
127955,28.357763,100409.703125,0.990000,1,1,1230,1098,1104,1367,1200.000000,1,1,2,1,1.247152,2.391193,-0.504465,0.265623,0.273625,0.273624,0.896781,0.896809,41,0.419000,0.911000,0.125000,0.175561,0.829921,0.015625,1,1,1.500000,-0.010340,0.094525,-0.067664,-0.001750,0.013618,1.258085,2.378627,6.360898,-0.075000,-0.017000,0.248000,5.088437,4.037708,-87.707283,-92.701019,-107.288361,-14.587344,-38.171116,-0.815530,-0.692327,-0.477297,-0.035724,-0.032585,-0.098682,0,0.366678,0.045432,1,0,0,0.000000,0.000000,0.000000,0.000000,0.000000,0.000000,0.000000,0.000000,0,0.000000,0.000000,0.000000,0.000000,1,0,0,1,192,2.000000,0.508197,-0.269327,0.000000,0.000000,0.000000,0.000000,0.000000,0.000000,0,1200.000000,1200.000000,1200.000000
128054,28.359831,100411.703125,0.950000,0,1,1227,1107,1106,1361,1200.000000,1,1,2,1,1.238441,2.399459,-0.456500,0.327926,0.271207,0.271207,0.752467,0.752499,15,0.419000,0.911000,0.120000,0.175561,0.829921,0.014400,1,1,1.500000,-0.010426,0.094560,-0.067746,-0.001429,0.013419,1.247045,2.396305,6.418917,-0.094000,0.111000,0.287000,4.618246,4.111392,-87.717224,-92.609489,-107.288361,-14.678869,-36.229252,-3.460388,0.610987,-0.439378,-0.033160,-0.033645,-0.093698,0,0.391889,0.052107,1,0,0,0.000000,0.000000,0.000000,0.000000,0.000000,0.000000,0.000000,0.000000,0,0.000000,0.000000,0.000000,0.000000,1,0,0,1,192,2.000000,0.556542,-0.099420,0.000000,0.000000,0.000000,0.000000,0.000000,0.000000,0,1200.000000,1200.000000,1200.000000
128148,28.361145,100411.804688,0.910000,1,1,1236,1103,1101,1360,1200.000000,1,1,2,1,1.230860,2.408870,-0.495651,0.232400,0.288684,0.288685,1.241656,1.241817,109,0.419000,0.911000,0.120000,0.175561,0.829921,0.014400,1,1,1.500000,-0.010426,0.094560,-0.067746,-0.001429,0.013419,1.247045,2.396305,6.418917,-0.094000,0.111000,0.287000,4.053741,4.022892,-87.679092,-92.477913,-107.288361,-14.810446,-36.572933,-2.841783,-0.851639,0.795736,-0.030469,-0.031431,-0.097831,0,0.394406,0.052974,1,0,0,0.000000,0.000000,0.000000,0.000000,0.000000,0.000000,0.000000,0.000000,0,0.000000,0.000000,0.000000,0.000000,1,0,0,1,192,2.000000,0.497515,-0.233521,0.000000,0.000000,0.000000,0.000000,0.000000,0.000000,0,1200.000000,1200.000000,1200.000000
128239,28.360023,100412.101563,0.870000,6,1,1245,1094,1092,1369,1200.000000,1,1,2,1,1.236249,2.411052,-0.475256,0.177773,0.279232,0.279232,1.097444,1.097538,68,0.419000,0.911000,0.130000,0.175561,0.829921,0.016900,1,1,1.500000,-0.010458,0.094612,-0.067727,-0.000324,0.013599,1.247096,2.396262,6.428083,0.013000,0.050000,0.274000,3.675007,3.782589,-87.505547,-92.235207,-107.288361,-15.053150,-38.497826,-2.763540,-0.182415,2.434336,-0.030373,-0.031692,-0.107160,0,0.363348,0.044903,1,0,0,0.000000,0.000000,0.000000,0.000000,0.000000,0.000000,0.000000,0.000000,0,0.000000,0.000000,0.000000,0.000000,1,0,0,1,192,2.000000,0.450237,-0.260458,0.000000,0.000000,0.000000,0.000000,0.000000,0.000000,0,1200.000000,1200.000000,1200.000000
128334,28.358500,100409.898438,0.860000,15,1,1253,1097,1083,1367,1200.000000,1,1,2,1,1.235270,2.416131,-0.423169,0.246396,0.274993,0.274993,0.884652,0.884706,45,0.419000,0.911000,0.127000,0.175561,0.829921,0.016129,1,1,1.500000,-0.010461,0.094624,-0.067574,-0.000685,0.012256,1.247679,2.405149,6.420173,-0.015000,0.060000,0.248000,3.193451,3.822776,-87.185310,-91.860497,-107.288361,-15.427860,-38.340305,-5.472740,1.851412,3.617837,-0.024743,-0.031973,-0.109846,0,0.403838,0.055845,1,0,0,0.000000,0.000000,0.000000,0.000000,0.000000,0.000000,0.000000,0.000000,0,0.000000,0.000000,0.000000,0.000000,1,0,0,1,192,2.000000,0.396162,-0.276620,0.000000,0.000000,0.000000,0.000000,0.000000,0.000000,0,1200.000000,1200.000000,1200.000000
128435,28.358744,100410.898438,0.840000,30,1,1259,1088,1082,1371,1200.000000,1,1,2,1,1.236097,2.424590,-0.367371,0.303223,0.273295,0.273295,0.697794,0.697807,20,0.419000,0.911000,0.126000,0.175561,0.829921,0.015876,1,1,1.500000,-0.010483,0.094610,-0.067440,-0.001184,0.012705,1.248671,2.414171,6.476995,-0.009000,0.094000,0.279000,2.880013,3.711661,-86.825066,-91.413254,-107.288361,-15.875109,-40.000000,-5.840787,-2.400157,3.944185,-0.026559,-0.029684,-0.115046,0,0.342010,0.039373,1,0,0,0.000000,0.000000,0.000000,0.000000,0.000000,0.000000,0.000000,0.000000,0,0.000000,0.000000,0.000000,0.000000,1,0,0,1,192,2.000000,0.468852,-0.062638,0.000000,0.000000,0.000000,0.000000,0.000000,0.000000,0,1200.000000,1200.000000,1200.000000
128556,28.355783,100410.500000,0.820000,0,1,1258,1094,1084,1364,1200.000000,1,1,2,1,1.238549,2.430909,-0.305584,0.326011,0.271886,0.271886,0.469170,0.469174,14,0.419000,0.911000,0.128000,0.175561,0.829921,0.016384,1,1,1.500000,-0.010513,0.094601,-0.067381,-0.000338,0.012787,1.249368,2.414114,6.481526,0.017000,0.046000,0.254000,2.336597,3.444366,-86.440094,-91.043091,-107.288361,-16.245270,-40.000000,-6.452877,-1.337477,2.372099,-0.024074,-0.028884,-0.110930,0,0.379907,0.049252,1,0,0,0.000000,0.000000,0.000000,0.000000,0.000000,0.000000,0.000000,0.000000,0,0.000000,0.000000,0.000000,0.000000,1,0,0,1,192,2.000000,0.399687,-0.234742,0.000000,0.000000,0.000000,0.000000,0.000000,0.000000,0,1200.000000,1200.000000,1200.000000
128673,28.355696,100410.203125,0.820000,31,1,1255,1098,1089,1358,1200.000000,1,1,2,1,1.243950,2.431544,-0.296778,0.275277,0.269610,0.269610,0.466021,0.466023,10,0.419000,0.910000,0.130000,0.175561,0.828100,0.016900,1,1,1.500000,-0.010523,0.094611,-0.067233,0.000278,0.013111,1.260528,2.413975,6.483044,0.054000,0.001000,0.232000,1.627601,3.085903,-86.231537,-90.879311,-107.288361,-16.409052,-40.000000,-4.938173,-0.589124,0.648136,-0.023327,-0.028008,-0.106417,0,0.411821,0.057427,1,0,0,0.000000,0.000000,0.000000,0.000000,0.000000,0.000000,0.000000,0.000000,0,0.000000,0.000000,0.000000,0.000000,1,0,0,1,192,2.000000,0.379889,-0.198789,0.000000,0.000000,0.000000,0.000000,0.000000,0.000000,0,1200.000000,1200.000000,1200.000000
128744,28.360531,100413.101563,0.790000,12,1,1261,1102,1087,1351,1200.000000,1,1,2,1,1.246436,2.431201,-0.339031,0.182652,0.283934,0.283935,1.210333,1.210472,81,0.419000,0.910000,0.130000,0.175561,0.828100,0.016900,1,1,1.500000,-0.010523,0.094611,-0.067233,0.000278,0.013111,1.260528,2.413975,6.483044,0.054000,0.001000,0.232000,1.327728,3.054882,-86.176132,-90.799805,-107.288361,-16.488556,-40.000000,-2.651083,-0.105606,0.437686,-0.018581,-0.026157,-0.105866,0,0.422751,0.060879,1,0,0,0.000000,0.000000,0.000000,0.000000,0.000000,0.000000,0.000000,0.000000,0,0.000000,0.000000,0.000000,0.000000,1,0,0,1,192,2.000000,0.341182,-0.175708,0.000000,0.000000,0.000000,0.000000,0.000000,0.000000,0,1200.000000,1200.000000,1200.000000
128837,28.360760,100414.000000,0.730000,20,1,1252,1097,1091,1361,1200.000000,1,1,2,1,1.245713,2.433381,-0.282691,0.284841,0.275008,0.275008,0.885063,0.885092,48,0.419000,0.910000,0.126000,0.175561,0.828100,0.015876,1,1,1.500000,-0.010515,0.094718,-0.067086,0.000001,0.015003,1.260657,2.414038,6.508886,-0.016000,0.026000,0.257000,1.300637,3.099224,-86.127884,-90.718834,-107.288361,-16.569527,-40.000000,2.096095,0.236848,0.520356,-0.025903,-0.028655,-0.106082,0,0.406861,0.046008,1,0,0,0.000000,0.000000,0.000000,0.000000,0.000000,0.000000,0.000000,0.000000,0,0.000000,0.000000,0.000000,0.000000,1,0,0,1,192,2.000000,0.263139,-0.303491,0.000000,0.000000,0.000000,0.000000,0.000000,0.000000,0,1200.000000,1200.000000,1200.000000
128933,28.358885,100412.601563,0.710000,30,1,1243,1095,1094,1368,1200.000000,1,1,2,1,1.242515,2.434124,-0.217899,0.287540,0.273300,0.273300,0.697951,0.697976,20,0.419000,0.910000,0.122000,0.175561,0.828100,0.014884,1,1,1.500000,-0.010549,0.094907,-0.067113,-0.000794,0.017318,1.261182,2.414139,6.551806,-0.064000,0.021000,0.277000,1.897653,3.196607,-86.105240,-90.651306,-107.288361,-16.637051,-40.000000,11.263350,4.340536,0.260607,-0.031166,-0.031479,-0.105402,0,0.358557,0.035173,1,0,0,0.000000,0.000000,0.000000,0.000000,0.000000,0.000000,0.000000,0.000000,0,0.000000,0.000000,0.000000,0.000000,1,0,0,1,192,2.000000,0.317663,-0.122446,0.000000,0.000000,0.000000,0.000000,0.000000,0.000000,0,1200.000000,1200.000000,1200.000000
129055,28.360672,100414.304688,0.650000,0,1,1239,1094,1095,1372,1200.000000,1,1,2,1,1.240105,2.429545,-0.148844,0.287310,0.272309,0.272309,0.677687,0.677684,17,0.419000,0.911000,0.129000,0.175561,0.829921,0.016641,1,1,1.500000,-0.010572,0.095086,-0.067140,-0.000399,0.017402,1.262393,2.405686,6.553116,-0.025000,-0.049000,0.256000,3.272737,3.646217,-85.993324,-90.441765,-107.288361,-16.846594,-40.000000,5.310879,1.426516,0.279050,-0.033393,-0.032912,-0.105450,0,0.381297,0.039978,1,0,0,0.000000,0.000000,0.000000,0.000000,0.000000,0.000000,0.000000,0.000000,0,0.000000,0.000000,0.000000,0.000000,1,0,0,1,192,2.000000,0.251395,-0.115613,0.000000,0.000000,0.000000,0.000000,0.000000,0.000000,0,1200.000000,1200.000000,1200.000000
129147,28.363632,100413.000000,0.630000,0,1,1253,1092,1104,1351,1200.000000,1,1,2,1,1.237151,2.424109,-0.187535,0.172359,0.287690,0.287689,1.198310,1.198240,109,0.419000,0.911000,0.129000,0.175561,0.829921,0.016641,1,1,1.500000,-0.010572,0.095086,-0.067140,-0.000399,0.017402,1.262393,2.405686,6.553116,-0.025000,-0.049000,0.256000,3.439385,3.338631,-86.053490,-90.451042,-107.288361,-16.837318,-40.000000,-4.920321,-6.610577,-1.107625,-0.027437,-0.021499,-0.101820,0,0.412583,0.046963,1,0,0,0.000000,0.000000,0.000000,0.000000,0.000000,0.000000,0.000000,0.000000,0,0.000000,0.000000,0.000000,0.000000,1,0,0,1,192,2.000000,0.188576,-0.174758,0.000000,0.000000,0.000000,0.000000,0.000000,0.000000,0,1200.000000,1200.000000,1200.000000
129244,28.365332,100415.101563,0.600000,11,1,1245,1106,1099,1349,1200.000000,1,1,2,1,1.222703,2.427980,-0.157259,0.180916,0.284404,0.284404,1.189223,1.189325,76,0.420000,0.911000,0.119000,0.176400,0.829921,0.014161,1,1,1.500000,-0.010615,0.095234,-0.067165,-0.001460,0.016256,1.240248,2.405391,6.583168,-0.116000,0.029000,0.260000,2.580821,2.957113,-86.287201,-90.611427,-107.288361,-16.676931,-40.000000,-9.787221,-1.254723,-2.821028,-0.024300,-0.027648,-0.097334,0,0.410481,0.046419,1,0,0,0.000000,0.000000,0.000000,0.000000,0.000000,0.000000,0.000000,0.000000,0,0.000000,0.000000,0.000000,0.000000,1,0,0,1,192,2.000000,0.157621,-0.180463,0.000000,0.000000,0.000000,0.000000,0.000000,0.000000,0,1200.000000,1200.000000,1200.000000
129332,28.357203,100413.703125,0.580000,13,1,1252,1125,1080,1343,1200.000000,1,1,2,1,1.214722,2.428468,-0.094795,0.322147,0.275047,0.275046,0.882917,0.882948,43,0.420000,0.912000,0.124000,0.176400,0.831744,0.015376,1,1,1.500000,-0.010617,0.095348,-0.067150,-0.000643,0.014651,1.239041,2.405183,6.655248,-0.096000,0.022000,0.298000,1.524210,3.099522,-86.529808,-90.803955,-107.288361,-16.484402,-39.819351,-11.318031,2.819721,-2.573096,-0.011169,-0.033916,-0.097510,0,0.451245,0.056337,1,0,0,0.000000,0.000000,0.000000,0.000000,0.000000,0.000000,0.000000,0.000000,0,0.000000,0.000000,0.000000,0.000000,1,0,0,1,192,2.000000,0.069442,-0.342757,0.000000,0.000000,0.000000,0.000000,0.000000,0.000000,0,1200.000000,1200.000000,1200.000000
129433,28.364262,100414.500000,0.560000,28,1,1253,1107,1094,1346,1200.000000,1,1,2,1,1.210825,2.419874,-0.031973,0.333076,0.273205,0.273205,0.679786,0.679835,18,0.420000,0.912000,0.131000,0.176400,0.831744,0.017161,1,1,1.500000,-0.010564,0.095401,-0.066891,0.000129,0.014348,1.226902,2.396399,6.675532,-0.042000,-0.090000,0.290000,0.879254,3.052123,-86.715652,-90.971603,-107.288361,-16.316755,-40.000000,-7.409034,-2.658776,-1.994685,-0.020138,-0.026245,-0.099498,0,0.398035,0.043181,1,0,0,0.000000,0.000000,0.000000,0.000000,0.000000,0.000000,0.000000,0.000000,0,0.000000,0.000000,0.000000,0.000000,1,0,0,1,192,2.000000,0.132194,-0.185932,0.000000,0.000000,0.000000,0.000000,0.000000,0.000000,0,1200.000000,1200.000000,1200.000000
129543,28.365034,100415.304688,0.530000,0,1,1268,1117,1082,1333,1200.000000,1,1,2,1,1.188606,2.400193,0.006837,0.338140,0.273075,0.273074,0.679045,0.679115,0,0.420000,0.913000,0.122000,0.176400,0.833569,0.014884,1,1,1.500000,-0.010520,0.095494,-0.066641,0.000433,0.016005,1.203932,2.369712,6.733769,-0.231000,-0.153000,0.314000,-0.322698,2.796264,-86.914497,-91.115562,-107.288361,-16.172796,-40.000000,-9.113523,0.598943,-1.578718,-0.007406,-0.025233,-0.100587,0,0.408987,0.045067,1,0,0,0.000000,0.000000,0.000000,0.000000,0.000000,0.000000,0.000000,0.000000,0,0.000000,0.000000,0.000000,0.000000,1,0,0,1,192,2.000000,-0.004815,-0.335945,0.000000,0.000000,0.000000,0.000000,0.000000,0.000000,0,1200.000000,1200.000000,1200.000000
129633,28.363842,100415.304688,0.500000,4,1,1258,1109,1095,1339,1200.000000,1,1,2,1,1.171523,2.389083,-0.034692,0.251595,0.282603,0.282604,1.091134,1.091364,90,0.420000,0.913000,0.122000,0.176400,0.833569,0.014884,1,1,1.500000,-0.010520,0.095494,-0.066641,0.000433,0.016005,1.203932,2.369712,6.733769,-0.231000,-0.153000,0.314000,-0.903475,2.630320,-87.022858,-91.194717,-107.288361,-16.093639,-40.000000,-3.371107,-2.987876,-2.461890,-0.016656,-0.023710,-0.098275,0,0.437209,0.052505,1,0,0,0.000000,0.000000,0.000000,0.000000,0.000000,0.000000,0.000000,0.000000,0,0.000000,0.000000,0.000000,0.000000,1,0,0,1,192,2.000000,0.007327,-0.321717,0.000000,0.000000,0.000000,0.000000,0.000000,0.000000,0,1200.000000,1200.000000,1200.000000
129743,28.362265,100413.601563,0.510000,21,1,1251,1107,1094,1348,1200.000000,1,1,2,1,1.145780,2.376827,0.027587,0.295071,0.281378,0.281380,1.090327,1.090723,82,0.421000,0.914000,0.124000,0.177241,0.835396,0.015376,1,1,1.500000,-0.010530,0.095693,-0.066554,-0.000987,0.018093,1.169945,2.360756,6.796863,-0.227000,-0.102000,0.349000,-0.824287,2.629574,-87.257401,-91.333534,-107.288361,-15.954823,-39.887924,3.149848,1.311909,-1.916954,-0.020810,-0.027508,-0.099408,0,0.507680,0.071040,1,0,0,0.000000,0.000000,0.000000,0.000000,0.000000,0.000000,0.000000,0.000000,0,0.000000,0.000000,0.000000,0.000000,1,0,0,1,192,2.000000,-0.025817,-0.295003,0.000000,0.000000,0.000000,0.000000,0.000000,0.000000,0,1200.000000,1200.000000,1200.000000
129857,28.362564,100416.703125,0.490000,6,1,1246,1104,1095,1355,1200.000000,1,1,2,1,1.125718,2.355499,0.050092,0.244905,0.277041,0.277042,1.025285,1.025481,68,0.421000,0.915000,0.129000,0.177241,0.837225,0.016641,1,1,1.500000,-0.010525,0.095890,-0.066688,-0.000114,0.018599,1.147698,2.334326,6.827548,-0.186000,-0.159000,0.346000,-0.047708,2.891942,-87.371391,-91.405952,-107.288361,-15.882410,-39.795071,10.128441,4.074375,-1.504713,-0.024850,-0.029468,-0.100244,0,0.514047,0.072897,1,0,0,0.000000,0.000000,0.000000,0.000000,0.000000,0.000000,0.000000,0.000000,0,0.000000,0.000000,0.000000,0.000000,1,0,0,1,192,2.000000,-0.079504,-0.328818,0.000000,0.000000,0.000000,0.000000,0.000000,0.000000,0,1200.000000,1200.000000,1200.000000
129934,28.360373,100414.601563,0.490000,39,1,1251,1101,1092,1356,1200.000000,1,1,2,1,1.099036,2.338067,0.130992,0.342821,0.271293,0.271293,0.772124,0.772249,20,0.421000,0.916000,0.121000,0.177241,0.839056,0.014641,1,1,1.500000,-0.010518,0.096041,-0.066806,-0.000056,0.017538,1.103891,2.308027,6.856076,-0.347000,-0.197000,0.337000,0.474420,3.054518,-87.431290,-91.382637,-107.288361,-15.905722,-39.507317,3.318806,0.280503,0.016953,-0.024164,-0.028246,-0.103474,0,0.489003,0.065308,1,0,0,0.000000,0.000000,0.000000,0.000000,0.000000,0.000000,0.000000,0.000000,0,0.000000,0.000000,0.000000,0.000000,1,0,0,1,192,2.000000,-0.022594,-0.098038,0.000000,0.000000,0.000000,0.000000,0.000000,0.000000,0,1200.000000,1200.000000,1200.000000
130053,28.363089,100415.804688,0.420000,12,1,1253,1102,1090,1356,1200.000000,1,1,2,1,1.059110,2.307177,0.147754,0.300254,0.269758,0.269759,0.468929,0.468957,13,0.422000,0.917000,0.122000,0.178084,0.840889,0.014884,1,1,1.500000,-0.010573,0.096249,-0.066954,-0.000693,0.017924,1.059772,2.264066,6.841432,-0.393000,-0.292000,0.288000,0.728731,3.335532,-87.389626,-91.343903,-107.288361,-15.944455,-39.660858,0.048476,-0.294050,0.157528,-0.022666,-0.028718,-0.104244,0,0.442581,0.052877,1,0,0,0.000000,0.000000,0.000000,0.000000,0.000000,0.000000,0.000000,0.000000,0,0.000000,0.000000,0.000000,0.000000,1,0,0,1,192,2.000000,-0.082328,-0.126357,0.000000,0.000000,0.000000,0.000000,0.000000,0.000000,0,1200.000000,1200.000000,1200.000000
130150,28.366592,100417.101563,0.380000,19,1,1259,1094,1093,1353,1200.000000,1,1,2,1,1.015529,2.276178,0.103762,0.128246,0.292709,0.292712,1.312042,1.312254,110,0.422000,0.917000,0.122000,0.178084,0.840889,0.014884,1,1,1.500000,-0.010573,0.096249,-0.066954,-0.000693,0.017924,1.059772,2.264066,6.841432,-0.393000,-0.292000,0.288000,0.650496,3.246317,-87.292274,-91.297028,-107.288361,-15.991331,-39.818958,1.403912,-3.657685,0.804422,-0.023170,-0.023934,-0.106352,0,0.456122,0.056966,1,0,0,0.000000,0.000000,0.000000,0.000000,0.000000,0.000000,0.000000,0.000000,0,0.000000,0.000000,0.000000,0.000000,1,0,0,1,192,2.000000,-0.102002,-0.122886,0.000000,0.000000,0.000000,0.000000,0.000000,0.000000,0,1200.000000,1200.000000,1200.000000
130248,28.368660,100416.703125,0.360000,19,1,1265,1091,1091,1353,1200.000000,1,1,2,1,0.993437,2.252655,0.159353,0.228471,0.283703,0.283707,1.138463,1.138748,80,0.422000,0.917000,0.119000,0.178084,0.840889,0.014161,1,1,1.500000,-0.010650,0.096325,-0.067113,-0.001056,0.015278,1.026643,2.237404,6.881017,-0.283000,-0.232000,0.282000,0.735655,2.830201,-87.150269,-91.227676,-107.288361,-16.060684,-39.921158,-1.302006,-4.085348,1.747306,-0.022099,-0.021977,-0.109088,0,0.490916,0.066234,1,0,0,0.000000,0.000000,0.000000,0.000000,0.000000,0.000000,0.000000,0.000000,0,0.000000,0.000000,0.000000,0.000000,1,0,0,1,192,2.000000,-0.157105,-0.221347,0.000000,0.000000,0.000000,0.000000,0.000000,0.000000,0,1200.000000,1200.000000,1200.000000
130339,28.363018,100417.398438,0.340000,24,1,1244,1099,1077,1380,1200.000000,1,1,2,1,0.952385,2.225095,0.213038,0.353625,0.274363,0.274363,0.838049,0.838063,50,0.422000,0.918000,0.114000,0.178084,0.842724,0.012996,1,1,1.500000,-0.010641,0.096460,-0.067131,0.000618,0.015752,0.971244,2.201797,6.942950,-0.440000,-0.275000,0.315000,0.800954,2.914643,-86.964851,-91.206062,-107.288361,-16.082294,-40.000000,7.699093,9.622515,2.643004,-0.028551,-0.039559,-0.111639,0,0.520665,0.074894,1,0,0,0.000000,0.000000,0.000000,0.000000,0.000000,0.000000,0.000000,0.000000,0,0.000000,0.000000,0.000000,0.000000,1,0,0,1,192,2.000000,-0.205472,-0.334151,0.000000,0.000000,0.000000,0.000000,0.000000,0.000000,0,1200.000000,1200.000000,1200.000000
130432,28.365034,100418.500000,0.320000,31,1,1135,1154,1038,1473,1200.000000,1,1,2,1,0.913450,2.173498,0.259651,0.308202,0.272373,0.272373,0.678854,0.678847,18,0.422000,0.919000,0.128000,0.178084,0.844561,0.016384,1,1,1.500000,-0.010608,0.096701,-0.067137,0.001113,0.018092,0.916735,2.132315,6.932349,-0.433000,-0.550000,0.296000,2.550784,4.828238,-86.769470,-91.116028,-107.288361,-16.172331,-38.099453,24.457951,30.521076,1.675697,-0.055512,-0.113569,-0.104131,0,0.460002,0.057734,1,0,0,0.000000,0.000000,0.000000,0.000000,0.000000,0.000000,0.000000,0.000000,0,0.000000,0.000000,0.000000,0.000000,1,0,0,1,192,2.000000,-0.166429,-0.239086,0.000000,0.000000,0.000000,0.000000,0.000000,0.000000,0,1200.000000,1200.000000,1200.000000
130561,28.366995,100416.898438,0.290000,1,1,1167,1140,1045,1448,1200.000000,1,1,2,1,0.867199,2.126334,0.320923,0.318658,0.272295,0.272294,0.678988,0.678920,21,0.423000,0.920000,0.115000,0.178929,0.846400,0.013225,1,1,1.500000,-0.010608,0.096750,-0.067142,-0.000246,0.014086,0.874671,2.099987,6.971704,-0.361000,-0.299000,0.312000,5.506569,9.118982,-86.282524,-90.681786,-107.288361,-16.606573,-40.000000,17.621252,34.145729,0.998362,-0.046494,-0.094051,-0.107333,0,0.482741,0.064232,1,0,0,0.000000,0.000000,0.000000,0.000000,0.000000,0.000000,0.000000,0.000000,0,0.000000,0.000000,0.000000,0.000000,1,0,0,1,192,2.000000,-0.320923,-0.318658,0.000000,0.000000,0.000000,0.000000,0.000000,0.000000,0,1200.000000,1200.000000,1200.000000
130651,28.369080,100416.898438,0.280000,4,1,1189,1130,1058,1423,1200.000000,1,1,2,1,0.839512,2.105638,0.229974,0.134515,0.287826,0.287823,1.199207,1.198226,111,0.423000,0.920000,0.115000,0.178929,0.846400,0.013225,1,1,1.500000,-0.010608,0.096750,-0.067142,-0.000246,0.014086,0.874671,2.099987,6.971704,-0.361000,-0.299000,0.312000,6.813186,11.790445,-85.874977,-90.342911,-107.288361,-16.945446,-40.000000,8.267483,25.363297,0.606840,-0.040645,-0.076547,-0.106308,0,0.488883,0.065181,1,0,0,0.000000,0.000000,0.000000,0.000000,0.000000,0.000000,0.000000,0.000000,0,0.000000,0.000000,0.000000,0.000000,1,0,0,1,192,2.000000,-0.266914,-0.245983,0.000000,0.000000,0.000000,0.000000,0.000000,0.000000,0,1200.000000,1200.000000,1200.000000
130743,28.370272,100417.000000,0.280000,0,1,1199,1144,1043,1414,1200.000000,1,1,2,1,0.795475,2.078710,0.314294,0.287880,0.281994,0.281989,1.138409,1.136547,81,0.423000,0.920000,0.108000,0.178929,0.846400,0.011664,1,1,1.500000,-0.010666,0.096683,-0.067271,-0.000994,0.011188,0.820999,2.067841,6.993732,-0.432000,-0.286000,0.313000,6.860367,13.251760,-85.502327,-90.227364,-107.288361,-17.061001,-39.850876,-8.442900,4.390420,0.835991,-0.028275,-0.079204,-0.106518,0,0.557348,0.085841,1,0,0,0.000000,0.000000,0.000000,0.000000,0.000000,0.000000,0.000000,0.000000,0,0.000000,0.000000,0.000000,0.000000,1,0,0,1,192,2.000000,-0.312576,-0.284966,0.000000,0.000000,0.000000,0.000000,0.000000,0.000000,0,1200.000000,1200.000000,1200.000000
130849,28.367889,100413.804688,0.300000,20,1,1315,1048,1149,1288,1200.000000,1,1,2,1,0.754670,2.039077,0.318427,0.294889,0.277709,0.277709,1.052397,1.051989,58,0.423000,0.921000,0.115000,0.178929,0.848241,0.013225,1,1,1.500000,-0.010673,0.096682,-0.067364,0.000406,0.012964,0.776207,2.033222,6.983961,-0.363000,-0.308000,0.282000,5.707641,11.522921,-85.806854,-90.713936,-107.288361,-16.574425,-40.000000,-13.977962,-37.478432,-1.169825,-0.018431,0.032091,-0.101657,0,0.593689,0.097203,1,0,0,0.000000,0.000000,0.000000,0.000000,0.000000,0.000000,0.000000,0.000000,0,0.000000,0.000000,0.000000,0.000000,1,0,0,1,192,2.000000,-0.315491,-0.292216,0.000000,0.000000,0.000000,0.000000,0.000000,0.000000,0,1200.000000,1200.000000,1200.000000
130984,28.365961,100418.703125,0.280000,7,1,1295,1058,1174,1273,1200.000000,1,1,2,1,0.697304,2.045046,0.345847,0.365265,0.277531,0.277531,1.024738,1.024580,70,0.423000,0.922000,0.110000,0.178929,0.850084,0.012100,1,1,1.500000,-0.010702,0.096684,-0.067481,0.000093,0.013046,0.728784,2.036945,7.081190,-0.395000,0.108000,0.345000,3.084352,3.931000,-86.462723,-91.905632,-107.288361,-15.382727,-36.774300,-11.160101,-54.072887,-4.658886,-0.023618,0.034662,-0.084078,0,0.607406,0.101441,1,0,0,0.000000,0.000000,0.000000,0.000000,0.000000,0.000000,0.000000,0.000000,0,0.000000,0.000000,0.000000,0.000000,1,0,0,1,192,2.000000,-0.386499,-0.454493,0.000000,0.000000,0.000000,0.000000,0.000000,0.000000,0,1200.000000,1200.000000,1200.000000
131033,28.364595,100418.804688,0.260000,13,1,1335,1019,1212,1234,1200.000000,1,1,2,1,0.677294,2.046930,0.316607,0.210678,0.297756,0.297750,1.337056,1.336821,119,0.423000,0.922000,0.110000,0.178929,0.850084,0.012100,1,1,1.500000,-0.010702,0.096684,-0.067481,0.000093,0.013046,0.728784,2.036945,7.081190,-0.395000,0.108000,0.345000,2.565851,1.582756,-86.778923,-92.263161,-107.288361,-15.025201,-36.755459,-6.175874,-38.038467,-4.442915,-0.022918,0.073201,-0.084594,0,0.558872,0.085047,1,0,0,0.000000,0.000000,0.000000,0.000000,0.000000,0.000000,0.000000,0.000000,0,0.000000,0.000000,0.000000,0.000000,1,0,0,1,192,2.000000,-0.358872,-0.357984,0.000000,0.000000,0.000000,0.000000,0.000000,0.000000,0,1200.000000,1200.000000,1200.000000
131140,28.365839,100418.500000,0.230000,34,1,1195,1180,1006,1420,1200.000000,1,1,2,1,0.643495,2.042816,0.367775,-0.071480,0.289949,0.289934,1.269937,1.268199,101,0.423000,0.922000,0.115000,0.178929,0.850084,0.013225,1,1,1.500000,-0.010717,0.096760,-0.067548,0.000538,0.015538,0.680882,2.032096,7.140907,-0.339000,-0.003000,0.374000,1.007253,2.120607,-87.550774,-92.933144,-107.288361,-14.355214,-40.000000,-3.432165,29.171745,1.041224,-0.012722,-0.099752,-0.107446,0,0.577066,0.091716,1,0,0,0.000000,0.000000,0.000000,0.000000,0.000000,0.000000,0.000000,0.000000,0,0.000000,0.000000,0.000000,0.000000,1,0,0,1,192,2.000000,-0.368064,-0.066171,0.000000,0.000000,0.000000,0.000000,0.000000,0.000000,0,1200.000000,1200.000000,1200.000000
131244,28.370096,100421.601563,0.150000,9,1,1315,1029,1069,1387,1200.000000,1,1,2,1,0.595141,2.052712,0.386971,0.225632,0.283977,0.283985,1.163957,1.168741,76,0.423000,0.923000,0.105000,0.178929,0.851929,0.011025,1,1,1.500000,-0.010704,0.096907,-0.067549,0.000582,0.016227,0.622575,2.050546,7.125599,-0.413000,0.111000,0.324000,0.300733,0.351403,-87.446404,-92.927498,-107.288361,-14.360862,-40.000000,12.649060,-16.894522,17.726767,-0.028066,-0.008143,-0.151128,0,0.512454,0.072288,1,0,0,0.000000,0.000000,0.000000,0.000000,0.000000,0.000000,0.000000,0.000000,0,0.000000,0.000000,0.000000,0.000000,1,0,0,1,192,2.000000,-0.386086,-0.216744,0.000000,0.000000,0.000000,0.000000,0.000000,0.000000,0,1200.000000,1200.000000,1200.000000
131334,28.368711,100420.304688,0.110000,13,1,1274,1075,1082,1369,1200.000000,1,1,2,1,0.587754,2.049206,0.435781,0.196007,0.275465,0.275469,0.884698,0.884404,43,0.423000,0.923000,0.123000,0.178929,0.851929,0.015129,1,1,1.500000,-0.010725,0.097007,-0.067567,0.000045,0.015777,0.614343,2.048588,7.103434,-0.125000,-0.041000,0.227000,0.887877,-1.720284,-85.557831,-91.581123,-107.288361,-15.707236,-39.219860,1.851260,7.888730,7.087020,-0.025492,-0.022092,-0.121231,0,0.518345,0.074242,1,0,0,0.000000,0.000000,0.000000,0.000000,0.000000,0.000000,0.000000,0.000000,0,0.000000,0.000000,0.000000,0.000000,1,0,0,1,192,2.000000,-0.467865,-0.242798,0.000000,0.000000,0.000000,0.000000,0.000000,0.000000,0,1200.000000,1200.000000,1200.000000
131435,28.372356,100423.398438,0.050000,28,1,1263,1085,1099,1352,1200.000000,1,1,2,1,0.587040,2.052135,0.485411,0.227123,0.273553,0.273555,0.680151,0.680157,17,0.423000,0.923000,0.135000,0.178929,0.851929,0.018225,1,1,1.500000,-0.010716,0.097112,-0.067604,0.000800,0.014883,0.615086,2.057650,7.127769,-0.007000,0.026000,0.232000,1.034284,-0.884881,-85.476204,-91.620918,-107.288361,-15.667443,-40.000000,0.891338,7.386264,1.179428,-0.025893,-0.018661,-0.107807,0,0.409847,0.045743,1,0,0,0.000000,0.000000,0.000000,0.000000,0.000000,0.000000,0.000000,0.000000,0,0.000000,0.000000,0.000000,0.000000,1,0,0,1,192,2.000000,-0.388020,-0.125588,0.000000,0.000000,0.000000,0.000000,0.000000,0.000000,0,1200.000000,1200.000000,1200.000000
131557,28.366924,100419.500000,0.020000,0,1,1254,1097,1105,1345,1200.000000,1,1,2,1,0.590767,2.051433,0.544619,0.245221,0.271966,0.271968,0.468836,0.468834,15,0.423000,0.924000,0.141000,0.178929,0.853776,0.019881,1,1,1.500000,-0.010705,0.097244,-0.067616,0.000688,0.015532,0.615168,2.057936,7.103424,0.052000,-0.028000,0.193000,1.031711,-0.338167,-85.484268,-91.625778,-107.288361,-15.662580,-39.080379,-0.836186,3.810990,-1.077213,-0.024517,-0.020521,-0.099492,0,0.427591,0.050365,1,0,0,0.000000,0.000000,0.000000,0.000000,0.000000,0.000000,0.000000,0.000000,0,0.000000,0.000000,0.000000,0.000000,1,0,0,1,192,2.000000,-0.443585,-0.119714,0.000000,0.000000,0.000000,0.000000,0.000000,0.000000,0,1200.000000,1200.000000,1200.000000
131651,28.372303,100422.500000,-0.020000,4,1,1261,1088,1107,1345,1200.000000,1,1,2,1,0.592972,2.047847,0.461748,0.077714,0.288852,0.288861,1.198367,1.198338,109,0.423000,0.924000,0.141000,0.178929,0.853776,0.019881,1,1,1.500000,-0.010705,0.097244,-0.067616,0.000688,0.015532,0.615168,2.057936,7.103424,0.052000,-0.028000,0.193000,1.017376,-0.258003,-85.509033,-91.608208,-107.288361,-15.680154,-39.081451,1.609194,-0.240044,0.127772,-0.025884,-0.016157,-0.102650,0,0.414906,0.046930,1,0,0,0.000000,0.000000,0.000000,0.000000,0.000000,0.000000,0.000000,0.000000,0,0.000000,0.000000,0.000000,0.000000,1,0,0,1,192,2.000000,-0.492878,-0.167208,0.000000,0.000000,0.000000,0.000000,0.000000,0.000000,0,1200.000000,1200.000000,1200.000000
131742,28.369413,100420.898438,-0.040000,1,1,1263,1086,1105,1345,1200.000000,1,1,2,1,0.594028,2.053399,0.537190,0.148688,0.281622,0.281630,1.090557,1.090580,80,0.423000,0.924000,0.136000,0.178929,0.853776,0.018496,1,1,1.500000,-0.010684,0.097365,-0.067511,0.000396,0.015741,0.615122,2.066836,7.092099,0.002000,0.014000,0.175000,1.080982,-0.196310,-85.470253,-91.583443,-107.288361,-15.704914,-39.142227,0.022714,-1.335402,0.642811,-0.025362,-0.015745,-0.104157,0,0.471963,0.061536,1,0,0,0.000000,0.000000,0.000000,0.000000,0.000000,0.000000,0.000000,0.000000,0,0.000000,0.000000,0.000000,0.000000,1,0,0,1,192,2.000000,-0.536894,-0.147776,0.000000,0.000000,0.000000,0.000000,0.000000,0.000000,0,1200.000000,1200.000000,1200.000000
131838,28.368046,100418.703125,-0.030000,9,1,1261,1089,1108,1342,1200.000000,1,1,2,1,0.598079,2.056277,0.542539,0.120808,0.273494,0.273501,0.867258,0.867191,49,0.423000,0.924000,0.137000,0.178929,0.853776,0.018769,1,1,1.500000,-0.010663,0.097472,-0.067413,0.000494,0.015307,0.615181,2.066889,7.078886,0.021000,0.011000,0.152000,1.095718,-0.093376,-85.446381,-91.597565,-107.288361,-15.690796,-39.108528,0.006562,-1.327223,-0.313947,-0.025317,-0.015416,-0.101564,0,0.484473,0.064823,1,0,0,0.000000,0.000000,0.000000,0.000000,0.000000,0.000000,0.000000,0.000000,0,0.000000,0.000000,0.000000,0.000000,1,0,0,1,192,2.000000,-0.572563,-0.158034,0.000000,0.000000,0.000000,0.000000,0.000000,0.000000,0,1200.000000,1200.000000,1200.000000
131932,28.368309,100420.398438,-0.030000,0,1,1258,1090,1109,1343,1200.000000,1,1,2,1,0.600980,2.055240,0.575852,0.132162,0.270983,0.270989,0.752005,0.752004,19,0.424000,0.924000,0.139000,0.179776,0.853776,0.019321,1,1,1.500000,-0.010658,0.097604,-0.067384,0.000340,0.015767,0.615169,2.066999,7.061369,0.027000,-0.024000,0.127000,1.114403,0.007210,-85.448166,-91.602661,-107.288361,-15.685700,-39.069885,-0.144517,-0.745379,-0.616201,-0.026139,-0.016359,-0.100672,0,0.520248,0.074729,1,0,0,0.000000,0.000000,0.000000,0.000000,0.000000,0.000000,0.000000,0.000000,0,0.000000,0.000000,0.000000,0.000000,1,0,0,1,192,2.000000,-0.514937,-0.034203,0.000000,0.000000,0.000000,0.000000,0.000000,0.000000,0,1200.000000,1200.000000,1200.000000
132048,28.369833,100420.804688,-0.030000,31,1,1259,1090,1106,1345,1200.000000,1,1,2,1,0.603651,2.055752,0.605944,0.148285,0.269183,0.269189,0.468029,0.468028,9,0.424000,0.924000,0.137000,0.179776,0.853776,0.018769,1,1,1.500000,-0.010639,0.097744,-0.067346,0.000607,0.015979,0.615145,2.067032,7.062205,0.021000,0.004000,0.120000,1.099479,0.114670,-85.432152,-91.576347,-107.288361,-15.712010,-39.179111,0.355725,-0.592989,-0.202169,-0.025447,-0.017224,-0.102041,0,0.456927,0.056917,1,0,0,0.000000,0.000000,0.000000,0.000000,0.000000,0.000000,0.000000,0.000000,0,0.000000,0.000000,0.000000,0.000000,1,0,0,1,192,2.000000,-0.509068,0.069202,0.000000,0.000000,0.000000,0.000000,0.000000,0.000000,0,1200.000000,1200.000000,1200.000000
132206,28.370884,100421.500000,-0.050000,15,1,1253,1096,1105,1346,1200.000000,1,1,2,1,0.607858,2.054729,0.576841,0.094681,0.274967,0.274976,0.946435,0.946429,38,0.424000,0.924000,0.138000,0.179776,0.853776,0.019044,1,1,1.500000,-0.010631,0.097871,-0.067300,0.000407,0.015890,0.615133,2.067098,7.044892,0.023000,-0.017000,0.098000,1.096142,0.277342,-85.424385,-91.574059,-107.288361,-15.714305,-37.940739,0.025476,1.233185,0.003701,-0.025627,-0.021093,-0.099338,0,0.499235,0.068860,1,0,0,0.000000,0.000000,0.000000,0.000000,0.000000,0.000000,0.000000,0.000000,0,0.000000,0.000000,0.000000,0.000000,1,0,0,1,192,2.000000,-0.576083,-0.094824,0.000000,0.000000,0.000000,0.000000,0.000000,0.000000,0,1200.000000,1200.000000,1200.000000
132234,28.371428,100420.601563,-0.050000,1,1,1260,1090,1103,1348,1200.000000,1,1,2,1,0.608504,2.054303,0.579406,0.087451,0.278823,0.278832,1.067444,1.067442,66,0.424000,0.924000,0.138000,0.179776,0.853776,0.019044,1,1,1.500000,-0.010631,0.097871,-0.067300,0.000407,0.015890,0.615133,2.067098,7.044892,0.023000,-0.017000,0.098000,1.096629,0.294463,-85.405197,-91.548920,-107.288361,-15.739440,-39.241722,0.175259,0.176927,0.376496,-0.025298,-0.018673,-0.103720,0,0.499235,0.068860,1,0,0,0.000000,0.000000,0.000000,0.000000,0.000000,0.000000,0.000000,0.000000,0,0.000000,0.000000,0.000000,0.000000,1,0,0,1,192,2.000000,-0.577967,-0.092482,0.000000,0.000000,0.000000,0.000000,0.000000,0.000000,0,1200.000000,1200.000000,1200.000000
132334,28.374125,100421.601563,-0.080000,15,1,1258,1091,1106,1345,1200.000000,1,1,2,1,0.610364,2.055473,0.581611,0.073988,0.275221,0.275228,0.884686,0.884676,45,0.424000,0.924000,0.137000,0.179776,0.853776,0.018769,1,1,1.500000,-0.010627,0.097996,-0.067283,0.000348,0.015723,0.615076,2.067188,7.043457,0.015000,-0.003000,0.090000,1.103829,0.411902,-85.400986,-91.546997,-107.288361,-15.741360,-39.219387,0.104956,-0.283708,-0.405393,-0.025473,-0.018181,-0.101615,0,0.472262,0.061648,1,0,0,0.000000,0.000000,0.000000,0.000000,0.000000,0.000000,0.000000,0.000000,0,0.000000,0.000000,0.000000,0.000000,1,0,0,1,192,2.000000,-0.612262,-0.103510,0.000000,0.000000,0.000000,0.000000,0.000000,0.000000,0,1200.000000,1200.000000,1200.000000
132435,28.368958,100418.101563,-0.050000,30,1,1261,1089,1100,1350,1200.000000,1,1,2,1,0.611983,2.055156,0.615277,0.114193,0.273474,0.273481,0.697753,0.697754,20,0.424000,0.925000,0.138000,0.179776,0.855625,0.019044,1,1,1.500000,-0.010629,0.098131,-0.067299,0.000308,0.015795,0.615072,2.067233,7.041257,0.014000,-0.014000,0.086000,1.101203,0.461799,-85.370827,-91.530304,-107.288361,-15.758053,-40.000000,0.137698,0.925787,0.211886,-0.025194,-0.019506,-0.105274,0,0.442787,0.053426,1,0,0,0.000000,0.000000,0.000000,0.000000,0.000000,0.000000,0.000000,0.000000,0,0.000000,0.000000,0.000000,0.000000,1,0,0,1,192,2.000000,-0.516740,0.096251,0.000000,0.000000,0.000000,0.000000,0.000000,0.000000,0,1200.000000,1200.000000,1200.000000
132556,28.375509,100421.703125,-0.070000,0,1,1258,1092,1101,1348,1200.000000,1,1,2,1,0.612843,2.058082,0.649352,0.118307,0.272036,0.272042,0.469174,0.469174,14,0.424000,0.925000,0.131000,0.179776,0.855625,0.017161,1,1,1.500000,-0.010622,0.098268,-0.067269,0.000373,0.015908,0.615051,2.076166,7.023825,0.005000,0.024000,0.066000,1.104937,0.618166,-85.334862,-91.512177,-107.288361,-15.776187,-39.299374,-0.483845,0.780040,0.156183,-0.024589,-0.020285,-0.103294,0,0.466766,0.060034,1,0,0,0.000000,0.000000,0.000000,0.000000,0.000000,0.000000,0.000000,0.000000,0,0.000000,0.000000,0.000000,0.000000,1,0,0,1,192,2.000000,-0.555145,-0.028902,0.000000,0.000000,0.000000,0.000000,0.000000,0.000000,0,1200.000000,1200.000000,1200.000000
132651,28.375368,100421.101563,-0.080000,9,1,1257,1093,1102,1348,1200.000000,1,1,2,1,0.613244,2.060031,0.552723,-0.033066,0.293146,0.293153,1.291777,1.291779,109,0.424000,0.925000,0.131000,0.179776,0.855625,0.017161,1,1,1.500000,-0.010622,0.098268,-0.067269,0.000373,0.015908,0.615051,2.076166,7.023825,0.005000,0.024000,0.066000,1.098632,0.727216,-85.323586,-91.510315,-107.288361,-15.778045,-39.300785,0.001452,0.563176,-0.188731,-0.025027,-0.020192,-0.102395,0,0.446871,0.054669,1,0,0,0.000000,0.000000,0.000000,0.000000,0.000000,0.000000,0.000000,0.000000,0,0.000000,0.000000,0.000000,0.000000,1,0,0,1,192,2.000000,-0.586759,-0.056484,0.000000,0.000000,0.000000,0.000000,0.000000,0.000000,0,1200.000000,1200.000000,1200.000000
132745,28.370745,100419.500000,-0.060000,0,1,1255,1095,1105,1345,1200.000000,1,1,2,1,0.616165,2.057122,0.576203,-0.035242,0.282176,0.282183,1.150804,1.150753,83,0.425000,0.925000,0.138000,0.180625,0.855625,0.019044,1,1,1.500000,-0.010616,0.098402,-0.067244,0.000373,0.015905,0.615038,2.076260,7.020412,0.025000,-0.019000,0.063000,1.066099,0.777388,-85.312187,-91.486420,-107.288361,-15.801944,-38.139355,0.088463,-0.225314,0.148181,-0.024943,-0.019858,-0.100237,0,0.493763,0.066742,1,0,0,0.000000,0.000000,0.000000,0.000000,0.000000,0.000000,0.000000,0.000000,0,0.000000,0.000000,0.000000,0.000000,1,0,0,1,192,2.000000,-0.613388,-0.063161,0.000000,0.000000,0.000000,0.000000,0.000000,0.000000,0,1200.000000,1200.000000,1200.000000
132845,28.370148,100422.000000,-0.070000,15,1,1258,1093,1100,1349,1200.000000,1,1,2,1,0.615774,2.060628,0.607420,0.064283,0.277352,0.277357,0.884267,0.884270,53,0.425000,0.925000,0.129000,0.180625,0.855625,0.016641,1,1,1.500000,-0.010607,0.098539,-0.067213,0.000361,0.015936,0.615070,2.076277,7.015358,0.000000,0.006000,0.060000,1.007285,0.874434,-85.314919,-91.493538,-107.288361,-15.794820,-39.347904,-0.341010,0.576479,0.193507,-0.024493,-0.020963,-0.103519,0,0.512365,0.072343,1,0,0,0.000000,0.000000,0.000000,0.000000,0.000000,0.000000,0.000000,0.000000,0,0.000000,0.000000,0.000000,0.000000,1,0,0,1,192,2.000000,-0.606782,-0.063500,0.000000,0.000000,0.000000,0.000000,0.000000,0.000000,0,1200.000000,1200.000000,1200.000000
132944,28.369343,100419.203125,-0.060000,0,1,1259,1092,1098,1351,1200.000000,1,1,2,1,0.616584,2.060841,0.666752,0.084501,0.272335,0.272338,0.770102,0.770081,30,0.425000,0.926000,0.138000,0.180625,0.857476,0.019044,1,1,1.500000,-0.010603,0.098661,-0.067187,0.000325,0.015795,0.615059,2.076368,6.996968,0.011000,-0.011000,0.047000,1.025356,1.005884,-85.292976,-91.475632,-107.288361,-15.812728,-39.378819,-0.227716,0.596015,0.661659,-0.024538,-0.021598,-0.104826,0,0.479283,0.063121,1,0,0,0.000000,0.000000,0.000000,0.000000,0.000000,0.000000,0.000000,0.000000,0,0.000000,0.000000,0.000000,0.000000,1,0,0,1,192,2.000000,-0.666416,-0.083963,0.000000,0.000000,0.000000,0.000000,0.000000,0.000000,0,1200.000000,1200.000000,1200.000000
133039,28.375456,100423.000000,-0.070000,10,1,1252,1099,1095,1354,1200.000000,1,1,2,1,0.617502,2.060356,0.550183,-0.159689,0.304706,0.304709,1.440973,1.440956,125,0.425000,0.926000,0.138000,0.180625,0.857476,0.019044,1,1,1.500000,-0.010603,0.098661,-0.067187,0.000325,0.015795,0.615059,2.076368,6.996968,0.011000,-0.011000,0.047000,1.032012,1.407638,-85.270943,-91.462402,-107.288361,-15.825958,-39.441799,0.134292,7.587222,-0.216137,-0.024604,-0.026570,-0.102693,0,0.461190,0.057638,1,0,0,0.000000,0.000000,0.000000,0.000000,0.000000,0.000000,0.000000,0.000000,0,0.000000,0.000000,0.000000,0.000000,1,0,0,1,192,2.000000,-0.591480,0.030207,0.000000,0.000000,0.000000,0.000000,0.000000,0.000000,0,1200.000000,1200.000000,1200.000000
133139,28.372969,100422.500000,-0.100000,24,1,1212,1143,1079,1366,1200.000000,1,1,2,1,0.619261,2.065612,0.583608,-0.032870,0.285285,0.285288,1.161193,1.160760,99,0.425000,0.926000,0.134000,0.180625,0.857476,0.017956,1,1,1.500000,-0.010606,0.098771,-0.067185,0.000319,0.015576,0.615121,2.076620,6.978950,0.017000,0.007000,0.037000,1.054639,2.785469,-85.282669,-91.483055,-107.288361,-15.805304,-36.922630,-0.407995,22.853174,-2.967503,-0.022748,-0.054541,-0.088894,0,0.457411,0.057509,1,0,0,0.000000,0.000000,0.000000,0.000000,0.000000,0.000000,0.000000,0.000000,0,0.000000,0.000000,0.000000,0.000000,1,0,0,1,192,2.000000,-0.584330,0.033641,0.000000,0.000000,0.000000,0.000000,0.000000,0.000000,0,1200.000000,1200.000000,1200.000000
133253,28.376192,100421.101563,-0.090000,9,1,1266,1085,1093,1355,1200.000000,1,1,2,1,0.612024,2.065759,0.579355,-0.050489,0.285628,0.285638,1.160877,1.160562,82,0.425000,0.926000,0.113000,0.180625,0.857476,0.012769,1,1,1.500000,-0.010628,0.098817,-0.067202,0.000072,0.014895,0.603684,2.086595,6.959447,-0.014000,0.014000,0.023000,1.116733,2.720512,-85.353134,-91.553589,-107.288361,-15.734769,-40.000000,-0.039727,-11.318570,2.270787,-0.024168,-0.020088,-0.110665,0,0.462707,0.058891,1,0,0,0.000000,0.000000,0.000000,0.000000,0.000000,0.000000,0.000000,0.000000,0,0.000000,0.000000,0.000000,0.000000,1,0,0,1,192,2.000000,-0.612609,-0.018411,0.000000,0.000000,0.000000,0.000000,0.000000,0.000000,0,1200.000000,1200.000000,1200.000000
133390,28.376158,100420.304688,-0.080000,1,1,1259,1093,1097,1351,1200.000000,1,1,2,1,0.616715,2.064646,0.607195,0.014700,0.284520,0.284522,1.103302,1.103132,99,0.425000,0.926000,0.127000,0.180625,0.857476,0.016129,1,1,1.500000,-0.010635,0.098895,-0.067165,0.000045,0.015333,0.603751,2.077332,6.953032,0.025000,-0.004000,0.024000,1.115504,2.918128,-85.353043,-91.615044,-107.288361,-15.673317,-38.995975,-0.747906,-4.112086,0.971754,-0.024010,-0.021972,-0.104635,0,0.491963,0.066619,1,0,0,0.000000,0.000000,0.000000,0.000000,0.000000,0.000000,0.000000,0.000000,0,0.000000,0.000000,0.000000,0.000000,1,0,0,1,192,2.000000,-0.607088,-0.006522,0.000000,0.000000,0.000000,0.000000,0.000000,0.000000,0,1200.000000,1200.000000,1200.000000
133447,28.373861,100421.398438,-0.090000,15,1,1246,1106,1092,1355,1200.000000,1,1,2,1,0.613573,2.067061,0.629829,0.023100,0.274093,0.274097,0.714613,0.714594,33,0.425000,0.926000,0.116000,0.180625,0.857476,0.013456,1,1,1.500000,-0.010643,0.098973,-0.067140,0.000033,0.015342,0.603628,2.077470,6.940462,-0.012000,0.002000,0.020000,1.108627,2.957190,-85.375183,-91.638763,-107.288361,-15.649596,-38.962311,-0.539809,2.772425,-0.502717,-0.023655,-0.030603,-0.100687,0,0.514889,0.073151,1,0,0,0.000000,0.000000,0.000000,0.000000,0.000000,0.000000,0.000000,0.000000,0,0.000000,0.000000,0.000000,0.000000,1,0,0,1,192,2.000000,-0.629491,-0.026698,0.000000,0.000000,0.000000,0.000000,0.000000,0.000000,0,1200.000000,1200.000000,1200.000000
133532,28.378206,100420.898438,-0.090000,14,1,1249,1103,1091,1356,1200.000000,1,1,2,1,0.614292,2.067283,0.562527,-0.099833,0.292766,0.292767,1.280764,1.280758,118,0.425000,0.926000,0.116000,0.180625,0.857476,0.013456,1,1,1.500000,-0.010643,0.098973,-0.067140,0.000033,0.015342,0.603628,2.077470,6.940462,-0.012000,0.002000,0.020000,1.097655,2.924649,-85.346077,-91.615677,-107.288361,-15.672682,-38.956909,0.001847,1.487450,0.281582,-0.023778,-0.029858,-0.102726,0,0.447367,0.054838,1,0,0,0.000000,0.000000,0.000000,0.000000,0.000000,0.000000,0.000000,0.000000,0,0.000000,0.000000,0.000000,0.000000,1,0,0,1,192,2.000000,-0.597386,0.009484,0.000000,0.000000,0.000000,0.000000,0.000000,0.000000,0,1200.000000,1200.000000,1200.000000
133637,28.377838,100422.203125,-0.110000,33,1,1254,1098,1096,1352,1200.000000,1,1,2,1,0.613479,2.068989,0.592297,-0.009998,0.285654,0.285653,1.159955,1.159941,89,0.425000,0.926000,0.129000,0.180625,0.857476,0.016641,1,1,1.500000,-0.010652,0.099040,-0.067117,-0.000010,0.015042,0.603563,2.077487,6.928372,0.007000,0.010000,0.020000,1.098197,2.946249,-85.337273,-91.615501,-107.288361,-15.672859,-38.991825,-0.409440,-0.587585,0.322540,-0.023906,-0.025246,-0.102925,0,0.453740,0.056823,1,0,0,0.000000,0.000000,0.000000,0.000000,0.000000,0.000000,0.000000,0.000000,0,0.000000,0.000000,0.000000,0.000000,1,0,0,1,192,2.000000,-0.592493,0.011795,0.000000,0.000000,0.000000,0.000000,0.000000,0.000000,0,1200.000000,1200.000000,1200.000000
133746,28.376402,100421.304688,-0.120000,12,1,1252,1100,1097,1350,1200.000000,1,1,2,1,0.612384,2.068167,0.585580,-0.050550,0.282965,0.282958,1.161642,1.161590,79,0.425000,0.927000,0.130000,0.180625,0.859329,0.016900,1,1,1.500000,-0.010661,0.099107,-0.067093,-0.000014,0.015028,0.592434,2.077528,6.907201,0.000000,-0.004000,0.010000,1.091338,2.954607,-85.334671,-91.632088,-107.288361,-15.656269,-38.923027,-0.223990,-0.311309,-0.255181,-0.023878,-0.025380,-0.101232,0,0.436321,0.052510,1,0,0,0.000000,0.000000,0.000000,0.000000,0.000000,0.000000,0.000000,0.000000,0,0.000000,0.000000,0.000000,0.000000,1,0,0,1,192,2.000000,-0.586169,0.048016,0.000000,0.000000,0.000000,0.000000,0.000000,0.000000,0,1200.000000,1200.000000,1200.000000
133839,28.370516,100420.500000,-0.110000,20,1,1252,1100,1095,1353,1200.000000,1,1,2,1,0.612998,2.069007,0.613224,0.021985,0.274697,0.274691,0.884451,0.884437,49,0.425000,0.927000,0.128000,0.180625,0.859329,0.016384,1,1,1.500000,-0.010670,0.099185,-0.067070,-0.000012,0.015335,0.603491,2.077545,6.899121,0.013000,0.003000,0.016000,1.098509,2.976438,-85.332176,-91.640839,-107.288361,-15.647520,-38.915283,-0.003140,-0.804227,0.245792,-0.024094,-0.026704,-0.102523,0,0.474112,0.062199,1,0,0,0.000000,0.000000,0.000000,0.000000,0.000000,0.000000,0.000000,0.000000,0,0.000000,0.000000,0.000000,0.000000,1,0,0,1,192,2.000000,-0.644112,-0.049938,0.000000,0.000000,0.000000,0.000000,0.000000,0.000000,0,1200.000000,1200.000000,1200.000000
133958,28.375036,100420.703125,-0.090000,1,1,1251,1101,1094,1354,1200.000000,1,1,2,1,0.611975,2.070159,0.639091,0.041414,0.275136,0.275132,0.853934,0.853933,43,0.425000,0.927000,0.120000,0.180625,0.859329,0.014400,1,1,1.500000,-0.010675,0.099257,-0.067040,-0.000001,0.015011,0.592358,2.077596,6.875922,0.005000,0.004000,0.007000,1.091918,2.981807,-85.315750,-91.633835,-107.288361,-15.654528,-38.927914,-0.393977,-0.142321,0.241963,-0.023948,-0.027477,-0.102546,0,0.430444,0.050534,1,0,0,0.000000,0.000000,0.000000,0.000000,0.000000,0.000000,0.000000,0.000000,0,0.000000,0.000000,0.000000,0.000000,1,0,0,1,192,2.000000,-0.638334,-0.042150,0.000000,0.000000,0.000000,0.000000,0.000000,0.000000,0,1200.000000,1200.000000,1200.000000
134057,28.375509,100421.203125,-0.090000,0,1,1248,1103,1097,1352,1200.000000,1,1,2,1,0.610596,2.070792,0.659203,0.043170,0.272038,0.272035,0.677627,0.677628,18,0.426000,0.927000,0.100000,0.181476,0.859329,0.010000,1,1,1.500000,-0.010682,0.099330,-0.067002,-0.000077,0.015049,0.592361,2.077575,6.859000,-0.001000,-0.002000,0.005000,1.094892,2.988993,-85.321312,-91.650299,-107.288361,-15.638060,-38.907730,0.911016,-0.095258,-0.775997,-0.024533,-0.027457,-0.099829,0,0.455028,0.056800,1,0,0,0.000000,0.000000,0.000000,0.000000,0.000000,0.000000,0.000000,0.000000,0,0.000000,0.000000,0.000000,0.000000,1,0,0,1,192,2.000000,-0.568166,0.081237,0.000000,0.000000,0.000000,0.000000,0.000000,0.000000,0,1200.000000,1200.000000,1200.000000
134148,28.371305,100419.000000,-0.070000,1,1,1254,1097,1096,1353,1200.000000,1,1,2,1,0.610429,2.071023,0.589317,-0.042185,0.287435,0.287434,1.197645,1.197639,109,0.426000,0.927000,0.100000,0.181476,0.859329,0.010000,1,1,1.500000,-0.010682,0.099330,-0.067002,-0.000077,0.015049,0.592361,2.077575,6.859000,-0.001000,-0.002000,0.005000,1.111724,3.016843,-85.312805,-91.635368,-107.288361,-15.652990,-38.883327,0.742197,-2.511674,0.758514,-0.024622,-0.024953,-0.103782,0,0.474765,0.062079,1,0,0,0.000000,0.000000,0.000000,0.000000,0.000000,0.000000,0.000000,0.000000,0,0.000000,0.000000,0.000000,0.000000,1,0,0,1,192,2.000000,-0.589653,0.041799,0.000000,0.000000,0.000000,0.000000,0.000000,0.000000,0,1200.000000,1200.000000,1200.000000
134240,28.376070,100420.500000,-0.060000,7,1,1261,1093,1094,1352,1200.000000,1,1,2,1,0.607871,2.071501,0.571619,-0.076748,0.278879,0.278886,1.100575,1.100673,69,0.426000,0.927000,0.114000,0.181476,0.859329,0.012996,1,1,1.500000,-0.010690,0.099400,-0.066962,-0.000108,0.015099,0.592310,2.077501,6.848247,-0.001000,-0.003000,0.013000,1.105287,3.061500,-85.318573,-91.636398,-107.288361,-15.651959,-38.995308,-0.895919,-2.343900,1.697974,-0.022806,-0.022491,-0.106535,0,0.486883,0.065219,1,0,0,0.000000,0.000000,0.000000,0.000000,0.000000,0.000000,0.000000,0.000000,0,0.000000,0.000000,0.000000,0.000000,1,0,0,1,192,2.000000,-0.571619,0.076748,0.000000,0.000000,0.000000,0.000000,0.000000,0.000000,0,1200.000000,1200.000000,1200.000000
134334,28.374826,100418.703125,-0.040000,15,1,1249,1102,1096,1353,1200.000000,1,1,2,1,0.606545,2.071597,0.590945,0.008145,0.274713,0.274715,0.883320,0.883315,42,0.426000,0.927000,0.118000,0.181476,0.859329,0.013924,1,1,1.500000,-0.010696,0.099470,-0.066915,-0.000108,0.015094,0.592280,2.077475,6.845329,-0.003000,0.000000,0.020000,1.100955,3.070302,-85.313934,-91.666565,-107.288361,-15.621798,-38.889317,0.595789,-0.862595,-0.337593,-0.024482,-0.027155,-0.100928,0,0.526004,0.076504,1,0,0,0.000000,0.000000,0.000000,0.000000,0.000000,0.000000,0.000000,0.000000,0,0.000000,0.000000,0.000000,0.000000,1,0,0,1,192,2.000000,-0.626004,-0.033700,0.000000,0.000000,0.000000,0.000000,0.000000,0.000000,0,1200.000000,1200.000000,1200.000000
134435,28.376577,100420.398438,-0.040000,30,1,1243,1107,1101,1349,1200.000000,1,1,2,1,0.605406,2.071370,0.611091,0.034770,0.273065,0.273063,0.697746,0.697711,20,0.426000,0.927000,0.125000,0.181476,0.859329,0.015625,1,1,1.500000,-0.010699,0.099553,-0.066844,-0.000194,0.015370,0.581188,2.077519,6.821169,0.013000,-0.001000,0.011000,1.082803,3.088822,-85.302216,-91.675659,-107.288361,-15.612700,-37.667679,2.153872,-0.239524,-1.049563,-0.024966,-0.027895,-0.095866,0,0.454479,0.056297,1,0,0,0.000000,0.000000,0.000000,0.000000,0.000000,0.000000,0.000000,0.000000,0,0.000000,0.000000,0.000000,0.000000,1,0,0,1,192,2.000000,-0.517151,0.182210,0.000000,0.000000,0.000000,0.000000,0.000000,0.000000,0,1200.000000,1200.000000,1200.000000
134561,28.375019,100420.304688,-0.060000,19,1,1256,1097,1090,1357,1200.000000,1,1,2,1,0.605335,2.072923,0.600130,0.039608,0.273101,0.273098,0.679332,0.679277,19,0.426000,0.928000,0.123000,0.181476,0.861184,0.015129,1,1,1.500000,-0.010692,0.099645,-0.066814,0.000324,0.015555,0.581183,2.086344,6.802212,0.005000,0.011000,0.008000,1.114796,3.054559,-85.319443,-91.660156,-107.288361,-15.628203,-40.000000,-1.350629,-1.777558,0.683805,-0.023481,-0.026900,-0.106510,0,0.423230,0.048210,1,0,0,0.000000,0.000000,0.000000,0.000000,0.000000,0.000000,0.000000,0.000000,0,0.000000,0.000000,0.000000,0.000000,1,0,0,1,192,2.000000,-0.600051,-0.039252,0.000000,0.000000,0.000000,0.000000,0.000000,0.000000,0,1200.000000,1200.000000,1200.000000
134633,28.376875,100420.304688,-0.060000,5,1,1257,1096,1086,1360,1200.000000,1,1,2,1,0.606247,2.072772,0.535193,-0.081478,0.282644,0.282641,1.091474,1.091614,91,0.426000,0.928000,0.123000,0.181476,0.861184,0.015129,1,1,1.500000,-0.010692,0.099645,-0.066814,0.000324,0.015555,0.581183,2.086344,6.802212,0.005000,0.011000,0.008000,1.112465,3.061381,-85.312508,-91.651947,-107.288361,-15.636414,-40.000000,-1.397891,0.769226,1.453686,-0.023452,-0.028450,-0.108525,0,0.448093,0.055124,1,0,0,0.000000,0.000000,0.000000,0.000000,0.000000,0.000000,0.000000,0.000000,0,0.000000,0.000000,0.000000,0.000000,1,0,0,1,192,2.000000,-0.568145,0.002376,0.000000,0.000000,0.000000,0.000000,0.000000,0.000000,0,1200.000000,1200.000000,1200.000000
134750,28.374861,100419.804688,-0.050000,19,1,1255,1098,1086,1362,1200.000000,1,1,2,1,0.602897,2.073486,0.552486,-0.061002,0.281408,0.281407,1.090428,1.090409,83,0.426000,0.928000,0.099000,0.181476,0.861184,0.009801,1,1,1.500000,-0.010688,0.099730,-0.066782,0.000224,0.015443,0.581187,2.086336,6.779245,0.000000,-0.003000,-0.004000,1.078066,3.082630,-85.286804,-91.659378,-107.288361,-15.628983,-40.000000,-0.122974,1.417893,1.345950,-0.023778,-0.029651,-0.108243,0,0.477030,0.062699,1,0,0,0.000000,0.000000,0.000000,0.000000,0.000000,0.000000,0.000000,0.000000,0,0.000000,0.000000,0.000000,0.000000,1,0,0,1,192,2.000000,-0.553348,0.061955,0.000000,0.000000,0.000000,0.000000,0.000000,0.000000,0,1200.000000,1200.000000,1200.000000
134840,28.378855,100422.000000,-0.060000,24,1,1247,1105,1091,1357,1200.000000,1,1,2,1,0.602150,2.076413,0.573226,-0.002167,0.273641,0.273641,0.881490,0.881451,49,0.426000,0.928000,0.122000,0.181476,0.861184,0.014884,1,1,1.500000,-0.010692,0.099812,-0.066766,0.000029,0.015414,0.581289,2.086306,6.773403,0.005000,0.013000,0.000000,1.074602,3.074637,-85.277107,-91.668648,-107.288361,-15.619714,-38.878529,0.402901,2.551168,0.031674,-0.023975,-0.031038,-0.101867,0,0.485459,0.065191,1,0,0,0.000000,0.000000,0.000000,0.000000,0.000000,0.000000,0.000000,0.000000,0,0.000000,0.000000,0.000000,0.000000,1,0,0,1,192,2.000000,-0.573226,0.002167,0.000000,0.000000,0.000000,0.000000,0.000000,0.000000,0,1200.000000,1200.000000,1200.000000
134935,28.376263,100419.703125,-0.050000,33,1,1249,1105,1090,1357,1200.000000,1,1,2,1,0.600831,2.076920,0.595086,0.019151,0.271919,0.271920,0.679843,0.679829,21,0.426000,0.928000,0.102000,0.181476,0.861184,0.010404,1,1,1.500000,-0.010694,0.099893,-0.066752,0.000094,0.015359,0.581194,2.086272,6.761483,0.005000,-0.006000,-0.004000,1.052260,3.051353,-85.254059,-91.646996,-107.288361,-15.641366,-38.940014,0.415664,1.455861,0.362479,-0.023383,-0.030947,-0.102894,0,0.429245,0.050238,1,0,0,0.000000,0.000000,0.000000,0.000000,0.000000,0.000000,0.000000,0.000000,0,0.000000,0.000000,0.000000,0.000000,1,0,0,1,192,2.000000,-0.503295,0.171744,0.000000,0.000000,0.000000,0.000000,0.000000,0.000000,0,1200.000000,1200.000000,1200.000000
135056,28.376314,100419.804688,-0.040000,1,1,1245,1107,1096,1353,1200.000000,1,1,2,1,0.599097,2.077916,0.613676,0.039015,0.271077,0.271078,0.695276,0.695279,17,0.426000,0.928000,0.102000,0.181476,0.861184,0.010404,1,1,1.500000,-0.010706,0.099962,-0.066746,-0.000157,0.014981,0.581191,2.086308,6.750350,-0.005000,0.004000,0.001000,1.046631,3.069603,-85.258026,-91.670250,-107.288361,-15.618109,-38.778046,0.211853,0.424029,-1.053576,-0.024290,-0.029783,-0.098762,0,0.461310,0.058413,1,0,0,0.000000,0.000000,0.000000,0.000000,0.000000,0.000000,0.000000,0.000000,0,0.000000,0.000000,0.000000,0.000000,1,0,0,1,192,2.000000,-0.523613,0.098776,0.000000,0.000000,0.000000,0.000000,0.000000,0.000000,0,1200.000000,1200.000000,1200.000000
135147,28.379469,100419.601563,-0.020000,1,1,1246,1107,1093,1353,1200.000000,1,1,2,1,0.598734,2.078134,0.541683,-0.053283,0.287384,0.287385,1.218029,1.218034,108,0.426000,0.928000,0.102000,0.181476,0.861184,0.010404,1,1,1.500000,-0.010706,0.099962,-0.066746,-0.000157,0.014981,0.581191,2.086308,6.750350,-0.005000,0.004000,0.001000,1.036805,3.059186,-85.254997,-91.679131,-107.288361,-15.609230,-38.795448,-0.901438,1.947717,-0.719386,-0.023247,-0.030403,-0.099683,0,0.488832,0.065793,1,0,0,0.000000,0.000000,0.000000,0.000000,0.000000,0.000000,0.000000,0.000000,0,0.000000,0.000000,0.000000,0.000000,1,0,0,1,192,2.000000,-0.542001,0.053091,0.000000,0.000000,0.000000,0.000000,0.000000,0.000000,0,1200.000000,1200.000000,1200.000000
135244,28.376350,100420.101563,-0.010000,12,1,1254,1101,1088,1357,1200.000000,1,1,2,1,0.597932,2.078974,0.527983,-0.043442,0.281041,0.281042,1.050153,1.050146,68,0.427000,0.928000,0.112000,0.182329,0.861184,0.012544,1,1,1.500000,-0.010730,0.100049,-0.066729,-0.000667,0.015632,0.570048,2.086359,6.732143,0.001000,0.003000,-0.012000,1.066170,3.066435,-85.253914,-91.656723,-107.288361,-15.631639,-38.888382,-1.032147,0.441690,1.388003,-0.022624,-0.028869,-0.105443,0,0.492883,0.066944,1,0,0,0.000000,0.000000,0.000000,0.000000,0.000000,0.000000,0.000000,0.000000,0,0.000000,0.000000,0.000000,0.000000,1,0,0,1,192,2.000000,-0.528394,0.038793,0.000000,0.000000,0.000000,0.000000,0.000000,0.000000,0,1200.000000,1200.000000,1200.000000
135332,28.379747,100421.000000,-0.040000,14,1,1256,1098,1088,1358,1200.000000,1,1,2,1,0.596080,2.080074,0.548599,-0.002042,0.274196,0.274196,0.881045,0.881067,43,0.427000,0.928000,0.106000,0.182329,0.861184,0.011236,1,1,1.500000,-0.010749,0.100114,-0.066676,-0.000651,0.015117,0.570017,2.086315,6.717289,0.003000,0.007000,-0.003000,1.046502,3.087415,-85.227722,-91.656548,-107.288361,-15.631810,-38.839470,-0.896891,0.104287,2.012940,-0.022983,-0.028228,-0.106951,0,0.480787,0.063906,1,0,0,0.000000,0.000000,0.000000,0.000000,0.000000,0.000000,0.000000,0.000000,0,0.000000,0.000000,0.000000,0.000000,1,0,0,1,192,2.000000,-0.580733,-0.027226,0.000000,0.000000,0.000000,0.000000,0.000000,0.000000,0,1200.000000,1200.000000,1200.000000
135433,28.378294,100419.000000,-0.040000,29,1,1250,1103,1095,1352,1200.000000,1,1,2,1,0.594192,2.079608,0.573518,0.037833,0.272328,0.272328,0.679731,0.679731,18,0.427000,0.929000,0.120000,0.182329,0.863041,0.014400,1,1,1.500000,-0.010761,0.100187,-0.066601,-0.000640,0.015159,0.570080,2.086340,6.711226,-0.004000,-0.014000,0.002000,1.003310,3.068275,-85.194084,-91.641060,-107.288361,-15.647301,-38.872070,-0.450638,-0.497146,-0.315042,-0.023571,-0.027656,-0.100942,0,0.415875,0.047151,1,0,0,0.000000,0.000000,0.000000,0.000000,0.000000,0.000000,0.000000,0.000000,0,0.000000,0.000000,0.000000,0.000000,1,0,0,1,192,2.000000,-0.481004,0.165836,0.000000,0.000000,0.000000,0.000000,0.000000,0.000000,0,1200.000000,1200.000000,1200.000000
135546,28.380413,100420.101563,-0.030000,12,1,1245,1105,1096,1355,1200.000000,1,1,2,1,0.592533,2.079432,0.564933,0.017157,0.273063,0.273064,0.697810,0.697808,0,0.427000,0.929000,0.123000,0.182329,0.863041,0.015129,1,1,1.500000,-0.010717,0.100295,-0.066364,0.000429,0.016288,0.569964,2.086277,6.687405,0.000000,-0.003000,-0.008000,1.011018,3.083504,-85.197411,-91.681923,-107.288361,-15.606436,-38.839111,1.027665,0.444584,-0.723469,-0.025126,-0.029614,-0.099787,0,0.419498,0.047979,1,0,0,0.000000,0.000000,0.000000,0.000000,0.000000,0.000000,0.000000,0.000000,0,0.000000,0.000000,0.000000,0.000000,1,0,0,1,192,2.000000,-0.476009,0.153580,0.000000,0.000000,0.000000,0.000000,0.000000,0.000000,0,1200.000000,1200.000000,1200.000000
135667,28.379240,100420.601563,-0.020000,5,1,1247,1105,1098,1350,1200.000000,1,1,2,1,0.592762,2.078687,0.463430,-0.183799,0.291581,0.291582,1.271436,1.271426,0,0.427000,0.929000,0.127000,0.182329,0.863041,0.016129,1,1,1.500000,-0.010669,0.100402,-0.066114,0.000505,0.016234,0.569964,2.086277,6.687405,0.002000,0.011000,0.000000,1.020827,3.089488,-85.182541,-91.659935,-107.288361,-15.628423,-37.601860,-0.374340,-0.697868,0.034775,-0.023679,-0.027601,-0.098532,0,0.417000,0.047375,1,0,0,0.000000,0.000000,0.000000,0.000000,0.000000,0.000000,0.000000,0.000000,0,0.000000,0.000000,0.000000,0.000000,1,0,0,1,192,2.000000,-0.497299,0.074951,0.000000,0.000000,0.000000,0.000000,0.000000,0.000000,0,1200.000000,1200.000000,1200.000000
135749,28.380220,100421.203125,-0.040000,1,1,1242,1109,1103,1347,1200.000000,1,1,2,1,0.591402,2.082227,0.525903,0.002097,0.279532,0.279532,1.025008,1.025008,82,0.427000,0.929000,0.127000,0.182329,0.863041,0.016129,1,1,1.500000,-0.010669,0.100402,-0.066114,0.000505,0.016234,0.569969,2.095129,6.676355,0.002000,0.011000,0.000000,1.011581,3.090318,-85.167130,-91.666672,-107.288361,-15.621688,-37.630955,0.792880,-0.132088,-1.696799,-0.024514,-0.027927,-0.094075,0,0.467071,0.060311,1,0,0,0.000000,0.000000,0.000000,0.000000,0.000000,0.000000,0.000000,0.000000,0,0.000000,0.000000,0.000000,0.000000,1,0,0,1,192,2.000000,-0.525898,0.000334,0.000000,0.000000,0.000000,0.000000,0.000000,0.000000,0,1200.000000,1200.000000,1200.000000
135848,28.379030,100420.398438,-0.040000,0,1,1254,1099,1091,1356,1200.000000,1,1,2,1,0.588183,2.081701,0.514781,-0.053344,0.276964,0.276963,1.053314,1.053299,59,0.427000,0.930000,0.112000,0.182329,0.864900,0.012544,1,1,1.500000,-0.010617,0.100507,-0.065851,0.000509,0.016144,0.558843,2.095144,6.659286,-0.011000,-0.008000,0.000000,0.996886,3.086442,-85.156647,-91.660767,-107.288361,-15.627596,-40.000000,-0.172594,-0.536307,0.059490,-0.023626,-0.027698,-0.104876,0,0.446194,0.054836,1,0,0,0.000000,0.000000,0.000000,0.000000,0.000000,0.000000,0.000000,0.000000,0,0.000000,0.000000,0.000000,0.000000,1,0,0,1,192,2.000000,-0.546098,-0.008166,0.000000,0.000000,0.000000,0.000000,0.000000,0.000000,0,1200.000000,1200.000000,1200.000000
135955,28.382639,100419.804688,-0.040000,1,1,1250,1102,1096,1352,1200.000000,1,1,2,1,0.587945,2.082553,0.566461,0.031548,0.273762,0.273761,0.929485,0.929462,40,0.427000,0.930000,0.099000,0.182329,0.864900,0.009801,1,1,1.500000,-0.010566,0.100611,-0.065588,0.000507,0.016102,0.558825,2.095155,6.646237,0.022000,0.001000,-0.003000,0.999227,3.066863,-85.137909,-91.660065,-107.288361,-15.628293,-38.868832,0.082540,-0.676292,-0.196432,-0.023875,-0.027060,-0.101244,0,0.412268,0.046322,1,0,0,0.000000,0.000000,0.000000,0.000000,0.000000,0.000000,0.000000,0.000000,0,0.000000,0.000000,0.000000,0.000000,1,0,0,1,192,2.000000,-0.566003,-0.033111,0.000000,0.000000,0.000000,0.000000,0.000000,0.000000,0,1200.000000,1200.000000,1200.000000
136054,28.383865,100422.398438,-0.060000,0,1,1254,1098,1097,1350,1200.000000,1,1,2,1,0.584644,2.083952,0.586718,0.032534,0.271290,0.271289,0.715394,0.715391,17,0.428000,0.930000,0.117000,0.183184,0.864900,0.013689,1,1,1.500000,-0.010516,0.100736,-0.065363,0.000700,0.016664,0.558864,2.095181,6.630164,-0.017000,0.004000,-0.007000,0.988463,3.090503,-85.139481,-91.660515,-107.288361,-15.627849,-38.910496,0.108210,-0.951502,0.141821,-0.023799,-0.024446,-0.102239,0,0.433048,0.051337,1,0,0,0.000000,0.000000,0.000000,0.000000,0.000000,0.000000,0.000000,0.000000,0,0.000000,0.000000,0.000000,0.000000,1,0,0,1,192,2.000000,-0.495833,0.106281,0.000000,0.000000,0.000000,0.000000,0.000000,0.000000,0,1200.000000,1200.000000,1200.000000
136152,28.382498,100421.000000,-0.060000,0,1,1252,1101,1092,1355,1200.000000,1,1,2,1,0.583465,2.084574,0.520487,-0.052813,0.296167,0.296167,1.316649,1.316646,115,0.428000,0.930000,0.117000,0.183184,0.864900,0.013689,1,1,1.500000,-0.010516,0.100736,-0.065363,0.000700,0.016664,0.558864,2.095181,6.630164,-0.017000,0.004000,-0.007000,0.991242,3.099200,-85.137337,-91.660782,-107.288361,-15.627576,-38.865765,-0.545209,-0.593264,0.668960,-0.023475,-0.027699,-0.103502,0,0.434360,0.051883,1,0,0,0.000000,0.000000,0.000000,0.000000,0.000000,0.000000,0.000000,0.000000,0,0.000000,0.000000,0.000000,0.000000,1,0,0,1,192,2.000000,-0.520913,0.053621,0.000000,0.000000,0.000000,0.000000,0.000000,0.000000,0,1200.000000,1200.000000,1200.000000
136243,28.381062,100420.500000,-0.040000,5,1,1251,1102,1094,1354,1200.000000,1,1,2,1,0.581857,2.083876,0.512377,-0.054081,0.279470,0.279470,0.973977,0.973974,71,0.428000,0.931000,0.121000,0.183184,0.866761,0.014641,1,1,1.500000,-0.010466,0.100863,-0.065143,0.000708,0.016683,0.558856,2.095124,6.612367,-0.001000,-0.008000,-0.003000,0.991620,3.098786,-85.129448,-91.660789,-107.288361,-15.627568,-38.865818,0.191208,-0.768337,0.146431,-0.023796,-0.027590,-0.102134,0,0.444789,0.054347,1,0,0,0.000000,0.000000,0.000000,0.000000,0.000000,0.000000,0.000000,0.000000,0,0.000000,0.000000,0.000000,0.000000,1,0,0,1,192,2.000000,-0.544787,-0.001213,0.000000,0.000000,0.000000,0.000000,0.000000,0.000000,0,1200.000000,1200.000000,1200.000000
136337,28.382008,100421.101563,-0.030000,13,1,1251,1102,1095,1352,1200.000000,1,1,2,1,0.581214,2.084904,0.533895,0.007055,0.275337,0.275336,0.867029,0.867028,45,0.428000,0.931000,0.120000,0.183184,0.866761,0.014400,1,1,1.500000,-0.010421,0.100973,-0.064921,0.000571,0.016293,0.558839,2.095152,6.601253,0.009000,0.001000,0.005000,0.994147,3.106256,-85.121750,-91.668243,-107.288361,-15.620117,-38.854675,-0.154683,-0.527128,-0.051017,-0.023591,-0.026892,-0.101588,0,0.476199,0.062622,1,0,0,0.000000,0.000000,0.000000,0.000000,0.000000,0.000000,0.000000,0.000000,0,0.000000,0.000000,0.000000,0.000000,1,0,0,1,192,2.000000,-0.566006,-0.031640,0.000000,0.000000,0.000000,0.000000,0.000000,0.000000,0,1200.000000,1200.000000,1200.000000
136447,28.379835,100419.601563,-0.020000,37,1,1251,1101,1094,1354,1200.000000,1,1,2,1,0.579467,2.085745,0.557353,0.026107,0.273307,0.273306,0.679548,0.679548,32,0.428000,0.932000,0.104000,0.183184,0.868624,0.010816,1,1,1.500000,-0.010389,0.101065,-0.064724,0.000280,0.015819,0.547713,2.095192,6.581099,0.008000,0.003000,-0.002000,0.986863,3.100471,-85.113579,-91.676315,-107.288361,-15.612043,-38.851990,0.021180,-0.483086,0.274227,-0.023718,-0.027460,-0.102432,0,0.420573,0.048198,1,0,0,0.000000,0.000000,0.000000,0.000000,0.000000,0.000000,0.000000,0.000000,0,0.000000,0.000000,0.000000,0.000000,1,0,0,1,192,2.000000,-0.557039,-0.026330,0.000000,0.000000,0.000000,0.000000,0.000000,0.000000,0,1200.000000,1200.000000,1200.000000
136559,28.383865,100421.203125,-0.040000,1,1,1250,1102,1094,1353,1200.000000,1,1,2,1,0.576408,2.086595,0.575916,0.027519,0.270891,0.270890,0.809446,0.809444,20,0.428000,0.932000,0.127000,0.183184,0.868624,0.016129,1,1,1.500000,-0.010358,0.101157,-0.064530,0.000268,0.015798,0.547732,2.095184,6.565135,-0.013000,0.001000,-0.012000,0.974715,3.096598,-85.100304,-91.668365,-107.288361,-15.619994,-38.849869,-0.004703,-0.265742,0.033915,-0.023662,-0.027694,-0.101798,0,0.436069,0.052383,1,0,0,0.000000,0.000000,0.000000,0.000000,0.000000,0.000000,0.000000,0.000000,0,0.000000,0.000000,0.000000,0.000000,1,0,0,1,192,2.000000,-0.493041,0.059154,0.000000,0.000000,0.000000,0.000000,0.000000,0.000000,0,1200.000000,1200.000000,1200.000000
136649,28.381342,100420.304688,-0.040000,5,1,1250,1103,1094,1353,1200.000000,1,1,2,1,0.575421,2.086817,0.475284,-0.184123,0.289984,0.289984,1.287030,1.287027,110,0.428000,0.932000,0.127000,0.183184,0.868624,0.016129,1,1,1.500000,-0.010358,0.101157,-0.064530,0.000268,0.015798,0.547732,2.095184,6.565135,-0.013000,0.001000,-0.012000,0.972834,3.107353,-85.095833,-91.676338,-107.288361,-15.612023,-38.829166,-0.005655,-0.223642,-0.011679,-0.023626,-0.027850,-0.101624,0,0.408674,0.045443,1,0,0,0.000000,0.000000,0.000000,0.000000,0.000000,0.000000,0.000000,0.000000,0,0.000000,0.000000,0.000000,0.000000,1,0,0,1,192,2.000000,-0.509103,0.071549,0.000000,0.000000,0.000000,0.000000,0.000000,0.000000,0,1200.000000,1200.000000,1200.000000
136800,28.381220,100419.804688,-0.030000,24,1,1250,1103,1094,1353,1200.000000,1,1,2,1,0.572034,2.086386,0.554000,0.028610,0.271057,0.271057,0.471065,0.471065,9,0.429000,0.933000,0.116000,0.184041,0.870489,0.013456,1,1,1.500000,-0.010298,0.101323,-0.064120,0.000185,0.015621,0.547723,2.095192,6.544102,0.012000,-0.013000,0.001000,0.983051,3.101084,-85.085648,-91.676056,-107.288361,-15.612303,-38.829079,0.010047,0.231670,-0.069250,-0.023661,-0.028212,-0.101473,0,0.407685,0.045173,1,0,0,0.000000,0.000000,0.000000,0.000000,0.000000,0.000000,0.000000,0.000000,0,0.000000,0.000000,0.000000,0.000000,1,0,0,1,192,2.000000,-0.463960,0.186905,0.000000,0.000000,0.000000,0.000000,0.000000,0.000000,0,1200.000000,1200.000000,1200.000000
136849,28.380747,100419.304688,-0.020000,29,1,1250,1103,1094,1353,1200.000000,1,1,2,1,0.572528,2.085707,0.522699,-0.000100,0.278635,0.278634,1.025431,1.025430,58,0.429000,0.933000,0.116000,0.184041,0.870489,0.013456,1,1,1.500000,-0.010298,0.101323,-0.064120,0.000185,0.015621,0.547723,2.095192,6.544102,0.012000,-0.013000,0.001000,0.981914,3.100121,-85.079132,-91.676186,-107.288361,-15.612173,-38.828335,-0.001770,-0.033447,0.015885,-0.023684,-0.028035,-0.101694,0,0.474799,0.062279,1,0,0,0.000000,0.000000,0.000000,0.000000,0.000000,0.000000,0.000000,0.000000,0,0.000000,0.000000,0.000000,0.000000,1,0,0,1,192,2.000000,-0.522700,0.000183,0.000000,0.000000,0.000000,0.000000,0.000000,0.000000,0,1200.000000,1200.000000,1200.000000
136940,28.383392,100420.601563,-0.020000,35,1,1250,1103,1094,1353,1200.000000,1,1,2,1,0.569475,2.086070,0.544723,0.020020,0.273337,0.273337,0.697759,0.697758,25,0.429000,0.933000,0.128000,0.184041,0.870489,0.016384,1,1,1.500000,-0.010253,0.101408,-0.063882,0.000562,0.015949,0.536620,2.095208,6.510042,-0.005000,-0.004000,-0.010000,0.972526,3.105223,-85.073975,-91.675919,-107.288361,-15.612440,-38.829781,-0.013350,-0.042581,0.000217,-0.023641,-0.028006,-0.101657,0,0.408880,0.045536,1,0,0,0.000000,0.000000,0.000000,0.000000,0.000000,0.000000,0.000000,0.000000,0,0.000000,0.000000,0.000000,0.000000,1,0,0,1,192,2.000000,-0.454193,0.167636,0.000000,0.000000,0.000000,0.000000,0.000000,0.000000,0,1200.000000,1200.000000,1200.000000
137057,28.385231,100420.898438,0.000000,0,1,1250,1103,1094,1353,1200.000000,1,1,2,1,0.566609,2.090459,0.561066,0.034502,0.272341,0.272340,0.677628,0.677629,17,0.429000,0.933000,0.125000,0.184041,0.870489,0.015625,1,1,1.500000,-0.010207,0.101494,-0.063645,0.000545,0.015968,0.536620,2.104045,6.506044,-0.004000,0.041000,0.002000,0.972427,3.128379,-85.065361,-91.675629,-107.288361,-15.612734,-38.829819,0.000000,0.000002,0.000000,-0.023630,-0.028160,-0.101656,0,0.459899,0.057969,1,0,0,0.000000,0.000000,0.000000,0.000000,0.000000,0.000000,0.000000,0.000000,0,0.000000,0.000000,0.000000,0.000000,1,0,0,1,192,2.000000,-0.471398,0.105680,0.000000,0.000000,0.000000,0.000000,0.000000,0.000000,0,1200.000000,1200.000000,1200.000000
137148,28.385214,100421.398438,-0.010000,1,1,1250,1103,1094,1353,1200.000000,1,1,2,1,0.566163,2.093707,0.490966,-0.050685,0.287721,0.287721,1.197665,1.197665,108,0.429000,0.933000,0.125000,0.184041,0.870489,0.015625,1,1,1.500000,-0.010207,0.101494,-0.063645,0.000545,0.015968,0.536620,2.104045,6.506044,-0.004000,0.041000,0.002000,0.971276,3.129126,-85.056549,-91.675774,-107.288361,-15.612583,-38.787502,0.000000,0.000000,0.000000,-0.023638,-0.028154,-0.101545,0,0.466543,0.059906,1,0,0,0.000000,0.000000,0.000000,0.000000,0.000000,0.000000,0.000000,0.000000,0,0.000000,0.000000,0.000000,0.000000,1,0,0,1,192,2.000000,-0.491371,0.050558,0.000000,0.000000,0.000000,0.000000,0.000000,0.000000,0,1200.000000,1200.000000,1200.000000
137240,28.385914,100420.703125,-0.030000,7,1,1250,1103,1094,1353,1200.000000,1,1,2,1,0.565994,2.083669,0.479198,-0.083001,0.279135,0.279135,1.100549,1.100549,69,0.429000,0.933000,0.124000,0.184041,0.870489,0.015376,1,1,1.500000,-0.010170,0.101582,-0.063415,0.000349,0.015979,0.536625,2.086375,6.482026,0.015000,-0.068000,-0.009000,0.975869,3.076054,-85.040703,-91.675774,-107.288361,-15.612590,-38.830532,0.000000,0.000000,0.000000,-0.023674,-0.027969,-0.101658,0,0.419869,0.048481,1,0,0,0.000000,0.000000,0.000000,0.000000,0.000000,0.000000,0.000000,0.000000,0,0.000000,0.000000,0.000000,0.000000,1,0,0,1,192,2.000000,-0.479198,0.083001,0.000000,0.000000,0.000000,0.000000,0.000000,0.000000,0,1200.000000,1200.000000,1200.000000
137334,28.379801,100418.601563,0.000000,15,1,1250,1103,1094,1353,1200.000000,1,1,2,1,0.559541,2.085182,0.501239,0.000060,0.274914,0.274914,0.884671,0.884670,45,0.429000,0.934000,0.101000,0.184041,0.872356,0.010201,1,1,1.500000,-0.010104,0.101681,-0.063122,0.000814,0.015999,0.525507,2.095221,6.470990,-0.030000,-0.003000,0.000000,0.956792,3.103659,-85.035011,-91.675774,-107.288361,-15.612590,-38.830769,0.000000,0.000000,0.000000,-0.023603,-0.028058,-0.101659,0,0.472912,0.061828,1,0,0,0.000000,0.000000,0.000000,0.000000,0.000000,0.000000,0.000000,0.000000,0,0.000000,0.000000,0.000000,0.000000,1,0,0,1,192,2.000000,-0.532912,-0.027123,0.000000,0.000000,0.000000,0.000000,0.000000,0.000000,0,1200.000000,1200.000000,1200.000000
137435,28.384058,100419.601563,0.000000,30,1,1250,1103,1094,1353,1200.000000,1,1,2,1,0.561177,2.086029,0.523730,0.034304,0.273225,0.273225,0.697760,0.697759,18,0.429000,0.934000,0.103000,0.184041,0.872356,0.010609,1,1,1.500000,-0.010058,0.101742,-0.062862,0.000430,0.015099,0.536606,2.095221,6.465989,0.047000,0.003000,0.007000,0.991233,3.107443,-85.026756,-91.683853,-107.288361,-15.604510,-38.808487,0.014859,-0.005217,0.000000,-0.023717,-0.028081,-0.101600,0,0.407701,0.045296,1,0,0,0.000000,0.000000,0.000000,0.000000,0.000000,0.000000,0.000000,0.000000,0,0.000000,0.000000,0.000000,0.000000,1,0,0,1,192,2.000000,-0.432964,0.166764,0.000000,0.000000,0.000000,0.000000,0.000000,0.000000,0,1200.000000,1200.000000,1200.000000
137556,28.383305,100419.898438,0.010000,0,1,1250,1103,1094,1353,1200.000000,1,1,2,1,0.556941,2.083226,0.546473,0.035750,0.271825,0.271825,0.469179,0.469179,14,0.429000,0.934000,0.121000,0.184041,0.872356,0.014641,1,1,1.500000,-0.010005,0.101862,-0.062623,0.000741,0.016990,0.525507,2.086384,6.440987,-0.040000,-0.038000,-0.009000,0.950117,3.092457,-85.012512,-91.683723,-107.288361,-15.604640,-38.812145,-0.000013,0.000008,0.000000,-0.023588,-0.028015,-0.101610,0,0.443396,0.054176,1,0,0,0.000000,0.000000,0.000000,0.000000,0.000000,0.000000,0.000000,0.000000,0,0.000000,0.000000,0.000000,0.000000,1,0,0,1,192,2.000000,-0.460079,0.052866,0.000000,0.000000,0.000000,0.000000,0.000000,0.000000,0,1200.000000,1200.000000,1200.000000
137651,28.383463,100419.703125,0.010000,10,1,1250,1103,1094,1353,1200.000000,1,1,2,1,0.553997,2.080204,0.446042,-0.115176,0.292954,0.292954,1.291907,1.291907,109,0.429000,0.934000,0.121000,0.184041,0.872356,0.014641,1,1,1.500000,-0.010005,0.101862,-0.062623,0.000741,0.016990,0.525507,2.086384,6.440987,-0.040000,-0.038000,-0.009000,0.950064,3.093101,-85.003662,-91.683586,-107.288361,-15.604776,-38.812477,0.004042,0.000000,0.000000,-0.023593,-0.028015,-0.101611,0,0.429249,0.050444,1,0,0,0.000000,0.000000,0.000000,0.000000,0.000000,0.000000,0.000000,0.000000,0,0.000000,0.000000,0.000000,0.000000,1,0,0,1,192,2.000000,-0.479309,0.030032,0.000000,0.000000,0.000000,0.000000,0.000000,0.000000,0,1200.000000,1200.000000,1200.000000
137744,28.389366,100421.398438,0.000000,12,1,1250,1103,1094,1353,1200.000000,1,1,2,1,0.561523,2.082149,0.463882,-0.077685,0.284140,0.284139,1.212576,1.212575,80,0.430000,0.934000,0.099000,0.184900,0.872356,0.009801,1,1,1.500000,-0.009923,0.102026,-0.062332,0.001273,0.017869,0.536607,2.086394,6.418950,0.062000,0.004000,-0.004000,0.995338,3.107276,-84.998184,-91.683594,-107.288361,-15.604770,-38.809902,0.000001,0.000000,-0.000003,-0.023705,-0.028101,-0.101604,0,0.435889,0.052282,1,0,0,0.000000,0.000000,0.000000,0.000000,0.000000,0.000000,0.000000,0.000000,0,0.000000,0.000000,0.000000,0.000000,1,0,0,1,192,2.000000,-0.464812,0.077349,0.000000,0.000000,0.000000,0.000000,0.000000,0.000000,0,1200.000000,1200.000000,1200.000000
137841,28.385056,100420.703125,-0.010000,24,1,1250,1103,1094,1353,1200.000000,1,1,2,1,0.555054,2.075809,0.488767,0.008403,0.275042,0.275042,0.885305,0.885305,51,0.430000,0.935000,0.131000,0.184900,0.874225,0.017161,1,1,1.500000,-0.009848,0.102227,-0.062040,0.000781,0.018024,0.525508,2.077556,6.408952,-0.024000,-0.052000,0.009000,0.957626,3.086867,-84.986389,-91.683594,-107.288361,-15.604770,-38.812122,-0.000434,0.000000,0.000000,-0.023613,-0.027999,-0.101610,0,0.448917,0.055673,1,0,0,0.000000,0.000000,0.000000,0.000000,0.000000,0.000000,0.000000,0.000000,0,0.000000,0.000000,0.000000,0.000000,1,0,0,1,192,2.000000,-0.488750,-0.008460,0.000000,0.000000,0.000000,0.000000,0.000000,0.000000,0,1200.000000,1200.000000,1200.000000
137985,28.380220,100418.804688,-0.020000,29,1,1250,1103,1094,1353,1200.000000,1,1,2,1,0.552155,2.078592,0.484269,-0.008235,0.278660,0.278660,0.986171,0.986171,71,0.430000,0.935000,0.129000,0.184900,0.874225,0.016641,1,1,1.500000,-0.009770,0.102376,-0.061738,0.001059,0.017222,0.525490,2.086402,6.386915,-0.004000,0.019000,0.000000,0.964635,3.119016,-84.976494,-91.691429,-107.288361,-15.596929,-38.791737,0.000000,0.000000,0.000000,-0.023622,-0.028115,-0.101557,0,0.435118,0.052150,1,0,0,0.000000,0.000000,0.000000,0.000000,0.000000,0.000000,0.000000,0.000000,0,0.000000,0.000000,0.000000,0.000000,1,0,0,1,192,2.000000,-0.484318,0.008078,0.000000,0.000000,0.000000,0.000000,0.000000,0.000000,0,1200.000000,1200.000000,1200.000000
138033,28.382727,100418.898438,-0.010000,34,1,1250,1103,1094,1353,1200.000000,1,1,2,1,0.551877,2.079115,0.450639,-0.081089,0.297337,0.297337,1.307052,1.307050,119,0.430000,0.935000,0.129000,0.184900,0.874225,0.016641,1,1,1.500000,-0.009770,0.102376,-0.061738,0.001059,0.017222,0.525490,2.086402,6.386915,-0.004000,0.019000,0.000000,0.964124,3.119315,-84.972237,-91.691742,-107.288361,-15.596622,-38.790508,0.000000,0.000000,0.000000,-0.023624,-0.028113,-0.101553,0,0.414152,0.047008,1,0,0,0.000000,0.000000,0.000000,0.000000,0.000000,0.000000,0.000000,0.000000,0,0.000000,0.000000,0.000000,0.000000,1,0,0,1,192,2.000000,-0.451451,0.081165,0.000000,0.000000,0.000000,0.000000,0.000000,0.000000,0,1200.000000,1200.000000,1200.000000
138147,28.387281,100419.703125,-0.020000,1,1,1250,1103,1094,1353,1200.000000,1,1,2,1,0.548220,2.085486,0.474894,-0.032217,0.287721,0.287721,1.197666,1.197665,110,0.430000,0.935000,0.127000,0.184900,0.874225,0.016129,1,1,1.500000,-0.009661,0.102630,-0.061396,0.001023,0.018160,0.525485,2.086397,6.389929,-0.012000,0.040000,0.012000,0.961130,3.134264,-84.962723,-91.691452,-107.288361,-15.596908,-38.791008,0.000000,0.000000,0.000000,-0.023605,-0.028167,-0.101555,0,0.426766,0.050125,1,0,0,0.000000,0.000000,0.000000,0.000000,0.000000,0.000000,0.000000,0.000000,0,0.000000,0.000000,0.000000,0.000000,1,0,0,1,192,2.000000,-0.475087,0.032053,0.000000,0.000000,0.000000,0.000000,0.000000,0.000000,0,1200.000000,1200.000000,1200.000000
138244,28.382954,100419.703125,-0.010000,12,1,1250,1103,1094,1353,1200.000000,1,1,2,1,0.549298,2.088318,0.472319,-0.012037,0.281682,0.281681,1.049889,1.049888,68,0.431000,0.935000,0.133000,0.185761,0.874225,0.017689,1,1,1.500000,-0.009526,0.102921,-0.061027,0.001475,0.018730,0.525490,2.095240,6.383913,0.018000,0.026000,0.015000,0.975201,3.127638,-84.953087,-91.691444,-107.288361,-15.596914,-38.790199,0.000000,0.000000,0.000000,-0.023652,-0.028149,-0.101553,0,0.432774,0.051605,1,0,0,0.000000,0.000000,0.000000,0.000000,0.000000,0.000000,0.000000,0.000000,0,0.000000,0.000000,0.000000,0.000000,1,0,0,1,192,2.000000,-0.472440,0.012168,0.000000,0.000000,0.000000,0.000000,0.000000,0.000000,0,1200.000000,1200.000000,1200.000000
138332,28.384583,100419.304688,0.010000,13,1,1250,1103,1094,1353,1200.000000,1,1,2,1,0.542184,2.082150,0.490972,0.002941,0.274755,0.274755,0.882402,0.882401,42,0.431000,0.935000,0.128000,0.185761,0.874225,0.016384,1,1,1.500000,-0.009415,0.103125,-0.060710,0.001546,0.017565,0.514391,2.086402,6.355913,-0.047000,-0.062000,-0.002000,0.941355,3.088236,-84.940063,-91.691444,-107.288361,-15.596914,-38.793762,0.000000,0.000000,0.000000,-0.023566,-0.027995,-0.101562,0,0.472556,0.061738,1,0,0,0.000000,0.000000,0.000000,0.000000,0.000000,0.000000,0.000000,0.000000,0,0.000000,0.000000,0.000000,0.000000,1,0,0,1,192,2.000000,-0.522500,-0.027534,0.000000,0.000000,0.000000,0.000000,0.000000,0.000000,0,1200.000000,1200.000000,1200.000000
138433,28.385880,100419.500000,0.000000,29,1,1253,1100,1091,1356,1200.000000,1,1,2,1,0.539098,2.083735,0.514221,0.042801,0.272798,0.272798,0.679805,0.679805,18,0.431000,0.935000,0.126000,0.185761,0.874225,0.015876,1,1,1.500000,-0.009320,0.103310,-0.060419,0.001416,0.018131,0.514391,2.086402,6.355913,-0.006000,0.026000,0.017000,0.959931,3.124057,-84.935242,-91.683464,-107.288361,-15.604899,-39.997044,0.000000,0.000000,0.000000,-0.023574,-0.028139,-0.104712,0,0.398796,0.043358,1,0,0,0.000000,0.000000,0.000000,0.000000,0.000000,0.000000,0.000000,0.000000,0,0.000000,0.000000,0.000000,0.000000,1,0,0,1,192,2.000000,-0.425527,0.156646,0.000000,0.000000,0.000000,0.000000,0.000000,0.000000,0,1200.000000,1200.000000,1200.000000
138546,28.389523,100420.804688,0.000000,12,1,1250,1103,1094,1353,1200.000000,1,1,2,1,0.537823,2.087984,0.508070,0.041315,0.273462,0.273461,0.697758,0.697758,0,0.432000,0.936000,0.133000,0.186624,0.876096,0.017689,1,1,1.500000,-0.009247,0.103469,-0.060195,0.001309,0.017876,0.514386,2.095245,6.341891,0.013000,0.034000,0.013000,0.970720,3.131864,-84.923874,-91.691597,-107.288361,-15.596765,-38.791859,0.000000,0.000000,0.000000,-0.023586,-0.028145,-0.101557,0,0.393184,0.042148,1,0,0,0.000000,0.000000,0.000000,0.000000,0.000000,0.000000,0.000000,0.000000,0,0.000000,0.000000,0.000000,0.000000,1,0,0,1,192,2.000000,-0.421792,0.145043,0.000000,0.000000,0.000000,0.000000,0.000000,0.000000,0,1200.000000,1200.000000,1200.000000
138649,28.386738,100419.203125,0.020000,30,1,1250,1103,1094,1353,1200.000000,1,1,2,1,0.538641,2.090798,0.446925,-0.044788,0.291947,0.291947,1.271347,1.271345,103,0.432000,0.936000,0.133000,0.186624,0.876096,0.017689,1,1,1.500000,-0.009247,0.103469,-0.060195,0.001309,0.017876,0.514386,2.095245,6.341891,0.013000,0.034000,0.013000,0.969773,3.132456,-84.915535,-91.691597,-107.288361,-15.596765,-38.790077,0.000000,0.000000,0.000000,-0.023636,-0.028161,-0.101552,0,0.438671,0.053042,1,0,0,0.000000,0.000000,0.000000,0.000000,0.000000,0.000000,0.000000,0.000000,0,0.000000,0.000000,0.000000,0.000000,1,0,0,1,192,2.000000,-0.447194,0.044789,0.000000,0.000000,0.000000,0.000000,0.000000,0.000000,0,1200.000000,1200.000000,1200.000000
138740,28.385441,100420.203125,0.020000,35,1,1250,1103,1094,1353,1200.000000,1,1,2,1,0.534469,2.084725,0.467334,-0.012173,0.279862,0.279862,1.024933,1.024933,73,0.432000,0.936000,0.128000,0.186624,0.876096,0.016384,1,1,1.500000,-0.009209,0.103576,-0.060013,0.000580,0.016798,0.503306,2.086410,6.302893,-0.009000,-0.035000,-0.016000,0.956820,3.101029,-84.902657,-91.683594,-107.288361,-15.604763,-38.811729,0.000000,0.000000,0.000000,-0.023607,-0.028047,-0.101609,0,0.458438,0.058102,1,0,0,0.000000,0.000000,0.000000,0.000000,0.000000,0.000000,0.000000,0.000000,0,0.000000,0.000000,0.000000,0.000000,1,0,0,1,192,2.000000,-0.467574,0.011939,0.000000,0.000000,0.000000,0.000000,0.000000,0.000000,0,1200.000000,1200.000000,1200.000000
138848,28.390120,100419.500000,-0.010000,0,1,1250,1103,1094,1353,1200.000000,1,1,2,1,0.534836,2.089842,0.458366,-0.046935,0.277248,0.277248,1.053321,1.053320,59,0.432000,0.936000,0.121000,0.186624,0.876096,0.014641,1,1,1.500000,-0.009220,0.103603,-0.060001,0.000160,0.015196,0.514386,2.086407,6.312892,0.017000,0.046000,0.011000,0.970466,3.135301,-84.896248,-91.683601,-107.288361,-15.604755,-38.766956,0.000000,0.000000,0.000000,-0.023637,-0.028171,-0.101492,0,0.417780,0.048075,1,0,0,0.000000,0.000000,0.000000,0.000000,0.000000,0.000000,0.000000,0.000000,0,0.000000,0.000000,0.000000,0.000000,1,0,0,1,192,2.000000,-0.487649,-0.013140,0.000000,0.000000,0.000000,0.000000,0.000000,0.000000,0,1200.000000,1200.000000,1200.000000
138955,28.391029,100420.304688,-0.010000,1,1,1250,1103,1094,1353,1200.000000,1,1,2,1,0.533371,2.083639,0.507500,0.024644,0.274010,0.274009,0.929517,0.929516,40,0.432000,0.936000,0.122000,0.186624,0.876096,0.014884,1,1,1.500000,-0.009249,0.103620,-0.059947,-0.000751,0.015099,0.514410,2.077577,6.280874,0.000000,-0.054000,-0.004000,0.959065,3.092371,-84.881104,-91.683311,-107.288361,-15.605049,-38.812553,0.000000,0.000000,0.000000,-0.023615,-0.028019,-0.101611,0,0.386299,0.040670,1,0,0,0.000000,0.000000,0.000000,0.000000,0.000000,0.000000,0.000000,0.000000,0,0.000000,0.000000,0.000000,0.000000,1,0,0,1,192,2.000000,-0.507154,-0.024799,0.000000,0.000000,0.000000,0.000000,0.000000,0.000000,0,1200.000000,1200.000000,1200.000000
139054,28.386791,100419.703125,-0.020000,0,1,1250,1103,1094,1353,1200.000000,1,1,2,1,0.533279,2.087387,0.496554,0.002910,0.271598,0.271597,0.734080,0.734080,15,0.432000,0.936000,0.121000,0.186624,0.876096,0.014641,1,1,1.500000,-0.009295,0.103681,-0.059837,-0.001738,0.015839,0.514410,2.077577,6.258874,0.016000,0.061000,-0.005000,0.970012,3.143223,-84.877151,-91.683311,-107.288361,-15.605049,-38.810246,0.000000,0.000000,0.000000,-0.023631,-0.028199,-0.101605,0,0.447842,0.055274,1,0,0,0.000000,0.000000,0.000000,0.000000,0.000000,0.000000,0.000000,0.000000,0,0.000000,0.000000,0.000000,0.000000,1,0,0,1,192,2.000000,-0.441884,0.102263,0.000000,0.000000,0.000000,0.000000,0.000000,0.000000,0,1200.000000,1200.000000,1200.000000
139185,28.389664,100419.703125,-0.010000,39,1,1250,1103,1094,1353,1200.000000,1,1,2,1,0.526757,2.085298,0.522728,0.051885,0.273629,0.273629,0.472078,0.472078,9,0.432000,0.936000,0.094000,0.186624,0.876096,0.008836,1,1,1.500000,-0.009380,0.103707,-0.059804,-0.002550,0.014679,0.503311,2.068740,6.263875,-0.059000,-0.032000,0.018000,0.928731,3.106597,-84.859024,-91.683311,-107.288361,-15.605049,-38.810326,0.000000,0.000000,0.000000,-0.023627,-0.028201,-0.101605,0,0.392878,0.042012,1,0,0,0.000000,0.000000,0.000000,0.000000,0.000000,0.000000,0.000000,0.000000,0,0.000000,0.000000,0.000000,0.000000,1,0,0,1,192,2.000000,-0.427140,0.156758,0.000000,0.000000,0.000000,0.000000,0.000000,0.000000,0,1200.000000,1200.000000,1200.000000
139242,28.391661,100421.304688,-0.020000,10,1,1250,1103,1094,1353,1200.000000,1,1,2,1,0.524047,2.084071,0.462916,-0.010352,0.282063,0.282062,1.050446,1.050446,66,0.432000,0.936000,0.094000,0.186624,0.876096,0.008836,1,1,1.500000,-0.009380,0.103707,-0.059804,-0.002550,0.014679,0.503311,2.068740,6.263875,-0.059000,-0.032000,0.018000,0.928079,3.106935,-84.853989,-91.683319,-107.288361,-15.605042,-38.814270,0.000000,0.000000,0.000000,-0.023519,-0.028053,-0.101616,0,0.412324,0.046786,1,0,0,0.000000,0.000000,0.000000,0.000000,0.000000,0.000000,0.000000,0.000000,0,0.000000,0.000000,0.000000,0.000000,1,0,0,1,192,2.000000,-0.462958,0.010328,0.000000,0.000000,0.000000,0.000000,0.000000,0.000000,0,1200.000000,1200.000000,1200.000000
139332,28.391924,100422.000000,-0.040000,14,1,1250,1103,1094,1353,1200.000000,1,1,2,1,0.524036,2.091163,0.486098,0.002004,0.275072,0.275072,0.881049,0.881048,43,0.432000,0.936000,0.128000,0.186624,0.876096,0.016384,1,1,1.500000,-0.009458,0.103828,-0.059832,-0.001597,0.016937,0.503311,2.077577,6.235876,0.013000,0.078000,-0.006000,0.962275,3.152540,-84.850555,-91.683311,-107.288361,-15.605049,-38.810520,0.000000,0.000000,0.000000,-0.023602,-0.028229,-0.101606,0,0.414176,0.047379,1,0,0,0.000000,0.000000,0.000000,0.000000,0.000000,0.000000,0.000000,0.000000,0,0.000000,0.000000,0.000000,0.000000,1,0,0,1,192,2.000000,-0.514128,-0.024401,0.000000,0.000000,0.000000,0.000000,0.000000,0.000000,0,1200.000000,1200.000000,1200.000000
139433,28.388016,100419.500000,-0.030000,29,1,1250,1103,1094,1353,1200.000000,1,1,2,1,0.516635,2.090930,0.513211,0.043634,0.273090,0.273090,0.679781,0.679781,18,0.433000,0.937000,0.109000,0.187489,0.877969,0.011881,1,1,1.500000,-0.009555,0.104090,-0.059960,-0.001645,0.019511,0.492212,2.077577,6.243875,-0.066000,-0.002000,0.017000,0.924406,3.123612,-84.837212,-91.683319,-107.288361,-15.605042,-38.814037,0.000000,0.000000,0.000000,-0.023501,-0.028109,-0.101615,0,0.366931,0.036680,1,0,0,0.000000,0.000000,0.000000,0.000000,0.000000,0.000000,0.000000,0.000000,0,0.000000,0.000000,0.000000,0.000000,1,0,0,1,192,2.000000,-0.426083,0.143509,0.000000,0.000000,0.000000,0.000000,0.000000,0.000000,0,1200.000000,1200.000000,1200.000000
139546,28.388525,100418.398438,-0.020000,12,1,1250,1103,1094,1353,1200.000000,1,1,2,1,0.513534,2.090801,0.508952,0.005479,0.273714,0.273714,0.697760,0.697760,0,0.434000,0.938000,0.126000,0.188356,0.879844,0.015876,1,1,1.500000,-0.009602,0.104544,-0.059992,-0.001099,0.023344,0.492212,2.077577,6.194875,0.016000,0.008000,-0.028000,0.959510,3.122002,-84.825752,-91.683319,-107.288361,-15.605042,-38.813576,0.000000,0.000000,0.000000,-0.023477,-0.028125,-0.101614,0,0.378439,0.039029,1,0,0,0.000000,0.000000,0.000000,0.000000,0.000000,0.000000,0.000000,0.000000,0,0.000000,0.000000,0.000000,0.000000,1,0,0,1,192,2.000000,-0.428072,0.131181,0.000000,0.000000,0.000000,0.000000,0.000000,0.000000,0,1200.000000,1200.000000,1200.000000
139649,28.390329,100420.000000,-0.010000,30,1,1250,1103,1094,1353,1200.000000,1,1,2,1,0.514115,2.091459,0.448056,-0.075330,0.292179,0.292179,1.271356,1.271354,103,0.434000,0.938000,0.126000,0.188356,0.879844,0.015876,1,1,1.500000,-0.009602,0.104544,-0.059992,-0.001099,0.023344,0.492212,2.077577,6.194875,0.016000,0.008000,-0.028000,0.958530,3.122542,-84.817413,-91.683327,-107.288361,-15.605036,-38.811657,0.000000,0.000000,0.000000,-0.023605,-0.028121,-0.101609,0,0.408623,0.046009,1,0,0,0.000000,0.000000,0.000000,0.000000,0.000000,0.000000,0.000000,0.000000,0,0.000000,0.000000,0.000000,0.000000,1,0,0,1,192,2.000000,-0.448508,0.075288,0.000000,0.000000,0.000000,0.000000,0.000000,0.000000,0,1200.000000,1200.000000,1200.000000
139740,28.392519,100420.000000,-0.010000,35,1,1256,1097,1097,1350,1200.000000,1,1,2,1,0.512993,2.085816,0.475429,0.007938,0.280071,0.280071,1.024888,1.024888,73,0.435000,0.939000,0.154000,0.189225,0.881721,0.023716,1,1,1.500000,-0.009657,0.104992,-0.059952,-0.001675,0.023698,0.503307,2.059907,6.236854,-0.001000,-0.023000,0.004000,0.941945,3.023595,-84.798195,-91.675896,-107.288361,-15.612467,-38.799976,-0.357457,-4.671707,0.371723,-0.023496,-0.023468,-0.102551,0,0.434469,0.052172,1,0,0,0.000000,0.000000,0.000000,0.000000,0.000000,0.000000,0.000000,0.000000,0,0.000000,0.000000,0.000000,0.000000,1,0,0,1,192,2.000000,-0.475319,-0.003218,0.000000,0.000000,0.000000,0.000000,0.000000,0.000000,0,1200.000000,1200.000000,1200.000000
139852,28.392134,100419.804688,0.010000,3,1,1255,1098,1096,1351,1200.000000,1,1,2,1,0.523579,2.075481,0.459992,-0.072953,0.277980,0.277979,1.079957,1.079957,61,0.436000,0.940000,0.141000,0.190096,0.883600,0.019881,1,1,1.500000,-0.009688,0.105401,-0.059993,-0.000791,0.023152,0.514435,2.050993,6.219144,0.099000,-0.079000,-0.002000,1.004603,3.080248,-84.805336,-91.706635,-107.288361,-15.581724,-38.787827,-0.469424,-3.036436,0.722349,-0.023523,-0.024487,-0.103437,0,0.441427,0.053624,1,0,0,0.000000,0.000000,0.000000,0.000000,0.000000,0.000000,0.000000,0.000000,0,0.000000,0.000000,0.000000,0.000000,1,0,0,1,192,2.000000,-0.491470,0.002951,0.000000,0.000000,0.000000,0.000000,0.000000,0.000000,0,1200.000000,1200.000000,1200.000000
139955,28.391310,100420.601563,0.010000,1,1,1252,1102,1083,1364,1200.000000,1,1,2,1,0.513990,2.083044,0.507577,0.030924,0.274253,0.274252,0.900272,0.900256,40,0.436000,0.940000,0.130000,0.190096,0.883600,0.016900,1,1,1.500000,-0.009672,0.105640,-0.060011,0.000110,0.018869,0.492172,2.059942,6.211711,-0.067000,0.095000,0.011000,0.935137,3.292364,-84.752953,-91.687286,-107.288361,-15.601074,-39.946167,-0.186551,3.457702,1.201164,-0.023187,-0.032921,-0.107723,0,0.416938,0.047301,1,0,0,0.000000,0.000000,0.000000,0.000000,0.000000,0.000000,0.000000,0.000000,0,0.000000,0.000000,0.000000,0.000000,1,0,0,1,192,2.000000,-0.507179,-0.026357,0.000000,0.000000,0.000000,0.000000,0.000000,0.000000,0,1200.000000,1200.000000,1200.000000
140053,28.392414,100420.203125,-0.010000,12,1,1249,1104,1093,1354,1200.000000,1,1,2,1,0.514869,2.074698,0.494615,0.021632,0.270042,0.270041,0.468058,0.468058,12,0.437000,0.940000,0.128000,0.190969,0.883600,0.016384,1,1,1.500000,-0.009684,0.105804,-0.060062,-0.000405,0.016407,0.503344,2.042416,6.196210,0.038000,-0.095000,0.000000,0.972283,3.271768,-84.714943,-91.694641,-107.288361,-15.593719,-38.778248,-0.053095,-0.285308,-0.020028,-0.023406,-0.028772,-0.101469,0,0.370527,0.037076,1,0,0,0.000000,0.000000,0.000000,0.000000,0.000000,0.000000,0.000000,0.000000,0,0.000000,0.000000,0.000000,0.000000,1,0,0,1,192,2.000000,-0.440715,0.094288,0.000000,0.000000,0.000000,0.000000,0.000000,0.000000,0,1200.000000,1200.000000,1200.000000
140150,28.390574,100420.703125,-0.010000,19,1,1253,1100,1097,1351,1200.000000,1,1,2,1,0.517531,2.065857,0.432260,-0.105065,0.292853,0.292852,1.311169,1.311175,109,0.437000,0.940000,0.128000,0.190969,0.883600,0.016384,1,1,1.500000,-0.009684,0.105804,-0.060062,-0.000405,0.016407,0.503344,2.042416,6.196210,0.038000,-0.095000,0.000000,0.964312,3.164519,-84.693092,-91.679321,-107.288361,-15.609038,-38.827408,-0.059659,-2.618429,-0.009347,-0.023694,-0.025276,-0.101625,0,0.394290,0.042546,1,0,0,0.000000,0.000000,0.000000,0.000000,0.000000,0.000000,0.000000,0.000000,0,0.000000,0.000000,0.000000,0.000000,1,0,0,1,192,2.000000,-0.433211,0.106556,0.000000,0.000000,0.000000,0.000000,0.000000,0.000000,0,1200.000000,1200.000000,1200.000000
140249,28.392378,100420.304688,-0.010000,19,1,1246,1107,1093,1354,1200.000000,1,1,2,1,0.517728,2.071843,0.455246,-0.045183,0.284867,0.284867,1.166067,1.166066,78,0.437000,0.941000,0.119000,0.190969,0.885481,0.014161,1,1,1.500000,-0.009722,0.105913,-0.060159,-0.000697,0.014980,0.503339,2.042316,6.193568,0.016000,0.031000,0.006000,0.954420,3.081252,-84.704315,-91.697464,-107.288361,-15.590898,-38.753727,-0.059833,2.571646,-0.574336,-0.023530,-0.030194,-0.099953,0,0.416780,0.047682,1,0,0,0.000000,0.000000,0.000000,0.000000,0.000000,0.000000,0.000000,0.000000,0,0.000000,0.000000,0.000000,0.000000,1,0,0,1,192,2.000000,-0.455684,0.042946,0.000000,0.000000,0.000000,0.000000,0.000000,0.000000,0,1200.000000,1200.000000,1200.000000
140391,28.393290,100419.703125,0.000000,33,1,1248,1105,1094,1353,1200.000000,1,1,2,1,0.521949,2.069440,0.447033,-0.040492,0.289268,0.289268,1.219510,1.219501,102,0.437000,0.941000,0.120000,0.190969,0.885481,0.014400,1,1,1.500000,-0.009762,0.106039,-0.060246,-0.000796,0.015097,0.503355,2.042254,6.176794,0.036000,-0.001000,0.005000,0.952200,3.173870,-84.676918,-91.681702,-107.288361,-15.606662,-38.813095,-0.026107,0.948428,-0.396008,-0.023535,-0.029153,-0.100576,0,0.417753,0.048079,1,0,0,0.000000,0.000000,0.000000,0.000000,0.000000,0.000000,0.000000,0.000000,0,0.000000,0.000000,0.000000,0.000000,1,0,0,1,192,2.000000,-0.447530,0.042654,0.000000,0.000000,0.000000,0.000000,0.000000,0.000000,0,1200.000000,1200.000000,1200.000000
140435,28.390486,100419.500000,0.000000,33,1,1250,1103,1093,1354,1200.000000,1,1,2,1,0.516716,2.063735,0.498323,0.025352,0.272919,0.272919,0.696744,0.696745,20,0.438000,0.941000,0.119000,0.191844,0.885481,0.014161,1,1,1.500000,-0.009812,0.106147,-0.060453,-0.000720,0.014965,0.503328,2.033433,6.153724,-0.033000,-0.032000,-0.002000,0.920194,3.172387,-84.670357,-91.689140,-107.288361,-15.599223,-38.797974,0.034551,-0.284699,0.163762,-0.023489,-0.028050,-0.102002,0,0.386630,0.040796,1,0,0,0.000000,0.000000,0.000000,0.000000,0.000000,0.000000,0.000000,0.000000,0,0.000000,0.000000,0.000000,0.000000,1,0,0,1,192,2.000000,-0.414261,0.134215,0.000000,0.000000,0.000000,0.000000,0.000000,0.000000,0,1200.000000,1200.000000,1200.000000
140560,28.390259,100420.101563,0.000000,0,1,1253,1100,1094,1353,1200.000000,1,1,2,1,0.515799,2.065375,0.521692,0.042221,0.272895,0.272895,0.679295,0.679297,18,0.438000,0.942000,0.121000,0.191844,0.887364,0.014641,1,1,1.500000,-0.009840,0.106255,-0.060611,-0.000538,0.014867,0.503330,2.042216,6.138924,0.012000,0.053000,0.000000,0.937637,3.049676,-84.643494,-91.674927,-107.288361,-15.613437,-38.794067,-0.281557,-1.278696,0.455204,-0.023432,-0.026682,-0.102754,0,0.409339,0.046178,1,0,0,0.000000,0.000000,0.000000,0.000000,0.000000,0.000000,0.000000,0.000000,0,0.000000,0.000000,0.000000,0.000000,1,0,0,1,192,2.000000,-0.521692,-0.042221,0.000000,0.000000,0.000000,0.000000,0.000000,0.000000,0,1200.000000,1200.000000,1200.000000
140651,28.390417,100419.500000,0.010000,5,1,1249,1104,1093,1354,1200.000000,1,1,2,1,0.516176,2.069568,0.423424,-0.133278,0.288403,0.288403,1.198628,1.198609,109,0.438000,0.942000,0.121000,0.191844,0.887364,0.014641,1,1,1.500000,-0.009840,0.106255,-0.060611,-0.000538,0.014867,0.503330,2.042216,6.138924,0.012000,0.053000,0.000000,0.936112,3.142409,-84.636467,-91.682877,-107.288361,-15.605480,-38.807079,0.067851,0.626957,-0.059419,-0.023578,-0.029148,-0.101441,0,0.405896,0.044910,1,0,0,0.000000,0.000000,0.000000,0.000000,0.000000,0.000000,0.000000,0.000000,0,0.000000,0.000000,0.000000,0.000000,1,0,0,1,192,2.000000,-0.456226,0.041913,0.000000,0.000000,0.000000,0.000000,0.000000,0.000000,0,1200.000000,1200.000000,1200.000000
140746,28.394760,100420.101563,0.010000,12,1,1254,1099,1092,1355,1200.000000,1,1,2,1,0.507918,2.066648,0.445866,-0.047267,0.282804,0.282804,1.148017,1.148012,81,0.438000,0.942000,0.122000,0.191844,0.887364,0.014884,1,1,1.500000,-0.009852,0.106417,-0.060778,-0.000455,0.015596,0.492194,2.042235,6.141837,-0.047000,0.010000,0.014000,0.902065,3.171209,-84.669891,-91.738739,-107.288361,-15.549623,-39.827927,-0.695759,-1.018481,0.200386,-0.023380,-0.027062,-0.104794,0,0.426286,0.050071,1,0,0,0.000000,0.000000,0.000000,0.000000,0.000000,0.000000,0.000000,0.000000,0,0.000000,0.000000,0.000000,0.000000,1,0,0,1,192,2.000000,-0.446427,0.046083,0.000000,0.000000,0.000000,0.000000,0.000000,0.000000,0,1200.000000,1200.000000,1200.000000
140839,28.392397,100420.898438,0.000000,20,1,1254,1099,1097,1350,1200.000000,1,1,2,1,0.500962,2.064539,0.466199,0.004267,0.274760,0.274760,0.884268,0.884265,48,0.439000,0.943000,0.128000,0.192721,0.889249,0.016384,1,1,1.500000,-0.009812,0.106583,-0.060913,0.000577,0.015257,0.492139,2.042273,6.109677,-0.060000,0.000000,-0.005000,0.876436,3.017500,-84.633942,-91.708221,-107.288361,-15.580140,-38.792362,-0.109760,-2.525753,0.249396,-0.023400,-0.024526,-0.102211,0,0.435382,0.052391,1,0,0,0.000000,0.000000,0.000000,0.000000,0.000000,0.000000,0.000000,0.000000,0,0.000000,0.000000,0.000000,0.000000,1,0,0,1,192,2.000000,-0.495382,-0.027465,0.000000,0.000000,0.000000,0.000000,0.000000,0.000000,0,1200.000000,1200.000000,1200.000000
140957,28.390873,100418.804688,0.020000,0,1,1251,1103,1094,1353,1200.000000,1,1,2,1,0.502798,2.060848,0.488932,0.029806,0.275174,0.275173,0.853909,0.853914,42,0.439000,0.943000,0.125000,0.192721,0.889249,0.015625,1,1,1.500000,-0.009776,0.106731,-0.061067,0.000569,0.015084,0.492103,2.033362,6.099922,0.032000,-0.010000,0.003000,0.917831,3.080885,-84.626137,-91.708138,-107.288361,-15.580222,-38.756321,-0.064638,-0.218637,0.089859,-0.023411,-0.027658,-0.101699,0,0.385560,0.040515,1,0,0,0.000000,0.000000,0.000000,0.000000,0.000000,0.000000,0.000000,0.000000,0,0.000000,0.000000,0.000000,0.000000,1,0,0,1,192,2.000000,-0.488411,-0.027879,0.000000,0.000000,0.000000,0.000000,0.000000,0.000000,0,1200.000000,1200.000000,1200.000000
141057,28.392817,100418.601563,0.030000,0,1,1244,1110,1092,1355,1200.000000,1,1,2,1,0.500120,2.061708,0.506012,0.033249,0.272071,0.272070,0.677640,0.677640,18,0.440000,0.944000,0.127000,0.193600,0.891136,0.016129,1,1,1.500000,-0.009794,0.106930,-0.061251,-0.000402,0.016910,0.492106,2.042184,6.101984,-0.028000,0.033000,0.006000,0.900207,3.096410,-84.638962,-91.740540,-107.288361,-15.547819,-38.632561,0.169477,1.438573,-0.797307,-0.023413,-0.032087,-0.099052,0,0.417070,0.047692,1,0,0,0.000000,0.000000,0.000000,0.000000,0.000000,0.000000,0.000000,0.000000,0,0.000000,0.000000,0.000000,0.000000,1,0,0,1,192,2.000000,-0.422660,0.087759,0.000000,0.000000,0.000000,0.000000,0.000000,0.000000,0,1200.000000,1200.000000,1200.000000
141148,28.393709,100418.703125,0.050000,1,1,1251,1103,1095,1352,1200.000000,1,1,2,1,0.497834,2.064097,0.439113,-0.046127,0.287463,0.287462,1.197630,1.197632,109,0.440000,0.944000,0.127000,0.193600,0.891136,0.016129,1,1,1.500000,-0.009794,0.106930,-0.061251,-0.000402,0.016910,0.492106,2.042184,6.101984,-0.028000,0.033000,0.006000,0.896152,3.072285,-84.648590,-91.749313,-107.288361,-15.539049,-38.638660,-0.007622,-0.631592,0.000163,-0.023439,-0.027096,-0.101156,0,0.453383,0.056589,1,0,0,0.000000,0.000000,0.000000,0.000000,0.000000,0.000000,0.000000,0.000000,0,0.000000,0.000000,0.000000,0.000000,1,0,0,1,192,2.000000,-0.439477,0.044826,0.000000,0.000000,0.000000,0.000000,0.000000,0.000000,0,1200.000000,1200.000000,1200.000000
141239,28.392046,100419.601563,0.040000,6,1,1247,1106,1092,1355,1200.000000,1,1,2,1,0.491938,2.058405,0.420892,-0.088873,0.278826,0.278825,1.096170,1.096171,69,0.440000,0.945000,0.130000,0.193600,0.893025,0.016900,1,1,1.500000,-0.009862,0.107152,-0.061487,-0.001422,0.017373,0.480945,2.033334,6.089998,-0.044000,-0.020000,-0.009000,0.887358,3.092648,-84.639656,-91.748016,-107.288361,-15.540340,-38.691650,0.099404,1.035835,-0.219695,-0.023360,-0.030475,-0.100719,0,0.432394,0.051429,1,0,0,0.000000,0.000000,0.000000,0.000000,0.000000,0.000000,0.000000,0.000000,0,0.000000,0.000000,0.000000,0.000000,1,0,0,1,192,2.000000,-0.452649,0.017915,0.000000,0.000000,0.000000,0.000000,0.000000,0.000000,0,1200.000000,1200.000000,1200.000000
141334,28.393623,100419.101563,0.040000,15,1,1250,1103,1096,1351,1200.000000,1,1,2,1,0.496594,2.056734,0.439512,-0.017579,0.274666,0.274664,0.884705,0.884701,45,0.441000,0.946000,0.129000,0.194481,0.894916,0.016641,1,1,1.500000,-0.009905,0.107318,-0.061788,-0.001082,0.015415,0.492007,2.024500,6.086968,0.031000,0.005000,-0.008000,0.919650,3.023814,-84.639320,-91.765099,-107.288361,-15.523265,-38.618805,-0.220233,-0.758532,-0.253527,-0.023453,-0.026754,-0.100440,0,0.449784,0.055937,1,0,0,0.000000,0.000000,0.000000,0.000000,0.000000,0.000000,0.000000,0.000000,0,0.000000,0.000000,0.000000,0.000000,1,0,0,1,192,2.000000,-0.469784,-0.012904,0.000000,0.000000,0.000000,0.000000,0.000000,0.000000,0,1200.000000,1200.000000,1200.000000
141435,28.396267,100418.898438,0.040000,30,1,1245,1107,1096,1351,1200.000000,1,1,2,1,0.494761,2.056131,0.459390,0.010033,0.273007,0.273006,0.697804,0.697792,20,0.441000,0.947000,0.137000,0.194481,0.896809,0.018769,1,1,1.500000,-0.009905,0.107517,-0.062144,-0.000231,0.015648,0.491954,2.024480,6.084019,-0.021000,0.019000,-0.005000,0.902148,3.105097,-84.662399,-91.804993,-107.288361,-15.483370,-38.556751,0.445054,1.901096,-1.006913,-0.023645,-0.029179,-0.098305,0,0.386717,0.040759,1,0,0,0.000000,0.000000,0.000000,0.000000,0.000000,0.000000,0.000000,0.000000,0,0.000000,0.000000,0.000000,0.000000,1,0,0,1,192,2.000000,-0.374851,0.174032,0.000000,0.000000,0.000000,0.000000,0.000000,0.000000,0,1200.000000,1200.000000,1200.000000
